Handle,Title,Body (HTML),Vendor,Standardized Product Type,Custom Product Type,Tags,Published,Option1 Name,Option1 Value,Option2 Name,Option2 Value,Option3 Name,Option3 Value,Variant SKU,Variant Grams,Variant Inventory Tracker,Variant Inventory Policy,Variant Fulfillment Service,Variant Price,Variant Compare At Price,Variant Requires Shipping,Variant Taxable,Variant Barcode,Image Src,Image Position,Image Alt Text,Gift Card,SEO Title,SEO Description,Google Shopping / Google Product Category,Google Shopping / Gender,Google Shopping / Age Group,Google Shopping / MPN,Google Shopping / AdWords Grouping,Google Shopping / AdWords Labels,Google Shopping / Condition,Google Shopping / Custom Product,Google Shopping / Custom Label 0,Google Shopping / Custom Label 1,Google Shopping / Custom Label 2,Google Shopping / Custom Label 3,Google Shopping / Custom Label 4,Variant Image,Variant Weight Unit,Variant Tax Code,Cost per item,Margins,Price / International,Compare At Price / International,Status
brembo-1a-6017a-r-328x28mm-12-9-2-piece-discs-brake-disc,"Brembo 1A-.6017A  328x28mm (12.9"") 2-Piece Discs Brake Disc (Rear)","<h4><strong>Description</strong></h4>This is  328x28mm (12.9"") 2-Piece Discs | Complete Axle Set | Pre-Assembled | All Necessary Hardware Included, Rear        <p>&nbsp;</p>        <h4>Features</h4>        <p><strong>Disc</strong></p><table><tbody>  <tr><td>Disc Material/Finish</td><td>:</td><td>Advanced High Carbon Alloy / Corrosion Resistant Plating</td></tr>  <tr><td>Disc Diameter</td><td>:</td><td>328mm</td></tr>  <tr><td>Disc Width (Measurement)</td><td>:</td><td>28mm</td></tr>  <tr><td>Disc Air Gap (Measurement)</td><td>:</td><td>17mm</td></tr>  <tr><td>Disc Annulus (Measurement)</td><td>:</td><td>54mm</td></tr>  <tr><td>Disc Construction</td><td>:</td><td>2-Piece Disc Assembly</td></tr>  <tr><td>Disc Vane Design (Measurement)</td><td>:</td><td>Vented Curved 48 Vane</td></tr>  <tr><td>Disc To Hat Mounting System</td><td>:</td><td>Floating D-Bobbin with Anti Rattle Spring</td></tr></tbody></table><p><strong>Friction Material</strong></p><table><tbody>  <tr><td>Pad Compound</td><td>:</td><td>Brembo High Performance FM1000</td></tr>  <tr><td>Pad Volume / Surface Area</td><td>:</td><td>48.2 | 53.6</td></tr></tbody></table>        <p>&nbsp;</p>        <h4>What's Included</h4><ul>  <li>Brake Lines: Proprietary Brembo Stainless Steel Braided Brake Lines by Goodridge</li>  <li>Mounting Hardware: Brembo Engineered CNC Billet Caliper Adapters - All Necessary Hardware Included For Ease of Installation</li></ul>        <p>&nbsp;</p>        <p>&nbsp;</p><h4>Compatibility</h4><div class=""compatibility-accordion-wrapper""><div class=""compatibility-tab"">                        <input name=""tabs"" type=""checkbox"" id=""compatibility-tab-1"">                        <label for=""compatibility-tab-1""><b>ASTON MARTIN</b><br></label>                                                    <div class=""compatibility-tab-content""><ul><li>DB9</li><li>V8 VANTAGE</li></ul></div></div></div><p>Feel free to contact us at info@mlperformance.co.uk should you wish to double check!</p>        <p>&nbsp;</p>        <h4>Compatibility Check</h4><p>To ensure the part(s) you have ordered fits your vehicle, we run a compatibility check prior to dispatch. We can do this either using your registration number (UK) or the last 7 digits of your VIN. Simply enter your car details prior to checkout.</p>          <p>&nbsp;</p>        <h4>Part Number</h4><p>BREMBO-201.6001A (Cross Drilled)</p><p>BREMBO-202.6001A (TY1)</p>        <p>&nbsp;</p>        <h4>More Information</h4><p><strong>Manufactured by</strong></p><p>Brembo</p>",Brembo,,Brake,"Uploaded by_Muazzim, Brand_Brembo, Product Type_Brake, Category_Brake Discs",TRUE,Disc Type,Cross Drilled,,,,,BREMBO-201.6001A,25000,shopify,continue,manual,1725,1875,TRUE,TRUE,201.6001A,https://racetechnologies.com/sites/default/files/content/images/brakekits/brembo-2-piece-disc-328-332-345-355mm-drilled-med.jpg,1,"Brembo 1A-.6017A (R)  328x28mm (12.9"") 2-Piece Discs Brake Disc",,"Brembo 1A-.6017A (R)  328x28mm (12.9"") 2-Piece Discs Brake Disc","Get Brembo 1A-.6017A (R)  328x28mm (12.9"") 2-Piece Discs Brake Disc for your car to get your desired looks and performance from ML Performance at the lowest price with FREE UK shipping & next day delivery on in stock items. Very cheap prices & good service.",,,,201.6001A,,,new,,,,,,,https://racetechnologies.com/sites/default/files/content/images/brakekits/brembo-2-piece-disc-328-332-345-355mm-drilled-med.jpg,kg,8708949900,,,,,active
brembo-1a-6017a-r-328x28mm-12-9-2-piece-discs-brake-disc,,,,,,,,,TY1,,,,,BREMBO-202.6001A,25000,shopify,continue,manual,1725,1875,TRUE,TRUE,202.6001A,https://racetechnologies.com/sites/default/files/content/images/brakekits/brembo-2-piece-disc-328-332-345-355mm-slotted-type-1-med.jpg,2,,,,,,,,202.6001A,,,,,,,,,,https://racetechnologies.com/sites/default/files/content/images/brakekits/brembo-2-piece-disc-328-332-345-355mm-slotted-type-1-med.jpg,kg,8708949900,,,,,
brembo-2m-9005a-f-365x34mm-14-4-2-piece-discs-brake-disc,"Brembo 2M-.9005A  365x34mm (14.4"") 2-Piece Discs Brake Disc (Front)","<h4><strong>Description</strong></h4>This is  365x34mm (14.4"") 2-Piece Discs | Complete Axle Set | Pre-Assembled | All Necessary Hardware Included, Front        <p>&nbsp;</p>        <h4>Features</h4>        <p><strong>Disc</strong></p><table><tbody>  <tr><td>Disc Material/Finish</td><td>:</td><td>Advanced High Carbon Alloy / Corrosion Resistant Plating</td></tr>  <tr><td>Disc Diameter</td><td>:</td><td>365mm</td></tr>  <tr><td>Disc Width (Measurement)</td><td>:</td><td>34mm</td></tr>  <tr><td>Disc Air Gap (Measurement)</td><td>:</td><td>14mm</td></tr>  <tr><td>Disc Annulus (Measurement)</td><td>:</td><td>62mm</td></tr>  <tr><td>Disc Construction</td><td>:</td><td>2-Piece Disc Assembly</td></tr>  <tr><td>Disc Vane Design (Measurement)</td><td>:</td><td>Vented Curved 48 Vane</td></tr>  <tr><td>Disc To Hat Mounting System</td><td>:</td><td>Floating H-Bobbin with Anti Rattle Spring</td></tr></tbody></table><p><strong>Friction Material</strong></p><table><tbody>  <tr><td>Pad Compound</td><td>:</td><td>Brembo High Performance FM1000</td></tr>  <tr><td>Pad Volume / Surface Area</td><td>:</td><td>48.2 | 53.6</td></tr></tbody></table>        <p>&nbsp;</p>        <h4>What's Included</h4><ul>  <li>Brake Lines: Proprietary Brembo Stainless Steel Braided Brake Lines by Goodridge</li>  <li>Mounting Hardware: Brembo Engineered CNC Billet Caliper Adapters - All Necessary Hardware Included For Ease of Installation</li></ul>        <p>&nbsp;</p>        <p>Feel free to contact us at info@mlperformance.co.uk should you wish to double check!</p>        <p>&nbsp;</p>        <h4>Compatibility Check</h4><p>To ensure the part(s) you have ordered fits your vehicle, we run a compatibility check prior to dispatch. We can do this either using your registration number (UK) or the last 7 digits of your VIN. Simply enter your car details prior to checkout.</p>          <p>&nbsp;</p>        <h4>Part Number</h4><p>BREMBO-101.9007A (Cross Drilled)</p><p>BREMBO-102.9007A (TY1)</p>        <p>&nbsp;</p>        <h4>More Information</h4><p><strong>Manufactured by</strong></p><p>Brembo</p>",Brembo,,Brake,"Uploaded by_Muazzim, Brand_Brembo, Product Type_Brake, Category_Brake Discs",TRUE,Disc Type,Cross Drilled,,,,,BREMBO-101.9007A,25000,shopify,continue,manual,1877.21,2040.44,TRUE,TRUE,101.9007A,https://racetechnologies.com/sites/default/files/content/images/brakekits/brembo-2-piece-disc-380mm-drilled-med.jpg,1,"Brembo 2M-.9005A (F)  365x34mm (14.4"") 2-Piece Discs Brake Disc",,"Brembo 2M-.9005A (F)  365x34mm (14.4"") 2-Piece Discs Brake Disc","Get Brembo 2M-.9005A (F)  365x34mm (14.4"") 2-Piece Discs Brake Disc for your car to get your desired looks and performance from ML Performance at the lowest price with FREE UK shipping & next day delivery on in stock items. Very cheap prices & good service.",,,,101.9007A,,,new,,,,,,,https://racetechnologies.com/sites/default/files/content/images/brakekits/brembo-2-piece-disc-380mm-drilled-med.jpg,kg,8708949900,,,,,active
brembo-2m-9005a-f-365x34mm-14-4-2-piece-discs-brake-disc,,,,,,,,,TY1,,,,,BREMBO-102.9007A,25000,shopify,continue,manual,1877.21,2040.44,TRUE,TRUE,102.9007A,https://racetechnologies.com/sites/default/files/content/images/brakekits/brembo-2-piece-disc-380mm-slotted-type-1-med.jpg,2,,,,,,,,102.9007A,,,,,,,,,,https://racetechnologies.com/sites/default/files/content/images/brakekits/brembo-2-piece-disc-380mm-slotted-type-1-med.jpg,kg,8708949900,,,,,
brembo-2m-9005a-f-380x34mm-15-2-piece-discs-brake-disc,"Brembo 2M-.9005A  380x34mm (15"") 2-Piece Discs Brake Disc (Front)","<h4><strong>Description</strong></h4>This is  380x34mm (15"") 2-Piece Discs | Complete Axle Set | Pre-Assembled | All Necessary Hardware Included, Front        <p>&nbsp;</p>        <h4>Features</h4>        <p><strong>Disc</strong></p><table><tbody>  <tr><td>Disc Material/Finish</td><td>:</td><td>Advanced High Carbon Alloy / Corrosion Resistant Plating</td></tr>  <tr><td>Disc Diameter</td><td>:</td><td>380mm</td></tr>  <tr><td>Disc Width (Measurement)</td><td>:</td><td>34mm</td></tr>  <tr><td>Disc Air Gap (Measurement)</td><td>:</td><td>14mm</td></tr>  <tr><td>Disc Annulus (Measurement)</td><td>:</td><td>62mm</td></tr>  <tr><td>Disc Construction</td><td>:</td><td>2-Piece Disc Assembly</td></tr>  <tr><td>Disc Vane Design (Measurement)</td><td>:</td><td>Vented Curved 48 Vane</td></tr>  <tr><td>Disc To Hat Mounting System</td><td>:</td><td>Floating H-Bobbin with Anti Rattle Spring</td></tr></tbody></table><p><strong>Friction Material</strong></p><table><tbody>  <tr><td>Pad Compound</td><td>:</td><td>Brembo High Performance FM1000</td></tr>  <tr><td>Pad Volume / Surface Area</td><td>:</td><td>48.2 | 53.6</td></tr></tbody></table>        <p>&nbsp;</p>        <h4>What's Included</h4><ul>  <li>Brake Lines: Proprietary Brembo Stainless Steel Braided Brake Lines by Goodridge</li>  <li>Mounting Hardware: Brembo Engineered CNC Billet Caliper Adapters - All Necessary Hardware Included For Ease of Installation</li></ul>        <p>&nbsp;</p>        <p>Feel free to contact us at info@mlperformance.co.uk should you wish to double check!</p>        <p>&nbsp;</p>        <h4>Compatibility Check</h4><p>To ensure the part(s) you have ordered fits your vehicle, we run a compatibility check prior to dispatch. We can do this either using your registration number (UK) or the last 7 digits of your VIN. Simply enter your car details prior to checkout.</p>          <p>&nbsp;</p>        <h4>Part Number</h4><p>BREMBO-101.9003A (Cross Drilled)</p><p>BREMBO-102.9003A (TY1)</p><p>BREMBO-103.9003A (TY3)</p>        <p>&nbsp;</p>        <h4>More Information</h4><p><strong>Manufactured by</strong></p><p>Brembo</p>",Brembo,,Brake,"Uploaded by_Muazzim, Brand_Brembo, Product Type_Brake, Category_Brake Discs",TRUE,Disc Type,Cross Drilled,,,,,BREMBO-101.9003A,25000,shopify,continue,manual,1978.68,2150.74,TRUE,TRUE,101.9003A,https://racetechnologies.com/sites/default/files/content/images/brakekits/brembo-2-piece-disc-380mm-drilled-med.jpg,1,"Brembo 2M-.9005A (F)  380x34mm (15"") 2-Piece Discs Brake Disc",,"Brembo 2M-.9005A (F)  380x34mm (15"") 2-Piece Discs Brake Disc","Get Brembo 2M-.9005A (F)  380x34mm (15"") 2-Piece Discs Brake Disc for your car to get your desired looks and performance from ML Performance at the lowest price with FREE UK shipping & next day delivery on in stock items. Very cheap prices & good service.",,,,101.9003A,,,new,,,,,,,https://racetechnologies.com/sites/default/files/content/images/brakekits/brembo-2-piece-disc-380mm-drilled-med.jpg,kg,8708949900,,,,,active
brembo-2m-9005a-f-380x34mm-15-2-piece-discs-brake-disc,,,,,,,,,TY1,,,,,BREMBO-102.9003A,25000,shopify,continue,manual,1978.68,2150.74,TRUE,TRUE,102.9003A,https://racetechnologies.com/sites/default/files/content/images/brakekits/brembo-2-piece-disc-380mm-slotted-type-1-med.jpg,2,,,,,,,,102.9003A,,,,,,,,,,https://racetechnologies.com/sites/default/files/content/images/brakekits/brembo-2-piece-disc-380mm-slotted-type-1-med.jpg,kg,8708949900,,,,,
brembo-2m-9005a-f-380x34mm-15-2-piece-discs-brake-disc,,,,,,,,,TY3,,,,,BREMBO-103.9003A,25000,shopify,continue,manual,1978.68,2150.74,TRUE,TRUE,103.9003A,https://racetechnologies.com/sites/default/files/content/images/brakekits/brembo-2-piece-disc-380x34mm-slotted-type-3-med.jpg,3,,,,,,,,103.9003A,,,,,,,,,,https://racetechnologies.com/sites/default/files/content/images/brakekits/brembo-2-piece-disc-380x34mm-slotted-type-3-med.jpg,kg,8708949900,,,,,
brembo-2d-6002a-f-380x34mm-15-2-piece-discs-brake-disc,"Brembo 2D-.6002A  380x34mm (15"") 2-Piece Discs Brake Disc (Front)","<h4><strong>Description</strong></h4>This is  380x34mm (15"") 2-Piece Discs | Complete Axle Set | Pre-Assembled | All Necessary Hardware Included, Front        <p>&nbsp;</p>        <h4>Features</h4>        <p><strong>Disc</strong></p><table><tbody>  <tr><td>Disc Material/Finish</td><td>:</td><td>Advanced High Carbon Alloy / Corrosion Resistant Plating</td></tr>  <tr><td>Disc Diameter</td><td>:</td><td>380mm</td></tr>  <tr><td>Disc Width (Measurement)</td><td>:</td><td>34mm</td></tr>  <tr><td>Disc Air Gap (Measurement)</td><td>:</td><td>14mm</td></tr>  <tr><td>Disc Annulus (Measurement)</td><td>:</td><td>62mm</td></tr>  <tr><td>Disc Construction</td><td>:</td><td>2-Piece Disc Assembly</td></tr>  <tr><td>Disc Vane Design (Measurement)</td><td>:</td><td>Vented Curved 48 Vane</td></tr>  <tr><td>Disc To Hat Mounting System</td><td>:</td><td>Floating H-Bobbin with Anti Rattle Spring</td></tr></tbody></table><p><strong>Friction Material</strong></p><table><tbody>  <tr><td>Pad Compound</td><td>:</td><td>Brembo High Performance FM1000</td></tr>  <tr><td>Pad Volume / Surface Area</td><td>:</td><td>48.2 | 53.6</td></tr></tbody></table>        <p>&nbsp;</p>        <h4>What's Included</h4><ul>  <li>Brake Lines: Proprietary Brembo Stainless Steel Braided Brake Lines by Goodridge</li>  <li>Mounting Hardware: Brembo Engineered CNC Billet Caliper Adapters - All Necessary Hardware Included For Ease of Installation</li></ul>        <p>&nbsp;</p>        <p>Feel free to contact us at info@mlperformance.co.uk should you wish to double check!</p>        <p>&nbsp;</p>        <h4>Compatibility Check</h4><p>To ensure the part(s) you have ordered fits your vehicle, we run a compatibility check prior to dispatch. We can do this either using your registration number (UK) or the last 7 digits of your VIN. Simply enter your car details prior to checkout.</p>          <p>&nbsp;</p>        <h4>Part Number</h4><p>BREMBO-101.9006A (Cross Drilled)</p><p>BREMBO-102.9006A (TY1)</p><p>BREMBO-103.9006A (TY3)</p>        <p>&nbsp;</p>        <h4>More Information</h4><p><strong>Manufactured by</strong></p><p>Brembo</p>",Brembo,,Brake,"Uploaded by_Muazzim, Brand_Brembo, Product Type_Brake, Category_Brake Discs",TRUE,Disc Type,Cross Drilled,,,,,BREMBO-101.9006A,25000,shopify,continue,manual,2486.03,2702.21,TRUE,TRUE,101.9006A,https://racetechnologies.com/sites/default/files/content/images/brakekits/brembo-2-piece-disc-380mm-drilled-med.jpg,1,"Brembo 2D-.6002A (F)  380x34mm (15"") 2-Piece Discs Brake Disc",,"Brembo 2D-.6002A (F)  380x34mm (15"") 2-Piece Discs Brake Disc","Get Brembo 2D-.6002A (F)  380x34mm (15"") 2-Piece Discs Brake Disc for your car to get your desired looks and performance from ML Performance at the lowest price with FREE UK shipping & next day delivery on in stock items. Very cheap prices & good service.",,,,101.9006A,,,new,,,,,,,https://racetechnologies.com/sites/default/files/content/images/brakekits/brembo-2-piece-disc-380mm-drilled-med.jpg,kg,8708949900,,,,,active
brembo-2d-6002a-f-380x34mm-15-2-piece-discs-brake-disc,,,,,,,,,TY1,,,,,BREMBO-102.9006A,25000,shopify,continue,manual,2486.03,2702.21,TRUE,TRUE,102.9006A,https://racetechnologies.com/sites/default/files/content/images/brakekits/brembo-2-piece-disc-380mm-slotted-type-1-med.jpg,2,,,,,,,,102.9006A,,,,,,,,,,https://racetechnologies.com/sites/default/files/content/images/brakekits/brembo-2-piece-disc-380mm-slotted-type-1-med.jpg,kg,8708949900,,,,,
brembo-2d-6002a-f-380x34mm-15-2-piece-discs-brake-disc,,,,,,,,,TY3,,,,,BREMBO-103.9006A,25000,shopify,continue,manual,2486.03,2702.21,TRUE,TRUE,103.9006A,https://racetechnologies.com/sites/default/files/content/images/brakekits/brembo-2-piece-disc-380x34mm-slotted-type-3-med.jpg,3,,,,,,,,103.9006A,,,,,,,,,,https://racetechnologies.com/sites/default/files/content/images/brakekits/brembo-2-piece-disc-380x34mm-slotted-type-3-med.jpg,kg,8708949900,,,,,
brembo-1n-9081a-f-6-piston-cast-monobloc-calipers-380mm-15-2-piece-discs-brake-disc,Brembo 1N-.9081A 6-Piston Cast Monobloc Calipers  380mm (15'') 2-Piece Discs Brake Disc (Front),"<h4><strong>Description</strong></h4>This is 6-Piston Cast Monobloc Calipers | 380mm (15'') 2-Piece Discs | Complete Axle Set | Pre-Assembled | All Necessary Hardware Included, Front        <p>&nbsp;</p>        <h4>Features</h4>        <p><strong>Caliper</strong></p><table><tbody>  <tr><td>Caliper Body</td><td>:</td><td>Cast Monobloc Radial Mount</td></tr>  <tr><td>Caliper Piston Configuration</td><td>:</td><td>6-Piston</td></tr>  <tr><td>Caliper Piston Design And Insert Type</td><td>:</td><td>Inner Pressure Seal / OEM Approved Dust Boot</td></tr></tbody></table><p><strong>Disc</strong></p><table><tbody>  <tr><td>Disc Material/Finish</td><td>:</td><td>Advanced High Carbon Alloy / Corrosion Resistant Plating</td></tr>  <tr><td>Disc Diameter</td><td>:</td><td>328mm</td></tr>  <tr><td>Disc Width (Measurement)</td><td>:</td><td>28mm</td></tr>  <tr><td>Disc Air Gap (Measurement)</td><td>:</td><td>17mm</td></tr>  <tr><td>Disc Annulus (Measurement)</td><td>:</td><td>54mm</td></tr>  <tr><td>Disc Construction</td><td>:</td><td>2-Piece Disc Assembly</td></tr>  <tr><td>Disc Vane Design (Measurement)</td><td>:</td><td>Vented Curved 48 Vane</td></tr>  <tr><td>Disc To Hat Mounting System</td><td>:</td><td>Floating D-Bobbin with Anti Rattle Spring</td></tr></tbody></table><p><strong>Friction Material</strong></p><table><tbody>  <tr><td>Pad Compound</td><td>:</td><td>Brembo High Performance FM1000</td></tr>  <tr><td>Pad Volume / Surface Area</td><td>:</td><td>48.2 | 53.6</td></tr></tbody></table>        <p>&nbsp;</p>        <h4>What's Included</h4><ul>  <li>Brake Lines: Proprietary Brembo Stainless Steel Braided Brake Lines by Goodridge</li>  <li>Mounting Hardware: Brembo Engineered CNC Billet Caliper Adapters - All Necessary Hardware Included For Ease of Installation</li></ul>        <p>&nbsp;</p>        <p>&nbsp;</p><h4>Compatibility</h4><div class=""compatibility-accordion-wrapper""><div class=""compatibility-tab"">                        <input name=""tabs"" type=""checkbox"" id=""compatibility-tab-1"">                        <label for=""compatibility-tab-1""><b>AUDI</b><br></label>                                                    <div class=""compatibility-tab-content""><ul><li>S3 (8Y)</li></ul></div></div><div class=""compatibility-tab"">                        <input name=""tabs"" type=""checkbox"" id=""compatibility-tab-2"">                        <label for=""compatibility-tab-2""><b>VOLKSWAGEN</b><br></label>                                                    <div class=""compatibility-tab-content""><ul><li>GOLF R (MK8)</li></ul></div></div></div><p>Feel free to contact us at info@mlperformance.co.uk should you wish to double check!</p>        <p>&nbsp;</p>        <h4>Compatibility Check</h4><p>To ensure the part(s) you have ordered fits your vehicle, we run a compatibility check prior to dispatch. We can do this either using your registration number (UK) or the last 7 digits of your VIN. Simply enter your car details prior to checkout.</p>          <p>&nbsp;</p>        <h4>Part Number</h4><p>BREMBO-1N1.9081A2 (Cross Drilled /  Red)</p><p>BREMBO-1N1.9081A1 (Cross Drilled /  Black)</p><p>BREMBO-1N1.9081A3 (Cross Drilled /  Silver)</p><p>BREMBO-1N1.9081A5 (Cross Drilled /  Yellow)</p><p>BREMBO-1N2.9081A2 (TY1 /  Red)</p><p>BREMBO-1N2.9081A1 (TY1 /  Black)</p><p>BREMBO-1N2.9081A3 (TY1 /  Silver)</p><p>BREMBO-1N2.9081A5 (TY1 /  Yellow)</p><p>BREMBO-1N3.9081A2 (TY3 /  Red)</p><p>BREMBO-1N3.9081A1 (TY3 /  Black)</p><p>BREMBO-1N3.9081A3 (TY3 /  Silver)</p><p>BREMBO-1N3.9081A5 (TY3 /  Yellow)</p><p>BREMBO-1N1.9081AS (Cross Drilled /  Black Hard Anodized)</p><p>BREMBO-1N2.9081AS (TY1 /  Black Hard Anodized)</p><p>BREMBO-1N3.9081AS (TY3 /  Black Hard Anodized)</p>        <p>&nbsp;</p>        <h4>More Information</h4><p><strong>Manufactured by</strong></p><p>Brembo</p>",Brembo,,Brake,"Uploaded by_Muazzim, Brand_Brembo, Product Type_Brake, Category_Brake Discs",TRUE,Disc Type,Cross Drilled,Finish,Red,,,BREMBO-1N1.9081A2,25000,shopify,continue,manual,4515.43,4908.08,TRUE,TRUE,1N1.9081A2,https://racetechnologies.com/sites/default/files/content/images/brakekits/brembo-n-caliper-6-piston-2-piece-365-380mm-drilled-red-med.jpg,1,Brembo 1N-.9081A (F) 6-Piston Cast Monobloc Calipers  380mm (15'') 2-Piece Discs Brake Disc,,Brembo 1N-.9081A (F) 6-Piston Cast Monobloc Calipers  380mm (15'') 2-Piece Discs Brake Disc,Get Brembo 1N-.9081A (F) 6-Piston Cast Monobloc Calipers  380mm (15'') 2-Piece Discs Brake Disc for your car to get your desired looks and performance from ML Performance at the lowest price with FREE UK shipping & next day delivery on in stock items. Very cheap prices & good service.,,,,1N1.9081A2,,,new,,,,,,,https://racetechnologies.com/sites/default/files/content/images/brakekits/brembo-n-caliper-6-piston-2-piece-365-380mm-drilled-red-med.jpg,kg,8708949900,,,,,active
brembo-1n-9081a-f-6-piston-cast-monobloc-calipers-380mm-15-2-piece-discs-brake-disc,,,,,,,,,Cross Drilled,,Black,,,BREMBO-1N1.9081A1,25000,shopify,continue,manual,4515.43,4908.08,TRUE,TRUE,1N1.9081A1,https://racetechnologies.com/sites/default/files/content/images/brakekits/brembo-n-caliper-6-piston-2-piece-365-380mm-drilled-black-med.jpg,2,,,,,,,,1N1.9081A1,,,,,,,,,,https://racetechnologies.com/sites/default/files/content/images/brakekits/brembo-n-caliper-6-piston-2-piece-365-380mm-drilled-black-med.jpg,kg,8708949900,,,,,
brembo-1n-9081a-f-6-piston-cast-monobloc-calipers-380mm-15-2-piece-discs-brake-disc,,,,,,,,,Cross Drilled,,Silver,,,BREMBO-1N1.9081A3,25000,shopify,continue,manual,4515.43,4908.08,TRUE,TRUE,1N1.9081A3,https://racetechnologies.com/sites/default/files/content/images/brakekits/brembo-n-caliper-6-piston-2-piece-365-380mm-drilled-silver-med.jpg,3,,,,,,,,1N1.9081A3,,,,,,,,,,https://racetechnologies.com/sites/default/files/content/images/brakekits/brembo-n-caliper-6-piston-2-piece-365-380mm-drilled-silver-med.jpg,kg,8708949900,,,,,
brembo-1n-9081a-f-6-piston-cast-monobloc-calipers-380mm-15-2-piece-discs-brake-disc,,,,,,,,,Cross Drilled,,Yellow,,,BREMBO-1N1.9081A5,25000,shopify,continue,manual,4515.43,4908.08,TRUE,TRUE,1N1.9081A5,https://racetechnologies.com/sites/default/files/content/images/brakekits/brembo-n-caliper-6-piston-2-piece-365-380mm-drilled-yellow-med.jpg,4,,,,,,,,1N1.9081A5,,,,,,,,,,https://racetechnologies.com/sites/default/files/content/images/brakekits/brembo-n-caliper-6-piston-2-piece-365-380mm-drilled-yellow-med.jpg,kg,8708949900,,,,,
brembo-1n-9081a-f-6-piston-cast-monobloc-calipers-380mm-15-2-piece-discs-brake-disc,,,,,,,,,TY1,,Red,,,BREMBO-1N2.9081A2,25000,shopify,continue,manual,4515.43,4908.08,TRUE,TRUE,1N2.9081A2,https://racetechnologies.com/sites/default/files/content/images/brakekits/brembo-n-caliper-6-piston-2-piece-365-380mm-slotted-type-1-red-med.jpg,5,,,,,,,,1N2.9081A2,,,,,,,,,,https://racetechnologies.com/sites/default/files/content/images/brakekits/brembo-n-caliper-6-piston-2-piece-365-380mm-slotted-type-1-red-med.jpg,kg,8708949900,,,,,
brembo-1n-9081a-f-6-piston-cast-monobloc-calipers-380mm-15-2-piece-discs-brake-disc,,,,,,,,,TY1,,Black,,,BREMBO-1N2.9081A1,25000,shopify,continue,manual,4515.43,4908.08,TRUE,TRUE,1N2.9081A1,https://racetechnologies.com/sites/default/files/content/images/brakekits/brembo-n-caliper-6-piston-2-piece-365-380mm-slotted-type-1-black-med.jpg,6,,,,,,,,1N2.9081A1,,,,,,,,,,https://racetechnologies.com/sites/default/files/content/images/brakekits/brembo-n-caliper-6-piston-2-piece-365-380mm-slotted-type-1-black-med.jpg,kg,8708949900,,,,,
brembo-1n-9081a-f-6-piston-cast-monobloc-calipers-380mm-15-2-piece-discs-brake-disc,,,,,,,,,TY1,,Silver,,,BREMBO-1N2.9081A3,25000,shopify,continue,manual,4515.43,4908.08,TRUE,TRUE,1N2.9081A3,https://racetechnologies.com/sites/default/files/content/images/brakekits/brembo-n-caliper-6-piston-2-piece-365-380mm-slotted-type-1-silver-med.jpg,7,,,,,,,,1N2.9081A3,,,,,,,,,,https://racetechnologies.com/sites/default/files/content/images/brakekits/brembo-n-caliper-6-piston-2-piece-365-380mm-slotted-type-1-silver-med.jpg,kg,8708949900,,,,,
brembo-1n-9081a-f-6-piston-cast-monobloc-calipers-380mm-15-2-piece-discs-brake-disc,,,,,,,,,TY1,,Yellow,,,BREMBO-1N2.9081A5,25000,shopify,continue,manual,4515.43,4908.08,TRUE,TRUE,1N2.9081A5,https://racetechnologies.com/sites/default/files/content/images/brakekits/brembo-n-caliper-6-piston-2-piece-365-380mm-slotted-type-1-yellow-med.jpg,8,,,,,,,,1N2.9081A5,,,,,,,,,,https://racetechnologies.com/sites/default/files/content/images/brakekits/brembo-n-caliper-6-piston-2-piece-365-380mm-slotted-type-1-yellow-med.jpg,kg,8708949900,,,,,
brembo-1n-9081a-f-6-piston-cast-monobloc-calipers-380mm-15-2-piece-discs-brake-disc,,,,,,,,,TY3,,Red,,,BREMBO-1N3.9081A2,25000,shopify,continue,manual,4515.43,4908.08,TRUE,TRUE,1N3.9081A2,https://racetechnologies.com/sites/default/files/content/images/brakekits/brembo-n-caliper-6-piston-2-piece-350-380mm-slotted-type-3-red-med_0.jpg,9,,,,,,,,1N3.9081A2,,,,,,,,,,https://racetechnologies.com/sites/default/files/content/images/brakekits/brembo-n-caliper-6-piston-2-piece-350-380mm-slotted-type-3-red-med_0.jpg,kg,8708949900,,,,,
brembo-1n-9081a-f-6-piston-cast-monobloc-calipers-380mm-15-2-piece-discs-brake-disc,,,,,,,,,TY3,,Black,,,BREMBO-1N3.9081A1,25000,shopify,continue,manual,4515.43,4908.08,TRUE,TRUE,1N3.9081A1,https://racetechnologies.com/sites/default/files/content/images/brakekits/brembo-n-caliper-6-piston-2-piece-350-380mm-slotted-type-3-black-med_0.jpg,10,,,,,,,,1N3.9081A1,,,,,,,,,,https://racetechnologies.com/sites/default/files/content/images/brakekits/brembo-n-caliper-6-piston-2-piece-350-380mm-slotted-type-3-black-med_0.jpg,kg,8708949900,,,,,
brembo-1n-9081a-f-6-piston-cast-monobloc-calipers-380mm-15-2-piece-discs-brake-disc,,,,,,,,,TY3,,Silver,,,BREMBO-1N3.9081A3,25000,shopify,continue,manual,4515.43,4908.08,TRUE,TRUE,1N3.9081A3,https://racetechnologies.com/sites/default/files/content/images/brakekits/brembo-n-caliper-6-piston-2-piece-350-380mm-slotted-type-3-silver-med_0.jpg,11,,,,,,,,1N3.9081A3,,,,,,,,,,https://racetechnologies.com/sites/default/files/content/images/brakekits/brembo-n-caliper-6-piston-2-piece-350-380mm-slotted-type-3-silver-med_0.jpg,kg,8708949900,,,,,
brembo-1n-9081a-f-6-piston-cast-monobloc-calipers-380mm-15-2-piece-discs-brake-disc,,,,,,,,,TY3,,Yellow,,,BREMBO-1N3.9081A5,25000,shopify,continue,manual,4515.43,4908.08,TRUE,TRUE,1N3.9081A5,https://racetechnologies.com/sites/default/files/content/images/brakekits/brembo-n-caliper-6-piston-2-piece-350-380mm-slotted-type-3-yellow-med_0.jpg,12,,,,,,,,1N3.9081A5,,,,,,,,,,https://racetechnologies.com/sites/default/files/content/images/brakekits/brembo-n-caliper-6-piston-2-piece-350-380mm-slotted-type-3-yellow-med_0.jpg,kg,8708949900,,,,,
brembo-1n-9081a-f-6-piston-billet-monobloc-calipers-380mm-15-2-piece-discs-brake-disc,Brembo 1N-.9081A 6-Piston Billet Monobloc Calipers  380mm (15'') 2-Piece Discs Brake Disc (Front),"<h4><strong>Description</strong></h4>This is 6-Piston Billet Monobloc Calipers | 380mm (15'') 2-Piece Discs | Complete Axle Set | Pre-Assembled | All Necessary Hardware Included, Front        <p>&nbsp;</p>        <h4>Features</h4>        <p><strong>Caliper</strong></p><table><tbody>  <tr><td>Caliper Body</td><td>:</td><td>Billet Monobloc Radial Mount</td></tr>  <tr><td>Caliper Piston Design And Insert Type</td><td>:</td><td>Inner Pressure Seal / Recessed Dust Boot / Ventilated Stainless Steel Insert</td></tr></tbody></table><p><strong>Disc</strong></p><table><tbody>  <tr><td>Disc Material/Finish</td><td>:</td><td>Advanced High Carbon Alloy / Corrosion Resistant Plating</td></tr>  <tr><td>Disc Diameter</td><td>:</td><td>328mm</td></tr>  <tr><td>Disc Width (Measurement)</td><td>:</td><td>28mm</td></tr>  <tr><td>Disc Air Gap (Measurement)</td><td>:</td><td>17mm</td></tr>  <tr><td>Disc Annulus (Measurement)</td><td>:</td><td>54mm</td></tr>  <tr><td>Disc Construction</td><td>:</td><td>2-Piece Disc Assembly</td></tr>  <tr><td>Disc Vane Design (Measurement)</td><td>:</td><td>Vented Curved 48 Vane</td></tr>  <tr><td>Disc To Hat Mounting System</td><td>:</td><td>Floating D-Bobbin with Anti Rattle Spring</td></tr></tbody></table><p><strong>Friction Material</strong></p><table><tbody>  <tr><td>Pad Compound</td><td>:</td><td>Brembo High Performance FM1000</td></tr>  <tr><td>Pad Volume / Surface Area</td><td>:</td><td>48.2 | 53.6</td></tr></tbody></table>        <p>&nbsp;</p>        <h4>What's Included</h4><ul>  <li>Brake Lines: Proprietary Brembo Stainless Steel Braided Brake Lines by Goodridge</li>  <li>Mounting Hardware: Brembo Engineered CNC Billet Caliper Adapters - All Necessary Hardware Included For Ease of Installation</li></ul>        <p>&nbsp;</p>        <p>&nbsp;</p><h4>Compatibility</h4><div class=""compatibility-accordion-wrapper""><div class=""compatibility-tab"">                        <input name=""tabs"" type=""checkbox"" id=""compatibility-tab-1"">                        <label for=""compatibility-tab-1""><b>AUDI</b><br></label>                                                    <div class=""compatibility-tab-content""><ul><li>S3 (8Y)</li></ul></div></div><div class=""compatibility-tab"">                        <input name=""tabs"" type=""checkbox"" id=""compatibility-tab-2"">                        <label for=""compatibility-tab-2""><b>VOLKSWAGEN</b><br></label>                                                    <div class=""compatibility-tab-content""><ul><li>GOLF R (MK8)</li></ul></div></div></div><p>Feel free to contact us at info@mlperformance.co.uk should you wish to double check!</p>        <p>&nbsp;</p>        <h4>Compatibility Check</h4><p>To ensure the part(s) you have ordered fits your vehicle, we run a compatibility check prior to dispatch. We can do this either using your registration number (UK) or the last 7 digits of your VIN. Simply enter your car details prior to checkout.</p>          <p>&nbsp;</p>        <h4>Part Number</h4><p>BREMBO-1N1.9081AR (Cross Drilled /  Nickel Plated)</p><p>BREMBO-1N2.9081AR (TY1 /  Nickel Plated)</p><p>BREMBO-1N3.9081AR (TY3 /  Nickel Plated)</p>        <p>&nbsp;</p>        <h4>More Information</h4><p><strong>Manufactured by</strong></p><p>Brembo</p>",Brembo,,Brake,"Uploaded by_Muazzim, Brand_Brembo, Product Type_Brake, Category_Brake Discs",TRUE,Disc Type,Cross Drilled,Finish,Nickel Plated,,,BREMBO-1N1.9081AR,25000,shopify,continue,manual,8625,9375,TRUE,TRUE,1N1.9081AR,https://racetechnologies.com/sites/default/files/content/images/brakekits/brembo-n-caliper-6-piston-2-piece-365-380mm-drilled-gt-r-med_0.jpg,1,Brembo 1N-.9081A (F) 6-Piston Billet Monobloc Calipers  380mm (15'') 2-Piece Discs Brake Disc,,Brembo 1N-.9081A (F) 6-Piston Billet Monobloc Calipers  380mm (15'') 2-Piece Discs Brake Disc,Get Brembo 1N-.9081A (F) 6-Piston Billet Monobloc Calipers  380mm (15'') 2-Piece Discs Brake Disc for your car to get your desired looks and performance from ML Performance at the lowest price with FREE UK shipping & next day delivery on in stock items. Very cheap prices & good service.,,,,1N1.9081AR,,,new,,,,,,,https://racetechnologies.com/sites/default/files/content/images/brakekits/brembo-n-caliper-6-piston-2-piece-365-380mm-drilled-gt-r-med_0.jpg,kg,8708949900,,,,,active
brembo-1n-9081a-f-6-piston-billet-monobloc-calipers-380mm-15-2-piece-discs-brake-disc,,,,,,,,,TY1,,Nickel Plated,,,BREMBO-1N2.9081AR,25000,shopify,continue,manual,8625,9375,TRUE,TRUE,1N2.9081AR,https://racetechnologies.com/sites/default/files/content/images/brakekits/brembo-n-caliper-6-piston-2-piece-365-380mm-slotted-type-1-gt-r-med.jpg,2,,,,,,,,1N2.9081AR,,,,,,,,,,https://racetechnologies.com/sites/default/files/content/images/brakekits/brembo-n-caliper-6-piston-2-piece-365-380mm-slotted-type-1-gt-r-med.jpg,kg,8708949900,,,,,
brembo-1n-9081a-f-6-piston-billet-monobloc-calipers-380mm-15-2-piece-discs-brake-disc,,,,,,,,,TY3,,Nickel Plated,,,BREMBO-1N3.9081AR,25000,shopify,continue,manual,8625,9375,TRUE,TRUE,1N3.9081AR,https://racetechnologies.com/sites/default/files/content/images/brakekits/brembo-n-caliper-6-piston-2-piece-350-380mm-slotted-type-3-gt-r-med_0.jpg,3,,,,,,,,1N3.9081AR,,,,,,,,,,https://racetechnologies.com/sites/default/files/content/images/brakekits/brembo-n-caliper-6-piston-2-piece-350-380mm-slotted-type-3-gt-r-med_0.jpg,kg,8708949900,,,,,
brembo-1n-9081a-f-6-piston-cast-monobloc-calipers-380mm-15-2-piece-discs-brake-disc,Brembo 1N-.9081A 6-Piston Cast Monobloc Calipers  380mm (15'') 2-Piece Discs Brake Disc (Front),"<h4><strong>Description</strong></h4>This is 6-Piston Cast Monobloc Calipers | 380mm (15'') 2-Piece Discs | Complete Axle Set | Pre-Assembled | All Necessary Hardware Included, Front        <p>&nbsp;</p>        <h4>Features</h4>        <p><strong>Caliper</strong></p><table><tbody>  <tr><td>Caliper Body</td><td>:</td><td>Cast Monobloc Radial Mount</td></tr>  <tr><td>Caliper Piston Design And Insert Type</td><td>:</td><td>Inner Pressure Seal / Recessed Dust Boot / Stainless Steel Insert</td></tr></tbody></table><p><strong>Disc</strong></p><table><tbody>  <tr><td>Disc Material/Finish</td><td>:</td><td>Advanced High Carbon Alloy / Corrosion Resistant Plating</td></tr>  <tr><td>Disc Diameter</td><td>:</td><td>328mm</td></tr>  <tr><td>Disc Width (Measurement)</td><td>:</td><td>28mm</td></tr>  <tr><td>Disc Air Gap (Measurement)</td><td>:</td><td>17mm</td></tr>  <tr><td>Disc Annulus (Measurement)</td><td>:</td><td>54mm</td></tr>  <tr><td>Disc Construction</td><td>:</td><td>2-Piece Disc Assembly</td></tr>  <tr><td>Disc Vane Design (Measurement)</td><td>:</td><td>Vented Curved 48 Vane</td></tr>  <tr><td>Disc To Hat Mounting System</td><td>:</td><td>Floating D-Bobbin with Anti Rattle Spring</td></tr></tbody></table><p><strong>Friction Material</strong></p><table><tbody>  <tr><td>Pad Compound</td><td>:</td><td>Brembo High Performance FM1000</td></tr>  <tr><td>Pad Volume / Surface Area</td><td>:</td><td>48.2 | 53.6</td></tr></tbody></table>        <p>&nbsp;</p>        <h4>What's Included</h4><ul>  <li>Brake Lines: Proprietary Brembo Stainless Steel Braided Brake Lines by Goodridge</li>  <li>Mounting Hardware: Brembo Engineered CNC Billet Caliper Adapters - All Necessary Hardware Included For Ease of Installation</li></ul>        <p>&nbsp;</p>        <p>&nbsp;</p><h4>Compatibility</h4><div class=""compatibility-accordion-wrapper""><div class=""compatibility-tab"">                        <input name=""tabs"" type=""checkbox"" id=""compatibility-tab-1"">                        <label for=""compatibility-tab-1""><b>AUDI</b><br></label>                                                    <div class=""compatibility-tab-content""><ul><li>S3 (8Y)</li></ul></div></div><div class=""compatibility-tab"">                        <input name=""tabs"" type=""checkbox"" id=""compatibility-tab-2"">                        <label for=""compatibility-tab-2""><b>VOLKSWAGEN</b><br></label>                                                    <div class=""compatibility-tab-content""><ul><li>GOLF R (MK8)</li></ul></div></div></div><p>Feel free to contact us at info@mlperformance.co.uk should you wish to double check!</p>        <p>&nbsp;</p>        <h4>Compatibility Check</h4><p>To ensure the part(s) you have ordered fits your vehicle, we run a compatibility check prior to dispatch. We can do this either using your registration number (UK) or the last 7 digits of your VIN. Simply enter your car details prior to checkout.</p>          <p>&nbsp;</p>        <h4>Part Number</h4><p>BREMBO-1N1.9081A2 (Cross Drilled /  Red)</p><p>BREMBO-1N1.9081A1 (Cross Drilled /  Black)</p><p>BREMBO-1N1.9081A3 (Cross Drilled /  Silver)</p><p>BREMBO-1N1.9081A5 (Cross Drilled /  Yellow)</p><p>BREMBO-1N2.9081A2 (TY1 /  Red)</p><p>BREMBO-1N2.9081A1 (TY1 /  Black)</p><p>BREMBO-1N2.9081A3 (TY1 /  Silver)</p><p>BREMBO-1N2.9081A5 (TY1 /  Yellow)</p><p>BREMBO-1N3.9081A2 (TY3 /  Red)</p><p>BREMBO-1N3.9081A1 (TY3 /  Black)</p><p>BREMBO-1N3.9081A3 (TY3 /  Silver)</p><p>BREMBO-1N3.9081A5 (TY3 /  Yellow)</p><p>BREMBO-1N1.9081AS (Cross Drilled /  Black Hard Anodized)</p><p>BREMBO-1N2.9081AS (TY1 /  Black Hard Anodized)</p><p>BREMBO-1N3.9081AS (TY3 /  Black Hard Anodized)</p>        <p>&nbsp;</p>        <h4>More Information</h4><p><strong>Manufactured by</strong></p><p>Brembo</p>",Brembo,,Brake,"Uploaded by_Muazzim, Brand_Brembo, Product Type_Brake, Category_Brake Discs",TRUE,Disc Type,Cross Drilled,Finish,Black Hard Anodized,,,BREMBO-1N1.9081AS,25000,shopify,continue,manual,4616.92,5018.39,TRUE,TRUE,1N1.9081AS,https://racetechnologies.com/sites/default/files/content/images/brakekits/brembo-n-caliper-6-piston-2-piece-365-380mm-drilled-gt-s-med.jpg,1,Brembo 1N-.9081A (F) 6-Piston Cast Monobloc Calipers  380mm (15'') 2-Piece Discs Brake Disc,,Brembo 1N-.9081A (F) 6-Piston Cast Monobloc Calipers  380mm (15'') 2-Piece Discs Brake Disc,Get Brembo 1N-.9081A (F) 6-Piston Cast Monobloc Calipers  380mm (15'') 2-Piece Discs Brake Disc for your car to get your desired looks and performance from ML Performance at the lowest price with FREE UK shipping & next day delivery on in stock items. Very cheap prices & good service.,,,,1N1.9081AS,,,new,,,,,,,https://racetechnologies.com/sites/default/files/content/images/brakekits/brembo-n-caliper-6-piston-2-piece-365-380mm-drilled-gt-s-med.jpg,kg,8708949900,,,,,active
brembo-1n-9081a-f-6-piston-cast-monobloc-calipers-380mm-15-2-piece-discs-brake-disc,,,,,,,,,TY1,,Black Hard Anodized,,,BREMBO-1N2.9081AS,25000,shopify,continue,manual,4616.92,5018.39,TRUE,TRUE,1N2.9081AS,https://racetechnologies.com/sites/default/files/content/images/brakekits/brembo-n-caliper-6-piston-2-piece-365-380mm-slotted-type-1-gt-s-med.jpg,2,,,,,,,,1N2.9081AS,,,,,,,,,,https://racetechnologies.com/sites/default/files/content/images/brakekits/brembo-n-caliper-6-piston-2-piece-365-380mm-slotted-type-1-gt-s-med.jpg,kg,8708949900,,,,,
brembo-1n-9081a-f-6-piston-cast-monobloc-calipers-380mm-15-2-piece-discs-brake-disc,,,,,,,,,TY3,,Black Hard Anodized,,,BREMBO-1N3.9081AS,25000,shopify,continue,manual,4616.92,5018.39,TRUE,TRUE,1N3.9081AS,https://racetechnologies.com/sites/default/files/content/images/brakekits/brembo-n-caliper-6-piston-2-piece-350-380mm-slotted-type-3-gt-s-med.jpg,3,,,,,,,,1N3.9081AS,,,,,,,,,,https://racetechnologies.com/sites/default/files/content/images/brakekits/brembo-n-caliper-6-piston-2-piece-350-380mm-slotted-type-3-gt-s-med.jpg,kg,8708949900,,,,,
brembo-1t-9035a-f-6-piston-cast-monobloc-calipers-380mm-15-2-piece-discs-brake-disc,Brembo 1T-.9035A 6-Piston Cast Monobloc Calipers  380mm (15'') 2-Piece Discs Brake Disc (Front),"<h4><strong>Description</strong></h4>This is 6-Piston Cast Monobloc Calipers | 380mm (15'') 2-Piece Discs | Complete Axle Set | Pre-Assembled | All Necessary Hardware Included, Front        <p>&nbsp;</p>        <h4>Features</h4>        <p><strong>Caliper</strong></p><table><tbody>  <tr><td>Caliper Body</td><td>:</td><td>Cast Monobloc Radial Mount</td></tr>  <tr><td>Caliper Piston Configuration</td><td>:</td><td>6-Piston</td></tr>  <tr><td>Caliper Piston Design And Insert Type</td><td>:</td><td>Inner Pressure Seal / OEM Approved Dust Boot</td></tr></tbody></table><p><strong>Disc</strong></p><table><tbody>  <tr><td>Disc Material/Finish</td><td>:</td><td>Advanced High Carbon Alloy / Corrosion Resistant Plating</td></tr>  <tr><td>Disc Diameter</td><td>:</td><td>328mm</td></tr>  <tr><td>Disc Width (Measurement)</td><td>:</td><td>28mm</td></tr>  <tr><td>Disc Air Gap (Measurement)</td><td>:</td><td>17mm</td></tr>  <tr><td>Disc Annulus (Measurement)</td><td>:</td><td>54mm</td></tr>  <tr><td>Disc Construction</td><td>:</td><td>2-Piece Disc Assembly</td></tr>  <tr><td>Disc Vane Design (Measurement)</td><td>:</td><td>Vented Curved 48 Vane</td></tr>  <tr><td>Disc To Hat Mounting System</td><td>:</td><td>Floating D-Bobbin with Anti Rattle Spring</td></tr></tbody></table><p><strong>Friction Material</strong></p><table><tbody>  <tr><td>Pad Compound</td><td>:</td><td>Brembo High Performance FM1000</td></tr>  <tr><td>Pad Volume / Surface Area</td><td>:</td><td>48.2 | 53.6</td></tr></tbody></table>        <p>&nbsp;</p>        <h4>What's Included</h4><ul>  <li>Brake Lines: Proprietary Brembo Stainless Steel Braided Brake Lines by Goodridge</li>  <li>Mounting Hardware: Brembo Engineered CNC Billet Caliper Adapters - All Necessary Hardware Included For Ease of Installation</li></ul>        <p>&nbsp;</p>        <p>&nbsp;</p><h4>Compatibility</h4><div class=""compatibility-accordion-wrapper""><div class=""compatibility-tab"">                        <input name=""tabs"" type=""checkbox"" id=""compatibility-tab-1"">                        <label for=""compatibility-tab-1""><b>AUDI</b><br></label>                                                    <div class=""compatibility-tab-content""><ul><li>S3 (8Y)</li></ul></div></div><div class=""compatibility-tab"">                        <input name=""tabs"" type=""checkbox"" id=""compatibility-tab-2"">                        <label for=""compatibility-tab-2""><b>VOLKSWAGEN</b><br></label>                                                    <div class=""compatibility-tab-content""><ul><li>GOLF R (MK8)</li></ul></div></div></div><p>Feel free to contact us at info@mlperformance.co.uk should you wish to double check!</p>        <p>&nbsp;</p>        <h4>Compatibility Check</h4><p>To ensure the part(s) you have ordered fits your vehicle, we run a compatibility check prior to dispatch. We can do this either using your registration number (UK) or the last 7 digits of your VIN. Simply enter your car details prior to checkout.</p>          <p>&nbsp;</p>        <h4>Part Number</h4><p>BREMBO-1T1.9035A2 (Cross Drilled /  Red)</p>        <p>&nbsp;</p>        <h4>More Information</h4><p><strong>Manufactured by</strong></p><p>Brembo</p>",Brembo,,Brake,"Uploaded by_Muazzim, Brand_Brembo, Product Type_Brake, Category_Brake Discs",TRUE,Disc Type,Cross Drilled,Finish,Red,,,BREMBO-1T1.9035A2,25000,shopify,continue,manual,4616.92,5018.39,TRUE,TRUE,1T1.9035A2,https://racetechnologies.com/sites/default/files/content/images/brakekits/brembo-t-caliper-6-piston-2-piece-365-380mm-drilled-red-med.jpg,1,Brembo 1T-.9035A (F) 6-Piston Cast Monobloc Calipers  380mm (15'') 2-Piece Discs Brake Disc,,Brembo 1T-.9035A (F) 6-Piston Cast Monobloc Calipers  380mm (15'') 2-Piece Discs Brake Disc,Get Brembo 1T-.9035A (F) 6-Piston Cast Monobloc Calipers  380mm (15'') 2-Piece Discs Brake Disc for your car to get your desired looks and performance from ML Performance at the lowest price with FREE UK shipping & next day delivery on in stock items. Very cheap prices & good service.,,,,1T1.9035A2,,,new,,,,,,,https://racetechnologies.com/sites/default/files/content/images/brakekits/brembo-t-caliper-6-piston-2-piece-365-380mm-drilled-red-med.jpg,kg,8708949900,,,,,active
brembo-2p-6007a-r-4-piston-monobloc-calipers-328x28mm-12-9-2-piece-discs-brake-disc,"Brembo 2P-.6007A 4-Piston Monobloc Calipers  328x28mm (12.9"") 2-Piece Discs Brake Disc (Rear)","<h4><strong>Description</strong></h4>This is  4-Piston Monobloc Calipers | 328x28mm (12.9"") 2-Piece Discs | Complete Axle Set | Pre-Assembled | All Necessary Hardware Included, Rear        <p>&nbsp;</p>        <h4>Features</h4>        <p><strong>Caliper</strong></p><table><tbody>  <tr><td>Caliper Body</td><td>:</td><td>Cast Monobloc Radial Mount</td></tr>  <tr><td>Caliper Piston Configuration</td><td>:</td><td>4-Piston</td></tr>  <tr><td>Caliper Piston Design And Insert Type</td><td>:</td><td>Inner Pressure Seal / OEM Approved Dust Boot</td></tr></tbody></table><p><strong>Disc</strong></p><table><tbody>  <tr><td>Disc Material/Finish</td><td>:</td><td>Advanced High Carbon Alloy / Corrosion Resistant Plating</td></tr>  <tr><td>Disc Diameter</td><td>:</td><td>328mm</td></tr>  <tr><td>Disc Width (Measurement)</td><td>:</td><td>28mm</td></tr>  <tr><td>Disc Air Gap (Measurement)</td><td>:</td><td>17mm</td></tr>  <tr><td>Disc Annulus (Measurement)</td><td>:</td><td>54mm</td></tr>  <tr><td>Disc Construction</td><td>:</td><td>2-Piece Disc Assembly</td></tr>  <tr><td>Disc Vane Design (Measurement)</td><td>:</td><td>Vented Curved 48 Vane</td></tr>  <tr><td>Disc To Hat Mounting System</td><td>:</td><td>Floating D-Bobbin with Anti Rattle Spring</td></tr></tbody></table><p><strong>Friction Material</strong></p><table><tbody>  <tr><td>Pad Compound</td><td>:</td><td>Brembo High Performance FM1000</td></tr>  <tr><td>Pad Volume / Surface Area</td><td>:</td><td>48.2 | 53.6</td></tr></tbody></table>        <p>&nbsp;</p>        <h4>What's Included</h4><ul>  <li>Brake Lines: Proprietary Brembo Stainless Steel Braided Brake Lines by Goodridge</li>  <li>Mounting Hardware: Brembo Engineered CNC Billet Caliper Adapters - All Necessary Hardware Included For Ease of Installation</li></ul>        <p>&nbsp;</p>        <p>&nbsp;</p><h4>Compatibility</h4><div class=""compatibility-accordion-wrapper""><div class=""compatibility-tab"">                        <input name=""tabs"" type=""checkbox"" id=""compatibility-tab-1"">                        <label for=""compatibility-tab-1""><b>AUDI</b><br></label>                                                    <div class=""compatibility-tab-content""><ul><li>TT 3.2L (8J)</li><li>TT RS (8J)</li><li>TTS (8J)</li></ul></div></div></div><p>Feel free to contact us at info@mlperformance.co.uk should you wish to double check!</p>        <p>&nbsp;</p>        <h4>Compatibility Check</h4><p>To ensure the part(s) you have ordered fits your vehicle, we run a compatibility check prior to dispatch. We can do this either using your registration number (UK) or the last 7 digits of your VIN. Simply enter your car details prior to checkout.</p>          <p>&nbsp;</p>        <h4>Part Number</h4><p>BREMBO-2P1.6007A2 (Cross Drilled /  Red)</p><p>BREMBO-2P1.6007A1 (Cross Drilled /  Black)</p><p>BREMBO-2P1.6007A3 (Cross Drilled /  Silver)</p><p>BREMBO-2P1.6007A5 (Cross Drilled /  Yellow)</p>        <p>&nbsp;</p>        <h4>More Information</h4><p><strong>Manufactured by</strong></p><p>Brembo</p>",Brembo,,Brake,"Uploaded by_Muazzim, Brand_Brembo, Product Type_Brake, Category_Brake Discs",TRUE,Disc Type,Cross Drilled,Finish,Red,,,BREMBO-2P1.6007A2,25000,shopify,continue,manual,3703.68,4025.74,TRUE,TRUE,2P1.6007A2,https://racetechnologies.com/sites/default/files/content/images/brakekits/brembo-p-caliper-4-piston-2-piece-328mm-drilled-red-med.jpg,1,"Brembo 2P-.6007A (R) 4-Piston Monobloc Calipers  328x28mm (12.9"") 2-Piece Discs Brake Disc",,"Brembo 2P-.6007A (R) 4-Piston Monobloc Calipers  328x28mm (12.9"") 2-Piece Discs Brake Disc","Get Brembo 2P-.6007A (R) 4-Piston Monobloc Calipers  328x28mm (12.9"") 2-Piece Discs Brake Disc for your car to get your desired looks and performance from ML Performance at the lowest price with FREE UK shipping & next day delivery on in stock items. Very cheap prices & good service.",,,,2P1.6007A2,,,new,,,,,,,https://racetechnologies.com/sites/default/files/content/images/brakekits/brembo-p-caliper-4-piston-2-piece-328mm-drilled-red-med.jpg,kg,8708949900,,,,,active
brembo-2p-6007a-r-4-piston-monobloc-calipers-328x28mm-12-9-2-piece-discs-brake-disc,,,,,,,,,Cross Drilled,,Black,,,BREMBO-2P1.6007A1,25000,shopify,continue,manual,3703.68,4025.74,TRUE,TRUE,2P1.6007A1,https://racetechnologies.com/sites/default/files/content/images/brakekits/brembo-p-caliper-4-piston-2-piece-328mm-drilled-black-med.jpg,2,,,,,,,,2P1.6007A1,,,,,,,,,,https://racetechnologies.com/sites/default/files/content/images/brakekits/brembo-p-caliper-4-piston-2-piece-328mm-drilled-black-med.jpg,kg,8708949900,,,,,
brembo-2p-6007a-r-4-piston-monobloc-calipers-328x28mm-12-9-2-piece-discs-brake-disc,,,,,,,,,Cross Drilled,,Silver,,,BREMBO-2P1.6007A3,25000,shopify,continue,manual,3703.68,4025.74,TRUE,TRUE,2P1.6007A3,https://racetechnologies.com/sites/default/files/content/images/brakekits/brembo-p-caliper-4-piston-2-piece-328mm-drilled-silver-med.jpg,3,,,,,,,,2P1.6007A3,,,,,,,,,,https://racetechnologies.com/sites/default/files/content/images/brakekits/brembo-p-caliper-4-piston-2-piece-328mm-drilled-silver-med.jpg,kg,8708949900,,,,,
brembo-2p-6007a-r-4-piston-monobloc-calipers-328x28mm-12-9-2-piece-discs-brake-disc,,,,,,,,,Cross Drilled,,Yellow,,,BREMBO-2P1.6007A5,25000,shopify,continue,manual,3703.68,4025.74,TRUE,TRUE,2P1.6007A5,https://racetechnologies.com/sites/default/files/content/images/brakekits/brembo-p-caliper-4-piston-2-piece-328mm-drilled-yellow-med.jpg,4,,,,,,,,2P1.6007A5,,,,,,,,,,https://racetechnologies.com/sites/default/files/content/images/brakekits/brembo-p-caliper-4-piston-2-piece-328mm-drilled-yellow-med.jpg,kg,8708949900,,,,,
brembo-2p-6007a-r-4-piston-billet-monobloc-calipers-328x28mm-12-9-2-piece-discs-brake-disc,"Brembo 2P-.6007A 4-Piston Billet Monobloc Calipers  328x28mm (12.9"") 2-Piece Discs Brake Disc (Rear)","<h4><strong>Description</strong></h4>This is  4-Piston Billet Monobloc Calipers | 328x28mm (12.9"") 2-Piece Discs | Complete Axle Set | Pre-Assembled | All Necessary Hardware Included, Rear        <p>&nbsp;</p>        <h4>Features</h4>        <p><strong>Caliper</strong></p><table><tbody>  <tr><td>Caliper Body</td><td>:</td><td>Billet Monobloc Radial Mount</td></tr>  <tr><td>Caliper Piston Configuration</td><td>:</td><td>4-Piston</td></tr>  <tr><td>Caliper Piston Design And Insert Type</td><td>:</td><td>Inner Pressure Seal / Recessed Dust Boot / Ventilated Stainless Steel Insert</td></tr></tbody></table><p><strong>Disc</strong></p><table><tbody>  <tr><td>Disc Material/Finish</td><td>:</td><td>Advanced High Carbon Alloy / Corrosion Resistant Plating</td></tr>  <tr><td>Disc Diameter</td><td>:</td><td>328mm</td></tr>  <tr><td>Disc Width (Measurement)</td><td>:</td><td>28mm</td></tr>  <tr><td>Disc Air Gap (Measurement)</td><td>:</td><td>17mm</td></tr>  <tr><td>Disc Annulus (Measurement)</td><td>:</td><td>54mm</td></tr>  <tr><td>Disc Construction</td><td>:</td><td>2-Piece Disc Assembly</td></tr>  <tr><td>Disc Vane Design (Measurement)</td><td>:</td><td>Vented Curved 48 Vane</td></tr>  <tr><td>Disc To Hat Mounting System</td><td>:</td><td>Floating D-Bobbin with Anti Rattle Spring</td></tr></tbody></table><p><strong>Friction Material</strong></p><table><tbody>  <tr><td>Pad Compound</td><td>:</td><td>Brembo High Performance FM1000</td></tr>  <tr><td>Pad Volume / Surface Area</td><td>:</td><td>48.2 | 53.6</td></tr></tbody></table>        <p>&nbsp;</p>        <h4>What's Included</h4><ul>  <li>Brake Lines: Proprietary Brembo Stainless Steel Braided Brake Lines by Goodridge</li>  <li>Mounting Hardware: Brembo Engineered CNC Billet Caliper Adapters - All Necessary Hardware Included For Ease of Installation</li></ul>        <p>&nbsp;</p>        <p>&nbsp;</p><h4>Compatibility</h4><div class=""compatibility-accordion-wrapper""><div class=""compatibility-tab"">                        <input name=""tabs"" type=""checkbox"" id=""compatibility-tab-1"">                        <label for=""compatibility-tab-1""><b>AUDI</b><br></label>                                                    <div class=""compatibility-tab-content""><ul><li>TT 3.2L (8J)</li><li>TT RS (8J)</li><li>TTS (8J)</li></ul></div></div></div><p>Feel free to contact us at info@mlperformance.co.uk should you wish to double check!</p>        <p>&nbsp;</p>        <h4>Compatibility Check</h4><p>To ensure the part(s) you have ordered fits your vehicle, we run a compatibility check prior to dispatch. We can do this either using your registration number (UK) or the last 7 digits of your VIN. Simply enter your car details prior to checkout.</p>          <p>&nbsp;</p>        <h4>Part Number</h4><p>BREMBO-2P1.6007AR (Cross Drilled /  Nickel Plated)</p>        <p>&nbsp;</p>        <h4>More Information</h4><p><strong>Manufactured by</strong></p><p>Brembo</p>",Brembo,,Brake,"Uploaded by_Muazzim, Brand_Brembo, Product Type_Brake, Category_Brake Discs",TRUE,Disc Type,Cross Drilled,Finish,Nickel Plated,,,BREMBO-2P1.6007AR,25000,shopify,continue,manual,3703.68,4025.74,TRUE,TRUE,2P1.6007AR,https://racetechnologies.com/sites/default/files/content/images/brakekits/brembo-p-caliper-4-piston-2-piece-328mm-drilled-gt-r-med.jpg,1,"Brembo 2P-.6007A (R) 4-Piston Billet Monobloc Calipers  328x28mm (12.9"") 2-Piece Discs Brake Disc",,"Brembo 2P-.6007A (R) 4-Piston Billet Monobloc Calipers  328x28mm (12.9"") 2-Piece Discs Brake Disc","Get Brembo 2P-.6007A (R) 4-Piston Billet Monobloc Calipers  328x28mm (12.9"") 2-Piece Discs Brake Disc for your car to get your desired looks and performance from ML Performance at the lowest price with FREE UK shipping & next day delivery on in stock items. Very cheap prices & good service.",,,,2P1.6007AR,,,new,,,,,,,https://racetechnologies.com/sites/default/files/content/images/brakekits/brembo-p-caliper-4-piston-2-piece-328mm-drilled-gt-r-med.jpg,kg,8708949900,,,,,active
brembo-2p-6007a-r-4-piston-cast-monobloc-calipers-328x28mm-12-9-2-piece-discs-brake-disc,Brembo 2P-.6007A 4-Piston Cast Monobloc Calipers  328x28mm (12.9'') 2-Piece Discs Brake Disc (Rear),"<h4><strong>Description</strong></h4>This is  4-Piston Cast Monobloc Calipers | 328x28mm (12.9'') 2-Piece Discs | Complete Axle Set | Pre-Assembled | All Necessary Hardware Included, Rear        <p>&nbsp;</p>        <h4>Features</h4>        <p><strong>Caliper</strong></p><table><tbody>  <tr><td>Caliper Body</td><td>:</td><td>Cast Monobloc Radial Mount</td></tr>  <tr><td>Caliper Piston Configuration</td><td>:</td><td>4-Piston</td></tr>  <tr><td>Caliper Piston Design And Insert Type</td><td>:</td><td>Inner Pressure Seal / Recessed Dust Boot / Stainless Steel Insert</td></tr></tbody></table><p><strong>Disc</strong></p><table><tbody>  <tr><td>Disc Material/Finish</td><td>:</td><td>Advanced High Carbon Alloy / Corrosion Resistant Plating</td></tr>  <tr><td>Disc Diameter</td><td>:</td><td>328mm</td></tr>  <tr><td>Disc Width (Measurement)</td><td>:</td><td>28mm</td></tr>  <tr><td>Disc Air Gap (Measurement)</td><td>:</td><td>17mm</td></tr>  <tr><td>Disc Annulus (Measurement)</td><td>:</td><td>54mm</td></tr>  <tr><td>Disc Construction</td><td>:</td><td>2-Piece Disc Assembly</td></tr>  <tr><td>Disc Vane Design (Measurement)</td><td>:</td><td>Vented Curved 48 Vane</td></tr>  <tr><td>Disc To Hat Mounting System</td><td>:</td><td>Floating D-Bobbin with Anti Rattle Spring</td></tr></tbody></table><p><strong>Friction Material</strong></p><table><tbody>  <tr><td>Pad Compound</td><td>:</td><td>Brembo High Performance FM1000</td></tr>  <tr><td>Pad Volume / Surface Area</td><td>:</td><td>48.2 | 53.6</td></tr></tbody></table>        <p>&nbsp;</p>        <h4>What's Included</h4><ul>  <li>Brake Lines: Proprietary Brembo Stainless Steel Braided Brake Lines by Goodridge</li>  <li>Mounting Hardware: Brembo Engineered CNC Billet Caliper Adapters - All Necessary Hardware Included For Ease of Installation</li></ul>        <p>&nbsp;</p>        <p>&nbsp;</p><h4>Compatibility</h4><div class=""compatibility-accordion-wrapper""><div class=""compatibility-tab"">                        <input name=""tabs"" type=""checkbox"" id=""compatibility-tab-1"">                        <label for=""compatibility-tab-1""><b>AUDI</b><br></label>                                                    <div class=""compatibility-tab-content""><ul><li>TT 3.2L (8J)</li><li>TT RS (8J)</li><li>TTS (8J)</li></ul></div></div></div><p>Feel free to contact us at info@mlperformance.co.uk should you wish to double check!</p>        <p>&nbsp;</p>        <h4>Compatibility Check</h4><p>To ensure the part(s) you have ordered fits your vehicle, we run a compatibility check prior to dispatch. We can do this either using your registration number (UK) or the last 7 digits of your VIN. Simply enter your car details prior to checkout.</p>          <p>&nbsp;</p>        <h4>Part Number</h4><p>BREMBO-2P1.6007AS (Cross Drilled /  Black Hard Anodized)</p>        <p>&nbsp;</p>        <h4>More Information</h4><p><strong>Manufactured by</strong></p><p>Brembo</p>",Brembo,,Brake,"Uploaded by_Muazzim, Brand_Brembo, Product Type_Brake, Category_Brake Discs",TRUE,Disc Type,Cross Drilled,Finish,Black Hard Anodized,,,BREMBO-2P1.6007AS,25000,shopify,continue,manual,3703.68,4025.74,TRUE,TRUE,2P1.6007AS,https://racetechnologies.com/sites/default/files/content/images/brakekits/brembo-p-caliper-4-piston-2-piece-328mm-drilled-gt-s-med.jpg,1,Brembo 2P-.6007A (R) 4-Piston Cast Monobloc Calipers  328x28mm (12.9'') 2-Piece Discs Brake Disc,,Brembo 2P-.6007A (R) 4-Piston Cast Monobloc Calipers  328x28mm (12.9'') 2-Piece Discs Brake Disc,Get Brembo 2P-.6007A (R) 4-Piston Cast Monobloc Calipers  328x28mm (12.9'') 2-Piece Discs Brake Disc for your car to get your desired looks and performance from ML Performance at the lowest price with FREE UK shipping & next day delivery on in stock items. Very cheap prices & good service.,,,,2P1.6007AS,,,new,,,,,,,https://racetechnologies.com/sites/default/files/content/images/brakekits/brembo-p-caliper-4-piston-2-piece-328mm-drilled-gt-s-med.jpg,kg,8708949900,,,,,active
brembo-1n-9029a-f-380x34mm-15-2-piece-discs-complete-axle-set-brake-disc,Brembo 1N-.9029A 380x34mm (15'') 2-Piece Discs  Complete Axle Set Brake Disc (Front),"<h4><strong>Description</strong></h4>This is 380x34mm (15'') 2-Piece Discs | Complete Axle Set | Pre-Assembled | All Necessary Hardware Included, Front        <p>&nbsp;</p>        <h4>Features</h4>        <p><strong>Disc</strong></p><table><tbody>  <tr><td>Disc Material/Finish</td><td>:</td><td>Advanced High Carbon Alloy / Corrosion Resistant Plating</td></tr>  <tr><td>Disc Diameter</td><td>:</td><td>380mm</td></tr>  <tr><td>Disc Width (Measurement)</td><td>:</td><td>34mm</td></tr>  <tr><td>Disc Air Gap (Measurement)</td><td>:</td><td>14mm</td></tr>  <tr><td>Disc Annulus (Measurement)</td><td>:</td><td>62mm</td></tr>  <tr><td>Disc Construction</td><td>:</td><td>2-Piece Disc Assembly</td></tr>  <tr><td>Disc Vane Design (Measurement)</td><td>:</td><td>Vented Curved 48 Vane</td></tr>  <tr><td>Disc To Hat Mounting System</td><td>:</td><td>Floating H-Bobbin with Anti Rattle Spring</td></tr></tbody></table><p><strong>Friction Material</strong></p><table><tbody>  <tr><td>Pad Compound</td><td>:</td><td>Brembo High Performance FM1000</td></tr>  <tr><td>Pad Volume / Surface Area</td><td>:</td><td>48.2 | 53.6</td></tr></tbody></table>        <p>&nbsp;</p>        <h4>What's Included</h4><ul>  <li>Brake Lines: Proprietary Brembo Stainless Steel Braided Brake Lines by Goodridge</li>  <li>Mounting Hardware: Brembo Engineered CNC Billet Caliper Adapters - All Necessary Hardware Included For Ease of Installation</li></ul>        <p>&nbsp;</p>        <p>Feel free to contact us at info@mlperformance.co.uk should you wish to double check!</p>        <p>&nbsp;</p>        <h4>Compatibility Check</h4><p>To ensure the part(s) you have ordered fits your vehicle, we run a compatibility check prior to dispatch. We can do this either using your registration number (UK) or the last 7 digits of your VIN. Simply enter your car details prior to checkout.</p>          <p>&nbsp;</p>        <h4>Part Number</h4><p>BREMBO-101.9031A (Cross Drilled)</p><p>BREMBO-102.9031A (TY1)</p><p>BREMBO-103.9031A (TY3)</p>        <p>&nbsp;</p>        <h4>More Information</h4><p><strong>Manufactured by</strong></p><p>Brembo</p>",Brembo,,Brake,"Uploaded by_Muazzim, Brand_Brembo, Product Type_Brake, Category_Brake Discs",TRUE,Disc Type,Cross Drilled,,,,,BREMBO-101.9031A,25000,shopify,continue,manual,2486.03,2702.21,TRUE,TRUE,101.9031A,https://racetechnologies.com/sites/default/files/content/images/brakekits/brembo-2-piece-disc-380mm-drilled-med.jpg,1,Brembo 1N-.9029A (F) 380x34mm (15'') 2-Piece Discs  Complete Axle Set Brake Disc,,Brembo 1N-.9029A (F) 380x34mm (15'') 2-Piece Discs  Complete Axle Set Brake Disc,Get Brembo 1N-.9029A (F) 380x34mm (15'') 2-Piece Discs  Complete Axle Set Brake Disc for your car to get your desired looks and performance from ML Performance at the lowest price with FREE UK shipping & next day delivery on in stock items. Very cheap prices & good service.,,,,101.9031A,,,new,,,,,,,https://racetechnologies.com/sites/default/files/content/images/brakekits/brembo-2-piece-disc-380mm-drilled-med.jpg,kg,8708949900,,,,,active
brembo-1n-9029a-f-380x34mm-15-2-piece-discs-complete-axle-set-brake-disc,,,,,,,,,TY1,,,,,BREMBO-102.9031A,25000,shopify,continue,manual,2486.03,2702.21,TRUE,TRUE,102.9031A,https://racetechnologies.com/sites/default/files/content/images/brakekits/brembo-2-piece-disc-380mm-slotted-type-1-med.jpg,2,,,,,,,,102.9031A,,,,,,,,,,https://racetechnologies.com/sites/default/files/content/images/brakekits/brembo-2-piece-disc-380mm-slotted-type-1-med.jpg,kg,8708949900,,,,,
brembo-1n-9029a-f-380x34mm-15-2-piece-discs-complete-axle-set-brake-disc,,,,,,,,,TY3,,,,,BREMBO-103.9031A,25000,shopify,continue,manual,2486.03,2702.21,TRUE,TRUE,103.9031A,https://racetechnologies.com/sites/default/files/content/images/brakekits/brembo-2-piece-disc-380x34mm-slotted-type-3-med.jpg,3,,,,,,,,103.9031A,,,,,,,,,,https://racetechnologies.com/sites/default/files/content/images/brakekits/brembo-2-piece-disc-380x34mm-slotted-type-3-med.jpg,kg,8708949900,,,,,
brembo-1n-9088a-f-6-piston-cast-monobloc-calipers-380mm-15-2-piece-discs-brake-disc,Brembo 1N-.9088A 6-Piston Cast Monobloc Calipers  380mm (15'') 2-Piece Discs Brake Disc (Front),"<h4><strong>Description</strong></h4>This is 6-Piston Cast Monobloc Calipers | 380mm (15'') 2-Piece Discs | Complete Axle Set | Pre-Assembled | All Necessary Hardware Included, Front        <p>&nbsp;</p>        <h4>Features</h4>        <p><strong>Caliper</strong></p><table><tbody>  <tr><td>Caliper Body</td><td>:</td><td>Cast Monobloc Radial Mount</td></tr>  <tr><td>Caliper Piston Configuration</td><td>:</td><td>6-Piston</td></tr>  <tr><td>Caliper Piston Design And Insert Type</td><td>:</td><td>Inner Pressure Seal / OEM Approved Dust Boot</td></tr></tbody></table><p><strong>Disc</strong></p><table><tbody>  <tr><td>Disc Material/Finish</td><td>:</td><td>Advanced High Carbon Alloy / Corrosion Resistant Plating</td></tr>  <tr><td>Disc Diameter</td><td>:</td><td>328mm</td></tr>  <tr><td>Disc Width (Measurement)</td><td>:</td><td>28mm</td></tr>  <tr><td>Disc Air Gap (Measurement)</td><td>:</td><td>17mm</td></tr>  <tr><td>Disc Annulus (Measurement)</td><td>:</td><td>54mm</td></tr>  <tr><td>Disc Construction</td><td>:</td><td>2-Piece Disc Assembly</td></tr>  <tr><td>Disc Vane Design (Measurement)</td><td>:</td><td>Vented Curved 48 Vane</td></tr>  <tr><td>Disc To Hat Mounting System</td><td>:</td><td>Floating D-Bobbin with Anti Rattle Spring</td></tr></tbody></table><p><strong>Friction Material</strong></p><table><tbody>  <tr><td>Pad Compound</td><td>:</td><td>Brembo High Performance FM1000</td></tr>  <tr><td>Pad Volume / Surface Area</td><td>:</td><td>48.2 | 53.6</td></tr></tbody></table>        <p>&nbsp;</p>        <h4>What's Included</h4><ul>  <li>Brake Lines: Proprietary Brembo Stainless Steel Braided Brake Lines by Goodridge</li>  <li>Mounting Hardware: Brembo Engineered CNC Billet Caliper Adapters - All Necessary Hardware Included For Ease of Installation</li></ul>        <p>&nbsp;</p>        <p>&nbsp;</p><h4>Compatibility</h4><div class=""compatibility-accordion-wrapper""><div class=""compatibility-tab"">                        <input name=""tabs"" type=""checkbox"" id=""compatibility-tab-1"">                        <label for=""compatibility-tab-1""><b>BMW</b><br></label>                                                    <div class=""compatibility-tab-content""><ul><li>1-SERIES (F40)</li><li>2-SERIES 220D GRAN TOURER</li><li>2-SERIES GRAN COUPE (F44)</li><li>X1 (F48)</li><li>X2 (F39)</li></ul></div></div><div class=""compatibility-tab"">                        <input name=""tabs"" type=""checkbox"" id=""compatibility-tab-2"">                        <label for=""compatibility-tab-2""><b>MINI</b><br></label>                                                    <div class=""compatibility-tab-content""><ul><li>COUNTRYMAN (F60)</li><li>MINI CLUBMAN JCW (F54) (UKL2)</li></ul></div></div></div><p>Feel free to contact us at info@mlperformance.co.uk should you wish to double check!</p>        <p>&nbsp;</p>        <h4>Compatibility Check</h4><p>To ensure the part(s) you have ordered fits your vehicle, we run a compatibility check prior to dispatch. We can do this either using your registration number (UK) or the last 7 digits of your VIN. Simply enter your car details prior to checkout.</p>          <p>&nbsp;</p>        <h4>Part Number</h4><p>BREMBO-1N1.9088A2 (Cross Drilled /  Red)</p><p>BREMBO-1N1.9088A1 (Cross Drilled /  Black)</p><p>BREMBO-1N1.9088A3 (Cross Drilled /  Silver)</p><p>BREMBO-1N1.9088A5 (Cross Drilled /  Yellow)</p><p>BREMBO-1N2.9088A2 (TY1 /  Red)</p><p>BREMBO-1N2.9088A1 (TY1 /  Black)</p><p>BREMBO-1N2.9088A3 (TY1 /  Silver)</p><p>BREMBO-1N2.9088A5 (TY1 /  Yellow)</p><p>BREMBO-1N3.9088A2 (TY3 /  Red)</p><p>BREMBO-1N3.9088A1 (TY3 /  Black)</p><p>BREMBO-1N3.9088A3 (TY3 /  Silver)</p><p>BREMBO-1N3.9088A5 (TY3 /  Yellow)</p><p>BREMBO-1N1.9088AS (Cross Drilled /  Black Hard Anodized)</p><p>BREMBO-1N2.9088AS (TY1 /  Black Hard Anodized)</p><p>BREMBO-1N3.9088AS (TY3 /  Black Hard Anodized)</p>        <p>&nbsp;</p>        <h4>More Information</h4><p><strong>Manufactured by</strong></p><p>Brembo</p>",Brembo,,Brake,"Uploaded by_Muazzim, Brand_Brembo, Product Type_Brake, Category_Brake Discs",TRUE,Disc Type,Cross Drilled,Finish,Red,,,BREMBO-1N1.9088A2,25000,shopify,continue,manual,4515.43,4908.08,TRUE,TRUE,1N1.9088A2,https://racetechnologies.com/sites/default/files/content/images/brakekits/brembo-n-caliper-6-piston-2-piece-365-380mm-drilled-red-med.jpg,1,Brembo 1N-.9088A (F) 6-Piston Cast Monobloc Calipers  380mm (15'') 2-Piece Discs Brake Disc,,Brembo 1N-.9088A (F) 6-Piston Cast Monobloc Calipers  380mm (15'') 2-Piece Discs Brake Disc,Get Brembo 1N-.9088A (F) 6-Piston Cast Monobloc Calipers  380mm (15'') 2-Piece Discs Brake Disc for your car to get your desired looks and performance from ML Performance at the lowest price with FREE UK shipping & next day delivery on in stock items. Very cheap prices & good service.,,,,1N1.9088A2,,,new,,,,,,,https://racetechnologies.com/sites/default/files/content/images/brakekits/brembo-n-caliper-6-piston-2-piece-365-380mm-drilled-red-med.jpg,kg,8708949900,,,,,active
brembo-1n-9088a-f-6-piston-cast-monobloc-calipers-380mm-15-2-piece-discs-brake-disc,,,,,,,,,Cross Drilled,,Black,,,BREMBO-1N1.9088A1,25000,shopify,continue,manual,4515.43,4908.08,TRUE,TRUE,1N1.9088A1,https://racetechnologies.com/sites/default/files/content/images/brakekits/brembo-n-caliper-6-piston-2-piece-365-380mm-drilled-black-med.jpg,2,,,,,,,,1N1.9088A1,,,,,,,,,,https://racetechnologies.com/sites/default/files/content/images/brakekits/brembo-n-caliper-6-piston-2-piece-365-380mm-drilled-black-med.jpg,kg,8708949900,,,,,
brembo-1n-9088a-f-6-piston-cast-monobloc-calipers-380mm-15-2-piece-discs-brake-disc,,,,,,,,,Cross Drilled,,Silver,,,BREMBO-1N1.9088A3,25000,shopify,continue,manual,4515.43,4908.08,TRUE,TRUE,1N1.9088A3,https://racetechnologies.com/sites/default/files/content/images/brakekits/brembo-n-caliper-6-piston-2-piece-365-380mm-drilled-silver-med.jpg,3,,,,,,,,1N1.9088A3,,,,,,,,,,https://racetechnologies.com/sites/default/files/content/images/brakekits/brembo-n-caliper-6-piston-2-piece-365-380mm-drilled-silver-med.jpg,kg,8708949900,,,,,
brembo-1n-9088a-f-6-piston-cast-monobloc-calipers-380mm-15-2-piece-discs-brake-disc,,,,,,,,,Cross Drilled,,Yellow,,,BREMBO-1N1.9088A5,25000,shopify,continue,manual,4515.43,4908.08,TRUE,TRUE,1N1.9088A5,https://racetechnologies.com/sites/default/files/content/images/brakekits/brembo-n-caliper-6-piston-2-piece-365-380mm-drilled-yellow-med.jpg,4,,,,,,,,1N1.9088A5,,,,,,,,,,https://racetechnologies.com/sites/default/files/content/images/brakekits/brembo-n-caliper-6-piston-2-piece-365-380mm-drilled-yellow-med.jpg,kg,8708949900,,,,,
brembo-1n-9088a-f-6-piston-cast-monobloc-calipers-380mm-15-2-piece-discs-brake-disc,,,,,,,,,TY1,,Red,,,BREMBO-1N2.9088A2,25000,shopify,continue,manual,4515.43,4908.08,TRUE,TRUE,1N2.9088A2,https://racetechnologies.com/sites/default/files/content/images/brakekits/brembo-n-caliper-6-piston-2-piece-365-380mm-slotted-type-1-red-med.jpg,5,,,,,,,,1N2.9088A2,,,,,,,,,,https://racetechnologies.com/sites/default/files/content/images/brakekits/brembo-n-caliper-6-piston-2-piece-365-380mm-slotted-type-1-red-med.jpg,kg,8708949900,,,,,
brembo-1n-9088a-f-6-piston-cast-monobloc-calipers-380mm-15-2-piece-discs-brake-disc,,,,,,,,,TY1,,Black,,,BREMBO-1N2.9088A1,25000,shopify,continue,manual,4515.43,4908.08,TRUE,TRUE,1N2.9088A1,https://racetechnologies.com/sites/default/files/content/images/brakekits/brembo-n-caliper-6-piston-2-piece-365-380mm-slotted-type-1-black-med.jpg,6,,,,,,,,1N2.9088A1,,,,,,,,,,https://racetechnologies.com/sites/default/files/content/images/brakekits/brembo-n-caliper-6-piston-2-piece-365-380mm-slotted-type-1-black-med.jpg,kg,8708949900,,,,,
brembo-1n-9088a-f-6-piston-cast-monobloc-calipers-380mm-15-2-piece-discs-brake-disc,,,,,,,,,TY1,,Silver,,,BREMBO-1N2.9088A3,25000,shopify,continue,manual,4515.43,4908.08,TRUE,TRUE,1N2.9088A3,https://racetechnologies.com/sites/default/files/content/images/brakekits/brembo-n-caliper-6-piston-2-piece-365-380mm-slotted-type-1-silver-med.jpg,7,,,,,,,,1N2.9088A3,,,,,,,,,,https://racetechnologies.com/sites/default/files/content/images/brakekits/brembo-n-caliper-6-piston-2-piece-365-380mm-slotted-type-1-silver-med.jpg,kg,8708949900,,,,,
brembo-1n-9088a-f-6-piston-cast-monobloc-calipers-380mm-15-2-piece-discs-brake-disc,,,,,,,,,TY1,,Yellow,,,BREMBO-1N2.9088A5,25000,shopify,continue,manual,4515.43,4908.08,TRUE,TRUE,1N2.9088A5,https://racetechnologies.com/sites/default/files/content/images/brakekits/brembo-n-caliper-6-piston-2-piece-365-380mm-slotted-type-1-yellow-med.jpg,8,,,,,,,,1N2.9088A5,,,,,,,,,,https://racetechnologies.com/sites/default/files/content/images/brakekits/brembo-n-caliper-6-piston-2-piece-365-380mm-slotted-type-1-yellow-med.jpg,kg,8708949900,,,,,
brembo-1n-9088a-f-6-piston-cast-monobloc-calipers-380mm-15-2-piece-discs-brake-disc,,,,,,,,,TY3,,Red,,,BREMBO-1N3.9088A2,25000,shopify,continue,manual,4515.43,4908.08,TRUE,TRUE,1N3.9088A2,https://racetechnologies.com/sites/default/files/content/images/brakekits/brembo-n-caliper-6-piston-2-piece-350-380mm-slotted-type-3-red-med_0.jpg,9,,,,,,,,1N3.9088A2,,,,,,,,,,https://racetechnologies.com/sites/default/files/content/images/brakekits/brembo-n-caliper-6-piston-2-piece-350-380mm-slotted-type-3-red-med_0.jpg,kg,8708949900,,,,,
brembo-1n-9088a-f-6-piston-cast-monobloc-calipers-380mm-15-2-piece-discs-brake-disc,,,,,,,,,TY3,,Black,,,BREMBO-1N3.9088A1,25000,shopify,continue,manual,4515.43,4908.08,TRUE,TRUE,1N3.9088A1,https://racetechnologies.com/sites/default/files/content/images/brakekits/brembo-n-caliper-6-piston-2-piece-350-380mm-slotted-type-3-black-med_0.jpg,10,,,,,,,,1N3.9088A1,,,,,,,,,,https://racetechnologies.com/sites/default/files/content/images/brakekits/brembo-n-caliper-6-piston-2-piece-350-380mm-slotted-type-3-black-med_0.jpg,kg,8708949900,,,,,
brembo-1n-9088a-f-6-piston-cast-monobloc-calipers-380mm-15-2-piece-discs-brake-disc,,,,,,,,,TY3,,Silver,,,BREMBO-1N3.9088A3,25000,shopify,continue,manual,4515.43,4908.08,TRUE,TRUE,1N3.9088A3,https://racetechnologies.com/sites/default/files/content/images/brakekits/brembo-n-caliper-6-piston-2-piece-350-380mm-slotted-type-3-silver-med_0.jpg,11,,,,,,,,1N3.9088A3,,,,,,,,,,https://racetechnologies.com/sites/default/files/content/images/brakekits/brembo-n-caliper-6-piston-2-piece-350-380mm-slotted-type-3-silver-med_0.jpg,kg,8708949900,,,,,
brembo-1n-9088a-f-6-piston-cast-monobloc-calipers-380mm-15-2-piece-discs-brake-disc,,,,,,,,,TY3,,Yellow,,,BREMBO-1N3.9088A5,25000,shopify,continue,manual,4515.43,4908.08,TRUE,TRUE,1N3.9088A5,https://racetechnologies.com/sites/default/files/content/images/brakekits/brembo-n-caliper-6-piston-2-piece-350-380mm-slotted-type-3-yellow-med_0.jpg,12,,,,,,,,1N3.9088A5,,,,,,,,,,https://racetechnologies.com/sites/default/files/content/images/brakekits/brembo-n-caliper-6-piston-2-piece-350-380mm-slotted-type-3-yellow-med_0.jpg,kg,8708949900,,,,,
brembo-1n-9088a-f-6-piston-billet-monobloc-calipers-380mm-15-2-piece-discs-brake-disc,Brembo 1N-.9088A 6-Piston Billet Monobloc Calipers  380mm (15'') 2-Piece Discs Brake Disc (Front),"<h4><strong>Description</strong></h4>This is 6-Piston Billet Monobloc Calipers | 380mm (15'') 2-Piece Discs | Complete Axle Set | Pre-Assembled | All Necessary Hardware Included, Front        <p>&nbsp;</p>        <h4>Features</h4>        <p><strong>Caliper</strong></p><table><tbody>  <tr><td>Caliper Body</td><td>:</td><td>Billet Monobloc Radial Mount</td></tr>  <tr><td>Caliper Piston Configuration</td><td>:</td><td>6-Piston</td></tr>  <tr><td>Caliper Piston Design And Insert Type</td><td>:</td><td>Inner Pressure Seal / Recessed Dust Boot / Ventilated Stainless Steel Insert</td></tr></tbody></table><p><strong>Disc</strong></p><table><tbody>  <tr><td>Disc Material/Finish</td><td>:</td><td>Advanced High Carbon Alloy / Corrosion Resistant Plating</td></tr>  <tr><td>Disc Diameter</td><td>:</td><td>328mm</td></tr>  <tr><td>Disc Width (Measurement)</td><td>:</td><td>28mm</td></tr>  <tr><td>Disc Air Gap (Measurement)</td><td>:</td><td>17mm</td></tr>  <tr><td>Disc Annulus (Measurement)</td><td>:</td><td>54mm</td></tr>  <tr><td>Disc Construction</td><td>:</td><td>2-Piece Disc Assembly</td></tr>  <tr><td>Disc Vane Design (Measurement)</td><td>:</td><td>Vented Curved 48 Vane</td></tr>  <tr><td>Disc To Hat Mounting System</td><td>:</td><td>Floating D-Bobbin with Anti Rattle Spring</td></tr></tbody></table><p><strong>Friction Material</strong></p><table><tbody>  <tr><td>Pad Compound</td><td>:</td><td>Brembo High Performance FM1000</td></tr>  <tr><td>Pad Volume / Surface Area</td><td>:</td><td>48.2 | 53.6</td></tr></tbody></table>        <p>&nbsp;</p>        <h4>What's Included</h4><ul>  <li>Brake Lines: Proprietary Brembo Stainless Steel Braided Brake Lines by Goodridge</li>  <li>Mounting Hardware: Brembo Engineered CNC Billet Caliper Adapters - All Necessary Hardware Included For Ease of Installation</li></ul>        <p>&nbsp;</p>        <p>&nbsp;</p><h4>Compatibility</h4><div class=""compatibility-accordion-wrapper""><div class=""compatibility-tab"">                        <input name=""tabs"" type=""checkbox"" id=""compatibility-tab-1"">                        <label for=""compatibility-tab-1""><b>BMW</b><br></label>                                                    <div class=""compatibility-tab-content""><ul><li>1-SERIES (F40)</li><li>2-SERIES 220D GRAN TOURER</li><li>2-SERIES GRAN COUPE (F44)</li><li>X1 (F48)</li><li>X2 (F39)</li></ul></div></div><div class=""compatibility-tab"">                        <input name=""tabs"" type=""checkbox"" id=""compatibility-tab-2"">                        <label for=""compatibility-tab-2""><b>MINI</b><br></label>                                                    <div class=""compatibility-tab-content""><ul><li>COUNTRYMAN (F60)</li><li>MINI CLUBMAN JCW (F54) (UKL2)</li></ul></div></div></div><p>Feel free to contact us at info@mlperformance.co.uk should you wish to double check!</p>        <p>&nbsp;</p>        <h4>Compatibility Check</h4><p>To ensure the part(s) you have ordered fits your vehicle, we run a compatibility check prior to dispatch. We can do this either using your registration number (UK) or the last 7 digits of your VIN. Simply enter your car details prior to checkout.</p>          <p>&nbsp;</p>        <h4>Part Number</h4><p>BREMBO-1N1.9088AR (Cross Drilled /  Nickel Plated)</p><p>BREMBO-1N2.9088AR (TY1 /  Nickel Plated)</p><p>BREMBO-1N3.9088AR (TY3 /  Nickel Plated)</p>        <p>&nbsp;</p>        <h4>More Information</h4><p><strong>Manufactured by</strong></p><p>Brembo</p>",Brembo,,Brake,"Uploaded by_Muazzim, Brand_Brembo, Product Type_Brake, Category_Brake Discs",TRUE,Disc Type,Cross Drilled,Finish,Nickel Plated,,,BREMBO-1N1.9088AR,25000,shopify,continue,manual,8625,9375,TRUE,TRUE,1N1.9088AR,https://racetechnologies.com/sites/default/files/content/images/brakekits/brembo-n-caliper-6-piston-2-piece-365-380mm-drilled-gt-r-med_0.jpg,1,Brembo 1N-.9088A (F) 6-Piston Billet Monobloc Calipers  380mm (15'') 2-Piece Discs Brake Disc,,Brembo 1N-.9088A (F) 6-Piston Billet Monobloc Calipers  380mm (15'') 2-Piece Discs Brake Disc,Get Brembo 1N-.9088A (F) 6-Piston Billet Monobloc Calipers  380mm (15'') 2-Piece Discs Brake Disc for your car to get your desired looks and performance from ML Performance at the lowest price with FREE UK shipping & next day delivery on in stock items. Very cheap prices & good service.,,,,1N1.9088AR,,,new,,,,,,,https://racetechnologies.com/sites/default/files/content/images/brakekits/brembo-n-caliper-6-piston-2-piece-365-380mm-drilled-gt-r-med_0.jpg,kg,8708949900,,,,,active
brembo-1n-9088a-f-6-piston-billet-monobloc-calipers-380mm-15-2-piece-discs-brake-disc,,,,,,,,,TY1,,Nickel Plated,,,BREMBO-1N2.9088AR,25000,shopify,continue,manual,8625,9375,TRUE,TRUE,1N2.9088AR,https://racetechnologies.com/sites/default/files/content/images/brakekits/brembo-n-caliper-6-piston-2-piece-365-380mm-slotted-type-1-gt-r-med.jpg,2,,,,,,,,1N2.9088AR,,,,,,,,,,https://racetechnologies.com/sites/default/files/content/images/brakekits/brembo-n-caliper-6-piston-2-piece-365-380mm-slotted-type-1-gt-r-med.jpg,kg,8708949900,,,,,
brembo-1n-9088a-f-6-piston-billet-monobloc-calipers-380mm-15-2-piece-discs-brake-disc,,,,,,,,,TY3,,Nickel Plated,,,BREMBO-1N3.9088AR,25000,shopify,continue,manual,8625,9375,TRUE,TRUE,1N3.9088AR,https://racetechnologies.com/sites/default/files/content/images/brakekits/brembo-n-caliper-6-piston-2-piece-350-380mm-slotted-type-3-gt-r-med_0.jpg,3,,,,,,,,1N3.9088AR,,,,,,,,,,https://racetechnologies.com/sites/default/files/content/images/brakekits/brembo-n-caliper-6-piston-2-piece-350-380mm-slotted-type-3-gt-r-med_0.jpg,kg,8708949900,,,,,
brembo-1n-9088a-f-6-piston-cast-monobloc-calipers-380mm-15-2-piece-discs-brake-disc,Brembo 1N-.9088A 6-Piston Cast Monobloc Calipers  380mm (15'') 2-Piece Discs Brake Disc (Front),"<h4><strong>Description</strong></h4>This is 6-Piston Cast Monobloc Calipers | 380mm (15'') 2-Piece Discs | Complete Axle Set | Pre-Assembled | All Necessary Hardware Included, Front        <p>&nbsp;</p>        <h4>Features</h4>        <p><strong>Caliper</strong></p><table><tbody>  <tr><td>Caliper Body</td><td>:</td><td>Cast Monobloc Radial Mount</td></tr>  <tr><td>Caliper Piston Configuration</td><td>:</td><td>6-Piston</td></tr>  <tr><td>Caliper Piston Design And Insert Type</td><td>:</td><td>Inner Pressure Seal / Recessed Dust Boot / Stainless Steel Insert</td></tr></tbody></table><p><strong>Disc</strong></p><table><tbody>  <tr><td>Disc Material/Finish</td><td>:</td><td>Advanced High Carbon Alloy / Corrosion Resistant Plating</td></tr>  <tr><td>Disc Diameter</td><td>:</td><td>328mm</td></tr>  <tr><td>Disc Width (Measurement)</td><td>:</td><td>28mm</td></tr>  <tr><td>Disc Air Gap (Measurement)</td><td>:</td><td>17mm</td></tr>  <tr><td>Disc Annulus (Measurement)</td><td>:</td><td>54mm</td></tr>  <tr><td>Disc Construction</td><td>:</td><td>2-Piece Disc Assembly</td></tr>  <tr><td>Disc Vane Design (Measurement)</td><td>:</td><td>Vented Curved 48 Vane</td></tr>  <tr><td>Disc To Hat Mounting System</td><td>:</td><td>Floating D-Bobbin with Anti Rattle Spring</td></tr></tbody></table><p><strong>Friction Material</strong></p><table><tbody>  <tr><td>Pad Compound</td><td>:</td><td>Brembo High Performance FM1000</td></tr>  <tr><td>Pad Volume / Surface Area</td><td>:</td><td>48.2 | 53.6</td></tr></tbody></table>        <p>&nbsp;</p>        <h4>What's Included</h4><ul>  <li>Brake Lines: Proprietary Brembo Stainless Steel Braided Brake Lines by Goodridge</li>  <li>Mounting Hardware: Brembo Engineered CNC Billet Caliper Adapters - All Necessary Hardware Included For Ease of Installation</li></ul>        <p>&nbsp;</p>        <p>&nbsp;</p><h4>Compatibility</h4><div class=""compatibility-accordion-wrapper""><div class=""compatibility-tab"">                        <input name=""tabs"" type=""checkbox"" id=""compatibility-tab-1"">                        <label for=""compatibility-tab-1""><b>BMW</b><br></label>                                                    <div class=""compatibility-tab-content""><ul><li>1-SERIES (F40)</li><li>2-SERIES 220D GRAN TOURER</li><li>2-SERIES GRAN COUPE (F44)</li><li>X1 (F48)</li><li>X2 (F39)</li></ul></div></div><div class=""compatibility-tab"">                        <input name=""tabs"" type=""checkbox"" id=""compatibility-tab-2"">                        <label for=""compatibility-tab-2""><b>MINI</b><br></label>                                                    <div class=""compatibility-tab-content""><ul><li>COUNTRYMAN (F60)</li><li>MINI CLUBMAN JCW (F54) (UKL2)</li></ul></div></div></div><p>Feel free to contact us at info@mlperformance.co.uk should you wish to double check!</p>        <p>&nbsp;</p>        <h4>Compatibility Check</h4><p>To ensure the part(s) you have ordered fits your vehicle, we run a compatibility check prior to dispatch. We can do this either using your registration number (UK) or the last 7 digits of your VIN. Simply enter your car details prior to checkout.</p>          <p>&nbsp;</p>        <h4>Part Number</h4><p>BREMBO-1N1.9088A2 (Cross Drilled /  Red)</p><p>BREMBO-1N1.9088A1 (Cross Drilled /  Black)</p><p>BREMBO-1N1.9088A3 (Cross Drilled /  Silver)</p><p>BREMBO-1N1.9088A5 (Cross Drilled /  Yellow)</p><p>BREMBO-1N2.9088A2 (TY1 /  Red)</p><p>BREMBO-1N2.9088A1 (TY1 /  Black)</p><p>BREMBO-1N2.9088A3 (TY1 /  Silver)</p><p>BREMBO-1N2.9088A5 (TY1 /  Yellow)</p><p>BREMBO-1N3.9088A2 (TY3 /  Red)</p><p>BREMBO-1N3.9088A1 (TY3 /  Black)</p><p>BREMBO-1N3.9088A3 (TY3 /  Silver)</p><p>BREMBO-1N3.9088A5 (TY3 /  Yellow)</p><p>BREMBO-1N1.9088AS (Cross Drilled /  Black Hard Anodized)</p><p>BREMBO-1N2.9088AS (TY1 /  Black Hard Anodized)</p><p>BREMBO-1N3.9088AS (TY3 /  Black Hard Anodized)</p>        <p>&nbsp;</p>        <h4>More Information</h4><p><strong>Manufactured by</strong></p><p>Brembo</p>",Brembo,,Brake,"Uploaded by_Muazzim, Brand_Brembo, Product Type_Brake, Category_Brake Discs",TRUE,Disc Type,Cross Drilled,Finish,Black Hard Anodized,,,BREMBO-1N1.9088AS,25000,shopify,continue,manual,4616.92,5018.39,TRUE,TRUE,1N1.9088AS,https://racetechnologies.com/sites/default/files/content/images/brakekits/brembo-n-caliper-6-piston-2-piece-365-380mm-drilled-gt-s-med.jpg,1,Brembo 1N-.9088A (F) 6-Piston Cast Monobloc Calipers  380mm (15'') 2-Piece Discs Brake Disc,,Brembo 1N-.9088A (F) 6-Piston Cast Monobloc Calipers  380mm (15'') 2-Piece Discs Brake Disc,Get Brembo 1N-.9088A (F) 6-Piston Cast Monobloc Calipers  380mm (15'') 2-Piece Discs Brake Disc for your car to get your desired looks and performance from ML Performance at the lowest price with FREE UK shipping & next day delivery on in stock items. Very cheap prices & good service.,,,,1N1.9088AS,,,new,,,,,,,https://racetechnologies.com/sites/default/files/content/images/brakekits/brembo-n-caliper-6-piston-2-piece-365-380mm-drilled-gt-s-med.jpg,kg,8708949900,,,,,active
brembo-1n-9088a-f-6-piston-cast-monobloc-calipers-380mm-15-2-piece-discs-brake-disc,,,,,,,,,TY1,,Black Hard Anodized,,,BREMBO-1N2.9088AS,25000,shopify,continue,manual,4616.92,5018.39,TRUE,TRUE,1N2.9088AS,https://racetechnologies.com/sites/default/files/content/images/brakekits/brembo-n-caliper-6-piston-2-piece-365-380mm-slotted-type-1-gt-s-med.jpg,2,,,,,,,,1N2.9088AS,,,,,,,,,,https://racetechnologies.com/sites/default/files/content/images/brakekits/brembo-n-caliper-6-piston-2-piece-365-380mm-slotted-type-1-gt-s-med.jpg,kg,8708949900,,,,,
brembo-1n-9088a-f-6-piston-cast-monobloc-calipers-380mm-15-2-piece-discs-brake-disc,,,,,,,,,TY3,,Black Hard Anodized,,,BREMBO-1N3.9088AS,25000,shopify,continue,manual,4616.92,5018.39,TRUE,TRUE,1N3.9088AS,https://racetechnologies.com/sites/default/files/content/images/brakekits/brembo-n-caliper-6-piston-2-piece-350-380mm-slotted-type-3-gt-s-med.jpg,3,,,,,,,,1N3.9088AS,,,,,,,,,,https://racetechnologies.com/sites/default/files/content/images/brakekits/brembo-n-caliper-6-piston-2-piece-350-380mm-slotted-type-3-gt-s-med.jpg,kg,8708949900,,,,,
brembo-1m-8049a-f-6-piston-monobloc-calipers-355x32mm-14-2-piece-discs-brake-disc,"Brembo 1M-.8049A 6-Piston Monobloc Calipers  355x32mm (14"") 2-Piece Discs Brake Disc (Front)","<h4><strong>Description</strong></h4>This is 6-Piston Monobloc Calipers | 355x32mm (14"") 2-Piece Discs | Complete Axle Set | Pre-Assembled | All Necessary Hardware Included, Front        <p>&nbsp;</p>        <h4>Features</h4>        <p><strong>Caliper</strong></p><table><tbody>  <tr><td>Caliper Body</td><td>:</td><td>Cast Monobloc Radial Mount</td></tr>  <tr><td>Caliper Piston Configuration</td><td>:</td><td>6-Piston</td></tr>  <tr><td>Caliper Piston Design And Insert Type</td><td>:</td><td>Inner Pressure Seal / OEM Approved Dust Boot</td></tr></tbody></table><p><strong>Disc</strong></p><table><tbody>  <tr><td>Disc Material/Finish</td><td>:</td><td>Advanced High Carbon Alloy / Corrosion Resistant Plating</td></tr>  <tr><td>Disc Diameter</td><td>:</td><td>328mm</td></tr>  <tr><td>Disc Width (Measurement)</td><td>:</td><td>28mm</td></tr>  <tr><td>Disc Air Gap (Measurement)</td><td>:</td><td>17mm</td></tr>  <tr><td>Disc Annulus (Measurement)</td><td>:</td><td>54mm</td></tr>  <tr><td>Disc Construction</td><td>:</td><td>2-Piece Disc Assembly</td></tr>  <tr><td>Disc Vane Design (Measurement)</td><td>:</td><td>Vented Curved 48 Vane</td></tr>  <tr><td>Disc To Hat Mounting System</td><td>:</td><td>Floating D-Bobbin with Anti Rattle Spring</td></tr></tbody></table><p><strong>Friction Material</strong></p><table><tbody>  <tr><td>Pad Compound</td><td>:</td><td>Brembo High Performance FM1000</td></tr>  <tr><td>Pad Volume / Surface Area</td><td>:</td><td>48.2 | 53.6</td></tr></tbody></table>        <p>&nbsp;</p>        <h4>What's Included</h4><ul>  <li>Brake Lines: Proprietary Brembo Stainless Steel Braided Brake Lines by Goodridge</li>  <li>Mounting Hardware: Brembo Engineered CNC Billet Caliper Adapters - All Necessary Hardware Included For Ease of Installation</li></ul>        <p>&nbsp;</p>        <p>&nbsp;</p><h4>Compatibility</h4><div class=""compatibility-accordion-wrapper""><div class=""compatibility-tab"">                        <input name=""tabs"" type=""checkbox"" id=""compatibility-tab-1"">                        <label for=""compatibility-tab-1""><b>BMW</b><br></label>                                                    <div class=""compatibility-tab-content""><ul><li>228I (EXCLUDING M-SPORT BRAKES) (F22)</li><li>228I M-SPORT BRAKES (EXCLUDING XDRIVE) (F22)</li><li>230I (EXCLUDING M-SPORT BRAKES) (F22)</li><li>230I M-SPORT BRAKES (EXCLUDING XDRIVE) (F22)</li><li>320I (EXCLUDING XDRIVE / M-SPORT BRAKES) (F30)</li><li>320I XDRIVE (EXCLUDING M-SPORT BRAKES) (F30)</li><li>328D / 328D XDRIVE (EXCLUDING M-SPORT BRAKES) (F30)</li><li>328D / 328D XDRIVE M-SPORT BRAKES (F30)</li><li>328D XDRIVE TOURING (EXCLUDING M-SPORT BRAKES) (F31)</li><li>328D XDRIVE TOURING M-SPORT BRAKES (F31)</li><li>328I (EXCLUDING XDRIVE / M-SPORT BRAKES) (F30)</li><li>328I M-SPORT BRAKES (EXCLUDING XDRIVE) (F30)</li><li>328I XDRIVE (EXCLUDING M-SPORT BRAKES) (F30)</li><li>328I XDRIVE GRANTURISMO / TOURING (EXCLUDING M-SPORT BRAKES) (F31 / F34)</li><li>328I XDRIVE GRANTURISMO / TOURING M-SPORT BRAKES (F31 / F34)</li><li>328I XDRIVE M-SPORT BRAKES (F30)</li><li>330I (EXCLUDING XDRIVE / M-SPORT BRAKES) (F30)</li><li>330I M-SPORT BRAKES (EXCLUDING XDRIVE) (F30)</li><li>330I XDRIVE (EXCLUDING M-SPORT BRAKES) (F30)</li><li>330I XDRIVE GRANTURISMO / TOURING (EXCLUDING M-SPORT BRAKES) (F31 / F34)</li><li>330I XDRIVE GRANTURISMO / TOURING M-SPORT BRAKES (F31 / F34)</li><li>330I XDRIVE M-SPORT BRAKES (F30)</li><li>335I / 335I XDRIVE (EXCLUDING M-SPORT BRAKES) (F30)</li><li>335I / 335I XDRIVE GRANTURISMO (EXCLUDING M-SPORT BRAKES) (F34)</li><li>340I / 340I XDRIVE (EXCLUDING M-SPORT BRAKES) (F30)</li><li>340I / 340I XDRIVE GRANTURISMO (EXCLUDING M-SPORT BRAKES) (F34)</li><li>428I (EXCLUDING XDRIVE / M-SPORT BRAKES) (F32 / F33)</li><li>428I / 428I XDRIVE GRAN COUPE (EXCLUDING M-SPORT BRAKES) (F36)</li><li>428I / 428I XDRIVE GRAN COUPE M-SPORT BRAKES (F36)</li><li>428I M-SPORT BRAKES (EXCLUDING XDRIVE) (F32 / F33)</li><li>428I XDRIVE (EXCLUDING M-SPORT BRAKES) (F32 / F33)</li><li>428I XDRIVE M-SPORT BRAKES (F32 / F33)</li><li>430I (EXCLUDING XDRIVE / M-SPORT BRAKES) (F32 / F33)</li><li>430I / 430I XDRIVE GRAN COUPE (EXCLUDING M-SPORT BRAKES) (F36)</li><li>430I / 430I XDRIVE GRAN COUPE M-SPORT BRAKES (F36)</li><li>430I M-SPORT BRAKES (EXCLUDING XDRIVE) (F32 / F33)</li><li>430I XDRIVE (EXCLUDING M-SPORT BRAKES) (F32 / F33)</li><li>430I XDRIVE M-SPORT BRAKES (F32 / F33)</li><li>435I / 435I XDRIVE (EXCLUDING M-SPORT BRAKES) (F32 / F33)</li><li>435I / 435I XDRIVE GRAN COUPE (EXCLUDING M-SPORT BRAKES) (F36)</li><li>440I / 440I XDRIVE (EXCLUDING M-SPORT BRAKES) (F32 / F33)</li><li>440I / 440I XDRIVE GRAN COUPE (EXCLUDING M-SPORT BRAKES) (F36)</li><li>M135I (F20 / F21)</li><li>M140I (F20 / F21)</li><li>M235I (F22)</li><li>M240I (F22)</li></ul></div></div></div><p>Feel free to contact us at info@mlperformance.co.uk should you wish to double check!</p>        <p>&nbsp;</p>        <h4>Compatibility Check</h4><p>To ensure the part(s) you have ordered fits your vehicle, we run a compatibility check prior to dispatch. We can do this either using your registration number (UK) or the last 7 digits of your VIN. Simply enter your car details prior to checkout.</p>          <p>&nbsp;</p>        <h4>Part Number</h4><p>BREMBO-1M1.8049A2 (Cross Drilled /  Red)</p><p>BREMBO-1M1.8049A1 (Cross Drilled /  Black)</p><p>BREMBO-1M1.8049A3 (Cross Drilled /  Silver)</p><p>BREMBO-1M1.8049A5 (Cross Drilled /  Yellow)</p><p>BREMBO-1M2.8049A2 (TY1 /  Red)</p><p>BREMBO-1M2.8049A1 (TY1 /  Black)</p><p>BREMBO-1M2.8049A3 (TY1 /  Silver)</p><p>BREMBO-1M2.8049A5 (TY1 /  Yellow)</p><p>BREMBO-1M3.8049A2 (TY3 /  Red)</p><p>BREMBO-1M3.8049A1 (TY3 /  Black)</p><p>BREMBO-1M3.8049A3 (TY3 /  Silver)</p><p>BREMBO-1M3.8049A5 (TY3 /  Yellow)</p>        <p>&nbsp;</p>        <h4>More Information</h4><p><strong>Manufactured by</strong></p><p>Brembo</p>",Brembo,,Brake,"Uploaded by_Muazzim, Brand_Brembo, Product Type_Brake, Category_Brake Discs",TRUE,Disc Type,Cross Drilled,Finish,Red,,,BREMBO-1M1.8049A2,25000,shopify,continue,manual,4160.29,4522.06,TRUE,TRUE,1M1.8049A2,https://racetechnologies.com/sites/default/files/content/images/brakekits/brembo-m-caliper-6-piston-2-piece-355-380mm-drilled-red-med.jpg,1,"Brembo 1M-.8049A (F) 6-Piston Monobloc Calipers  355x32mm (14"") 2-Piece Discs Brake Disc",,"Brembo 1M-.8049A (F) 6-Piston Monobloc Calipers  355x32mm (14"") 2-Piece Discs Brake Disc","Get Brembo 1M-.8049A (F) 6-Piston Monobloc Calipers  355x32mm (14"") 2-Piece Discs Brake Disc for your car to get your desired looks and performance from ML Performance at the lowest price with FREE UK shipping & next day delivery on in stock items. Very cheap prices & good service.",,,,1M1.8049A2,,,new,,,,,,,https://racetechnologies.com/sites/default/files/content/images/brakekits/brembo-m-caliper-6-piston-2-piece-355-380mm-drilled-red-med.jpg,kg,8708949900,,,,,active
brembo-1m-8049a-f-6-piston-monobloc-calipers-355x32mm-14-2-piece-discs-brake-disc,,,,,,,,,Cross Drilled,,Black,,,BREMBO-1M1.8049A1,25000,shopify,continue,manual,4160.29,4522.06,TRUE,TRUE,1M1.8049A1,https://racetechnologies.com/sites/default/files/content/images/brakekits/brembo-m-caliper-6-piston-2-piece-355-380mm-drilled-black-med.jpg,2,,,,,,,,1M1.8049A1,,,,,,,,,,https://racetechnologies.com/sites/default/files/content/images/brakekits/brembo-m-caliper-6-piston-2-piece-355-380mm-drilled-black-med.jpg,kg,8708949900,,,,,
brembo-1m-8049a-f-6-piston-monobloc-calipers-355x32mm-14-2-piece-discs-brake-disc,,,,,,,,,Cross Drilled,,Silver,,,BREMBO-1M1.8049A3,25000,shopify,continue,manual,4160.29,4522.06,TRUE,TRUE,1M1.8049A3,https://racetechnologies.com/sites/default/files/content/images/brakekits/brembo-m-caliper-6-piston-2-piece-355-380mm-drilled-silver-med.jpg,3,,,,,,,,1M1.8049A3,,,,,,,,,,https://racetechnologies.com/sites/default/files/content/images/brakekits/brembo-m-caliper-6-piston-2-piece-355-380mm-drilled-silver-med.jpg,kg,8708949900,,,,,
brembo-1m-8049a-f-6-piston-monobloc-calipers-355x32mm-14-2-piece-discs-brake-disc,,,,,,,,,Cross Drilled,,Yellow,,,BREMBO-1M1.8049A5,25000,shopify,continue,manual,4160.29,4522.06,TRUE,TRUE,1M1.8049A5,https://racetechnologies.com/sites/default/files/content/images/brakekits/brembo-m-caliper-6-piston-2-piece-355-380mm-drilled-yellow-med.jpg,4,,,,,,,,1M1.8049A5,,,,,,,,,,https://racetechnologies.com/sites/default/files/content/images/brakekits/brembo-m-caliper-6-piston-2-piece-355-380mm-drilled-yellow-med.jpg,kg,8708949900,,,,,
brembo-1m-8049a-f-6-piston-monobloc-calipers-355x32mm-14-2-piece-discs-brake-disc,,,,,,,,,TY1,,Red,,,BREMBO-1M2.8049A2,25000,shopify,continue,manual,4160.29,4522.06,TRUE,TRUE,1M2.8049A2,https://racetechnologies.com/sites/default/files/content/images/brakekits/brembo-m-caliper-6-piston-2-piece-355-380mm-slotted-type-1-red-med.jpg,5,,,,,,,,1M2.8049A2,,,,,,,,,,https://racetechnologies.com/sites/default/files/content/images/brakekits/brembo-m-caliper-6-piston-2-piece-355-380mm-slotted-type-1-red-med.jpg,kg,8708949900,,,,,
brembo-1m-8049a-f-6-piston-monobloc-calipers-355x32mm-14-2-piece-discs-brake-disc,,,,,,,,,TY1,,Black,,,BREMBO-1M2.8049A1,25000,shopify,continue,manual,4160.29,4522.06,TRUE,TRUE,1M2.8049A1,https://racetechnologies.com/sites/default/files/content/images/brakekits/brembo-m-caliper-6-piston-2-piece-355-380mm-slotted-type-1-black-med.jpg,6,,,,,,,,1M2.8049A1,,,,,,,,,,https://racetechnologies.com/sites/default/files/content/images/brakekits/brembo-m-caliper-6-piston-2-piece-355-380mm-slotted-type-1-black-med.jpg,kg,8708949900,,,,,
brembo-1m-8049a-f-6-piston-monobloc-calipers-355x32mm-14-2-piece-discs-brake-disc,,,,,,,,,TY1,,Silver,,,BREMBO-1M2.8049A3,25000,shopify,continue,manual,4160.29,4522.06,TRUE,TRUE,1M2.8049A3,https://racetechnologies.com/sites/default/files/content/images/brakekits/brembo-m-caliper-6-piston-2-piece-355-380mm-slotted-type-1-silver-med.jpg,7,,,,,,,,1M2.8049A3,,,,,,,,,,https://racetechnologies.com/sites/default/files/content/images/brakekits/brembo-m-caliper-6-piston-2-piece-355-380mm-slotted-type-1-silver-med.jpg,kg,8708949900,,,,,
brembo-1m-8049a-f-6-piston-monobloc-calipers-355x32mm-14-2-piece-discs-brake-disc,,,,,,,,,TY1,,Yellow,,,BREMBO-1M2.8049A5,25000,shopify,continue,manual,4160.29,4522.06,TRUE,TRUE,1M2.8049A5,https://racetechnologies.com/sites/default/files/content/images/brakekits/brembo-m-caliper-6-piston-2-piece-355-380mm-slotted-type-1-yellow-med.jpg,8,,,,,,,,1M2.8049A5,,,,,,,,,,https://racetechnologies.com/sites/default/files/content/images/brakekits/brembo-m-caliper-6-piston-2-piece-355-380mm-slotted-type-1-yellow-med.jpg,kg,8708949900,,,,,
brembo-1m-8049a-f-6-piston-monobloc-calipers-355x32mm-14-2-piece-discs-brake-disc,,,,,,,,,TY3,,Red,,,BREMBO-1M3.8049A2,25000,shopify,continue,manual,4160.29,4522.06,TRUE,TRUE,1M3.8049A2,https://racetechnologies.com/sites/default/files/content/images/brakekits/brembo-m-caliper-6-piston-2-piece-355-380mm-slotted-type-3-red-med.jpg,9,,,,,,,,1M3.8049A2,,,,,,,,,,https://racetechnologies.com/sites/default/files/content/images/brakekits/brembo-m-caliper-6-piston-2-piece-355-380mm-slotted-type-3-red-med.jpg,kg,8708949900,,,,,
brembo-1m-8049a-f-6-piston-monobloc-calipers-355x32mm-14-2-piece-discs-brake-disc,,,,,,,,,TY3,,Black,,,BREMBO-1M3.8049A1,25000,shopify,continue,manual,4160.29,4522.06,TRUE,TRUE,1M3.8049A1,https://racetechnologies.com/sites/default/files/content/images/brakekits/brembo-m-caliper-6-piston-2-piece-355-380mm-slotted-type-3-black-med.jpg,10,,,,,,,,1M3.8049A1,,,,,,,,,,https://racetechnologies.com/sites/default/files/content/images/brakekits/brembo-m-caliper-6-piston-2-piece-355-380mm-slotted-type-3-black-med.jpg,kg,8708949900,,,,,
brembo-1m-8049a-f-6-piston-monobloc-calipers-355x32mm-14-2-piece-discs-brake-disc,,,,,,,,,TY3,,Silver,,,BREMBO-1M3.8049A3,25000,shopify,continue,manual,4160.29,4522.06,TRUE,TRUE,1M3.8049A3,https://racetechnologies.com/sites/default/files/content/images/brakekits/brembo-m-caliper-6-piston-2-piece-355-380mm-slotted-type-3-silver-med.jpg,11,,,,,,,,1M3.8049A3,,,,,,,,,,https://racetechnologies.com/sites/default/files/content/images/brakekits/brembo-m-caliper-6-piston-2-piece-355-380mm-slotted-type-3-silver-med.jpg,kg,8708949900,,,,,
brembo-1m-8049a-f-6-piston-monobloc-calipers-355x32mm-14-2-piece-discs-brake-disc,,,,,,,,,TY3,,Yellow,,,BREMBO-1M3.8049A5,25000,shopify,continue,manual,4160.29,4522.06,TRUE,TRUE,1M3.8049A5,https://racetechnologies.com/sites/default/files/content/images/brakekits/brembo-m-caliper-6-piston-2-piece-355-380mm-slotted-type-3-yellow-med.jpg,12,,,,,,,,1M3.8049A5,,,,,,,,,,https://racetechnologies.com/sites/default/files/content/images/brakekits/brembo-m-caliper-6-piston-2-piece-355-380mm-slotted-type-3-yellow-med.jpg,kg,8708949900,,,,,
brembo-1m-8049a-f-6-piston-billet-monobloc-calipers-355x32mm-14-2-piece-discs-brake-disc,"Brembo 1M-.8049A 6-Piston Billet Monobloc Calipers  355x32mm (14"") 2-Piece Discs Brake Disc (Front)","<h4><strong>Description</strong></h4>This is 6-Piston Billet Monobloc Calipers | 355x32mm (14"") 2-Piece Discs | Complete Axle Set | Pre-Assembled | All Necessary Hardware Included, Front        <p>&nbsp;</p>        <h4>Features</h4>        <p><strong>Caliper</strong></p><table><tbody>  <tr><td>Caliper Body</td><td>:</td><td>Billet Monobloc Radial Mount</td></tr>  <tr><td>Caliper Piston Configuration</td><td>:</td><td>6-Piston</td></tr>  <tr><td>Caliper Piston Design And Insert Type</td><td>:</td><td>Inner Pressure Seal / Recessed Dust Boot / Ventilated Stainless Steel Insert</td></tr></tbody></table><p><strong>Disc</strong></p><table><tbody>  <tr><td>Disc Material/Finish</td><td>:</td><td>Advanced High Carbon Alloy / Corrosion Resistant Plating</td></tr>  <tr><td>Disc Diameter</td><td>:</td><td>328mm</td></tr>  <tr><td>Disc Width (Measurement)</td><td>:</td><td>28mm</td></tr>  <tr><td>Disc Air Gap (Measurement)</td><td>:</td><td>17mm</td></tr>  <tr><td>Disc Annulus (Measurement)</td><td>:</td><td>54mm</td></tr>  <tr><td>Disc Construction</td><td>:</td><td>2-Piece Disc Assembly</td></tr>  <tr><td>Disc Vane Design (Measurement)</td><td>:</td><td>Vented Curved 48 Vane</td></tr>  <tr><td>Disc To Hat Mounting System</td><td>:</td><td>Floating D-Bobbin with Anti Rattle Spring</td></tr></tbody></table><p><strong>Friction Material</strong></p><table><tbody>  <tr><td>Pad Compound</td><td>:</td><td>Brembo High Performance FM1000</td></tr>  <tr><td>Pad Volume / Surface Area</td><td>:</td><td>48.2 | 53.6</td></tr></tbody></table>        <p>&nbsp;</p>        <h4>What's Included</h4><ul>  <li>Brake Lines: Proprietary Brembo Stainless Steel Braided Brake Lines by Goodridge</li>  <li>Mounting Hardware: Brembo Engineered CNC Billet Caliper Adapters - All Necessary Hardware Included For Ease of Installation</li></ul>        <p>&nbsp;</p>        <p>&nbsp;</p><h4>Compatibility</h4><div class=""compatibility-accordion-wrapper""><div class=""compatibility-tab"">                        <input name=""tabs"" type=""checkbox"" id=""compatibility-tab-1"">                        <label for=""compatibility-tab-1""><b>BMW</b><br></label>                                                    <div class=""compatibility-tab-content""><ul><li>228I (EXCLUDING M-SPORT BRAKES) (F22)</li><li>228I M-SPORT BRAKES (EXCLUDING XDRIVE) (F22)</li><li>230I (EXCLUDING M-SPORT BRAKES) (F22)</li><li>230I M-SPORT BRAKES (EXCLUDING XDRIVE) (F22)</li><li>320I (EXCLUDING XDRIVE / M-SPORT BRAKES) (F30)</li><li>320I XDRIVE (EXCLUDING M-SPORT BRAKES) (F30)</li><li>328D / 328D XDRIVE (EXCLUDING M-SPORT BRAKES) (F30)</li><li>328D / 328D XDRIVE M-SPORT BRAKES (F30)</li><li>328D XDRIVE TOURING (EXCLUDING M-SPORT BRAKES) (F31)</li><li>328D XDRIVE TOURING M-SPORT BRAKES (F31)</li><li>328I (EXCLUDING XDRIVE / M-SPORT BRAKES) (F30)</li><li>328I M-SPORT BRAKES (EXCLUDING XDRIVE) (F30)</li><li>328I XDRIVE (EXCLUDING M-SPORT BRAKES) (F30)</li><li>328I XDRIVE GRANTURISMO / TOURING (EXCLUDING M-SPORT BRAKES) (F31 / F34)</li><li>328I XDRIVE GRANTURISMO / TOURING M-SPORT BRAKES (F31 / F34)</li><li>328I XDRIVE M-SPORT BRAKES (F30)</li><li>330I (EXCLUDING XDRIVE / M-SPORT BRAKES) (F30)</li><li>330I M-SPORT BRAKES (EXCLUDING XDRIVE) (F30)</li><li>330I XDRIVE (EXCLUDING M-SPORT BRAKES) (F30)</li><li>330I XDRIVE GRANTURISMO / TOURING (EXCLUDING M-SPORT BRAKES) (F31 / F34)</li><li>330I XDRIVE GRANTURISMO / TOURING M-SPORT BRAKES (F31 / F34)</li><li>330I XDRIVE M-SPORT BRAKES (F30)</li><li>335I / 335I XDRIVE (EXCLUDING M-SPORT BRAKES) (F30)</li><li>335I / 335I XDRIVE GRANTURISMO (EXCLUDING M-SPORT BRAKES) (F34)</li><li>340I / 340I XDRIVE (EXCLUDING M-SPORT BRAKES) (F30)</li><li>340I / 340I XDRIVE GRANTURISMO (EXCLUDING M-SPORT BRAKES) (F34)</li><li>428I (EXCLUDING XDRIVE / M-SPORT BRAKES) (F32 / F33)</li><li>428I / 428I XDRIVE GRAN COUPE (EXCLUDING M-SPORT BRAKES) (F36)</li><li>428I / 428I XDRIVE GRAN COUPE M-SPORT BRAKES (F36)</li><li>428I M-SPORT BRAKES (EXCLUDING XDRIVE) (F32 / F33)</li><li>428I XDRIVE (EXCLUDING M-SPORT BRAKES) (F32 / F33)</li><li>428I XDRIVE M-SPORT BRAKES (F32 / F33)</li><li>430I (EXCLUDING XDRIVE / M-SPORT BRAKES) (F32 / F33)</li><li>430I / 430I XDRIVE GRAN COUPE (EXCLUDING M-SPORT BRAKES) (F36)</li><li>430I / 430I XDRIVE GRAN COUPE M-SPORT BRAKES (F36)</li><li>430I M-SPORT BRAKES (EXCLUDING XDRIVE) (F32 / F33)</li><li>430I XDRIVE (EXCLUDING M-SPORT BRAKES) (F32 / F33)</li><li>430I XDRIVE M-SPORT BRAKES (F32 / F33)</li><li>435I / 435I XDRIVE (EXCLUDING M-SPORT BRAKES) (F32 / F33)</li><li>435I / 435I XDRIVE GRAN COUPE (EXCLUDING M-SPORT BRAKES) (F36)</li><li>440I / 440I XDRIVE (EXCLUDING M-SPORT BRAKES) (F32 / F33)</li><li>440I / 440I XDRIVE GRAN COUPE (EXCLUDING M-SPORT BRAKES) (F36)</li><li>M135I (F20 / F21)</li><li>M140I (F20 / F21)</li><li>M235I (F22)</li><li>M240I (F22)</li></ul></div></div></div><p>Feel free to contact us at info@mlperformance.co.uk should you wish to double check!</p>        <p>&nbsp;</p>        <h4>Compatibility Check</h4><p>To ensure the part(s) you have ordered fits your vehicle, we run a compatibility check prior to dispatch. We can do this either using your registration number (UK) or the last 7 digits of your VIN. Simply enter your car details prior to checkout.</p>          <p>&nbsp;</p>        <h4>Part Number</h4><p>BREMBO-1M1.8049AR (Cross Drilled /  Nickel Plated)</p><p>BREMBO-1M2.8049AR (TY1 /  Nickel Plated)</p><p>BREMBO-1M3.8049AR (TY3 /  Nickel Plated)</p>        <p>&nbsp;</p>        <h4>More Information</h4><p><strong>Manufactured by</strong></p><p>Brembo</p>",Brembo,,Brake,"Uploaded by_Muazzim, Brand_Brembo, Product Type_Brake, Category_Brake Discs",TRUE,Disc Type,Cross Drilled,Finish,Nickel Plated,,,BREMBO-1M1.8049AR,25000,shopify,continue,manual,4160.29,4522.06,TRUE,TRUE,1M1.8049AR,https://racetechnologies.com/sites/default/files/content/images/brakekits/brembo-m-caliper-6-piston-2-piece-355-380mm-drilled-gt-r-med.jpg,1,"Brembo 1M-.8049A (F) 6-Piston Billet Monobloc Calipers  355x32mm (14"") 2-Piece Discs Brake Disc",,"Brembo 1M-.8049A (F) 6-Piston Billet Monobloc Calipers  355x32mm (14"") 2-Piece Discs Brake Disc","Get Brembo 1M-.8049A (F) 6-Piston Billet Monobloc Calipers  355x32mm (14"") 2-Piece Discs Brake Disc for your car to get your desired looks and performance from ML Performance at the lowest price with FREE UK shipping & next day delivery on in stock items. Very cheap prices & good service.",,,,1M1.8049AR,,,new,,,,,,,https://racetechnologies.com/sites/default/files/content/images/brakekits/brembo-m-caliper-6-piston-2-piece-355-380mm-drilled-gt-r-med.jpg,kg,8708949900,,,,,active
brembo-1m-8049a-f-6-piston-billet-monobloc-calipers-355x32mm-14-2-piece-discs-brake-disc,,,,,,,,,TY1,,Nickel Plated,,,BREMBO-1M2.8049AR,25000,shopify,continue,manual,4160.29,4522.06,TRUE,TRUE,1M2.8049AR,https://racetechnologies.com/sites/default/files/content/images/brakekits/brembo-m-caliper-6-piston-2-piece-355-380mm-slotted-type-1-gt-r-med.jpg,2,,,,,,,,1M2.8049AR,,,,,,,,,,https://racetechnologies.com/sites/default/files/content/images/brakekits/brembo-m-caliper-6-piston-2-piece-355-380mm-slotted-type-1-gt-r-med.jpg,kg,8708949900,,,,,
brembo-1m-8049a-f-6-piston-billet-monobloc-calipers-355x32mm-14-2-piece-discs-brake-disc,,,,,,,,,TY3,,Nickel Plated,,,BREMBO-1M3.8049AR,25000,shopify,continue,manual,4160.29,4522.06,TRUE,TRUE,1M3.8049AR,https://racetechnologies.com/sites/default/files/content/images/brakekits/brembo-m-caliper-6-piston-2-piece-355-380mm-slotted-type-3-gt-r-med.jpg,3,,,,,,,,1M3.8049AR,,,,,,,,,,https://racetechnologies.com/sites/default/files/content/images/brakekits/brembo-m-caliper-6-piston-2-piece-355-380mm-slotted-type-3-gt-r-med.jpg,kg,8708949900,,,,,
brembo-1m-8049a-f-6-piston-cast-monobloc-calipers-355x32mm-14-2-piece-discs-brake-disc,Brembo 1M-.8049A 6-Piston Cast Monobloc Calipers  355x32mm (14'') 2-Piece Discs Brake Disc (Front),"<h4><strong>Description</strong></h4>This is 6-Piston Cast Monobloc Calipers | 355x32mm (14'') 2-Piece Discs | Complete Axle Set | Pre-Assembled | All Necessary Hardware Included, Front        <p>&nbsp;</p>        <h4>Features</h4>        <p><strong>Caliper</strong></p><table><tbody>  <tr><td>Caliper Body</td><td>:</td><td>Cast Monobloc Radial Mount</td></tr>  <tr><td>Caliper Piston Configuration</td><td>:</td><td>6-Piston</td></tr>  <tr><td>Caliper Piston Design And Insert Type</td><td>:</td><td>Inner Pressure Seal / Recessed Dust Boot / Stainless Steel Insert</td></tr></tbody></table><p><strong>Disc</strong></p><table><tbody>  <tr><td>Disc Material/Finish</td><td>:</td><td>Advanced High Carbon Alloy / Corrosion Resistant Plating</td></tr>  <tr><td>Disc Diameter</td><td>:</td><td>328mm</td></tr>  <tr><td>Disc Width (Measurement)</td><td>:</td><td>28mm</td></tr>  <tr><td>Disc Air Gap (Measurement)</td><td>:</td><td>17mm</td></tr>  <tr><td>Disc Annulus (Measurement)</td><td>:</td><td>54mm</td></tr>  <tr><td>Disc Construction</td><td>:</td><td>2-Piece Disc Assembly</td></tr>  <tr><td>Disc Vane Design (Measurement)</td><td>:</td><td>Vented Curved 48 Vane</td></tr>  <tr><td>Disc To Hat Mounting System</td><td>:</td><td>Floating D-Bobbin with Anti Rattle Spring</td></tr></tbody></table><p><strong>Friction Material</strong></p><table><tbody>  <tr><td>Pad Compound</td><td>:</td><td>Brembo High Performance FM1000</td></tr>  <tr><td>Pad Volume / Surface Area</td><td>:</td><td>48.2 | 53.6</td></tr></tbody></table>        <p>&nbsp;</p>        <h4>What's Included</h4><ul>  <li>Brake Lines: Proprietary Brembo Stainless Steel Braided Brake Lines by Goodridge</li>  <li>Mounting Hardware: Brembo Engineered CNC Billet Caliper Adapters - All Necessary Hardware Included For Ease of Installation</li></ul>        <p>&nbsp;</p>        <p>&nbsp;</p><h4>Compatibility</h4><div class=""compatibility-accordion-wrapper""><div class=""compatibility-tab"">                        <input name=""tabs"" type=""checkbox"" id=""compatibility-tab-1"">                        <label for=""compatibility-tab-1""><b>BMW</b><br></label>                                                    <div class=""compatibility-tab-content""><ul><li>228I (EXCLUDING M-SPORT BRAKES) (F22)</li><li>228I M-SPORT BRAKES (EXCLUDING XDRIVE) (F22)</li><li>230I (EXCLUDING M-SPORT BRAKES) (F22)</li><li>230I M-SPORT BRAKES (EXCLUDING XDRIVE) (F22)</li><li>320I (EXCLUDING XDRIVE / M-SPORT BRAKES) (F30)</li><li>320I XDRIVE (EXCLUDING M-SPORT BRAKES) (F30)</li><li>328D / 328D XDRIVE (EXCLUDING M-SPORT BRAKES) (F30)</li><li>328D / 328D XDRIVE M-SPORT BRAKES (F30)</li><li>328D XDRIVE TOURING (EXCLUDING M-SPORT BRAKES) (F31)</li><li>328D XDRIVE TOURING M-SPORT BRAKES (F31)</li><li>328I (EXCLUDING XDRIVE / M-SPORT BRAKES) (F30)</li><li>328I M-SPORT BRAKES (EXCLUDING XDRIVE) (F30)</li><li>328I XDRIVE (EXCLUDING M-SPORT BRAKES) (F30)</li><li>328I XDRIVE GRANTURISMO / TOURING (EXCLUDING M-SPORT BRAKES) (F31 / F34)</li><li>328I XDRIVE GRANTURISMO / TOURING M-SPORT BRAKES (F31 / F34)</li><li>328I XDRIVE M-SPORT BRAKES (F30)</li><li>330I (EXCLUDING XDRIVE / M-SPORT BRAKES) (F30)</li><li>330I M-SPORT BRAKES (EXCLUDING XDRIVE) (F30)</li><li>330I XDRIVE (EXCLUDING M-SPORT BRAKES) (F30)</li><li>330I XDRIVE GRANTURISMO / TOURING (EXCLUDING M-SPORT BRAKES) (F31 / F34)</li><li>330I XDRIVE GRANTURISMO / TOURING M-SPORT BRAKES (F31 / F34)</li><li>330I XDRIVE M-SPORT BRAKES (F30)</li><li>335I / 335I XDRIVE (EXCLUDING M-SPORT BRAKES) (F30)</li><li>335I / 335I XDRIVE GRANTURISMO (EXCLUDING M-SPORT BRAKES) (F34)</li><li>340I / 340I XDRIVE (EXCLUDING M-SPORT BRAKES) (F30)</li><li>340I / 340I XDRIVE GRANTURISMO (EXCLUDING M-SPORT BRAKES) (F34)</li><li>428I (EXCLUDING XDRIVE / M-SPORT BRAKES) (F32 / F33)</li><li>428I / 428I XDRIVE GRAN COUPE (EXCLUDING M-SPORT BRAKES) (F36)</li><li>428I / 428I XDRIVE GRAN COUPE M-SPORT BRAKES (F36)</li><li>428I M-SPORT BRAKES (EXCLUDING XDRIVE) (F32 / F33)</li><li>428I XDRIVE (EXCLUDING M-SPORT BRAKES) (F32 / F33)</li><li>428I XDRIVE M-SPORT BRAKES (F32 / F33)</li><li>430I (EXCLUDING XDRIVE / M-SPORT BRAKES) (F32 / F33)</li><li>430I / 430I XDRIVE GRAN COUPE (EXCLUDING M-SPORT BRAKES) (F36)</li><li>430I / 430I XDRIVE GRAN COUPE M-SPORT BRAKES (F36)</li><li>430I M-SPORT BRAKES (EXCLUDING XDRIVE) (F32 / F33)</li><li>430I XDRIVE (EXCLUDING M-SPORT BRAKES) (F32 / F33)</li><li>430I XDRIVE M-SPORT BRAKES (F32 / F33)</li><li>435I / 435I XDRIVE (EXCLUDING M-SPORT BRAKES) (F32 / F33)</li><li>435I / 435I XDRIVE GRAN COUPE (EXCLUDING M-SPORT BRAKES) (F36)</li><li>440I / 440I XDRIVE (EXCLUDING M-SPORT BRAKES) (F32 / F33)</li><li>440I / 440I XDRIVE GRAN COUPE (EXCLUDING M-SPORT BRAKES) (F36)</li><li>M135I (F20 / F21)</li><li>M140I (F20 / F21)</li><li>M235I (F22)</li><li>M240I (F22)</li></ul></div></div></div><p>Feel free to contact us at info@mlperformance.co.uk should you wish to double check!</p>        <p>&nbsp;</p>        <h4>Compatibility Check</h4><p>To ensure the part(s) you have ordered fits your vehicle, we run a compatibility check prior to dispatch. We can do this either using your registration number (UK) or the last 7 digits of your VIN. Simply enter your car details prior to checkout.</p>          <p>&nbsp;</p>        <h4>Part Number</h4><p>BREMBO-1M1.8049AS (Cross Drilled /  Black Hard Anodized)</p><p>BREMBO-1M2.8049AS (TY1 /  Black Hard Anodized)</p><p>BREMBO-1M3.8049AS (TY3 /  Black Hard Anodized)</p>        <p>&nbsp;</p>        <h4>More Information</h4><p><strong>Manufactured by</strong></p><p>Brembo</p>",Brembo,,Brake,"Uploaded by_Muazzim, Brand_Brembo, Product Type_Brake, Category_Brake Discs",TRUE,Disc Type,Cross Drilled,Finish,Black Hard Anodized,,,BREMBO-1M1.8049AS,25000,shopify,continue,manual,4160.29,4522.06,TRUE,TRUE,1M1.8049AS,https://racetechnologies.com/sites/default/files/content/images/brakekits/brembo-m-caliper-6-piston-2-piece-355-380mm-drilled-gt-s-med.jpg,1,Brembo 1M-.8049A (F) 6-Piston Cast Monobloc Calipers  355x32mm (14'') 2-Piece Discs Brake Disc,,Brembo 1M-.8049A (F) 6-Piston Cast Monobloc Calipers  355x32mm (14'') 2-Piece Discs Brake Disc,Get Brembo 1M-.8049A (F) 6-Piston Cast Monobloc Calipers  355x32mm (14'') 2-Piece Discs Brake Disc for your car to get your desired looks and performance from ML Performance at the lowest price with FREE UK shipping & next day delivery on in stock items. Very cheap prices & good service.,,,,1M1.8049AS,,,new,,,,,,,https://racetechnologies.com/sites/default/files/content/images/brakekits/brembo-m-caliper-6-piston-2-piece-355-380mm-drilled-gt-s-med.jpg,kg,8708949900,,,,,active
brembo-1m-8049a-f-6-piston-cast-monobloc-calipers-355x32mm-14-2-piece-discs-brake-disc,,,,,,,,,TY1,,Black Hard Anodized,,,BREMBO-1M2.8049AS,25000,shopify,continue,manual,4160.29,4522.06,TRUE,TRUE,1M2.8049AS,https://racetechnologies.com/sites/default/files/content/images/brakekits/brembo-m-caliper-6-piston-2-piece-355-380mm-slotted-type-1-gt-s-med.jpg,2,,,,,,,,1M2.8049AS,,,,,,,,,,https://racetechnologies.com/sites/default/files/content/images/brakekits/brembo-m-caliper-6-piston-2-piece-355-380mm-slotted-type-1-gt-s-med.jpg,kg,8708949900,,,,,
brembo-1m-8049a-f-6-piston-cast-monobloc-calipers-355x32mm-14-2-piece-discs-brake-disc,,,,,,,,,TY3,,Black Hard Anodized,,,BREMBO-1M3.8049AS,25000,shopify,continue,manual,4160.29,4522.06,TRUE,TRUE,1M3.8049AS,https://racetechnologies.com/sites/default/files/content/images/brakekits/brembo-m-caliper-6-piston-2-piece-355-380mm-slotted-type-3-gt-s-med.jpg,3,,,,,,,,1M3.8049AS,,,,,,,,,,https://racetechnologies.com/sites/default/files/content/images/brakekits/brembo-m-caliper-6-piston-2-piece-355-380mm-slotted-type-3-gt-s-med.jpg,kg,8708949900,,,,,
brembo-1m-9041a-f-6-piston-monobloc-calipers-380x32mm-15-2-piece-discs-brake-disc,"Brembo 1M-.9041A 6-Piston Monobloc Calipers  380x32mm (15"") 2-Piece Discs Brake Disc (Front)","<h4><strong>Description</strong></h4>This is 6-Piston Monobloc Calipers | 380x32mm (15"") 2-Piece Discs | Complete Axle Set | Pre-Assembled | All Necessary Hardware Included, Front        <p>&nbsp;</p>        <h4>Features</h4>        <p><strong>Caliper</strong></p><table><tbody>  <tr><td>Caliper Body</td><td>:</td><td>Cast Monobloc Radial Mount</td></tr>  <tr><td>Caliper Piston Configuration</td><td>:</td><td>6-Piston</td></tr>  <tr><td>Caliper Piston Design And Insert Type</td><td>:</td><td>Inner Pressure Seal / OEM Approved Dust Boot</td></tr></tbody></table><p><strong>Disc</strong></p><table><tbody>  <tr><td>Disc Material/Finish</td><td>:</td><td>Advanced High Carbon Alloy / Corrosion Resistant Plating</td></tr>  <tr><td>Disc Diameter</td><td>:</td><td>328mm</td></tr>  <tr><td>Disc Width (Measurement)</td><td>:</td><td>28mm</td></tr>  <tr><td>Disc Air Gap (Measurement)</td><td>:</td><td>17mm</td></tr>  <tr><td>Disc Annulus (Measurement)</td><td>:</td><td>54mm</td></tr>  <tr><td>Disc Construction</td><td>:</td><td>2-Piece Disc Assembly</td></tr>  <tr><td>Disc Vane Design (Measurement)</td><td>:</td><td>Vented Curved 48 Vane</td></tr>  <tr><td>Disc To Hat Mounting System</td><td>:</td><td>Floating D-Bobbin with Anti Rattle Spring</td></tr></tbody></table><p><strong>Friction Material</strong></p><table><tbody>  <tr><td>Pad Compound</td><td>:</td><td>Brembo High Performance FM1000</td></tr>  <tr><td>Pad Volume / Surface Area</td><td>:</td><td>48.2 | 53.6</td></tr></tbody></table>        <p>&nbsp;</p>        <h4>What's Included</h4><ul>  <li>Brake Lines: Proprietary Brembo Stainless Steel Braided Brake Lines by Goodridge</li>  <li>Mounting Hardware: Brembo Engineered CNC Billet Caliper Adapters - All Necessary Hardware Included For Ease of Installation</li></ul>        <p>&nbsp;</p>        <p>&nbsp;</p><h4>Compatibility</h4><div class=""compatibility-accordion-wrapper""><div class=""compatibility-tab"">                        <input name=""tabs"" type=""checkbox"" id=""compatibility-tab-1"">                        <label for=""compatibility-tab-1""><b>BMW</b><br></label>                                                    <div class=""compatibility-tab-content""><ul><li>228I M-SPORT BRAKES (EXCLUDING XDRIVE) (F22)</li><li>230I M-SPORT BRAKES (EXCLUDING XDRIVE) (F22)</li><li>328D / 328D XDRIVE M-SPORT BRAKES (F30)</li><li>328D XDRIVE TOURING M-SPORT BRAKES (F31)</li><li>328I M-SPORT BRAKES (EXCLUDING XDRIVE) (F30)</li><li>328I XDRIVE GRANTURISMO / TOURING M-SPORT BRAKES (F31 / F34)</li><li>328I XDRIVE M-SPORT BRAKES (F30)</li><li>330I M-SPORT BRAKES (EXCLUDING XDRIVE) (F30)</li><li>330I XDRIVE GRANTURISMO / TOURING M-SPORT BRAKES (F31 / F34)</li><li>330I XDRIVE M-SPORT BRAKES (F30)</li><li>335I / 335I XDRIVE (EXCLUDING M-SPORT BRAKES) (F30)</li><li>335I / 335I XDRIVE GRANTURISMO (EXCLUDING M-SPORT BRAKES) (F34)</li><li>335I / 335I XDRIVE GRANTURISMO M-SPORT BRAKES (F34)</li><li>335I / 335I XDRIVE M-SPORT BRAKES (F30)</li><li>340I / 340I XDRIVE (EXCLUDING M-SPORT BRAKES) (F30)</li><li>340I / 340I XDRIVE GRANTURISMO (EXCLUDING M-SPORT BRAKES) (F34)</li><li>340I / 340I XDRIVE GRANTURISMO M-SPORT BRAKES (F34)</li><li>340I / 340I XDRIVE M-SPORT BRAKES (F30)</li><li>428I / 428I XDRIVE GRAN COUPE M-SPORT BRAKES (F36)</li><li>428I M-SPORT BRAKES (EXCLUDING XDRIVE) (F32 / F33)</li><li>428I XDRIVE M-SPORT BRAKES (F32 / F33)</li><li>430I / 430I XDRIVE GRAN COUPE M-SPORT BRAKES (F36)</li><li>430I M-SPORT BRAKES (EXCLUDING XDRIVE) (F32 / F33)</li><li>430I XDRIVE M-SPORT BRAKES (F32 / F33)</li><li>435I / 435I XDRIVE (EXCLUDING M-SPORT BRAKES) (F32 / F33)</li><li>435I / 435I XDRIVE GRAN COUPE (EXCLUDING M-SPORT BRAKES) (F36)</li><li>435I / 435I XDRIVE GRAN COUPE M-SPORT BRAKES (F36)</li><li>435I / 435I XDRIVE M-SPORT BRAKES (F32 / F33)</li><li>440I / 440I XDRIVE (EXCLUDING M-SPORT BRAKES) (F32 / F33)</li><li>440I / 440I XDRIVE GRAN COUPE (EXCLUDING M-SPORT BRAKES) (F36)</li><li>440I / 440I XDRIVE GRAN COUPE M-SPORT BRAKES (F36)</li><li>440I / 440I XDRIVE M-SPORT BRAKES (F32 / F33)</li><li>M135I (F20 / F21)</li><li>M140I (F20 / F21)</li><li>M235I (F22)</li><li>M240I (F22)</li></ul></div></div></div><p>Feel free to contact us at info@mlperformance.co.uk should you wish to double check!</p>        <p>&nbsp;</p>        <h4>Compatibility Check</h4><p>To ensure the part(s) you have ordered fits your vehicle, we run a compatibility check prior to dispatch. We can do this either using your registration number (UK) or the last 7 digits of your VIN. Simply enter your car details prior to checkout.</p>          <p>&nbsp;</p>        <h4>Part Number</h4><p>BREMBO-1M1.9041A2 (Cross Drilled /  Red)</p><p>BREMBO-1M1.9041A1 (Cross Drilled /  Black)</p><p>BREMBO-1M1.9041A3 (Cross Drilled /  Silver)</p><p>BREMBO-1M1.9041A5 (Cross Drilled /  Yellow)</p>        <p>&nbsp;</p>        <h4>More Information</h4><p><strong>Manufactured by</strong></p><p>Brembo</p>",Brembo,,Brake,"Uploaded by_Muazzim, Brand_Brembo, Product Type_Brake, Category_Brake Discs",TRUE,Disc Type,Cross Drilled,Finish,Red,,,BREMBO-1M1.9041A2,25000,shopify,continue,manual,4515.43,4908.08,TRUE,TRUE,1M1.9041A2,https://racetechnologies.com/sites/default/files/content/images/brakekits/brembo-m-caliper-6-piston-2-piece-355-380mm-drilled-red-med.jpg,1,"Brembo 1M-.9041A (F) 6-Piston Monobloc Calipers  380x32mm (15"") 2-Piece Discs Brake Disc",,"Brembo 1M-.9041A (F) 6-Piston Monobloc Calipers  380x32mm (15"") 2-Piece Discs Brake Disc","Get Brembo 1M-.9041A (F) 6-Piston Monobloc Calipers  380x32mm (15"") 2-Piece Discs Brake Disc for your car to get your desired looks and performance from ML Performance at the lowest price with FREE UK shipping & next day delivery on in stock items. Very cheap prices & good service.",,,,1M1.9041A2,,,new,,,,,,,https://racetechnologies.com/sites/default/files/content/images/brakekits/brembo-m-caliper-6-piston-2-piece-355-380mm-drilled-red-med.jpg,kg,8708949900,,,,,active
brembo-1m-9041a-f-6-piston-monobloc-calipers-380x32mm-15-2-piece-discs-brake-disc,,,,,,,,,Cross Drilled,,Black,,,BREMBO-1M1.9041A1,25000,shopify,continue,manual,4515.43,4908.08,TRUE,TRUE,1M1.9041A1,https://racetechnologies.com/sites/default/files/content/images/brakekits/brembo-m-caliper-6-piston-2-piece-355-380mm-drilled-black-med.jpg,2,,,,,,,,1M1.9041A1,,,,,,,,,,https://racetechnologies.com/sites/default/files/content/images/brakekits/brembo-m-caliper-6-piston-2-piece-355-380mm-drilled-black-med.jpg,kg,8708949900,,,,,
brembo-1m-9041a-f-6-piston-monobloc-calipers-380x32mm-15-2-piece-discs-brake-disc,,,,,,,,,Cross Drilled,,Silver,,,BREMBO-1M1.9041A3,25000,shopify,continue,manual,4515.43,4908.08,TRUE,TRUE,1M1.9041A3,https://racetechnologies.com/sites/default/files/content/images/brakekits/brembo-m-caliper-6-piston-2-piece-355-380mm-drilled-silver-med.jpg,3,,,,,,,,1M1.9041A3,,,,,,,,,,https://racetechnologies.com/sites/default/files/content/images/brakekits/brembo-m-caliper-6-piston-2-piece-355-380mm-drilled-silver-med.jpg,kg,8708949900,,,,,
brembo-1m-9041a-f-6-piston-monobloc-calipers-380x32mm-15-2-piece-discs-brake-disc,,,,,,,,,Cross Drilled,,Yellow,,,BREMBO-1M1.9041A5,25000,shopify,continue,manual,4515.43,4908.08,TRUE,TRUE,1M1.9041A5,https://racetechnologies.com/sites/default/files/content/images/brakekits/brembo-m-caliper-6-piston-2-piece-355-380mm-drilled-yellow-med.jpg,4,,,,,,,,1M1.9041A5,,,,,,,,,,https://racetechnologies.com/sites/default/files/content/images/brakekits/brembo-m-caliper-6-piston-2-piece-355-380mm-drilled-yellow-med.jpg,kg,8708949900,,,,,
brembo-1m-9041a-f-6-piston-billet-monobloc-calipers-380x32mm-15-2-piece-discs-brake-disc,"Brembo 1M-.9041A 6-Piston Billet Monobloc Calipers  380x32mm (15"") 2-Piece Discs Brake Disc (Front)","<h4><strong>Description</strong></h4>This is 6-Piston Billet Monobloc Calipers | 380x32mm (15"") 2-Piece Discs | Complete Axle Set | Pre-Assembled | All Necessary Hardware Included, Front        <p>&nbsp;</p>        <h4>Features</h4>        <p><strong>Caliper</strong></p><table><tbody>  <tr><td>Caliper Body</td><td>:</td><td>Billet Monobloc Radial Mount</td></tr>  <tr><td>Caliper Piston Configuration</td><td>:</td><td>6-Piston</td></tr>  <tr><td>Caliper Piston Design And Insert Type</td><td>:</td><td>Inner Pressure Seal / Recessed Dust Boot / Ventilated Stainless Steel Insert</td></tr></tbody></table><p><strong>Disc</strong></p><table><tbody>  <tr><td>Disc Material/Finish</td><td>:</td><td>Advanced High Carbon Alloy / Corrosion Resistant Plating</td></tr>  <tr><td>Disc Diameter</td><td>:</td><td>328mm</td></tr>  <tr><td>Disc Width (Measurement)</td><td>:</td><td>28mm</td></tr>  <tr><td>Disc Air Gap (Measurement)</td><td>:</td><td>17mm</td></tr>  <tr><td>Disc Annulus (Measurement)</td><td>:</td><td>54mm</td></tr>  <tr><td>Disc Construction</td><td>:</td><td>2-Piece Disc Assembly</td></tr>  <tr><td>Disc Vane Design (Measurement)</td><td>:</td><td>Vented Curved 48 Vane</td></tr>  <tr><td>Disc To Hat Mounting System</td><td>:</td><td>Floating D-Bobbin with Anti Rattle Spring</td></tr></tbody></table><p><strong>Friction Material</strong></p><table><tbody>  <tr><td>Pad Compound</td><td>:</td><td>Brembo High Performance FM1000</td></tr>  <tr><td>Pad Volume / Surface Area</td><td>:</td><td>48.2 | 53.6</td></tr></tbody></table>        <p>&nbsp;</p>        <h4>What's Included</h4><ul>  <li>Brake Lines: Proprietary Brembo Stainless Steel Braided Brake Lines by Goodridge</li>  <li>Mounting Hardware: Brembo Engineered CNC Billet Caliper Adapters - All Necessary Hardware Included For Ease of Installation</li></ul>        <p>&nbsp;</p>        <p>&nbsp;</p><h4>Compatibility</h4><div class=""compatibility-accordion-wrapper""><div class=""compatibility-tab"">                        <input name=""tabs"" type=""checkbox"" id=""compatibility-tab-1"">                        <label for=""compatibility-tab-1""><b>BMW</b><br></label>                                                    <div class=""compatibility-tab-content""><ul><li>228I M-SPORT BRAKES (EXCLUDING XDRIVE) (F22)</li><li>230I M-SPORT BRAKES (EXCLUDING XDRIVE) (F22)</li><li>328D / 328D XDRIVE M-SPORT BRAKES (F30)</li><li>328D XDRIVE TOURING M-SPORT BRAKES (F31)</li><li>328I M-SPORT BRAKES (EXCLUDING XDRIVE) (F30)</li><li>328I XDRIVE GRANTURISMO / TOURING M-SPORT BRAKES (F31 / F34)</li><li>328I XDRIVE M-SPORT BRAKES (F30)</li><li>330I M-SPORT BRAKES (EXCLUDING XDRIVE) (F30)</li><li>330I XDRIVE GRANTURISMO / TOURING M-SPORT BRAKES (F31 / F34)</li><li>330I XDRIVE M-SPORT BRAKES (F30)</li><li>335I / 335I XDRIVE (EXCLUDING M-SPORT BRAKES) (F30)</li><li>335I / 335I XDRIVE GRANTURISMO (EXCLUDING M-SPORT BRAKES) (F34)</li><li>335I / 335I XDRIVE GRANTURISMO M-SPORT BRAKES (F34)</li><li>335I / 335I XDRIVE M-SPORT BRAKES (F30)</li><li>340I / 340I XDRIVE (EXCLUDING M-SPORT BRAKES) (F30)</li><li>340I / 340I XDRIVE GRANTURISMO (EXCLUDING M-SPORT BRAKES) (F34)</li><li>340I / 340I XDRIVE GRANTURISMO M-SPORT BRAKES (F34)</li><li>340I / 340I XDRIVE M-SPORT BRAKES (F30)</li><li>428I / 428I XDRIVE GRAN COUPE M-SPORT BRAKES (F36)</li><li>428I M-SPORT BRAKES (EXCLUDING XDRIVE) (F32 / F33)</li><li>428I XDRIVE M-SPORT BRAKES (F32 / F33)</li><li>430I / 430I XDRIVE GRAN COUPE M-SPORT BRAKES (F36)</li><li>430I M-SPORT BRAKES (EXCLUDING XDRIVE) (F32 / F33)</li><li>430I XDRIVE M-SPORT BRAKES (F32 / F33)</li><li>435I / 435I XDRIVE (EXCLUDING M-SPORT BRAKES) (F32 / F33)</li><li>435I / 435I XDRIVE GRAN COUPE (EXCLUDING M-SPORT BRAKES) (F36)</li><li>435I / 435I XDRIVE GRAN COUPE M-SPORT BRAKES (F36)</li><li>435I / 435I XDRIVE M-SPORT BRAKES (F32 / F33)</li><li>440I / 440I XDRIVE (EXCLUDING M-SPORT BRAKES) (F32 / F33)</li><li>440I / 440I XDRIVE GRAN COUPE (EXCLUDING M-SPORT BRAKES) (F36)</li><li>440I / 440I XDRIVE GRAN COUPE M-SPORT BRAKES (F36)</li><li>440I / 440I XDRIVE M-SPORT BRAKES (F32 / F33)</li><li>M135I (F20 / F21)</li><li>M140I (F20 / F21)</li><li>M235I (F22)</li><li>M240I (F22)</li></ul></div></div></div><p>Feel free to contact us at info@mlperformance.co.uk should you wish to double check!</p>        <p>&nbsp;</p>        <h4>Compatibility Check</h4><p>To ensure the part(s) you have ordered fits your vehicle, we run a compatibility check prior to dispatch. We can do this either using your registration number (UK) or the last 7 digits of your VIN. Simply enter your car details prior to checkout.</p>          <p>&nbsp;</p>        <h4>Part Number</h4><p>BREMBO-1M1.9041AR (Cross Drilled /  Nickel Plated)</p>        <p>&nbsp;</p>        <h4>More Information</h4><p><strong>Manufactured by</strong></p><p>Brembo</p>",Brembo,,Brake,"Uploaded by_Muazzim, Brand_Brembo, Product Type_Brake, Category_Brake Discs",TRUE,Disc Type,Cross Drilled,Finish,Nickel Plated,,,BREMBO-1M1.9041AR,25000,shopify,continue,manual,4515.43,4908.08,TRUE,TRUE,1M1.9041AR,https://racetechnologies.com/sites/default/files/content/images/brakekits/brembo-m-caliper-6-piston-2-piece-355-380mm-drilled-gt-r-med.jpg,1,"Brembo 1M-.9041A (F) 6-Piston Billet Monobloc Calipers  380x32mm (15"") 2-Piece Discs Brake Disc",,"Brembo 1M-.9041A (F) 6-Piston Billet Monobloc Calipers  380x32mm (15"") 2-Piece Discs Brake Disc","Get Brembo 1M-.9041A (F) 6-Piston Billet Monobloc Calipers  380x32mm (15"") 2-Piece Discs Brake Disc for your car to get your desired looks and performance from ML Performance at the lowest price with FREE UK shipping & next day delivery on in stock items. Very cheap prices & good service.",,,,1M1.9041AR,,,new,,,,,,,https://racetechnologies.com/sites/default/files/content/images/brakekits/brembo-m-caliper-6-piston-2-piece-355-380mm-drilled-gt-r-med.jpg,kg,8708949900,,,,,active
brembo-1m-9041a-f-6-piston-cast-monobloc-calipers-380x32mm-15-2-piece-discs-brake-disc,Brembo 1M-.9041A 6-Piston Cast Monobloc Calipers  380x32mm (15'') 2-Piece Discs Brake Disc (Front),"<h4><strong>Description</strong></h4>This is 6-Piston Cast Monobloc Calipers | 380x32mm (15'') 2-Piece Discs | Complete Axle Set | Pre-Assembled | All Necessary Hardware Included, Front        <p>&nbsp;</p>        <h4>Features</h4>        <p><strong>Caliper</strong></p><table><tbody>  <tr><td>Caliper Body</td><td>:</td><td>Cast Monobloc Radial Mount</td></tr>  <tr><td>Caliper Piston Configuration</td><td>:</td><td>6-Piston</td></tr>  <tr><td>Caliper Piston Design And Insert Type</td><td>:</td><td>Inner Pressure Seal / Recessed Dust Boot / Stainless Steel Insert</td></tr></tbody></table><p><strong>Disc</strong></p><table><tbody>  <tr><td>Disc Material/Finish</td><td>:</td><td>Advanced High Carbon Alloy / Corrosion Resistant Plating</td></tr>  <tr><td>Disc Diameter</td><td>:</td><td>328mm</td></tr>  <tr><td>Disc Width (Measurement)</td><td>:</td><td>28mm</td></tr>  <tr><td>Disc Air Gap (Measurement)</td><td>:</td><td>17mm</td></tr>  <tr><td>Disc Annulus (Measurement)</td><td>:</td><td>54mm</td></tr>  <tr><td>Disc Construction</td><td>:</td><td>2-Piece Disc Assembly</td></tr>  <tr><td>Disc Vane Design (Measurement)</td><td>:</td><td>Vented Curved 48 Vane</td></tr>  <tr><td>Disc To Hat Mounting System</td><td>:</td><td>Floating D-Bobbin with Anti Rattle Spring</td></tr></tbody></table><p><strong>Friction Material</strong></p><table><tbody>  <tr><td>Pad Compound</td><td>:</td><td>Brembo High Performance FM1000</td></tr>  <tr><td>Pad Volume / Surface Area</td><td>:</td><td>48.2 | 53.6</td></tr></tbody></table>        <p>&nbsp;</p>        <h4>What's Included</h4><ul>  <li>Brake Lines: Proprietary Brembo Stainless Steel Braided Brake Lines by Goodridge</li>  <li>Mounting Hardware: Brembo Engineered CNC Billet Caliper Adapters - All Necessary Hardware Included For Ease of Installation</li></ul>        <p>&nbsp;</p>        <p>&nbsp;</p><h4>Compatibility</h4><div class=""compatibility-accordion-wrapper""><div class=""compatibility-tab"">                        <input name=""tabs"" type=""checkbox"" id=""compatibility-tab-1"">                        <label for=""compatibility-tab-1""><b>BMW</b><br></label>                                                    <div class=""compatibility-tab-content""><ul><li>228I M-SPORT BRAKES (EXCLUDING XDRIVE) (F22)</li><li>230I M-SPORT BRAKES (EXCLUDING XDRIVE) (F22)</li><li>328D / 328D XDRIVE M-SPORT BRAKES (F30)</li><li>328D XDRIVE TOURING M-SPORT BRAKES (F31)</li><li>328I M-SPORT BRAKES (EXCLUDING XDRIVE) (F30)</li><li>328I XDRIVE GRANTURISMO / TOURING M-SPORT BRAKES (F31 / F34)</li><li>328I XDRIVE M-SPORT BRAKES (F30)</li><li>330I M-SPORT BRAKES (EXCLUDING XDRIVE) (F30)</li><li>330I XDRIVE GRANTURISMO / TOURING M-SPORT BRAKES (F31 / F34)</li><li>330I XDRIVE M-SPORT BRAKES (F30)</li><li>335I / 335I XDRIVE (EXCLUDING M-SPORT BRAKES) (F30)</li><li>335I / 335I XDRIVE GRANTURISMO (EXCLUDING M-SPORT BRAKES) (F34)</li><li>335I / 335I XDRIVE GRANTURISMO M-SPORT BRAKES (F34)</li><li>335I / 335I XDRIVE M-SPORT BRAKES (F30)</li><li>340I / 340I XDRIVE (EXCLUDING M-SPORT BRAKES) (F30)</li><li>340I / 340I XDRIVE GRANTURISMO (EXCLUDING M-SPORT BRAKES) (F34)</li><li>340I / 340I XDRIVE GRANTURISMO M-SPORT BRAKES (F34)</li><li>340I / 340I XDRIVE M-SPORT BRAKES (F30)</li><li>428I / 428I XDRIVE GRAN COUPE M-SPORT BRAKES (F36)</li><li>428I M-SPORT BRAKES (EXCLUDING XDRIVE) (F32 / F33)</li><li>428I XDRIVE M-SPORT BRAKES (F32 / F33)</li><li>430I / 430I XDRIVE GRAN COUPE M-SPORT BRAKES (F36)</li><li>430I M-SPORT BRAKES (EXCLUDING XDRIVE) (F32 / F33)</li><li>430I XDRIVE M-SPORT BRAKES (F32 / F33)</li><li>435I / 435I XDRIVE (EXCLUDING M-SPORT BRAKES) (F32 / F33)</li><li>435I / 435I XDRIVE GRAN COUPE (EXCLUDING M-SPORT BRAKES) (F36)</li><li>435I / 435I XDRIVE GRAN COUPE M-SPORT BRAKES (F36)</li><li>435I / 435I XDRIVE M-SPORT BRAKES (F32 / F33)</li><li>440I / 440I XDRIVE (EXCLUDING M-SPORT BRAKES) (F32 / F33)</li><li>440I / 440I XDRIVE GRAN COUPE (EXCLUDING M-SPORT BRAKES) (F36)</li><li>440I / 440I XDRIVE GRAN COUPE M-SPORT BRAKES (F36)</li><li>440I / 440I XDRIVE M-SPORT BRAKES (F32 / F33)</li><li>M135I (F20 / F21)</li><li>M140I (F20 / F21)</li><li>M235I (F22)</li><li>M240I (F22)</li></ul></div></div></div><p>Feel free to contact us at info@mlperformance.co.uk should you wish to double check!</p>        <p>&nbsp;</p>        <h4>Compatibility Check</h4><p>To ensure the part(s) you have ordered fits your vehicle, we run a compatibility check prior to dispatch. We can do this either using your registration number (UK) or the last 7 digits of your VIN. Simply enter your car details prior to checkout.</p>          <p>&nbsp;</p>        <h4>Part Number</h4><p>BREMBO-1M1.9041AS (Cross Drilled /  Black Hard Anodized)</p>        <p>&nbsp;</p>        <h4>More Information</h4><p><strong>Manufactured by</strong></p><p>Brembo</p>",Brembo,,Brake,"Uploaded by_Muazzim, Brand_Brembo, Product Type_Brake, Category_Brake Discs",TRUE,Disc Type,Cross Drilled,Finish,Black Hard Anodized,,,BREMBO-1M1.9041AS,25000,shopify,continue,manual,4515.43,4908.08,TRUE,TRUE,1M1.9041AS,https://racetechnologies.com/sites/default/files/content/images/brakekits/brembo-m-caliper-6-piston-2-piece-355-380mm-drilled-gt-s-med.jpg,1,Brembo 1M-.9041A (F) 6-Piston Cast Monobloc Calipers  380x32mm (15'') 2-Piece Discs Brake Disc,,Brembo 1M-.9041A (F) 6-Piston Cast Monobloc Calipers  380x32mm (15'') 2-Piece Discs Brake Disc,Get Brembo 1M-.9041A (F) 6-Piston Cast Monobloc Calipers  380x32mm (15'') 2-Piece Discs Brake Disc for your car to get your desired looks and performance from ML Performance at the lowest price with FREE UK shipping & next day delivery on in stock items. Very cheap prices & good service.,,,,1M1.9041AS,,,new,,,,,,,https://racetechnologies.com/sites/default/files/content/images/brakekits/brembo-m-caliper-6-piston-2-piece-355-380mm-drilled-gt-s-med.jpg,kg,8708949900,,,,,active
brembo-2p-8048a-r-4-piston-monobloc-calipers-345x28mm-13-6-2-piece-discs-brake-disc,"Brembo 2P-.8048A 4-Piston Monobloc Calipers  345x28mm (13.6"") 2-Piece Discs Brake Disc (Rear)","<h4><strong>Description</strong></h4>This is  4-Piston Monobloc Calipers | 345x28mm (13.6"") 2-Piece Discs | Complete Axle Set | Pre-Assembled | All Necessary Hardware Included, Rear        <p>&nbsp;</p>        <h4>Features</h4>        <p><strong>Caliper</strong></p><table><tbody>  <tr><td>Caliper Body</td><td>:</td><td>Cast Monobloc Radial Mount</td></tr>  <tr><td>Caliper Piston Configuration</td><td>:</td><td>4-Piston</td></tr>  <tr><td>Caliper Piston Design And Insert Type</td><td>:</td><td>Inner Pressure Seal / OEM Approved Dust Boot</td></tr></tbody></table><p><strong>Disc</strong></p><table><tbody>  <tr><td>Disc Material/Finish</td><td>:</td><td>Advanced High Carbon Alloy / Corrosion Resistant Plating</td></tr>  <tr><td>Disc Diameter</td><td>:</td><td>328mm</td></tr>  <tr><td>Disc Width (Measurement)</td><td>:</td><td>28mm</td></tr>  <tr><td>Disc Air Gap (Measurement)</td><td>:</td><td>17mm</td></tr>  <tr><td>Disc Annulus (Measurement)</td><td>:</td><td>54mm</td></tr>  <tr><td>Disc Construction</td><td>:</td><td>2-Piece Disc Assembly</td></tr>  <tr><td>Disc Vane Design (Measurement)</td><td>:</td><td>Vented Curved 48 Vane</td></tr>  <tr><td>Disc To Hat Mounting System</td><td>:</td><td>Floating D-Bobbin with Anti Rattle Spring</td></tr></tbody></table><p><strong>Friction Material</strong></p><table><tbody>  <tr><td>Pad Compound</td><td>:</td><td>Brembo High Performance FM1000</td></tr>  <tr><td>Pad Volume / Surface Area</td><td>:</td><td>48.2 | 53.6</td></tr></tbody></table>        <p>&nbsp;</p>        <h4>What's Included</h4><ul>  <li>Brake Lines: Proprietary Brembo Stainless Steel Braided Brake Lines by Goodridge</li>  <li>Mounting Hardware: Brembo Engineered CNC Billet Caliper Adapters - All Necessary Hardware Included For Ease of Installation</li></ul>        <p>&nbsp;</p>        <p>&nbsp;</p><h4>Compatibility</h4><div class=""compatibility-accordion-wrapper""><div class=""compatibility-tab"">                        <input name=""tabs"" type=""checkbox"" id=""compatibility-tab-1"">                        <label for=""compatibility-tab-1""><b>BMW</b><br></label>                                                    <div class=""compatibility-tab-content""><ul><li>328D / 328D XDRIVE M-SPORT BRAKES (F30)</li><li>328D XDRIVE TOURING M-SPORT BRAKES (F31)</li><li>328I M-SPORT BRAKES (EXCLUDING XDRIVE) (F30)</li><li>328I XDRIVE GRANTURISMO / TOURING M-SPORT BRAKES (F31 / F34)</li><li>328I XDRIVE M-SPORT BRAKES (F30)</li><li>330I M-SPORT BRAKES (EXCLUDING XDRIVE) (F30)</li><li>330I XDRIVE GRANTURISMO / TOURING M-SPORT BRAKES (F31 / F34)</li><li>330I XDRIVE M-SPORT BRAKES (F30)</li><li>335I / 335I XDRIVE GRANTURISMO M-SPORT BRAKES (F34)</li><li>335I / 335I XDRIVE M-SPORT BRAKES (F30)</li><li>340I / 340I XDRIVE GRANTURISMO M-SPORT BRAKES (F34)</li><li>340I / 340I XDRIVE M-SPORT BRAKES (F30)</li><li>428I / 428I XDRIVE GRAN COUPE M-SPORT BRAKES (F36)</li><li>428I M-SPORT BRAKES (EXCLUDING XDRIVE) (F32 / F33)</li><li>428I XDRIVE M-SPORT BRAKES (F32 / F33)</li><li>430I / 430I XDRIVE GRAN COUPE M-SPORT BRAKES (F36)</li><li>430I M-SPORT BRAKES (EXCLUDING XDRIVE) (F32 / F33)</li><li>430I XDRIVE M-SPORT BRAKES (F32 / F33)</li><li>435I / 435I XDRIVE GRAN COUPE M-SPORT BRAKES (F36)</li><li>435I / 435I XDRIVE M-SPORT BRAKES (F32 / F33)</li><li>440I / 440I XDRIVE GRAN COUPE M-SPORT BRAKES (F36)</li><li>440I / 440I XDRIVE M-SPORT BRAKES (F32 / F33)</li></ul></div></div></div><p>Feel free to contact us at info@mlperformance.co.uk should you wish to double check!</p>        <p>&nbsp;</p>        <h4>Compatibility Check</h4><p>To ensure the part(s) you have ordered fits your vehicle, we run a compatibility check prior to dispatch. We can do this either using your registration number (UK) or the last 7 digits of your VIN. Simply enter your car details prior to checkout.</p>          <p>&nbsp;</p>        <h4>Part Number</h4><p>BREMBO-2P1.8048A2 (Cross Drilled /  Red)</p><p>BREMBO-2P1.8048A1 (Cross Drilled /  Black)</p><p>BREMBO-2P1.8048A3 (Cross Drilled /  Silver)</p><p>BREMBO-2P1.8048A5 (Cross Drilled /  Yellow)</p>        <p>&nbsp;</p>        <h4>More Information</h4><p><strong>Manufactured by</strong></p><p>Brembo</p>",Brembo,,Brake,"Uploaded by_Muazzim, Brand_Brembo, Product Type_Brake, Category_Brake Discs",TRUE,Disc Type,Cross Drilled,Finish,Red,,,BREMBO-2P1.8048A2,25000,shopify,continue,manual,3805.14,4136.03,TRUE,TRUE,2P1.8048A2,https://racetechnologies.com/sites/default/files/content/images/brakekits/brembo-p-caliper-4-piston-2-piece-345-365-380mm-drilled-red-med.jpg,1,"Brembo 2P-.8048A (R) 4-Piston Monobloc Calipers  345x28mm (13.6"") 2-Piece Discs Brake Disc",,"Brembo 2P-.8048A (R) 4-Piston Monobloc Calipers  345x28mm (13.6"") 2-Piece Discs Brake Disc","Get Brembo 2P-.8048A (R) 4-Piston Monobloc Calipers  345x28mm (13.6"") 2-Piece Discs Brake Disc for your car to get your desired looks and performance from ML Performance at the lowest price with FREE UK shipping & next day delivery on in stock items. Very cheap prices & good service.",,,,2P1.8048A2,,,new,,,,,,,https://racetechnologies.com/sites/default/files/content/images/brakekits/brembo-p-caliper-4-piston-2-piece-345-365-380mm-drilled-red-med.jpg,kg,8708949900,,,,,active
brembo-2p-8048a-r-4-piston-monobloc-calipers-345x28mm-13-6-2-piece-discs-brake-disc,,,,,,,,,Cross Drilled,,Black,,,BREMBO-2P1.8048A1,25000,shopify,continue,manual,3805.14,4136.03,TRUE,TRUE,2P1.8048A1,https://racetechnologies.com/sites/default/files/content/images/brakekits/brembo-p-caliper-4-piston-2-piece-345-365-380mm-drilled-black-med.jpg,2,,,,,,,,2P1.8048A1,,,,,,,,,,https://racetechnologies.com/sites/default/files/content/images/brakekits/brembo-p-caliper-4-piston-2-piece-345-365-380mm-drilled-black-med.jpg,kg,8708949900,,,,,
brembo-2p-8048a-r-4-piston-monobloc-calipers-345x28mm-13-6-2-piece-discs-brake-disc,,,,,,,,,Cross Drilled,,Silver,,,BREMBO-2P1.8048A3,25000,shopify,continue,manual,3805.14,4136.03,TRUE,TRUE,2P1.8048A3,https://racetechnologies.com/sites/default/files/content/images/brakekits/brembo-p-caliper-4-piston-2-piece-345-365-380mm-drilled-silver-med.jpg,3,,,,,,,,2P1.8048A3,,,,,,,,,,https://racetechnologies.com/sites/default/files/content/images/brakekits/brembo-p-caliper-4-piston-2-piece-345-365-380mm-drilled-silver-med.jpg,kg,8708949900,,,,,
brembo-2p-8048a-r-4-piston-monobloc-calipers-345x28mm-13-6-2-piece-discs-brake-disc,,,,,,,,,Cross Drilled,,Yellow,,,BREMBO-2P1.8048A5,25000,shopify,continue,manual,3805.14,4136.03,TRUE,TRUE,2P1.8048A5,https://racetechnologies.com/sites/default/files/content/images/brakekits/brembo-p-caliper-4-piston-2-piece-345-365-380mm-drilled-yellow-med.jpg,4,,,,,,,,2P1.8048A5,,,,,,,,,,https://racetechnologies.com/sites/default/files/content/images/brakekits/brembo-p-caliper-4-piston-2-piece-345-365-380mm-drilled-yellow-med.jpg,kg,8708949900,,,,,
brembo-2p-8048a-r-4-piston-billet-monobloc-calipers-345x28mm-13-6-2-piece-discs-brake-disc,"Brembo 2P-.8048A 4-Piston Billet Monobloc Calipers  345x28mm (13.6"") 2-Piece Discs Brake Disc (Rear)","<h4><strong>Description</strong></h4>This is  4-Piston Billet Monobloc Calipers | 345x28mm (13.6"") 2-Piece Discs | Complete Axle Set | Pre-Assembled | All Necessary Hardware Included, Rear        <p>&nbsp;</p>        <h4>Features</h4>        <p><strong>Caliper</strong></p><table><tbody>  <tr><td>Caliper Body</td><td>:</td><td>Billet Monobloc Radial Mount</td></tr>  <tr><td>Caliper Piston Configuration</td><td>:</td><td>4-Piston</td></tr>  <tr><td>Caliper Piston Design And Insert Type</td><td>:</td><td>Inner Pressure Seal / Recessed Dust Boot / Ventilated Stainless Steel Insert</td></tr></tbody></table><p><strong>Disc</strong></p><table><tbody>  <tr><td>Disc Material/Finish</td><td>:</td><td>Advanced High Carbon Alloy / Corrosion Resistant Plating</td></tr>  <tr><td>Disc Diameter</td><td>:</td><td>328mm</td></tr>  <tr><td>Disc Width (Measurement)</td><td>:</td><td>28mm</td></tr>  <tr><td>Disc Air Gap (Measurement)</td><td>:</td><td>17mm</td></tr>  <tr><td>Disc Annulus (Measurement)</td><td>:</td><td>54mm</td></tr>  <tr><td>Disc Construction</td><td>:</td><td>2-Piece Disc Assembly</td></tr>  <tr><td>Disc Vane Design (Measurement)</td><td>:</td><td>Vented Curved 48 Vane</td></tr>  <tr><td>Disc To Hat Mounting System</td><td>:</td><td>Floating D-Bobbin with Anti Rattle Spring</td></tr></tbody></table><p><strong>Friction Material</strong></p><table><tbody>  <tr><td>Pad Compound</td><td>:</td><td>Brembo High Performance FM1000</td></tr>  <tr><td>Pad Volume / Surface Area</td><td>:</td><td>48.2 | 53.6</td></tr></tbody></table>        <p>&nbsp;</p>        <h4>What's Included</h4><ul>  <li>Brake Lines: Proprietary Brembo Stainless Steel Braided Brake Lines by Goodridge</li>  <li>Mounting Hardware: Brembo Engineered CNC Billet Caliper Adapters - All Necessary Hardware Included For Ease of Installation</li></ul>        <p>&nbsp;</p>        <p>&nbsp;</p><h4>Compatibility</h4><div class=""compatibility-accordion-wrapper""><div class=""compatibility-tab"">                        <input name=""tabs"" type=""checkbox"" id=""compatibility-tab-1"">                        <label for=""compatibility-tab-1""><b>BMW</b><br></label>                                                    <div class=""compatibility-tab-content""><ul><li>328D / 328D XDRIVE M-SPORT BRAKES (F30)</li><li>328D XDRIVE TOURING M-SPORT BRAKES (F31)</li><li>328I M-SPORT BRAKES (EXCLUDING XDRIVE) (F30)</li><li>328I XDRIVE GRANTURISMO / TOURING M-SPORT BRAKES (F31 / F34)</li><li>328I XDRIVE M-SPORT BRAKES (F30)</li><li>330I M-SPORT BRAKES (EXCLUDING XDRIVE) (F30)</li><li>330I XDRIVE GRANTURISMO / TOURING M-SPORT BRAKES (F31 / F34)</li><li>330I XDRIVE M-SPORT BRAKES (F30)</li><li>335I / 335I XDRIVE GRANTURISMO M-SPORT BRAKES (F34)</li><li>335I / 335I XDRIVE M-SPORT BRAKES (F30)</li><li>340I / 340I XDRIVE GRANTURISMO M-SPORT BRAKES (F34)</li><li>340I / 340I XDRIVE M-SPORT BRAKES (F30)</li><li>428I / 428I XDRIVE GRAN COUPE M-SPORT BRAKES (F36)</li><li>428I M-SPORT BRAKES (EXCLUDING XDRIVE) (F32 / F33)</li><li>428I XDRIVE M-SPORT BRAKES (F32 / F33)</li><li>430I / 430I XDRIVE GRAN COUPE M-SPORT BRAKES (F36)</li><li>430I M-SPORT BRAKES (EXCLUDING XDRIVE) (F32 / F33)</li><li>430I XDRIVE M-SPORT BRAKES (F32 / F33)</li><li>435I / 435I XDRIVE GRAN COUPE M-SPORT BRAKES (F36)</li><li>435I / 435I XDRIVE M-SPORT BRAKES (F32 / F33)</li><li>440I / 440I XDRIVE GRAN COUPE M-SPORT BRAKES (F36)</li><li>440I / 440I XDRIVE M-SPORT BRAKES (F32 / F33)</li></ul></div></div></div><p>Feel free to contact us at info@mlperformance.co.uk should you wish to double check!</p>        <p>&nbsp;</p>        <h4>Compatibility Check</h4><p>To ensure the part(s) you have ordered fits your vehicle, we run a compatibility check prior to dispatch. We can do this either using your registration number (UK) or the last 7 digits of your VIN. Simply enter your car details prior to checkout.</p>          <p>&nbsp;</p>        <h4>Part Number</h4><p>BREMBO-2P1.8048AR (Cross Drilled /  Nickel Plated)</p>        <p>&nbsp;</p>        <h4>More Information</h4><p><strong>Manufactured by</strong></p><p>Brembo</p>",Brembo,,Brake,"Uploaded by_Muazzim, Brand_Brembo, Product Type_Brake, Category_Brake Discs",TRUE,Disc Type,Cross Drilled,Finish,Nickel Plated,,,BREMBO-2P1.8048AR,25000,shopify,continue,manual,3805.14,4136.03,TRUE,TRUE,2P1.8048AR,https://racetechnologies.com/sites/default/files/content/images/brakekits/brembo-p-caliper-4-piston-2-piece-345-365-380mm-drilled-gt-r-med.jpg,1,"Brembo 2P-.8048A (R) 4-Piston Billet Monobloc Calipers  345x28mm (13.6"") 2-Piece Discs Brake Disc",,"Brembo 2P-.8048A (R) 4-Piston Billet Monobloc Calipers  345x28mm (13.6"") 2-Piece Discs Brake Disc","Get Brembo 2P-.8048A (R) 4-Piston Billet Monobloc Calipers  345x28mm (13.6"") 2-Piece Discs Brake Disc for your car to get your desired looks and performance from ML Performance at the lowest price with FREE UK shipping & next day delivery on in stock items. Very cheap prices & good service.",,,,2P1.8048AR,,,new,,,,,,,https://racetechnologies.com/sites/default/files/content/images/brakekits/brembo-p-caliper-4-piston-2-piece-345-365-380mm-drilled-gt-r-med.jpg,kg,8708949900,,,,,active
brembo-2p-8048a-r-4-piston-cast-monobloc-calipers-345x28mm-13-6-2-piece-discs-brake-disc,Brembo 2P-.8048A 4-Piston Cast Monobloc Calipers  345x28mm (13.6'') 2-Piece Discs Brake Disc (Rear),"<h4><strong>Description</strong></h4>This is  4-Piston Cast Monobloc Calipers | 345x28mm (13.6'') 2-Piece Discs | Complete Axle Set | Pre-Assembled | All Necessary Hardware Included, Rear        <p>&nbsp;</p>        <h4>Features</h4>        <p><strong>Caliper</strong></p><table><tbody>  <tr><td>Caliper Body</td><td>:</td><td>Cast Monobloc Radial Mount</td></tr>  <tr><td>Caliper Piston Configuration</td><td>:</td><td>4-Piston</td></tr>  <tr><td>Caliper Piston Design And Insert Type</td><td>:</td><td>Inner Pressure Seal / Recessed Dust Boot / Stainless Steel Insert</td></tr></tbody></table><p><strong>Disc</strong></p><table><tbody>  <tr><td>Disc Material/Finish</td><td>:</td><td>Advanced High Carbon Alloy / Corrosion Resistant Plating</td></tr>  <tr><td>Disc Diameter</td><td>:</td><td>328mm</td></tr>  <tr><td>Disc Width (Measurement)</td><td>:</td><td>28mm</td></tr>  <tr><td>Disc Air Gap (Measurement)</td><td>:</td><td>17mm</td></tr>  <tr><td>Disc Annulus (Measurement)</td><td>:</td><td>54mm</td></tr>  <tr><td>Disc Construction</td><td>:</td><td>2-Piece Disc Assembly</td></tr>  <tr><td>Disc Vane Design (Measurement)</td><td>:</td><td>Vented Curved 48 Vane</td></tr>  <tr><td>Disc To Hat Mounting System</td><td>:</td><td>Floating D-Bobbin with Anti Rattle Spring</td></tr></tbody></table><p><strong>Friction Material</strong></p><table><tbody>  <tr><td>Pad Compound</td><td>:</td><td>Brembo High Performance FM1000</td></tr>  <tr><td>Pad Volume / Surface Area</td><td>:</td><td>48.2 | 53.6</td></tr></tbody></table>        <p>&nbsp;</p>        <h4>What's Included</h4><ul>  <li>Brake Lines: Proprietary Brembo Stainless Steel Braided Brake Lines by Goodridge</li>  <li>Mounting Hardware: Brembo Engineered CNC Billet Caliper Adapters - All Necessary Hardware Included For Ease of Installation</li></ul>        <p>&nbsp;</p>        <p>&nbsp;</p><h4>Compatibility</h4><div class=""compatibility-accordion-wrapper""><div class=""compatibility-tab"">                        <input name=""tabs"" type=""checkbox"" id=""compatibility-tab-1"">                        <label for=""compatibility-tab-1""><b>BMW</b><br></label>                                                    <div class=""compatibility-tab-content""><ul><li>328D / 328D XDRIVE M-SPORT BRAKES (F30)</li><li>328D XDRIVE TOURING M-SPORT BRAKES (F31)</li><li>328I M-SPORT BRAKES (EXCLUDING XDRIVE) (F30)</li><li>328I XDRIVE GRANTURISMO / TOURING M-SPORT BRAKES (F31 / F34)</li><li>328I XDRIVE M-SPORT BRAKES (F30)</li><li>330I M-SPORT BRAKES (EXCLUDING XDRIVE) (F30)</li><li>330I XDRIVE GRANTURISMO / TOURING M-SPORT BRAKES (F31 / F34)</li><li>330I XDRIVE M-SPORT BRAKES (F30)</li><li>335I / 335I XDRIVE GRANTURISMO M-SPORT BRAKES (F34)</li><li>335I / 335I XDRIVE M-SPORT BRAKES (F30)</li><li>340I / 340I XDRIVE GRANTURISMO M-SPORT BRAKES (F34)</li><li>340I / 340I XDRIVE M-SPORT BRAKES (F30)</li><li>428I / 428I XDRIVE GRAN COUPE M-SPORT BRAKES (F36)</li><li>428I M-SPORT BRAKES (EXCLUDING XDRIVE) (F32 / F33)</li><li>428I XDRIVE M-SPORT BRAKES (F32 / F33)</li><li>430I / 430I XDRIVE GRAN COUPE M-SPORT BRAKES (F36)</li><li>430I M-SPORT BRAKES (EXCLUDING XDRIVE) (F32 / F33)</li><li>430I XDRIVE M-SPORT BRAKES (F32 / F33)</li><li>435I / 435I XDRIVE GRAN COUPE M-SPORT BRAKES (F36)</li><li>435I / 435I XDRIVE M-SPORT BRAKES (F32 / F33)</li><li>440I / 440I XDRIVE GRAN COUPE M-SPORT BRAKES (F36)</li><li>440I / 440I XDRIVE M-SPORT BRAKES (F32 / F33)</li></ul></div></div></div><p>Feel free to contact us at info@mlperformance.co.uk should you wish to double check!</p>        <p>&nbsp;</p>        <h4>Compatibility Check</h4><p>To ensure the part(s) you have ordered fits your vehicle, we run a compatibility check prior to dispatch. We can do this either using your registration number (UK) or the last 7 digits of your VIN. Simply enter your car details prior to checkout.</p>          <p>&nbsp;</p>        <h4>Part Number</h4><p>BREMBO-2P1.8048AS (Cross Drilled /  Black Hard Anodized)</p>        <p>&nbsp;</p>        <h4>More Information</h4><p><strong>Manufactured by</strong></p><p>Brembo</p>",Brembo,,Brake,"Uploaded by_Muazzim, Brand_Brembo, Product Type_Brake, Category_Brake Discs",TRUE,Disc Type,Cross Drilled,Finish,Black Hard Anodized,,,BREMBO-2P1.8048AS,25000,shopify,continue,manual,3805.14,4136.03,TRUE,TRUE,2P1.8048AS,https://racetechnologies.com/sites/default/files/content/images/brakekits/brembo-p-caliper-4-piston-2-piece-345-365-380mm-drilled-gt-s-med.jpg,1,Brembo 2P-.8048A (R) 4-Piston Cast Monobloc Calipers  345x28mm (13.6'') 2-Piece Discs Brake Disc,,Brembo 2P-.8048A (R) 4-Piston Cast Monobloc Calipers  345x28mm (13.6'') 2-Piece Discs Brake Disc,Get Brembo 2P-.8048A (R) 4-Piston Cast Monobloc Calipers  345x28mm (13.6'') 2-Piece Discs Brake Disc for your car to get your desired looks and performance from ML Performance at the lowest price with FREE UK shipping & next day delivery on in stock items. Very cheap prices & good service.,,,,2P1.8048AS,,,new,,,,,,,https://racetechnologies.com/sites/default/files/content/images/brakekits/brembo-p-caliper-4-piston-2-piece-345-365-380mm-drilled-gt-s-med.jpg,kg,8708949900,,,,,active
brembo-1n-9045a-f-6-piston-monobloc-calipers-380x34mm-15-2-piece-discs-brake-disc,"Brembo 1N-.9045A 6-Piston Monobloc Calipers  380x34mm (15"") 2-Piece Discs Brake Disc (Front)","<h4><strong>Description</strong></h4>This is 6-Piston Monobloc Calipers | 380x34mm (15"") 2-Piece Discs | Complete Axle Set | Pre-Assembled | All Necessary Hardware Included, Front        <p>&nbsp;</p>        <h4>Features</h4>        <p><strong>Caliper</strong></p><table><tbody>  <tr><td>Caliper Body</td><td>:</td><td>Cast Monobloc Radial Mount</td></tr>  <tr><td>Caliper Piston Configuration</td><td>:</td><td>6-Piston</td></tr>  <tr><td>Caliper Piston Design And Insert Type</td><td>:</td><td>Inner Pressure Seal / OEM Approved Dust Boot</td></tr></tbody></table><p><strong>Disc</strong></p><table><tbody>  <tr><td>Disc Material/Finish</td><td>:</td><td>Advanced High Carbon Alloy / Corrosion Resistant Plating</td></tr>  <tr><td>Disc Diameter</td><td>:</td><td>328mm</td></tr>  <tr><td>Disc Width (Measurement)</td><td>:</td><td>28mm</td></tr>  <tr><td>Disc Air Gap (Measurement)</td><td>:</td><td>17mm</td></tr>  <tr><td>Disc Annulus (Measurement)</td><td>:</td><td>54mm</td></tr>  <tr><td>Disc Construction</td><td>:</td><td>2-Piece Disc Assembly</td></tr>  <tr><td>Disc Vane Design (Measurement)</td><td>:</td><td>Vented Curved 48 Vane</td></tr>  <tr><td>Disc To Hat Mounting System</td><td>:</td><td>Floating D-Bobbin with Anti Rattle Spring</td></tr></tbody></table><p><strong>Friction Material</strong></p><table><tbody>  <tr><td>Pad Compound</td><td>:</td><td>Brembo High Performance FM1000</td></tr>  <tr><td>Pad Volume / Surface Area</td><td>:</td><td>48.2 | 53.6</td></tr></tbody></table>        <p>&nbsp;</p>        <h4>What's Included</h4><ul>  <li>Brake Lines: Proprietary Brembo Stainless Steel Braided Brake Lines by Goodridge</li>  <li>Mounting Hardware: Brembo Engineered CNC Billet Caliper Adapters - All Necessary Hardware Included For Ease of Installation</li></ul>        <p>&nbsp;</p>        <p>&nbsp;</p><h4>Compatibility</h4><div class=""compatibility-accordion-wrapper""><div class=""compatibility-tab"">                        <input name=""tabs"" type=""checkbox"" id=""compatibility-tab-1"">                        <label for=""compatibility-tab-1""><b>BMW</b><br></label>                                                    <div class=""compatibility-tab-content""><ul><li>M2 (F87)</li><li>M2 COMPETITION (F87)</li><li>M3 (CARBON-CERAMIC BRAKE EQUIPPED) (F80)</li><li>M3 (EXCLUDING CARBON-CERAMIC BRAKE) (F80)</li><li>M4 (CARBON-CERAMIC BRAKE EQUIPPED) (F82)</li><li>M4 (EXCLUDING CARBON-CERAMIC BRAKE) (F82)</li></ul></div></div></div><p>Feel free to contact us at info@mlperformance.co.uk should you wish to double check!</p>        <p>&nbsp;</p>        <h4>Compatibility Check</h4><p>To ensure the part(s) you have ordered fits your vehicle, we run a compatibility check prior to dispatch. We can do this either using your registration number (UK) or the last 7 digits of your VIN. Simply enter your car details prior to checkout.</p>          <p>&nbsp;</p>        <h4>Part Number</h4><p>BREMBO-1N1.9045A2 (Cross Drilled /  Red)</p><p>BREMBO-1N1.9045A1 (Cross Drilled /  Black)</p><p>BREMBO-1N1.9045A3 (Cross Drilled /  Silver)</p><p>BREMBO-1N1.9045A5 (Cross Drilled /  Yellow)</p>        <p>&nbsp;</p>        <h4>More Information</h4><p><strong>Manufactured by</strong></p><p>Brembo</p>",Brembo,,Brake,"Uploaded by_Muazzim, Brand_Brembo, Product Type_Brake, Category_Brake Discs",TRUE,Disc Type,Cross Drilled,Finish,Red,,,BREMBO-1N1.9045A2,25000,shopify,continue,manual,4515.43,4908.08,TRUE,TRUE,1N1.9045A2,https://racetechnologies.com/sites/default/files/content/images/brakekits/brembo-n-caliper-6-piston-2-piece-365-380mm-drilled-red-med.jpg,1,"Brembo 1N-.9045A (F) 6-Piston Monobloc Calipers  380x34mm (15"") 2-Piece Discs Brake Disc",,"Brembo 1N-.9045A (F) 6-Piston Monobloc Calipers  380x34mm (15"") 2-Piece Discs Brake Disc","Get Brembo 1N-.9045A (F) 6-Piston Monobloc Calipers  380x34mm (15"") 2-Piece Discs Brake Disc for your car to get your desired looks and performance from ML Performance at the lowest price with FREE UK shipping & next day delivery on in stock items. Very cheap prices & good service.",,,,1N1.9045A2,,,new,,,,,,,https://racetechnologies.com/sites/default/files/content/images/brakekits/brembo-n-caliper-6-piston-2-piece-365-380mm-drilled-red-med.jpg,kg,8708949900,,,,,active
brembo-1n-9045a-f-6-piston-monobloc-calipers-380x34mm-15-2-piece-discs-brake-disc,,,,,,,,,Cross Drilled,,Black,,,BREMBO-1N1.9045A1,25000,shopify,continue,manual,4515.43,4908.08,TRUE,TRUE,1N1.9045A1,https://racetechnologies.com/sites/default/files/content/images/brakekits/brembo-n-caliper-6-piston-2-piece-365-380mm-drilled-black-med.jpg,2,,,,,,,,1N1.9045A1,,,,,,,,,,https://racetechnologies.com/sites/default/files/content/images/brakekits/brembo-n-caliper-6-piston-2-piece-365-380mm-drilled-black-med.jpg,kg,8708949900,,,,,
brembo-1n-9045a-f-6-piston-monobloc-calipers-380x34mm-15-2-piece-discs-brake-disc,,,,,,,,,Cross Drilled,,Silver,,,BREMBO-1N1.9045A3,25000,shopify,continue,manual,4515.43,4908.08,TRUE,TRUE,1N1.9045A3,https://racetechnologies.com/sites/default/files/content/images/brakekits/brembo-n-caliper-6-piston-2-piece-365-380mm-drilled-silver-med.jpg,3,,,,,,,,1N1.9045A3,,,,,,,,,,https://racetechnologies.com/sites/default/files/content/images/brakekits/brembo-n-caliper-6-piston-2-piece-365-380mm-drilled-silver-med.jpg,kg,8708949900,,,,,
brembo-1n-9045a-f-6-piston-monobloc-calipers-380x34mm-15-2-piece-discs-brake-disc,,,,,,,,,Cross Drilled,,Yellow,,,BREMBO-1N1.9045A5,25000,shopify,continue,manual,4515.43,4908.08,TRUE,TRUE,1N1.9045A5,https://racetechnologies.com/sites/default/files/content/images/brakekits/brembo-n-caliper-6-piston-2-piece-365-380mm-drilled-yellow-med.jpg,4,,,,,,,,1N1.9045A5,,,,,,,,,,https://racetechnologies.com/sites/default/files/content/images/brakekits/brembo-n-caliper-6-piston-2-piece-365-380mm-drilled-yellow-med.jpg,kg,8708949900,,,,,
brembo-1n-9045a-f-6-piston-billet-monobloc-calipers-380x34mm-15-2-piece-discs-brake-disc,"Brembo 1N-.9045A 6-Piston Billet Monobloc Calipers  380x34mm (15"") 2-Piece Discs Brake Disc (Front)","<h4><strong>Description</strong></h4>This is 6-Piston Billet Monobloc Calipers | 380x34mm (15"") 2-Piece Discs | Complete Axle Set | Pre-Assembled | All Necessary Hardware Included, Front        <p>&nbsp;</p>        <h4>Features</h4>        <p><strong>Caliper</strong></p><table><tbody>  <tr><td>Caliper Body</td><td>:</td><td>Billet Monobloc Radial Mount</td></tr>  <tr><td>Caliper Piston Configuration</td><td>:</td><td>6-Piston</td></tr>  <tr><td>Caliper Piston Design And Insert Type</td><td>:</td><td>Inner Pressure Seal / Recessed Dust Boot / Ventilated Stainless Steel Insert</td></tr></tbody></table><p><strong>Disc</strong></p><table><tbody>  <tr><td>Disc Material/Finish</td><td>:</td><td>Advanced High Carbon Alloy / Corrosion Resistant Plating</td></tr>  <tr><td>Disc Diameter</td><td>:</td><td>328mm</td></tr>  <tr><td>Disc Width (Measurement)</td><td>:</td><td>28mm</td></tr>  <tr><td>Disc Air Gap (Measurement)</td><td>:</td><td>17mm</td></tr>  <tr><td>Disc Annulus (Measurement)</td><td>:</td><td>54mm</td></tr>  <tr><td>Disc Construction</td><td>:</td><td>2-Piece Disc Assembly</td></tr>  <tr><td>Disc Vane Design (Measurement)</td><td>:</td><td>Vented Curved 48 Vane</td></tr>  <tr><td>Disc To Hat Mounting System</td><td>:</td><td>Floating D-Bobbin with Anti Rattle Spring</td></tr></tbody></table><p><strong>Friction Material</strong></p><table><tbody>  <tr><td>Pad Compound</td><td>:</td><td>Brembo High Performance FM1000</td></tr>  <tr><td>Pad Volume / Surface Area</td><td>:</td><td>48.2 | 53.6</td></tr></tbody></table>        <p>&nbsp;</p>        <h4>What's Included</h4><ul>  <li>Brake Lines: Proprietary Brembo Stainless Steel Braided Brake Lines by Goodridge</li>  <li>Mounting Hardware: Brembo Engineered CNC Billet Caliper Adapters - All Necessary Hardware Included For Ease of Installation</li></ul>        <p>&nbsp;</p>        <p>&nbsp;</p><h4>Compatibility</h4><div class=""compatibility-accordion-wrapper""><div class=""compatibility-tab"">                        <input name=""tabs"" type=""checkbox"" id=""compatibility-tab-1"">                        <label for=""compatibility-tab-1""><b>BMW</b><br></label>                                                    <div class=""compatibility-tab-content""><ul><li>M2 (F87)</li><li>M2 COMPETITION (F87)</li><li>M3 (CARBON-CERAMIC BRAKE EQUIPPED) (F80)</li><li>M3 (EXCLUDING CARBON-CERAMIC BRAKE) (F80)</li><li>M4 (CARBON-CERAMIC BRAKE EQUIPPED) (F82)</li><li>M4 (EXCLUDING CARBON-CERAMIC BRAKE) (F82)</li></ul></div></div></div><p>Feel free to contact us at info@mlperformance.co.uk should you wish to double check!</p>        <p>&nbsp;</p>        <h4>Compatibility Check</h4><p>To ensure the part(s) you have ordered fits your vehicle, we run a compatibility check prior to dispatch. We can do this either using your registration number (UK) or the last 7 digits of your VIN. Simply enter your car details prior to checkout.</p>          <p>&nbsp;</p>        <h4>Part Number</h4><p>BREMBO-1N1.9045AR (Cross Drilled /  Nickel Plated)</p>        <p>&nbsp;</p>        <h4>More Information</h4><p><strong>Manufactured by</strong></p><p>Brembo</p>",Brembo,,Brake,"Uploaded by_Muazzim, Brand_Brembo, Product Type_Brake, Category_Brake Discs",TRUE,Disc Type,Cross Drilled,Finish,Nickel Plated,,,BREMBO-1N1.9045AR,25000,shopify,continue,manual,4515.43,4908.08,TRUE,TRUE,1N1.9045AR,https://racetechnologies.com/sites/default/files/content/images/brakekits/brembo-n-caliper-6-piston-2-piece-365-380mm-drilled-gt-r-med_0.jpg,1,"Brembo 1N-.9045A (F) 6-Piston Billet Monobloc Calipers  380x34mm (15"") 2-Piece Discs Brake Disc",,"Brembo 1N-.9045A (F) 6-Piston Billet Monobloc Calipers  380x34mm (15"") 2-Piece Discs Brake Disc","Get Brembo 1N-.9045A (F) 6-Piston Billet Monobloc Calipers  380x34mm (15"") 2-Piece Discs Brake Disc for your car to get your desired looks and performance from ML Performance at the lowest price with FREE UK shipping & next day delivery on in stock items. Very cheap prices & good service.",,,,1N1.9045AR,,,new,,,,,,,https://racetechnologies.com/sites/default/files/content/images/brakekits/brembo-n-caliper-6-piston-2-piece-365-380mm-drilled-gt-r-med_0.jpg,kg,8708949900,,,,,active
brembo-1n-9045a-f-6-piston-cast-monobloc-calipers-380x34mm-15-2-piece-discs-brake-disc,Brembo 1N-.9045A 6-Piston Cast Monobloc Calipers  380x34mm (15'') 2-Piece Discs Brake Disc (Front),"<h4><strong>Description</strong></h4>This is 6-Piston Cast Monobloc Calipers | 380x34mm (15'') 2-Piece Discs | Complete Axle Set | Pre-Assembled | All Necessary Hardware Included, Front        <p>&nbsp;</p>        <h4>Features</h4>        <p><strong>Caliper</strong></p><table><tbody>  <tr><td>Caliper Body</td><td>:</td><td>Cast Monobloc Radial Mount</td></tr>  <tr><td>Caliper Piston Configuration</td><td>:</td><td>6-Piston</td></tr>  <tr><td>Caliper Piston Design And Insert Type</td><td>:</td><td>Inner Pressure Seal / Recessed Dust Boot / Stainless Steel Insert</td></tr></tbody></table><p><strong>Disc</strong></p><table><tbody>  <tr><td>Disc Material/Finish</td><td>:</td><td>Advanced High Carbon Alloy / Corrosion Resistant Plating</td></tr>  <tr><td>Disc Diameter</td><td>:</td><td>328mm</td></tr>  <tr><td>Disc Width (Measurement)</td><td>:</td><td>28mm</td></tr>  <tr><td>Disc Air Gap (Measurement)</td><td>:</td><td>17mm</td></tr>  <tr><td>Disc Annulus (Measurement)</td><td>:</td><td>54mm</td></tr>  <tr><td>Disc Construction</td><td>:</td><td>2-Piece Disc Assembly</td></tr>  <tr><td>Disc Vane Design (Measurement)</td><td>:</td><td>Vented Curved 48 Vane</td></tr>  <tr><td>Disc To Hat Mounting System</td><td>:</td><td>Floating D-Bobbin with Anti Rattle Spring</td></tr></tbody></table><p><strong>Friction Material</strong></p><table><tbody>  <tr><td>Pad Compound</td><td>:</td><td>Brembo High Performance FM1000</td></tr>  <tr><td>Pad Volume / Surface Area</td><td>:</td><td>48.2 | 53.6</td></tr></tbody></table>        <p>&nbsp;</p>        <h4>What's Included</h4><ul>  <li>Brake Lines: Proprietary Brembo Stainless Steel Braided Brake Lines by Goodridge</li>  <li>Mounting Hardware: Brembo Engineered CNC Billet Caliper Adapters - All Necessary Hardware Included For Ease of Installation</li></ul>        <p>&nbsp;</p>        <p>&nbsp;</p><h4>Compatibility</h4><div class=""compatibility-accordion-wrapper""><div class=""compatibility-tab"">                        <input name=""tabs"" type=""checkbox"" id=""compatibility-tab-1"">                        <label for=""compatibility-tab-1""><b>BMW</b><br></label>                                                    <div class=""compatibility-tab-content""><ul><li>M2 (F87)</li><li>M2 COMPETITION (F87)</li><li>M3 (CARBON-CERAMIC BRAKE EQUIPPED) (F80)</li><li>M3 (EXCLUDING CARBON-CERAMIC BRAKE) (F80)</li><li>M4 (CARBON-CERAMIC BRAKE EQUIPPED) (F82)</li><li>M4 (EXCLUDING CARBON-CERAMIC BRAKE) (F82)</li></ul></div></div></div><p>Feel free to contact us at info@mlperformance.co.uk should you wish to double check!</p>        <p>&nbsp;</p>        <h4>Compatibility Check</h4><p>To ensure the part(s) you have ordered fits your vehicle, we run a compatibility check prior to dispatch. We can do this either using your registration number (UK) or the last 7 digits of your VIN. Simply enter your car details prior to checkout.</p>          <p>&nbsp;</p>        <h4>Part Number</h4><p>BREMBO-1N1.9045AS (Cross Drilled /  Black Hard Anodized)</p>        <p>&nbsp;</p>        <h4>More Information</h4><p><strong>Manufactured by</strong></p><p>Brembo</p>",Brembo,,Brake,"Uploaded by_Muazzim, Brand_Brembo, Product Type_Brake, Category_Brake Discs",TRUE,Disc Type,Cross Drilled,Finish,Black Hard Anodized,,,BREMBO-1N1.9045AS,25000,shopify,continue,manual,4515.43,4908.08,TRUE,TRUE,1N1.9045AS,https://racetechnologies.com/sites/default/files/content/images/brakekits/brembo-n-caliper-6-piston-2-piece-365-380mm-drilled-gt-s-med.jpg,1,Brembo 1N-.9045A (F) 6-Piston Cast Monobloc Calipers  380x34mm (15'') 2-Piece Discs Brake Disc,,Brembo 1N-.9045A (F) 6-Piston Cast Monobloc Calipers  380x34mm (15'') 2-Piece Discs Brake Disc,Get Brembo 1N-.9045A (F) 6-Piston Cast Monobloc Calipers  380x34mm (15'') 2-Piece Discs Brake Disc for your car to get your desired looks and performance from ML Performance at the lowest price with FREE UK shipping & next day delivery on in stock items. Very cheap prices & good service.,,,,1N1.9045AS,,,new,,,,,,,https://racetechnologies.com/sites/default/files/content/images/brakekits/brembo-n-caliper-6-piston-2-piece-365-380mm-drilled-gt-s-med.jpg,kg,8708949900,,,,,active
brembo-1t-9001a-f-6-piston-cast-monobloc-calipers-380x34mm-15-2-piece-discs-brake-disc,Brembo 1T-.9001A 6-Piston Cast Monobloc Calipers  380x34mm (15'') 2-Piece Discs Brake Disc (Front),"<h4><strong>Description</strong></h4>This is 6-Piston Cast Monobloc Calipers | 380x34mm (15'') 2-Piece Discs | Complete Axle Set | Pre-Assembled | All Necessary Hardware Included, Front        <p>&nbsp;</p>        <h4>Features</h4>        <p><strong>Caliper</strong></p><table><tbody>  <tr><td>Caliper Body</td><td>:</td><td>Cast Monobloc Radial Mount</td></tr>  <tr><td>Caliper Piston Configuration</td><td>:</td><td>6-Piston</td></tr>  <tr><td>Caliper Piston Design And Insert Type</td><td>:</td><td>Inner Pressure Seal / OEM Approved Dust Boot</td></tr></tbody></table><p><strong>Disc</strong></p><table><tbody>  <tr><td>Disc Material/Finish</td><td>:</td><td>Advanced High Carbon Alloy / Corrosion Resistant Plating</td></tr>  <tr><td>Disc Diameter</td><td>:</td><td>328mm</td></tr>  <tr><td>Disc Width (Measurement)</td><td>:</td><td>28mm</td></tr>  <tr><td>Disc Air Gap (Measurement)</td><td>:</td><td>17mm</td></tr>  <tr><td>Disc Annulus (Measurement)</td><td>:</td><td>54mm</td></tr>  <tr><td>Disc Construction</td><td>:</td><td>2-Piece Disc Assembly</td></tr>  <tr><td>Disc Vane Design (Measurement)</td><td>:</td><td>Vented Curved 48 Vane</td></tr>  <tr><td>Disc To Hat Mounting System</td><td>:</td><td>Floating D-Bobbin with Anti Rattle Spring</td></tr></tbody></table><p><strong>Friction Material</strong></p><table><tbody>  <tr><td>Pad Compound</td><td>:</td><td>Brembo High Performance FM1000</td></tr>  <tr><td>Pad Volume / Surface Area</td><td>:</td><td>48.2 | 53.6</td></tr></tbody></table>        <p>&nbsp;</p>        <h4>What's Included</h4><ul>  <li>Brake Lines: Proprietary Brembo Stainless Steel Braided Brake Lines by Goodridge</li>  <li>Mounting Hardware: Brembo Engineered CNC Billet Caliper Adapters - All Necessary Hardware Included For Ease of Installation</li></ul>        <p>&nbsp;</p>        <p>&nbsp;</p><h4>Compatibility</h4><div class=""compatibility-accordion-wrapper""><div class=""compatibility-tab"">                        <input name=""tabs"" type=""checkbox"" id=""compatibility-tab-1"">                        <label for=""compatibility-tab-1""><b>BMW</b><br></label>                                                    <div class=""compatibility-tab-content""><ul><li>M2 (F87)</li><li>M2 COMPETITION (F87)</li><li>M3 (CARBON-CERAMIC BRAKE EQUIPPED) (F80)</li><li>M3 (EXCLUDING CARBON-CERAMIC BRAKE) (F80)</li><li>M4 (CARBON-CERAMIC BRAKE EQUIPPED) (F82)</li><li>M4 (EXCLUDING CARBON-CERAMIC BRAKE) (F82)</li></ul></div></div></div><p>Feel free to contact us at info@mlperformance.co.uk should you wish to double check!</p>        <p>&nbsp;</p>        <h4>Compatibility Check</h4><p>To ensure the part(s) you have ordered fits your vehicle, we run a compatibility check prior to dispatch. We can do this either using your registration number (UK) or the last 7 digits of your VIN. Simply enter your car details prior to checkout.</p>          <p>&nbsp;</p>        <h4>Part Number</h4><p>BREMBO-1T1.9001A2 (Cross Drilled /  Red)</p>        <p>&nbsp;</p>        <h4>More Information</h4><p><strong>Manufactured by</strong></p><p>Brembo</p>",Brembo,,Brake,"Uploaded by_Muazzim, Brand_Brembo, Product Type_Brake, Category_Brake Discs",TRUE,Disc Type,Cross Drilled,Finish,Red,,,BREMBO-1T1.9001A2,25000,shopify,continue,manual,4616.92,5018.39,TRUE,TRUE,1T1.9001A2,https://racetechnologies.com/sites/default/files/content/images/brakekits/brembo-t-caliper-6-piston-2-piece-365-380mm-drilled-red-med.jpg,1,Brembo 1T-.9001A (F) 6-Piston Cast Monobloc Calipers  380x34mm (15'') 2-Piece Discs Brake Disc,,Brembo 1T-.9001A (F) 6-Piston Cast Monobloc Calipers  380x34mm (15'') 2-Piece Discs Brake Disc,Get Brembo 1T-.9001A (F) 6-Piston Cast Monobloc Calipers  380x34mm (15'') 2-Piece Discs Brake Disc for your car to get your desired looks and performance from ML Performance at the lowest price with FREE UK shipping & next day delivery on in stock items. Very cheap prices & good service.,,,,1T1.9001A2,,,new,,,,,,,https://racetechnologies.com/sites/default/files/content/images/brakekits/brembo-t-caliper-6-piston-2-piece-365-380mm-drilled-red-med.jpg,kg,8708949900,,,,,active
brembo-1t-9501a-f-6-piston-cast-monobloc-calipers-405x34mm-15-9-2-piece-discs-brake-disc,Brembo 1T-.9501A 6-Piston Cast Monobloc Calipers  405x34mm (15.9'') 2-Piece Discs Brake Disc (Front),"<h4><strong>Description</strong></h4>This is 6-Piston Cast Monobloc Calipers | 405x34mm (15.9'') 2-Piece Discs | Complete Axle Set | Pre-Assembled | All Necessary Hardware Included, Front        <p>&nbsp;</p>        <h4>Features</h4>        <p><strong>Caliper</strong></p><table><tbody>  <tr><td>Caliper Body</td><td>:</td><td>Cast Monobloc Radial Mount</td></tr>  <tr><td>Caliper Piston Configuration</td><td>:</td><td>6-Piston</td></tr>  <tr><td>Caliper Piston Design And Insert Type</td><td>:</td><td>Inner Pressure Seal / OEM Approved Dust Boot</td></tr></tbody></table><p><strong>Disc</strong></p><table><tbody>  <tr><td>Disc Material/Finish</td><td>:</td><td>Advanced High Carbon Alloy / Corrosion Resistant Plating</td></tr>  <tr><td>Disc Diameter</td><td>:</td><td>328mm</td></tr>  <tr><td>Disc Width (Measurement)</td><td>:</td><td>28mm</td></tr>  <tr><td>Disc Air Gap (Measurement)</td><td>:</td><td>17mm</td></tr>  <tr><td>Disc Annulus (Measurement)</td><td>:</td><td>54mm</td></tr>  <tr><td>Disc Construction</td><td>:</td><td>2-Piece Disc Assembly</td></tr>  <tr><td>Disc Vane Design (Measurement)</td><td>:</td><td>Vented Curved 48 Vane</td></tr>  <tr><td>Disc To Hat Mounting System</td><td>:</td><td>Floating D-Bobbin with Anti Rattle Spring</td></tr></tbody></table><p><strong>Friction Material</strong></p><table><tbody>  <tr><td>Pad Compound</td><td>:</td><td>Brembo High Performance FM1000</td></tr>  <tr><td>Pad Volume / Surface Area</td><td>:</td><td>48.2 | 53.6</td></tr></tbody></table>        <p>&nbsp;</p>        <h4>What's Included</h4><ul>  <li>Brake Lines: Proprietary Brembo Stainless Steel Braided Brake Lines by Goodridge</li>  <li>Mounting Hardware: Brembo Engineered CNC Billet Caliper Adapters - All Necessary Hardware Included For Ease of Installation</li></ul>        <p>&nbsp;</p>        <p>&nbsp;</p><h4>Compatibility</h4><div class=""compatibility-accordion-wrapper""><div class=""compatibility-tab"">                        <input name=""tabs"" type=""checkbox"" id=""compatibility-tab-1"">                        <label for=""compatibility-tab-1""><b>BMW</b><br></label>                                                    <div class=""compatibility-tab-content""><ul><li>M2 (F87)</li><li>M2 COMPETITION (F87)</li><li>M3 (CARBON-CERAMIC BRAKE EQUIPPED) (F80)</li><li>M3 (EXCLUDING CARBON-CERAMIC BRAKE) (F80)</li><li>M4 (CARBON-CERAMIC BRAKE EQUIPPED) (F82)</li><li>M4 (EXCLUDING CARBON-CERAMIC BRAKE) (F82)</li></ul></div></div></div><p>Feel free to contact us at info@mlperformance.co.uk should you wish to double check!</p>        <p>&nbsp;</p>        <h4>Compatibility Check</h4><p>To ensure the part(s) you have ordered fits your vehicle, we run a compatibility check prior to dispatch. We can do this either using your registration number (UK) or the last 7 digits of your VIN. Simply enter your car details prior to checkout.</p>          <p>&nbsp;</p>        <h4>Part Number</h4><p>BREMBO-1T1.9501A2 (Cross Drilled /  Red)</p>        <p>&nbsp;</p>        <h4>More Information</h4><p><strong>Manufactured by</strong></p><p>Brembo</p>",Brembo,,Brake,"Uploaded by_Muazzim, Brand_Brembo, Product Type_Brake, Category_Brake Discs",TRUE,Disc Type,Cross Drilled,Finish,Red,,,BREMBO-1T1.9501A2,25000,shopify,continue,manual,5225.74,5680.15,TRUE,TRUE,1T1.9501A2,https://racetechnologies.com/sites/default/files/content/images/brakekits/brembo-t-caliper-6-piston-2-piece-405mm-drilled-red-med.jpg,1,Brembo 1T-.9501A (F) 6-Piston Cast Monobloc Calipers  405x34mm (15.9'') 2-Piece Discs Brake Disc,,Brembo 1T-.9501A (F) 6-Piston Cast Monobloc Calipers  405x34mm (15.9'') 2-Piece Discs Brake Disc,Get Brembo 1T-.9501A (F) 6-Piston Cast Monobloc Calipers  405x34mm (15.9'') 2-Piece Discs Brake Disc for your car to get your desired looks and performance from ML Performance at the lowest price with FREE UK shipping & next day delivery on in stock items. Very cheap prices & good service.,,,,1T1.9501A2,,,new,,,,,,,https://racetechnologies.com/sites/default/files/content/images/brakekits/brembo-t-caliper-6-piston-2-piece-405mm-drilled-red-med.jpg,kg,8708949900,,,,,active
brembo-2p-9044a-r-4-piston-monobloc-calipers-380x28mm-15-2-piece-discs-brake-disc,"Brembo 2P-.9044A 4-Piston Monobloc Calipers  380x28mm (15"") 2-Piece Discs Brake Disc (Rear)","<h4><strong>Description</strong></h4>This is  4-Piston Monobloc Calipers | 380x28mm (15"") 2-Piece Discs | Complete Axle Set | Pre-Assembled | All Necessary Hardware Included, Rear        <p>&nbsp;</p>        <h4>Features</h4>        <p><strong>Caliper</strong></p><table><tbody>  <tr><td>Caliper Body</td><td>:</td><td>Cast Monobloc Radial Mount</td></tr>  <tr><td>Caliper Piston Configuration</td><td>:</td><td>4-Piston</td></tr>  <tr><td>Caliper Piston Design And Insert Type</td><td>:</td><td>Inner Pressure Seal / OEM Approved Dust Boot</td></tr></tbody></table><p><strong>Disc</strong></p><table><tbody>  <tr><td>Disc Material/Finish</td><td>:</td><td>Advanced High Carbon Alloy / Corrosion Resistant Plating</td></tr>  <tr><td>Disc Diameter</td><td>:</td><td>328mm</td></tr>  <tr><td>Disc Width (Measurement)</td><td>:</td><td>28mm</td></tr>  <tr><td>Disc Air Gap (Measurement)</td><td>:</td><td>17mm</td></tr>  <tr><td>Disc Annulus (Measurement)</td><td>:</td><td>54mm</td></tr>  <tr><td>Disc Construction</td><td>:</td><td>2-Piece Disc Assembly</td></tr>  <tr><td>Disc Vane Design (Measurement)</td><td>:</td><td>Vented Curved 48 Vane</td></tr>  <tr><td>Disc To Hat Mounting System</td><td>:</td><td>Floating D-Bobbin with Anti Rattle Spring</td></tr></tbody></table><p><strong>Friction Material</strong></p><table><tbody>  <tr><td>Pad Compound</td><td>:</td><td>Brembo High Performance FM1000</td></tr>  <tr><td>Pad Volume / Surface Area</td><td>:</td><td>48.2 | 53.6</td></tr></tbody></table>        <p>&nbsp;</p>        <h4>What's Included</h4><ul>  <li>Brake Lines: Proprietary Brembo Stainless Steel Braided Brake Lines by Goodridge</li>  <li>Mounting Hardware: Brembo Engineered CNC Billet Caliper Adapters - All Necessary Hardware Included For Ease of Installation</li></ul>        <p>&nbsp;</p>        <p>&nbsp;</p><h4>Compatibility</h4><div class=""compatibility-accordion-wrapper""><div class=""compatibility-tab"">                        <input name=""tabs"" type=""checkbox"" id=""compatibility-tab-1"">                        <label for=""compatibility-tab-1""><b>BMW</b><br></label>                                                    <div class=""compatibility-tab-content""><ul><li>M2 (F87)</li><li>M3 (EXCLUDING CARBON-CERAMIC BRAKE) (F80)</li><li>M4 (EXCLUDING CARBON-CERAMIC BRAKE) (F82)</li></ul></div></div></div><p>Feel free to contact us at info@mlperformance.co.uk should you wish to double check!</p>        <p>&nbsp;</p>        <h4>Compatibility Check</h4><p>To ensure the part(s) you have ordered fits your vehicle, we run a compatibility check prior to dispatch. We can do this either using your registration number (UK) or the last 7 digits of your VIN. Simply enter your car details prior to checkout.</p>          <p>&nbsp;</p>        <h4>Part Number</h4><p>BREMBO-2P1.9044A2 (Cross Drilled /  Red)</p><p>BREMBO-2P1.9044A1 (Cross Drilled /  Black)</p><p>BREMBO-2P1.9044A3 (Cross Drilled /  Silver)</p><p>BREMBO-2P1.9044A5 (Cross Drilled /  Yellow)</p><p>BREMBO-2P2.9044A2 (TY1 /  Red)</p><p>BREMBO-2P2.9044A1 (TY1 /  Black)</p><p>BREMBO-2P2.9044A3 (TY1 /  Silver)</p><p>BREMBO-2P2.9044A5 (TY1 /  Yellow)</p>        <p>&nbsp;</p>        <h4>More Information</h4><p><strong>Manufactured by</strong></p><p>Brembo</p>",Brembo,,Brake,"Uploaded by_Muazzim, Brand_Brembo, Product Type_Brake, Category_Brake Discs",TRUE,Disc Type,Cross Drilled,Finish,Red,,,BREMBO-2P1.9044A2,25000,shopify,continue,manual,3906.61,4246.32,TRUE,TRUE,2P1.9044A2,https://racetechnologies.com/sites/default/files/content/images/brakekits/brembo-p-caliper-4-piston-2-piece-345-365-380mm-drilled-red-med.jpg,1,"Brembo 2P-.9044A (R) 4-Piston Monobloc Calipers  380x28mm (15"") 2-Piece Discs Brake Disc",,"Brembo 2P-.9044A (R) 4-Piston Monobloc Calipers  380x28mm (15"") 2-Piece Discs Brake Disc","Get Brembo 2P-.9044A (R) 4-Piston Monobloc Calipers  380x28mm (15"") 2-Piece Discs Brake Disc for your car to get your desired looks and performance from ML Performance at the lowest price with FREE UK shipping & next day delivery on in stock items. Very cheap prices & good service.",,,,2P1.9044A2,,,new,,,,,,,https://racetechnologies.com/sites/default/files/content/images/brakekits/brembo-p-caliper-4-piston-2-piece-345-365-380mm-drilled-red-med.jpg,kg,8708949900,,,,,active
brembo-2p-9044a-r-4-piston-monobloc-calipers-380x28mm-15-2-piece-discs-brake-disc,,,,,,,,,Cross Drilled,,Black,,,BREMBO-2P1.9044A1,25000,shopify,continue,manual,3906.61,4246.32,TRUE,TRUE,2P1.9044A1,https://racetechnologies.com/sites/default/files/content/images/brakekits/brembo-p-caliper-4-piston-2-piece-345-365-380mm-drilled-black-med.jpg,2,,,,,,,,2P1.9044A1,,,,,,,,,,https://racetechnologies.com/sites/default/files/content/images/brakekits/brembo-p-caliper-4-piston-2-piece-345-365-380mm-drilled-black-med.jpg,kg,8708949900,,,,,
brembo-2p-9044a-r-4-piston-monobloc-calipers-380x28mm-15-2-piece-discs-brake-disc,,,,,,,,,Cross Drilled,,Silver,,,BREMBO-2P1.9044A3,25000,shopify,continue,manual,3906.61,4246.32,TRUE,TRUE,2P1.9044A3,https://racetechnologies.com/sites/default/files/content/images/brakekits/brembo-p-caliper-4-piston-2-piece-345-365-380mm-drilled-silver-med.jpg,3,,,,,,,,2P1.9044A3,,,,,,,,,,https://racetechnologies.com/sites/default/files/content/images/brakekits/brembo-p-caliper-4-piston-2-piece-345-365-380mm-drilled-silver-med.jpg,kg,8708949900,,,,,
brembo-2p-9044a-r-4-piston-monobloc-calipers-380x28mm-15-2-piece-discs-brake-disc,,,,,,,,,Cross Drilled,,Yellow,,,BREMBO-2P1.9044A5,25000,shopify,continue,manual,3906.61,4246.32,TRUE,TRUE,2P1.9044A5,https://racetechnologies.com/sites/default/files/content/images/brakekits/brembo-p-caliper-4-piston-2-piece-345-365-380mm-drilled-yellow-med.jpg,4,,,,,,,,2P1.9044A5,,,,,,,,,,https://racetechnologies.com/sites/default/files/content/images/brakekits/brembo-p-caliper-4-piston-2-piece-345-365-380mm-drilled-yellow-med.jpg,kg,8708949900,,,,,
brembo-2p-9044a-r-4-piston-monobloc-calipers-380x28mm-15-2-piece-discs-brake-disc,,,,,,,,,TY1,,Red,,,BREMBO-2P2.9044A2,25000,shopify,continue,manual,3906.61,4246.32,TRUE,TRUE,2P2.9044A2,https://racetechnologies.com/sites/default/files/content/images/brakekits/brembo-p-caliper-4-piston-2-piece-345-365-380mm-slotted-type-1-red-med.jpg,5,,,,,,,,2P2.9044A2,,,,,,,,,,https://racetechnologies.com/sites/default/files/content/images/brakekits/brembo-p-caliper-4-piston-2-piece-345-365-380mm-slotted-type-1-red-med.jpg,kg,8708949900,,,,,
brembo-2p-9044a-r-4-piston-monobloc-calipers-380x28mm-15-2-piece-discs-brake-disc,,,,,,,,,TY1,,Black,,,BREMBO-2P2.9044A1,25000,shopify,continue,manual,3906.61,4246.32,TRUE,TRUE,2P2.9044A1,https://racetechnologies.com/sites/default/files/content/images/brakekits/brembo-p-caliper-4-piston-2-piece-345-365-380mm-slotted-type-1-black-med.jpg,6,,,,,,,,2P2.9044A1,,,,,,,,,,https://racetechnologies.com/sites/default/files/content/images/brakekits/brembo-p-caliper-4-piston-2-piece-345-365-380mm-slotted-type-1-black-med.jpg,kg,8708949900,,,,,
brembo-2p-9044a-r-4-piston-monobloc-calipers-380x28mm-15-2-piece-discs-brake-disc,,,,,,,,,TY1,,Silver,,,BREMBO-2P2.9044A3,25000,shopify,continue,manual,3906.61,4246.32,TRUE,TRUE,2P2.9044A3,https://racetechnologies.com/sites/default/files/content/images/brakekits/brembo-p-caliper-4-piston-2-piece-345-365-380mm-slotted-type-1-silver-med.jpg,7,,,,,,,,2P2.9044A3,,,,,,,,,,https://racetechnologies.com/sites/default/files/content/images/brakekits/brembo-p-caliper-4-piston-2-piece-345-365-380mm-slotted-type-1-silver-med.jpg,kg,8708949900,,,,,
brembo-2p-9044a-r-4-piston-monobloc-calipers-380x28mm-15-2-piece-discs-brake-disc,,,,,,,,,TY1,,Yellow,,,BREMBO-2P2.9044A5,25000,shopify,continue,manual,3906.61,4246.32,TRUE,TRUE,2P2.9044A5,https://racetechnologies.com/sites/default/files/content/images/brakekits/brembo-p-caliper-4-piston-2-piece-345-365-380mm-slotted-type-1-yellow-med.jpg,8,,,,,,,,2P2.9044A5,,,,,,,,,,https://racetechnologies.com/sites/default/files/content/images/brakekits/brembo-p-caliper-4-piston-2-piece-345-365-380mm-slotted-type-1-yellow-med.jpg,kg,8708949900,,,,,
brembo-2p-9044a-r-4-piston-billet-monobloc-calipers-380x28mm-15-2-piece-discs-brake-disc,"Brembo 2P-.9044A 4-Piston Billet Monobloc Calipers  380x28mm (15"") 2-Piece Discs Brake Disc (Rear)","<h4><strong>Description</strong></h4>This is  4-Piston Billet Monobloc Calipers | 380x28mm (15"") 2-Piece Discs | Complete Axle Set | Pre-Assembled | All Necessary Hardware Included, Rear        <p>&nbsp;</p>        <h4>Features</h4>        <p><strong>Caliper</strong></p><table><tbody>  <tr><td>Caliper Body</td><td>:</td><td>Billet Monobloc Radial Mount</td></tr>  <tr><td>Caliper Piston Configuration</td><td>:</td><td>4-Piston</td></tr>  <tr><td>Caliper Piston Design And Insert Type</td><td>:</td><td>Inner Pressure Seal / Recessed Dust Boot / Ventilated Stainless Steel Insert</td></tr></tbody></table><p><strong>Disc</strong></p><table><tbody>  <tr><td>Disc Material/Finish</td><td>:</td><td>Advanced High Carbon Alloy / Corrosion Resistant Plating</td></tr>  <tr><td>Disc Diameter</td><td>:</td><td>328mm</td></tr>  <tr><td>Disc Width (Measurement)</td><td>:</td><td>28mm</td></tr>  <tr><td>Disc Air Gap (Measurement)</td><td>:</td><td>17mm</td></tr>  <tr><td>Disc Annulus (Measurement)</td><td>:</td><td>54mm</td></tr>  <tr><td>Disc Construction</td><td>:</td><td>2-Piece Disc Assembly</td></tr>  <tr><td>Disc Vane Design (Measurement)</td><td>:</td><td>Vented Curved 48 Vane</td></tr>  <tr><td>Disc To Hat Mounting System</td><td>:</td><td>Floating D-Bobbin with Anti Rattle Spring</td></tr></tbody></table><p><strong>Friction Material</strong></p><table><tbody>  <tr><td>Pad Compound</td><td>:</td><td>Brembo High Performance FM1000</td></tr>  <tr><td>Pad Volume / Surface Area</td><td>:</td><td>48.2 | 53.6</td></tr></tbody></table>        <p>&nbsp;</p>        <h4>What's Included</h4><ul>  <li>Brake Lines: Proprietary Brembo Stainless Steel Braided Brake Lines by Goodridge</li>  <li>Mounting Hardware: Brembo Engineered CNC Billet Caliper Adapters - All Necessary Hardware Included For Ease of Installation</li></ul>        <p>&nbsp;</p>        <p>&nbsp;</p><h4>Compatibility</h4><div class=""compatibility-accordion-wrapper""><div class=""compatibility-tab"">                        <input name=""tabs"" type=""checkbox"" id=""compatibility-tab-1"">                        <label for=""compatibility-tab-1""><b>BMW</b><br></label>                                                    <div class=""compatibility-tab-content""><ul><li>M2 (F87)</li><li>M3 (EXCLUDING CARBON-CERAMIC BRAKE) (F80)</li><li>M4 (EXCLUDING CARBON-CERAMIC BRAKE) (F82)</li></ul></div></div></div><p>Feel free to contact us at info@mlperformance.co.uk should you wish to double check!</p>        <p>&nbsp;</p>        <h4>Compatibility Check</h4><p>To ensure the part(s) you have ordered fits your vehicle, we run a compatibility check prior to dispatch. We can do this either using your registration number (UK) or the last 7 digits of your VIN. Simply enter your car details prior to checkout.</p>          <p>&nbsp;</p>        <h4>Part Number</h4><p>BREMBO-2P1.9044AR (Cross Drilled /  Nickel Plated)</p><p>BREMBO-2P2.9044AR (TY1 /  Nickel Plated)</p>        <p>&nbsp;</p>        <h4>More Information</h4><p><strong>Manufactured by</strong></p><p>Brembo</p>",Brembo,,Brake,"Uploaded by_Muazzim, Brand_Brembo, Product Type_Brake, Category_Brake Discs",TRUE,Disc Type,Cross Drilled,Finish,Nickel Plated,,,BREMBO-2P1.9044AR,25000,shopify,continue,manual,3906.61,4246.32,TRUE,TRUE,2P1.9044AR,https://racetechnologies.com/sites/default/files/content/images/brakekits/brembo-p-caliper-4-piston-2-piece-345-365-380mm-drilled-gt-r-med.jpg,1,"Brembo 2P-.9044A (R) 4-Piston Billet Monobloc Calipers  380x28mm (15"") 2-Piece Discs Brake Disc",,"Brembo 2P-.9044A (R) 4-Piston Billet Monobloc Calipers  380x28mm (15"") 2-Piece Discs Brake Disc","Get Brembo 2P-.9044A (R) 4-Piston Billet Monobloc Calipers  380x28mm (15"") 2-Piece Discs Brake Disc for your car to get your desired looks and performance from ML Performance at the lowest price with FREE UK shipping & next day delivery on in stock items. Very cheap prices & good service.",,,,2P1.9044AR,,,new,,,,,,,https://racetechnologies.com/sites/default/files/content/images/brakekits/brembo-p-caliper-4-piston-2-piece-345-365-380mm-drilled-gt-r-med.jpg,kg,8708949900,,,,,active
brembo-2p-9044a-r-4-piston-billet-monobloc-calipers-380x28mm-15-2-piece-discs-brake-disc,,,,,,,,,TY1,,Nickel Plated,,,BREMBO-2P2.9044AR,25000,shopify,continue,manual,3906.61,4246.32,TRUE,TRUE,2P2.9044AR,https://racetechnologies.com/sites/default/files/content/images/brakekits/brembo-p-caliper-4-piston-2-piece-345-365-380mm-slotted-type-1-gt-r-med.jpg,2,,,,,,,,2P2.9044AR,,,,,,,,,,https://racetechnologies.com/sites/default/files/content/images/brakekits/brembo-p-caliper-4-piston-2-piece-345-365-380mm-slotted-type-1-gt-r-med.jpg,kg,8708949900,,,,,
brembo-2p-9044a-r-4-piston-cast-monobloc-calipers-380x28mm-15-2-piece-discs-brake-disc,Brembo 2P-.9044A 4-Piston Cast Monobloc Calipers  380x28mm (15'') 2-Piece Discs Brake Disc (Rear),"<h4><strong>Description</strong></h4>This is  4-Piston Cast Monobloc Calipers | 380x28mm (15'') 2-Piece Discs | Complete Axle Set | Pre-Assembled | All Necessary Hardware Included, Rear        <p>&nbsp;</p>        <h4>Features</h4>        <p><strong>Caliper</strong></p><table><tbody>  <tr><td>Caliper Body</td><td>:</td><td>Cast Monobloc Radial Mount</td></tr>  <tr><td>Caliper Piston Configuration</td><td>:</td><td>4-Piston</td></tr>  <tr><td>Caliper Piston Design And Insert Type</td><td>:</td><td>Inner Pressure Seal / Recessed Dust Boot / Stainless Steel Insert</td></tr></tbody></table><p><strong>Disc</strong></p><table><tbody>  <tr><td>Disc Material/Finish</td><td>:</td><td>Advanced High Carbon Alloy / Corrosion Resistant Plating</td></tr>  <tr><td>Disc Diameter</td><td>:</td><td>328mm</td></tr>  <tr><td>Disc Width (Measurement)</td><td>:</td><td>28mm</td></tr>  <tr><td>Disc Air Gap (Measurement)</td><td>:</td><td>17mm</td></tr>  <tr><td>Disc Annulus (Measurement)</td><td>:</td><td>54mm</td></tr>  <tr><td>Disc Construction</td><td>:</td><td>2-Piece Disc Assembly</td></tr>  <tr><td>Disc Vane Design (Measurement)</td><td>:</td><td>Vented Curved 48 Vane</td></tr>  <tr><td>Disc To Hat Mounting System</td><td>:</td><td>Floating D-Bobbin with Anti Rattle Spring</td></tr></tbody></table><p><strong>Friction Material</strong></p><table><tbody>  <tr><td>Pad Compound</td><td>:</td><td>Brembo High Performance FM1000</td></tr>  <tr><td>Pad Volume / Surface Area</td><td>:</td><td>48.2 | 53.6</td></tr></tbody></table>        <p>&nbsp;</p>        <h4>What's Included</h4><ul>  <li>Brake Lines: Proprietary Brembo Stainless Steel Braided Brake Lines by Goodridge</li>  <li>Mounting Hardware: Brembo Engineered CNC Billet Caliper Adapters - All Necessary Hardware Included For Ease of Installation</li></ul>        <p>&nbsp;</p>        <p>&nbsp;</p><h4>Compatibility</h4><div class=""compatibility-accordion-wrapper""><div class=""compatibility-tab"">                        <input name=""tabs"" type=""checkbox"" id=""compatibility-tab-1"">                        <label for=""compatibility-tab-1""><b>BMW</b><br></label>                                                    <div class=""compatibility-tab-content""><ul><li>M2 (F87)</li><li>M3 (EXCLUDING CARBON-CERAMIC BRAKE) (F80)</li><li>M4 (EXCLUDING CARBON-CERAMIC BRAKE) (F82)</li></ul></div></div></div><p>Feel free to contact us at info@mlperformance.co.uk should you wish to double check!</p>        <p>&nbsp;</p>        <h4>Compatibility Check</h4><p>To ensure the part(s) you have ordered fits your vehicle, we run a compatibility check prior to dispatch. We can do this either using your registration number (UK) or the last 7 digits of your VIN. Simply enter your car details prior to checkout.</p>          <p>&nbsp;</p>        <h4>Part Number</h4><p>BREMBO-2P1.9044AS (Cross Drilled /  Black Hard Anodized)</p><p>BREMBO-2P2.9044AS (TY1 /  Black Hard Anodized)</p>        <p>&nbsp;</p>        <h4>More Information</h4><p><strong>Manufactured by</strong></p><p>Brembo</p>",Brembo,,Brake,"Uploaded by_Muazzim, Brand_Brembo, Product Type_Brake, Category_Brake Discs",TRUE,Disc Type,Cross Drilled,Finish,Black Hard Anodized,,,BREMBO-2P1.9044AS,25000,shopify,continue,manual,3906.61,4246.32,TRUE,TRUE,2P1.9044AS,https://racetechnologies.com/sites/default/files/content/images/brakekits/brembo-p-caliper-4-piston-2-piece-345-365-380mm-drilled-gt-s-med.jpg,1,Brembo 2P-.9044A (R) 4-Piston Cast Monobloc Calipers  380x28mm (15'') 2-Piece Discs Brake Disc,,Brembo 2P-.9044A (R) 4-Piston Cast Monobloc Calipers  380x28mm (15'') 2-Piece Discs Brake Disc,Get Brembo 2P-.9044A (R) 4-Piston Cast Monobloc Calipers  380x28mm (15'') 2-Piece Discs Brake Disc for your car to get your desired looks and performance from ML Performance at the lowest price with FREE UK shipping & next day delivery on in stock items. Very cheap prices & good service.,,,,2P1.9044AS,,,new,,,,,,,https://racetechnologies.com/sites/default/files/content/images/brakekits/brembo-p-caliper-4-piston-2-piece-345-365-380mm-drilled-gt-s-med.jpg,kg,8708949900,,,,,active
brembo-2p-9044a-r-4-piston-cast-monobloc-calipers-380x28mm-15-2-piece-discs-brake-disc,,,,,,,,,TY1,,Black Hard Anodized,,,BREMBO-2P2.9044AS,25000,shopify,continue,manual,3906.61,4246.32,TRUE,TRUE,2P2.9044AS,https://racetechnologies.com/sites/default/files/content/images/brakekits/brembo-p-caliper-4-piston-2-piece-345-365-380mm-slotted-type-1-gt-s-med.jpg,2,,,,,,,,2P2.9044AS,,,,,,,,,,https://racetechnologies.com/sites/default/files/content/images/brakekits/brembo-p-caliper-4-piston-2-piece-345-365-380mm-slotted-type-1-gt-s-med.jpg,kg,8708949900,,,,,
brembo-2s-9013a-r-4-piston-cast-monobloc-calipers-380x28mm-15-2-piece-discs-brake-disc,Brembo 2S-.9013A 4-Piston Cast Monobloc Calipers  380x28mm (15'') 2-Piece Discs Brake Disc (Rear),"<h4><strong>Description</strong></h4>This is  4-Piston Cast Monobloc Calipers | 380x28mm (15'') 2-Piece Discs | Complete Axle Set | Pre-Assembled | All Necessary Hardware Included, Rear        <p>&nbsp;</p>        <h4>Features</h4>        <p><strong>Caliper</strong></p><table><tbody>  <tr><td>Caliper Body</td><td>:</td><td>Cast Monobloc Radial Mount</td></tr>  <tr><td>Caliper Piston Configuration</td><td>:</td><td>4-Piston</td></tr>  <tr><td>Caliper Piston Design And Insert Type</td><td>:</td><td>Inner Pressure Seal / OEM Approved Dust Boot</td></tr></tbody></table><p><strong>Disc</strong></p><table><tbody>  <tr><td>Disc Material/Finish</td><td>:</td><td>Advanced High Carbon Alloy / Corrosion Resistant Plating</td></tr>  <tr><td>Disc Diameter</td><td>:</td><td>328mm</td></tr>  <tr><td>Disc Width (Measurement)</td><td>:</td><td>28mm</td></tr>  <tr><td>Disc Air Gap (Measurement)</td><td>:</td><td>17mm</td></tr>  <tr><td>Disc Annulus (Measurement)</td><td>:</td><td>54mm</td></tr>  <tr><td>Disc Construction</td><td>:</td><td>2-Piece Disc Assembly</td></tr>  <tr><td>Disc Vane Design (Measurement)</td><td>:</td><td>Vented Curved 48 Vane</td></tr>  <tr><td>Disc To Hat Mounting System</td><td>:</td><td>Floating D-Bobbin with Anti Rattle Spring</td></tr></tbody></table><p><strong>Friction Material</strong></p><table><tbody>  <tr><td>Pad Compound</td><td>:</td><td>Brembo High Performance FM1000</td></tr>  <tr><td>Pad Volume / Surface Area</td><td>:</td><td>48.2 | 53.6</td></tr></tbody></table>        <p>&nbsp;</p>        <h4>What's Included</h4><ul>  <li>Brake Lines: Proprietary Brembo Stainless Steel Braided Brake Lines by Goodridge</li>  <li>Mounting Hardware: Brembo Engineered CNC Billet Caliper Adapters - All Necessary Hardware Included For Ease of Installation</li></ul>        <p>&nbsp;</p>        <p>&nbsp;</p><h4>Compatibility</h4><div class=""compatibility-accordion-wrapper""><div class=""compatibility-tab"">                        <input name=""tabs"" type=""checkbox"" id=""compatibility-tab-1"">                        <label for=""compatibility-tab-1""><b>BMW</b><br></label>                                                    <div class=""compatibility-tab-content""><ul><li>M2 (F87)</li><li>M3 (EXCLUDING CARBON-CERAMIC BRAKE) (F80)</li><li>M4 (EXCLUDING CARBON-CERAMIC BRAKE) (F82)</li></ul></div></div></div><p>Feel free to contact us at info@mlperformance.co.uk should you wish to double check!</p>        <p>&nbsp;</p>        <h4>Compatibility Check</h4><p>To ensure the part(s) you have ordered fits your vehicle, we run a compatibility check prior to dispatch. We can do this either using your registration number (UK) or the last 7 digits of your VIN. Simply enter your car details prior to checkout.</p>          <p>&nbsp;</p>        <h4>Part Number</h4><p>BREMBO-2S1.9013A2 (Cross Drilled /  Red)</p><p>BREMBO-2S1.9013A1 (Cross Drilled /  Black)</p><p>BREMBO-2S1.9013A5 (Cross Drilled /  Yellow)</p><p>BREMBO-2S1.9013A6 (Cross Drilled /  White)</p><p>BREMBO-2S1.9013A7 (Cross Drilled /  Fluorescent Yellow)</p><p>BREMBO-2S2.9013A2 (TY1 /  Red)</p><p>BREMBO-2S2.9013A1 (TY1 /  Black)</p><p>BREMBO-2S2.9013A5 (TY1 /  Yellow)</p><p>BREMBO-2S2.9013A6 (TY1 /  White)</p><p>BREMBO-2S2.9013A7 (TY1 /  Fluorescent Yellow)</p><p>BREMBO-2S3.9013A2 (TY3 /  Red)</p><p>BREMBO-2S3.9013A1 (TY3 /  Black)</p><p>BREMBO-2S3.9013A5 (TY3 /  Yellow)</p><p>BREMBO-2S3.9013A6 (TY3 /  White)</p><p>BREMBO-2S3.9013A7 (TY3 /  Fluorescent Yellow)</p>        <p>&nbsp;</p>        <h4>More Information</h4><p><strong>Manufactured by</strong></p><p>Brembo</p>",Brembo,,Brake,"Uploaded by_Muazzim, Brand_Brembo, Product Type_Brake, Category_Brake Discs",TRUE,Disc Type,Cross Drilled,Finish,Red,,,BREMBO-2S1.9013A2,25000,shopify,continue,manual,4008.08,4356.61,TRUE,TRUE,2S1.9013A2,https://racetechnologies.com/sites/default/files/content/images/brakekits/brembo-s-caliper-4-piston-2-piece-345-380mm-drilled-red-med.jpg,1,Brembo 2S-.9013A (R) 4-Piston Cast Monobloc Calipers  380x28mm (15'') 2-Piece Discs Brake Disc,,Brembo 2S-.9013A (R) 4-Piston Cast Monobloc Calipers  380x28mm (15'') 2-Piece Discs Brake Disc,Get Brembo 2S-.9013A (R) 4-Piston Cast Monobloc Calipers  380x28mm (15'') 2-Piece Discs Brake Disc for your car to get your desired looks and performance from ML Performance at the lowest price with FREE UK shipping & next day delivery on in stock items. Very cheap prices & good service.,,,,2S1.9013A2,,,new,,,,,,,https://racetechnologies.com/sites/default/files/content/images/brakekits/brembo-s-caliper-4-piston-2-piece-345-380mm-drilled-red-med.jpg,kg,8708949900,,,,,active
brembo-2s-9013a-r-4-piston-cast-monobloc-calipers-380x28mm-15-2-piece-discs-brake-disc,,,,,,,,,Cross Drilled,,Black,,,BREMBO-2S1.9013A1,25000,shopify,continue,manual,4008.08,4356.61,TRUE,TRUE,2S1.9013A1,https://racetechnologies.com/sites/default/files/content/images/brakekits/brembo-s-caliper-4-piston-2-piece-345-380mm-drilled-black-med.jpg,2,,,,,,,,2S1.9013A1,,,,,,,,,,https://racetechnologies.com/sites/default/files/content/images/brakekits/brembo-s-caliper-4-piston-2-piece-345-380mm-drilled-black-med.jpg,kg,8708949900,,,,,
brembo-2s-9013a-r-4-piston-cast-monobloc-calipers-380x28mm-15-2-piece-discs-brake-disc,,,,,,,,,Cross Drilled,,Yellow,,,BREMBO-2S1.9013A5,25000,shopify,continue,manual,4008.08,4356.61,TRUE,TRUE,2S1.9013A5,https://racetechnologies.com/sites/default/files/content/images/brakekits/brembo-s-caliper-4-piston-2-piece-345-380mm-drilled-yellow-med.jpg,3,,,,,,,,2S1.9013A5,,,,,,,,,,https://racetechnologies.com/sites/default/files/content/images/brakekits/brembo-s-caliper-4-piston-2-piece-345-380mm-drilled-yellow-med.jpg,kg,8708949900,,,,,
brembo-2s-9013a-r-4-piston-cast-monobloc-calipers-380x28mm-15-2-piece-discs-brake-disc,,,,,,,,,Cross Drilled,,White,,,BREMBO-2S1.9013A6,25000,shopify,continue,manual,4008.08,4356.61,TRUE,TRUE,2S1.9013A6,https://racetechnologies.com/sites/default/files/content/images/brakekits/brembo-s-caliper-4-piston-2-piece-345-380mm-drilled-white-med.jpg,4,,,,,,,,2S1.9013A6,,,,,,,,,,https://racetechnologies.com/sites/default/files/content/images/brakekits/brembo-s-caliper-4-piston-2-piece-345-380mm-drilled-white-med.jpg,kg,8708949900,,,,,
brembo-2s-9013a-r-4-piston-cast-monobloc-calipers-380x28mm-15-2-piece-discs-brake-disc,,,,,,,,,Cross Drilled,,Fluorescent Yellow,,,BREMBO-2S1.9013A7,25000,shopify,continue,manual,4008.08,4356.61,TRUE,TRUE,2S1.9013A7,https://racetechnologies.com/sites/default/files/content/images/brakekits/brembo-s-caliper-4-piston-2-piece-345-380mm-drilled-fluo-yellow-med.jpg,5,,,,,,,,2S1.9013A7,,,,,,,,,,https://racetechnologies.com/sites/default/files/content/images/brakekits/brembo-s-caliper-4-piston-2-piece-345-380mm-drilled-fluo-yellow-med.jpg,kg,8708949900,,,,,
brembo-2s-9013a-r-4-piston-cast-monobloc-calipers-380x28mm-15-2-piece-discs-brake-disc,,,,,,,,,TY1,,Red,,,BREMBO-2S2.9013A2,25000,shopify,continue,manual,4008.08,4356.61,TRUE,TRUE,2S2.9013A2,https://racetechnologies.com/sites/default/files/content/images/brakekits/brembo-s-caliper-4-piston-2-piece-345-380mm-slotted-type-1-red-med.jpg,6,,,,,,,,2S2.9013A2,,,,,,,,,,https://racetechnologies.com/sites/default/files/content/images/brakekits/brembo-s-caliper-4-piston-2-piece-345-380mm-slotted-type-1-red-med.jpg,kg,8708949900,,,,,
brembo-2s-9013a-r-4-piston-cast-monobloc-calipers-380x28mm-15-2-piece-discs-brake-disc,,,,,,,,,TY1,,Black,,,BREMBO-2S2.9013A1,25000,shopify,continue,manual,4008.08,4356.61,TRUE,TRUE,2S2.9013A1,https://racetechnologies.com/sites/default/files/content/images/brakekits/brembo-s-caliper-4-piston-2-piece-345-380mm-slotted-type-1-black-med.jpg,7,,,,,,,,2S2.9013A1,,,,,,,,,,https://racetechnologies.com/sites/default/files/content/images/brakekits/brembo-s-caliper-4-piston-2-piece-345-380mm-slotted-type-1-black-med.jpg,kg,8708949900,,,,,
brembo-2s-9013a-r-4-piston-cast-monobloc-calipers-380x28mm-15-2-piece-discs-brake-disc,,,,,,,,,TY1,,Yellow,,,BREMBO-2S2.9013A5,25000,shopify,continue,manual,4008.08,4356.61,TRUE,TRUE,2S2.9013A5,https://racetechnologies.com/sites/default/files/content/images/brakekits/brembo-s-caliper-4-piston-2-piece-345-380mm-slotted-type-1-yellow-med.jpg,8,,,,,,,,2S2.9013A5,,,,,,,,,,https://racetechnologies.com/sites/default/files/content/images/brakekits/brembo-s-caliper-4-piston-2-piece-345-380mm-slotted-type-1-yellow-med.jpg,kg,8708949900,,,,,
brembo-2s-9013a-r-4-piston-cast-monobloc-calipers-380x28mm-15-2-piece-discs-brake-disc,,,,,,,,,TY1,,White,,,BREMBO-2S2.9013A6,25000,shopify,continue,manual,4008.08,4356.61,TRUE,TRUE,2S2.9013A6,https://racetechnologies.com/sites/default/files/content/images/brakekits/brembo-s-caliper-4-piston-2-piece-345-380mm-slotted-type-1-white-med.jpg,9,,,,,,,,2S2.9013A6,,,,,,,,,,https://racetechnologies.com/sites/default/files/content/images/brakekits/brembo-s-caliper-4-piston-2-piece-345-380mm-slotted-type-1-white-med.jpg,kg,8708949900,,,,,
brembo-2s-9013a-r-4-piston-cast-monobloc-calipers-380x28mm-15-2-piece-discs-brake-disc,,,,,,,,,TY1,,Fluorescent Yellow,,,BREMBO-2S2.9013A7,25000,shopify,continue,manual,4008.08,4356.61,TRUE,TRUE,2S2.9013A7,https://racetechnologies.com/sites/default/files/content/images/brakekits/brembo-s-caliper-4-piston-2-piece-345-380mm-slotted-type-1-fluo-yellow-med.jpg,10,,,,,,,,2S2.9013A7,,,,,,,,,,https://racetechnologies.com/sites/default/files/content/images/brakekits/brembo-s-caliper-4-piston-2-piece-345-380mm-slotted-type-1-fluo-yellow-med.jpg,kg,8708949900,,,,,
brembo-2s-9013a-r-4-piston-cast-monobloc-calipers-380x28mm-15-2-piece-discs-brake-disc,,,,,,,,,TY3,,Red,,,BREMBO-2S3.9013A2,25000,shopify,continue,manual,4008.08,4356.61,TRUE,TRUE,2S3.9013A2,https://racetechnologies.com/sites/default/files/content/images/brakekits/brembo-s-caliper-4-piston-2-piece-345-380mm-slotted-type-3-red-med.jpg,11,,,,,,,,2S3.9013A2,,,,,,,,,,https://racetechnologies.com/sites/default/files/content/images/brakekits/brembo-s-caliper-4-piston-2-piece-345-380mm-slotted-type-3-red-med.jpg,kg,8708949900,,,,,
brembo-2s-9013a-r-4-piston-cast-monobloc-calipers-380x28mm-15-2-piece-discs-brake-disc,,,,,,,,,TY3,,Black,,,BREMBO-2S3.9013A1,25000,shopify,continue,manual,4008.08,4356.61,TRUE,TRUE,2S3.9013A1,https://racetechnologies.com/sites/default/files/content/images/brakekits/brembo-s-caliper-4-piston-2-piece-345-380mm-slotted-type-3-red-med.jpg,12,,,,,,,,2S3.9013A1,,,,,,,,,,https://racetechnologies.com/sites/default/files/content/images/brakekits/brembo-s-caliper-4-piston-2-piece-345-380mm-slotted-type-3-red-med.jpg,kg,8708949900,,,,,
brembo-2s-9013a-r-4-piston-cast-monobloc-calipers-380x28mm-15-2-piece-discs-brake-disc,,,,,,,,,TY3,,Yellow,,,BREMBO-2S3.9013A5,25000,shopify,continue,manual,4008.08,4356.61,TRUE,TRUE,2S3.9013A5,https://racetechnologies.com/sites/default/files/content/images/brakekits/brembo-s-caliper-4-piston-2-piece-345-380mm-slotted-type-3-yellow-med.jpg,13,,,,,,,,2S3.9013A5,,,,,,,,,,https://racetechnologies.com/sites/default/files/content/images/brakekits/brembo-s-caliper-4-piston-2-piece-345-380mm-slotted-type-3-yellow-med.jpg,kg,8708949900,,,,,
brembo-2s-9013a-r-4-piston-cast-monobloc-calipers-380x28mm-15-2-piece-discs-brake-disc,,,,,,,,,TY3,,White,,,BREMBO-2S3.9013A6,25000,shopify,continue,manual,4008.08,4356.61,TRUE,TRUE,2S3.9013A6,https://racetechnologies.com/sites/default/files/content/images/brakekits/brembo-s-caliper-4-piston-2-piece-345-380mm-slotted-type-3-white-med.jpg,14,,,,,,,,2S3.9013A6,,,,,,,,,,https://racetechnologies.com/sites/default/files/content/images/brakekits/brembo-s-caliper-4-piston-2-piece-345-380mm-slotted-type-3-white-med.jpg,kg,8708949900,,,,,
brembo-2s-9013a-r-4-piston-cast-monobloc-calipers-380x28mm-15-2-piece-discs-brake-disc,,,,,,,,,TY3,,Fluorescent Yellow,,,BREMBO-2S3.9013A7,25000,shopify,continue,manual,4008.08,4356.61,TRUE,TRUE,2S3.9013A7,https://racetechnologies.com/sites/default/files/content/images/brakekits/brembo-s-caliper-4-piston-2-piece-345-380mm-slotted-type-3-fluo-yellow-med.jpg,15,,,,,,,,2S3.9013A7,,,,,,,,,,https://racetechnologies.com/sites/default/files/content/images/brakekits/brembo-s-caliper-4-piston-2-piece-345-380mm-slotted-type-3-fluo-yellow-med.jpg,kg,8708949900,,,,,
brembo-2p-8002a-r-4-piston-monobloc-calipers-345x28mm-13-6-2-piece-discs-brake-disc,"Brembo 2P-.8002A 4-Piston Monobloc Calipers  345x28mm (13.6"") 2-Piece Discs Brake Disc (Rear)","<h4><strong>Description</strong></h4>This is  4-Piston Monobloc Calipers | 345x28mm (13.6"") 2-Piece Discs | Complete Axle Set | Pre-Assembled | All Necessary Hardware Included, Rear        <p>&nbsp;</p>        <h4>Features</h4>        <p><strong>Caliper</strong></p><table><tbody>  <tr><td>Caliper Body</td><td>:</td><td>Cast Monobloc Radial Mount</td></tr>  <tr><td>Caliper Piston Configuration</td><td>:</td><td>4-Piston</td></tr>  <tr><td>Caliper Piston Design And Insert Type</td><td>:</td><td>Inner Pressure Seal / OEM Approved Dust Boot</td></tr></tbody></table><p><strong>Disc</strong></p><table><tbody>  <tr><td>Disc Material/Finish</td><td>:</td><td>Advanced High Carbon Alloy / Corrosion Resistant Plating</td></tr>  <tr><td>Disc Diameter</td><td>:</td><td>328mm</td></tr>  <tr><td>Disc Width (Measurement)</td><td>:</td><td>28mm</td></tr>  <tr><td>Disc Air Gap (Measurement)</td><td>:</td><td>17mm</td></tr>  <tr><td>Disc Annulus (Measurement)</td><td>:</td><td>54mm</td></tr>  <tr><td>Disc Construction</td><td>:</td><td>2-Piece Disc Assembly</td></tr>  <tr><td>Disc Vane Design (Measurement)</td><td>:</td><td>Vented Curved 48 Vane</td></tr>  <tr><td>Disc To Hat Mounting System</td><td>:</td><td>Floating D-Bobbin with Anti Rattle Spring</td></tr></tbody></table><p><strong>Friction Material</strong></p><table><tbody>  <tr><td>Pad Compound</td><td>:</td><td>Brembo High Performance FM1000</td></tr>  <tr><td>Pad Volume / Surface Area</td><td>:</td><td>48.2 | 53.6</td></tr></tbody></table>        <p>&nbsp;</p>        <h4>What's Included</h4><ul>  <li>Brake Lines: Proprietary Brembo Stainless Steel Braided Brake Lines by Goodridge</li>  <li>Mounting Hardware: Brembo Engineered CNC Billet Caliper Adapters - All Necessary Hardware Included For Ease of Installation</li></ul>        <p>&nbsp;</p>        <p>&nbsp;</p><h4>Compatibility</h4><div class=""compatibility-accordion-wrapper""><div class=""compatibility-tab"">                        <input name=""tabs"" type=""checkbox"" id=""compatibility-tab-1"">                        <label for=""compatibility-tab-1""><b>BMW</b><br></label>                                                    <div class=""compatibility-tab-content""><ul><li>M3 (E46)</li></ul></div></div></div><p>Feel free to contact us at info@mlperformance.co.uk should you wish to double check!</p>        <p>&nbsp;</p>        <h4>Compatibility Check</h4><p>To ensure the part(s) you have ordered fits your vehicle, we run a compatibility check prior to dispatch. We can do this either using your registration number (UK) or the last 7 digits of your VIN. Simply enter your car details prior to checkout.</p>          <p>&nbsp;</p>        <h4>Part Number</h4><p>BREMBO-2P1.8002A2 (Cross Drilled /  Red)</p><p>BREMBO-2P1.8002A1 (Cross Drilled /  Black)</p><p>BREMBO-2P1.8002A3 (Cross Drilled /  Silver)</p><p>BREMBO-2P1.8002A5 (Cross Drilled /  Yellow)</p>        <p>&nbsp;</p>        <h4>More Information</h4><p><strong>Manufactured by</strong></p><p>Brembo</p>",Brembo,,Brake,"Uploaded by_Muazzim, Brand_Brembo, Product Type_Brake, Category_Brake Discs",TRUE,Disc Type,Cross Drilled,Finish,Red,,,BREMBO-2P1.8002A2,25000,shopify,continue,manual,3805.14,4136.03,TRUE,TRUE,2P1.8002A2,https://racetechnologies.com/sites/default/files/content/images/brakekits/brembo-p-caliper-4-piston-2-piece-345-365-380mm-drilled-red-med.jpg,1,"Brembo 2P-.8002A (R) 4-Piston Monobloc Calipers  345x28mm (13.6"") 2-Piece Discs Brake Disc",,"Brembo 2P-.8002A (R) 4-Piston Monobloc Calipers  345x28mm (13.6"") 2-Piece Discs Brake Disc","Get Brembo 2P-.8002A (R) 4-Piston Monobloc Calipers  345x28mm (13.6"") 2-Piece Discs Brake Disc for your car to get your desired looks and performance from ML Performance at the lowest price with FREE UK shipping & next day delivery on in stock items. Very cheap prices & good service.",,,,2P1.8002A2,,,new,,,,,,,https://racetechnologies.com/sites/default/files/content/images/brakekits/brembo-p-caliper-4-piston-2-piece-345-365-380mm-drilled-red-med.jpg,kg,8708949900,,,,,active
brembo-2p-8002a-r-4-piston-monobloc-calipers-345x28mm-13-6-2-piece-discs-brake-disc,,,,,,,,,Cross Drilled,,Black,,,BREMBO-2P1.8002A1,25000,shopify,continue,manual,3805.14,4136.03,TRUE,TRUE,2P1.8002A1,https://racetechnologies.com/sites/default/files/content/images/brakekits/brembo-p-caliper-4-piston-2-piece-345-365-380mm-drilled-black-med.jpg,2,,,,,,,,2P1.8002A1,,,,,,,,,,https://racetechnologies.com/sites/default/files/content/images/brakekits/brembo-p-caliper-4-piston-2-piece-345-365-380mm-drilled-black-med.jpg,kg,8708949900,,,,,
brembo-2p-8002a-r-4-piston-monobloc-calipers-345x28mm-13-6-2-piece-discs-brake-disc,,,,,,,,,Cross Drilled,,Silver,,,BREMBO-2P1.8002A3,25000,shopify,continue,manual,3805.14,4136.03,TRUE,TRUE,2P1.8002A3,https://racetechnologies.com/sites/default/files/content/images/brakekits/brembo-p-caliper-4-piston-2-piece-345-365-380mm-drilled-silver-med.jpg,3,,,,,,,,2P1.8002A3,,,,,,,,,,https://racetechnologies.com/sites/default/files/content/images/brakekits/brembo-p-caliper-4-piston-2-piece-345-365-380mm-drilled-silver-med.jpg,kg,8708949900,,,,,
brembo-2p-8002a-r-4-piston-monobloc-calipers-345x28mm-13-6-2-piece-discs-brake-disc,,,,,,,,,Cross Drilled,,Yellow,,,BREMBO-2P1.8002A5,25000,shopify,continue,manual,3805.14,4136.03,TRUE,TRUE,2P1.8002A5,https://racetechnologies.com/sites/default/files/content/images/brakekits/brembo-p-caliper-4-piston-2-piece-345-365-380mm-drilled-yellow-med.jpg,4,,,,,,,,2P1.8002A5,,,,,,,,,,https://racetechnologies.com/sites/default/files/content/images/brakekits/brembo-p-caliper-4-piston-2-piece-345-365-380mm-drilled-yellow-med.jpg,kg,8708949900,,,,,
brembo-2p-8002a-r-4-piston-billet-monobloc-calipers-345x28mm-13-6-2-piece-discs-brake-disc,"Brembo 2P-.8002A 4-Piston Billet Monobloc Calipers  345x28mm (13.6"") 2-Piece Discs Brake Disc (Rear)","<h4><strong>Description</strong></h4>This is  4-Piston Billet Monobloc Calipers | 345x28mm (13.6"") 2-Piece Discs | Complete Axle Set | Pre-Assembled | All Necessary Hardware Included, Rear        <p>&nbsp;</p>        <h4>Features</h4>        <p><strong>Caliper</strong></p><table><tbody>  <tr><td>Caliper Body</td><td>:</td><td>Billet Monobloc Radial Mount</td></tr>  <tr><td>Caliper Piston Configuration</td><td>:</td><td>4-Piston</td></tr>  <tr><td>Caliper Piston Design And Insert Type</td><td>:</td><td>Inner Pressure Seal / Recessed Dust Boot / Ventilated Stainless Steel Insert</td></tr></tbody></table><p><strong>Disc</strong></p><table><tbody>  <tr><td>Disc Material/Finish</td><td>:</td><td>Advanced High Carbon Alloy / Corrosion Resistant Plating</td></tr>  <tr><td>Disc Diameter</td><td>:</td><td>328mm</td></tr>  <tr><td>Disc Width (Measurement)</td><td>:</td><td>28mm</td></tr>  <tr><td>Disc Air Gap (Measurement)</td><td>:</td><td>17mm</td></tr>  <tr><td>Disc Annulus (Measurement)</td><td>:</td><td>54mm</td></tr>  <tr><td>Disc Construction</td><td>:</td><td>2-Piece Disc Assembly</td></tr>  <tr><td>Disc Vane Design (Measurement)</td><td>:</td><td>Vented Curved 48 Vane</td></tr>  <tr><td>Disc To Hat Mounting System</td><td>:</td><td>Floating D-Bobbin with Anti Rattle Spring</td></tr></tbody></table><p><strong>Friction Material</strong></p><table><tbody>  <tr><td>Pad Compound</td><td>:</td><td>Brembo High Performance FM1000</td></tr>  <tr><td>Pad Volume / Surface Area</td><td>:</td><td>48.2 | 53.6</td></tr></tbody></table>        <p>&nbsp;</p>        <h4>What's Included</h4><ul>  <li>Brake Lines: Proprietary Brembo Stainless Steel Braided Brake Lines by Goodridge</li>  <li>Mounting Hardware: Brembo Engineered CNC Billet Caliper Adapters - All Necessary Hardware Included For Ease of Installation</li></ul>        <p>&nbsp;</p>        <p>&nbsp;</p><h4>Compatibility</h4><div class=""compatibility-accordion-wrapper""><div class=""compatibility-tab"">                        <input name=""tabs"" type=""checkbox"" id=""compatibility-tab-1"">                        <label for=""compatibility-tab-1""><b>BMW</b><br></label>                                                    <div class=""compatibility-tab-content""><ul><li>M3 (E46)</li></ul></div></div></div><p>Feel free to contact us at info@mlperformance.co.uk should you wish to double check!</p>        <p>&nbsp;</p>        <h4>Compatibility Check</h4><p>To ensure the part(s) you have ordered fits your vehicle, we run a compatibility check prior to dispatch. We can do this either using your registration number (UK) or the last 7 digits of your VIN. Simply enter your car details prior to checkout.</p>          <p>&nbsp;</p>        <h4>Part Number</h4><p>BREMBO-2P1.8002AR (Cross Drilled /  Nickel Plated)</p>        <p>&nbsp;</p>        <h4>More Information</h4><p><strong>Manufactured by</strong></p><p>Brembo</p>",Brembo,,Brake,"Uploaded by_Muazzim, Brand_Brembo, Product Type_Brake, Category_Brake Discs",TRUE,Disc Type,Cross Drilled,Finish,Nickel Plated,,,BREMBO-2P1.8002AR,25000,shopify,continue,manual,3805.14,4136.03,TRUE,TRUE,2P1.8002AR,https://racetechnologies.com/sites/default/files/content/images/brakekits/brembo-p-caliper-4-piston-2-piece-345-365-380mm-drilled-gt-r-med.jpg,1,"Brembo 2P-.8002A (R) 4-Piston Billet Monobloc Calipers  345x28mm (13.6"") 2-Piece Discs Brake Disc",,"Brembo 2P-.8002A (R) 4-Piston Billet Monobloc Calipers  345x28mm (13.6"") 2-Piece Discs Brake Disc","Get Brembo 2P-.8002A (R) 4-Piston Billet Monobloc Calipers  345x28mm (13.6"") 2-Piece Discs Brake Disc for your car to get your desired looks and performance from ML Performance at the lowest price with FREE UK shipping & next day delivery on in stock items. Very cheap prices & good service.",,,,2P1.8002AR,,,new,,,,,,,https://racetechnologies.com/sites/default/files/content/images/brakekits/brembo-p-caliper-4-piston-2-piece-345-365-380mm-drilled-gt-r-med.jpg,kg,8708949900,,,,,active
brembo-2p-8002a-r-4-piston-cast-monobloc-calipers-345x28mm-13-6-2-piece-discs-brake-disc,Brembo 2P-.8002A 4-Piston Cast Monobloc Calipers  345x28mm (13.6'') 2-Piece Discs Brake Disc (Rear),"<h4><strong>Description</strong></h4>This is  4-Piston Cast Monobloc Calipers | 345x28mm (13.6'') 2-Piece Discs | Complete Axle Set | Pre-Assembled | All Necessary Hardware Included, Rear        <p>&nbsp;</p>        <h4>Features</h4>        <p><strong>Caliper</strong></p><table><tbody>  <tr><td>Caliper Body</td><td>:</td><td>Cast Monobloc Radial Mount</td></tr>  <tr><td>Caliper Piston Configuration</td><td>:</td><td>4-Piston</td></tr>  <tr><td>Caliper Piston Design And Insert Type</td><td>:</td><td>Inner Pressure Seal / Recessed Dust Boot / Stainless Steel Insert</td></tr></tbody></table><p><strong>Disc</strong></p><table><tbody>  <tr><td>Disc Material/Finish</td><td>:</td><td>Advanced High Carbon Alloy / Corrosion Resistant Plating</td></tr>  <tr><td>Disc Diameter</td><td>:</td><td>328mm</td></tr>  <tr><td>Disc Width (Measurement)</td><td>:</td><td>28mm</td></tr>  <tr><td>Disc Air Gap (Measurement)</td><td>:</td><td>17mm</td></tr>  <tr><td>Disc Annulus (Measurement)</td><td>:</td><td>54mm</td></tr>  <tr><td>Disc Construction</td><td>:</td><td>2-Piece Disc Assembly</td></tr>  <tr><td>Disc Vane Design (Measurement)</td><td>:</td><td>Vented Curved 48 Vane</td></tr>  <tr><td>Disc To Hat Mounting System</td><td>:</td><td>Floating D-Bobbin with Anti Rattle Spring</td></tr></tbody></table><p><strong>Friction Material</strong></p><table><tbody>  <tr><td>Pad Compound</td><td>:</td><td>Brembo High Performance FM1000</td></tr>  <tr><td>Pad Volume / Surface Area</td><td>:</td><td>48.2 | 53.6</td></tr></tbody></table>        <p>&nbsp;</p>        <h4>What's Included</h4><ul>  <li>Brake Lines: Proprietary Brembo Stainless Steel Braided Brake Lines by Goodridge</li>  <li>Mounting Hardware: Brembo Engineered CNC Billet Caliper Adapters - All Necessary Hardware Included For Ease of Installation</li></ul>        <p>&nbsp;</p>        <p>&nbsp;</p><h4>Compatibility</h4><div class=""compatibility-accordion-wrapper""><div class=""compatibility-tab"">                        <input name=""tabs"" type=""checkbox"" id=""compatibility-tab-1"">                        <label for=""compatibility-tab-1""><b>BMW</b><br></label>                                                    <div class=""compatibility-tab-content""><ul><li>M3 (E46)</li></ul></div></div></div><p>Feel free to contact us at info@mlperformance.co.uk should you wish to double check!</p>        <p>&nbsp;</p>        <h4>Compatibility Check</h4><p>To ensure the part(s) you have ordered fits your vehicle, we run a compatibility check prior to dispatch. We can do this either using your registration number (UK) or the last 7 digits of your VIN. Simply enter your car details prior to checkout.</p>          <p>&nbsp;</p>        <h4>Part Number</h4><p>BREMBO-2P1.8002AS (Cross Drilled /  Black Hard Anodized)</p>        <p>&nbsp;</p>        <h4>More Information</h4><p><strong>Manufactured by</strong></p><p>Brembo</p>",Brembo,,Brake,"Uploaded by_Muazzim, Brand_Brembo, Product Type_Brake, Category_Brake Discs",TRUE,Disc Type,Cross Drilled,Finish,Black Hard Anodized,,,BREMBO-2P1.8002AS,25000,shopify,continue,manual,3805.14,4136.03,TRUE,TRUE,2P1.8002AS,https://racetechnologies.com/sites/default/files/content/images/brakekits/brembo-p-caliper-4-piston-2-piece-345-365-380mm-drilled-gt-s-med.jpg,1,Brembo 2P-.8002A (R) 4-Piston Cast Monobloc Calipers  345x28mm (13.6'') 2-Piece Discs Brake Disc,,Brembo 2P-.8002A (R) 4-Piston Cast Monobloc Calipers  345x28mm (13.6'') 2-Piece Discs Brake Disc,Get Brembo 2P-.8002A (R) 4-Piston Cast Monobloc Calipers  345x28mm (13.6'') 2-Piece Discs Brake Disc for your car to get your desired looks and performance from ML Performance at the lowest price with FREE UK shipping & next day delivery on in stock items. Very cheap prices & good service.,,,,2P1.8002AS,,,new,,,,,,,https://racetechnologies.com/sites/default/files/content/images/brakekits/brembo-p-caliper-4-piston-2-piece-345-365-380mm-drilled-gt-s-med.jpg,kg,8708949900,,,,,active
brembo-1q-9621a-f-8-piston-cast-monobloc-calipers-412x38mm-16-2-2-piece-discs-brake-disc,Brembo 1Q-.9621A 8-Piston Cast Monobloc Calipers  412x38mm (16.2'') 2-Piece Discs Brake Disc (Front),"<h4><strong>Description</strong></h4>This is 8-Piston Cast Monobloc Calipers | 412x38mm (16.2'') 2-Piece Discs | Complete Axle Set | Pre-Assembled | All Necessary Hardware Included, Front        <p>&nbsp;</p>        <h4>Features</h4>        <p><strong>Caliper</strong></p><table><tbody>  <tr><td>Caliper Body</td><td>:</td><td>Cast Monobloc Radial Mount</td></tr>  <tr><td>Caliper Piston Configuration</td><td>:</td><td>8-Piston</td></tr>  <tr><td>Caliper Piston Design And Insert Type</td><td>:</td><td>Inner Pressure Seal / OEM Approved Dust Boot</td></tr></tbody></table><p><strong>Disc</strong></p><table><tbody>  <tr><td>Disc Material/Finish</td><td>:</td><td>Advanced High Carbon Alloy / Corrosion Resistant Plating</td></tr>  <tr><td>Disc Diameter</td><td>:</td><td>328mm</td></tr>  <tr><td>Disc Width (Measurement)</td><td>:</td><td>28mm</td></tr>  <tr><td>Disc Air Gap (Measurement)</td><td>:</td><td>17mm</td></tr>  <tr><td>Disc Annulus (Measurement)</td><td>:</td><td>54mm</td></tr>  <tr><td>Disc Construction</td><td>:</td><td>2-Piece Disc Assembly</td></tr>  <tr><td>Disc Vane Design (Measurement)</td><td>:</td><td>Vented Curved 48 Vane</td></tr>  <tr><td>Disc To Hat Mounting System</td><td>:</td><td>Floating D-Bobbin with Anti Rattle Spring</td></tr></tbody></table><p><strong>Friction Material</strong></p><table><tbody>  <tr><td>Pad Compound</td><td>:</td><td>Brembo High Performance FM1000</td></tr>  <tr><td>Pad Volume / Surface Area</td><td>:</td><td>48.2 | 53.6</td></tr></tbody></table>        <p>&nbsp;</p>        <h4>What's Included</h4><ul>  <li>Brake Lines: Proprietary Brembo Stainless Steel Braided Brake Lines by Goodridge</li>  <li>Mounting Hardware: Brembo Engineered CNC Billet Caliper Adapters - All Necessary Hardware Included For Ease of Installation</li></ul>        <p>&nbsp;</p>        <p>&nbsp;</p><h4>Compatibility</h4><div class=""compatibility-accordion-wrapper""><div class=""compatibility-tab"">                        <input name=""tabs"" type=""checkbox"" id=""compatibility-tab-1"">                        <label for=""compatibility-tab-1""><b>BMW</b><br></label>                                                    <div class=""compatibility-tab-content""><ul><li>X3M (F97)</li><li>X4M (F98)</li></ul></div></div></div><p>Feel free to contact us at info@mlperformance.co.uk should you wish to double check!</p>        <p>&nbsp;</p>        <h4>Compatibility Check</h4><p>To ensure the part(s) you have ordered fits your vehicle, we run a compatibility check prior to dispatch. We can do this either using your registration number (UK) or the last 7 digits of your VIN. Simply enter your car details prior to checkout.</p>          <p>&nbsp;</p>        <h4>Part Number</h4><p>BREMBO-1Q1.9621A2 (Cross Drilled /  Red)</p><p>BREMBO-1Q1.9621A1 (Cross Drilled /  Black)</p><p>BREMBO-1Q1.9621A5 (Cross Drilled /  Yellow)</p><p>BREMBO-1Q1.9621A6 (Cross Drilled /  White)</p><p>BREMBO-1Q1.9621A7 (Cross Drilled /  Fluorescent Yellow)</p>        <p>&nbsp;</p>        <h4>More Information</h4><p><strong>Manufactured by</strong></p><p>Brembo</p>",Brembo,,Brake,"Uploaded by_Muazzim, Brand_Brembo, Product Type_Brake, Category_Brake Discs",TRUE,Disc Type,Cross Drilled,Finish,Red,,,BREMBO-1Q1.9621A2,25000,shopify,continue,manual,5834.57,6341.92,TRUE,TRUE,1Q1.9621A2,https://racetechnologies.com/sites/default/files/content/images/brakekits/brembo-q-caliper-8-piston-2-piece-412mm-drilled-red-med.jpg,1,Brembo 1Q-.9621A (F) 8-Piston Cast Monobloc Calipers  412x38mm (16.2'') 2-Piece Discs Brake Disc,,Brembo 1Q-.9621A (F) 8-Piston Cast Monobloc Calipers  412x38mm (16.2'') 2-Piece Discs Brake Disc,Get Brembo 1Q-.9621A (F) 8-Piston Cast Monobloc Calipers  412x38mm (16.2'') 2-Piece Discs Brake Disc for your car to get your desired looks and performance from ML Performance at the lowest price with FREE UK shipping & next day delivery on in stock items. Very cheap prices & good service.,,,,1Q1.9621A2,,,new,,,,,,,https://racetechnologies.com/sites/default/files/content/images/brakekits/brembo-q-caliper-8-piston-2-piece-412mm-drilled-red-med.jpg,kg,8708949900,,,,,active
brembo-1q-9621a-f-8-piston-cast-monobloc-calipers-412x38mm-16-2-2-piece-discs-brake-disc,,,,,,,,,Cross Drilled,,Black,,,BREMBO-1Q1.9621A1,25000,shopify,continue,manual,5834.57,6341.92,TRUE,TRUE,1Q1.9621A1,https://racetechnologies.com/sites/default/files/content/images/brakekits/brembo-q-caliper-8-piston-2-piece-412mm-drilled-black-med.jpg,2,,,,,,,,1Q1.9621A1,,,,,,,,,,https://racetechnologies.com/sites/default/files/content/images/brakekits/brembo-q-caliper-8-piston-2-piece-412mm-drilled-black-med.jpg,kg,8708949900,,,,,
brembo-1q-9621a-f-8-piston-cast-monobloc-calipers-412x38mm-16-2-2-piece-discs-brake-disc,,,,,,,,,Cross Drilled,,Yellow,,,BREMBO-1Q1.9621A5,25000,shopify,continue,manual,5834.57,6341.92,TRUE,TRUE,1Q1.9621A5,https://racetechnologies.com/sites/default/files/content/images/brakekits/brembo-q-caliper-8-piston-2-piece-412mm-drilled-yellow-med.jpg,3,,,,,,,,1Q1.9621A5,,,,,,,,,,https://racetechnologies.com/sites/default/files/content/images/brakekits/brembo-q-caliper-8-piston-2-piece-412mm-drilled-yellow-med.jpg,kg,8708949900,,,,,
brembo-1q-9621a-f-8-piston-cast-monobloc-calipers-412x38mm-16-2-2-piece-discs-brake-disc,,,,,,,,,Cross Drilled,,White,,,BREMBO-1Q1.9621A6,25000,shopify,continue,manual,5834.57,6341.92,TRUE,TRUE,1Q1.9621A6,https://racetechnologies.com/sites/default/files/content/images/brakekits/brembo-q-caliper-8-piston-2-piece-412mm-drilled-white-med.jpg,4,,,,,,,,1Q1.9621A6,,,,,,,,,,https://racetechnologies.com/sites/default/files/content/images/brakekits/brembo-q-caliper-8-piston-2-piece-412mm-drilled-white-med.jpg,kg,8708949900,,,,,
brembo-1q-9621a-f-8-piston-cast-monobloc-calipers-412x38mm-16-2-2-piece-discs-brake-disc,,,,,,,,,Cross Drilled,,Fluorescent Yellow,,,BREMBO-1Q1.9621A7,25000,shopify,continue,manual,5834.57,6341.92,TRUE,TRUE,1Q1.9621A7,https://racetechnologies.com/sites/default/files/content/images/brakekits/brembo-q-caliper-8-piston-2-piece-412mm-drilled-fluo-yellow-med.jpg,5,,,,,,,,1Q1.9621A7,,,,,,,,,,https://racetechnologies.com/sites/default/files/content/images/brakekits/brembo-q-caliper-8-piston-2-piece-412mm-drilled-fluo-yellow-med.jpg,kg,8708949900,,,,,
brembo-2s-9001a-r-4-piston-cast-monobloc-calipers-380x28mm-15-2-piece-discs-brake-disc,Brembo 2S-.9001A 4-Piston Cast Monobloc Calipers  380x28mm (15'') 2-Piece Discs Brake Disc (Rear),"<h4><strong>Description</strong></h4>This is  4-Piston Cast Monobloc Calipers | 380x28mm (15'') 2-Piece Discs | Complete Axle Set | Pre-Assembled | All Necessary Hardware Included, Rear        <p>&nbsp;</p>        <h4>Features</h4>        <p><strong>Caliper</strong></p><table><tbody>  <tr><td>Caliper Body</td><td>:</td><td>Cast Monobloc Radial Mount</td></tr>  <tr><td>Caliper Piston Configuration</td><td>:</td><td>4-Piston</td></tr>  <tr><td>Caliper Piston Design And Insert Type</td><td>:</td><td>Inner Pressure Seal / OEM Approved Dust Boot</td></tr></tbody></table><p><strong>Disc</strong></p><table><tbody>  <tr><td>Disc Material/Finish</td><td>:</td><td>Advanced High Carbon Alloy / Corrosion Resistant Plating</td></tr>  <tr><td>Disc Diameter</td><td>:</td><td>328mm</td></tr>  <tr><td>Disc Width (Measurement)</td><td>:</td><td>28mm</td></tr>  <tr><td>Disc Air Gap (Measurement)</td><td>:</td><td>17mm</td></tr>  <tr><td>Disc Annulus (Measurement)</td><td>:</td><td>54mm</td></tr>  <tr><td>Disc Construction</td><td>:</td><td>2-Piece Disc Assembly</td></tr>  <tr><td>Disc Vane Design (Measurement)</td><td>:</td><td>Vented Curved 48 Vane</td></tr>  <tr><td>Disc To Hat Mounting System</td><td>:</td><td>Floating D-Bobbin with Anti Rattle Spring</td></tr></tbody></table><p><strong>Friction Material</strong></p><table><tbody>  <tr><td>Pad Compound</td><td>:</td><td>Brembo High Performance FM1000</td></tr>  <tr><td>Pad Volume / Surface Area</td><td>:</td><td>48.2 | 53.6</td></tr></tbody></table>        <p>&nbsp;</p>        <h4>What's Included</h4><ul>  <li>Brake Lines: Proprietary Brembo Stainless Steel Braided Brake Lines by Goodridge</li>  <li>Mounting Hardware: Brembo Engineered CNC Billet Caliper Adapters - All Necessary Hardware Included For Ease of Installation</li></ul>        <p>&nbsp;</p>        <p>&nbsp;</p><h4>Compatibility</h4><div class=""compatibility-accordion-wrapper""><div class=""compatibility-tab"">                        <input name=""tabs"" type=""checkbox"" id=""compatibility-tab-1"">                        <label for=""compatibility-tab-1""><b>BMW</b><br></label>                                                    <div class=""compatibility-tab-content""><ul><li>X5 (E70)</li><li>X5 (F15)</li><li>X5M (E70)</li><li>X5M (F85)</li><li>X6 (E71)</li><li>X6 (F16)</li><li>X6M (E71)</li><li>X6M (F86)</li></ul></div></div></div><p>Feel free to contact us at info@mlperformance.co.uk should you wish to double check!</p>        <p>&nbsp;</p>        <h4>Compatibility Check</h4><p>To ensure the part(s) you have ordered fits your vehicle, we run a compatibility check prior to dispatch. We can do this either using your registration number (UK) or the last 7 digits of your VIN. Simply enter your car details prior to checkout.</p>          <p>&nbsp;</p>        <h4>Part Number</h4><p>BREMBO-2S1.9001A2 (Cross Drilled /  Red)</p><p>BREMBO-2S1.9001A1 (Cross Drilled /  Black)</p><p>BREMBO-2S1.9001A5 (Cross Drilled /  Yellow)</p><p>BREMBO-2S1.9001A6 (Cross Drilled /  White)</p><p>BREMBO-2S1.9001A7 (Cross Drilled /  Fluorescent Yellow)</p><p>BREMBO-2S2.9001A2 (TY1 /  Red)</p><p>BREMBO-2S2.9001A1 (TY1 /  Black)</p><p>BREMBO-2S2.9001A5 (TY1 /  Yellow)</p><p>BREMBO-2S2.9001A6 (TY1 /  White)</p><p>BREMBO-2S2.9001A7 (TY1 /  Fluorescent Yellow)</p><p>BREMBO-2S3.9001A2 (TY3 /  Red)</p><p>BREMBO-2S3.9001A1 (TY3 /  Black)</p><p>BREMBO-2S3.9001A5 (TY3 /  Yellow)</p><p>BREMBO-2S3.9001A6 (TY3 /  White)</p><p>BREMBO-2S3.9001A7 (TY3 /  Fluorescent Yellow)</p>        <p>&nbsp;</p>        <h4>More Information</h4><p><strong>Manufactured by</strong></p><p>Brembo</p>",Brembo,,Brake,"Uploaded by_Muazzim, Brand_Brembo, Product Type_Brake, Category_Brake Discs",TRUE,Disc Type,Cross Drilled,Finish,Red,,,BREMBO-2S1.9001A2,25000,shopify,continue,manual,4008.08,4356.61,TRUE,TRUE,2S1.9001A2,https://racetechnologies.com/sites/default/files/content/images/brakekits/brembo-s-caliper-4-piston-2-piece-345-380mm-drilled-red-med.jpg,1,Brembo 2S-.9001A (R) 4-Piston Cast Monobloc Calipers  380x28mm (15'') 2-Piece Discs Brake Disc,,Brembo 2S-.9001A (R) 4-Piston Cast Monobloc Calipers  380x28mm (15'') 2-Piece Discs Brake Disc,Get Brembo 2S-.9001A (R) 4-Piston Cast Monobloc Calipers  380x28mm (15'') 2-Piece Discs Brake Disc for your car to get your desired looks and performance from ML Performance at the lowest price with FREE UK shipping & next day delivery on in stock items. Very cheap prices & good service.,,,,2S1.9001A2,,,new,,,,,,,https://racetechnologies.com/sites/default/files/content/images/brakekits/brembo-s-caliper-4-piston-2-piece-345-380mm-drilled-red-med.jpg,kg,8708949900,,,,,active
brembo-2s-9001a-r-4-piston-cast-monobloc-calipers-380x28mm-15-2-piece-discs-brake-disc,,,,,,,,,Cross Drilled,,Black,,,BREMBO-2S1.9001A1,25000,shopify,continue,manual,4008.08,4356.61,TRUE,TRUE,2S1.9001A1,https://racetechnologies.com/sites/default/files/content/images/brakekits/brembo-s-caliper-4-piston-2-piece-345-380mm-drilled-black-med.jpg,2,,,,,,,,2S1.9001A1,,,,,,,,,,https://racetechnologies.com/sites/default/files/content/images/brakekits/brembo-s-caliper-4-piston-2-piece-345-380mm-drilled-black-med.jpg,kg,8708949900,,,,,
brembo-2s-9001a-r-4-piston-cast-monobloc-calipers-380x28mm-15-2-piece-discs-brake-disc,,,,,,,,,Cross Drilled,,Yellow,,,BREMBO-2S1.9001A5,25000,shopify,continue,manual,4008.08,4356.61,TRUE,TRUE,2S1.9001A5,https://racetechnologies.com/sites/default/files/content/images/brakekits/brembo-s-caliper-4-piston-2-piece-345-380mm-drilled-yellow-med.jpg,3,,,,,,,,2S1.9001A5,,,,,,,,,,https://racetechnologies.com/sites/default/files/content/images/brakekits/brembo-s-caliper-4-piston-2-piece-345-380mm-drilled-yellow-med.jpg,kg,8708949900,,,,,
brembo-2s-9001a-r-4-piston-cast-monobloc-calipers-380x28mm-15-2-piece-discs-brake-disc,,,,,,,,,Cross Drilled,,White,,,BREMBO-2S1.9001A6,25000,shopify,continue,manual,4008.08,4356.61,TRUE,TRUE,2S1.9001A6,https://racetechnologies.com/sites/default/files/content/images/brakekits/brembo-s-caliper-4-piston-2-piece-345-380mm-drilled-white-med.jpg,4,,,,,,,,2S1.9001A6,,,,,,,,,,https://racetechnologies.com/sites/default/files/content/images/brakekits/brembo-s-caliper-4-piston-2-piece-345-380mm-drilled-white-med.jpg,kg,8708949900,,,,,
brembo-2s-9001a-r-4-piston-cast-monobloc-calipers-380x28mm-15-2-piece-discs-brake-disc,,,,,,,,,Cross Drilled,,Fluorescent Yellow,,,BREMBO-2S1.9001A7,25000,shopify,continue,manual,4008.08,4356.61,TRUE,TRUE,2S1.9001A7,https://racetechnologies.com/sites/default/files/content/images/brakekits/brembo-s-caliper-4-piston-2-piece-345-380mm-drilled-fluo-yellow-med.jpg,5,,,,,,,,2S1.9001A7,,,,,,,,,,https://racetechnologies.com/sites/default/files/content/images/brakekits/brembo-s-caliper-4-piston-2-piece-345-380mm-drilled-fluo-yellow-med.jpg,kg,8708949900,,,,,
brembo-2s-9001a-r-4-piston-cast-monobloc-calipers-380x28mm-15-2-piece-discs-brake-disc,,,,,,,,,TY1,,Red,,,BREMBO-2S2.9001A2,25000,shopify,continue,manual,4008.08,4356.61,TRUE,TRUE,2S2.9001A2,https://racetechnologies.com/sites/default/files/content/images/brakekits/brembo-s-caliper-4-piston-2-piece-345-380mm-slotted-type-1-red-med.jpg,6,,,,,,,,2S2.9001A2,,,,,,,,,,https://racetechnologies.com/sites/default/files/content/images/brakekits/brembo-s-caliper-4-piston-2-piece-345-380mm-slotted-type-1-red-med.jpg,kg,8708949900,,,,,
brembo-2s-9001a-r-4-piston-cast-monobloc-calipers-380x28mm-15-2-piece-discs-brake-disc,,,,,,,,,TY1,,Black,,,BREMBO-2S2.9001A1,25000,shopify,continue,manual,4008.08,4356.61,TRUE,TRUE,2S2.9001A1,https://racetechnologies.com/sites/default/files/content/images/brakekits/brembo-s-caliper-4-piston-2-piece-345-380mm-slotted-type-1-black-med.jpg,7,,,,,,,,2S2.9001A1,,,,,,,,,,https://racetechnologies.com/sites/default/files/content/images/brakekits/brembo-s-caliper-4-piston-2-piece-345-380mm-slotted-type-1-black-med.jpg,kg,8708949900,,,,,
brembo-2s-9001a-r-4-piston-cast-monobloc-calipers-380x28mm-15-2-piece-discs-brake-disc,,,,,,,,,TY1,,Yellow,,,BREMBO-2S2.9001A5,25000,shopify,continue,manual,4008.08,4356.61,TRUE,TRUE,2S2.9001A5,https://racetechnologies.com/sites/default/files/content/images/brakekits/brembo-s-caliper-4-piston-2-piece-345-380mm-slotted-type-1-yellow-med.jpg,8,,,,,,,,2S2.9001A5,,,,,,,,,,https://racetechnologies.com/sites/default/files/content/images/brakekits/brembo-s-caliper-4-piston-2-piece-345-380mm-slotted-type-1-yellow-med.jpg,kg,8708949900,,,,,
brembo-2s-9001a-r-4-piston-cast-monobloc-calipers-380x28mm-15-2-piece-discs-brake-disc,,,,,,,,,TY1,,White,,,BREMBO-2S2.9001A6,25000,shopify,continue,manual,4008.08,4356.61,TRUE,TRUE,2S2.9001A6,https://racetechnologies.com/sites/default/files/content/images/brakekits/brembo-s-caliper-4-piston-2-piece-345-380mm-slotted-type-1-white-med.jpg,9,,,,,,,,2S2.9001A6,,,,,,,,,,https://racetechnologies.com/sites/default/files/content/images/brakekits/brembo-s-caliper-4-piston-2-piece-345-380mm-slotted-type-1-white-med.jpg,kg,8708949900,,,,,
brembo-2s-9001a-r-4-piston-cast-monobloc-calipers-380x28mm-15-2-piece-discs-brake-disc,,,,,,,,,TY1,,Fluorescent Yellow,,,BREMBO-2S2.9001A7,25000,shopify,continue,manual,4008.08,4356.61,TRUE,TRUE,2S2.9001A7,https://racetechnologies.com/sites/default/files/content/images/brakekits/brembo-s-caliper-4-piston-2-piece-345-380mm-slotted-type-1-fluo-yellow-med.jpg,10,,,,,,,,2S2.9001A7,,,,,,,,,,https://racetechnologies.com/sites/default/files/content/images/brakekits/brembo-s-caliper-4-piston-2-piece-345-380mm-slotted-type-1-fluo-yellow-med.jpg,kg,8708949900,,,,,
brembo-2s-9001a-r-4-piston-cast-monobloc-calipers-380x28mm-15-2-piece-discs-brake-disc,,,,,,,,,TY3,,Red,,,BREMBO-2S3.9001A2,25000,shopify,continue,manual,4008.08,4356.61,TRUE,TRUE,2S3.9001A2,https://racetechnologies.com/sites/default/files/content/images/brakekits/brembo-s-caliper-4-piston-2-piece-345-380mm-slotted-type-3-red-med.jpg,11,,,,,,,,2S3.9001A2,,,,,,,,,,https://racetechnologies.com/sites/default/files/content/images/brakekits/brembo-s-caliper-4-piston-2-piece-345-380mm-slotted-type-3-red-med.jpg,kg,8708949900,,,,,
brembo-2s-9001a-r-4-piston-cast-monobloc-calipers-380x28mm-15-2-piece-discs-brake-disc,,,,,,,,,TY3,,Black,,,BREMBO-2S3.9001A1,25000,shopify,continue,manual,4008.08,4356.61,TRUE,TRUE,2S3.9001A1,https://racetechnologies.com/sites/default/files/content/images/brakekits/brembo-s-caliper-4-piston-2-piece-345-380mm-slotted-type-3-black-med.jpg,12,,,,,,,,2S3.9001A1,,,,,,,,,,https://racetechnologies.com/sites/default/files/content/images/brakekits/brembo-s-caliper-4-piston-2-piece-345-380mm-slotted-type-3-black-med.jpg,kg,8708949900,,,,,
brembo-2s-9001a-r-4-piston-cast-monobloc-calipers-380x28mm-15-2-piece-discs-brake-disc,,,,,,,,,TY3,,Yellow,,,BREMBO-2S3.9001A5,25000,shopify,continue,manual,4008.08,4356.61,TRUE,TRUE,2S3.9001A5,https://racetechnologies.com/sites/default/files/content/images/brakekits/brembo-s-caliper-4-piston-2-piece-345-380mm-slotted-type-3-yellow-med.jpg,13,,,,,,,,2S3.9001A5,,,,,,,,,,https://racetechnologies.com/sites/default/files/content/images/brakekits/brembo-s-caliper-4-piston-2-piece-345-380mm-slotted-type-3-yellow-med.jpg,kg,8708949900,,,,,
brembo-2s-9001a-r-4-piston-cast-monobloc-calipers-380x28mm-15-2-piece-discs-brake-disc,,,,,,,,,TY3,,White,,,BREMBO-2S3.9001A6,25000,shopify,continue,manual,4008.08,4356.61,TRUE,TRUE,2S3.9001A6,https://racetechnologies.com/sites/default/files/content/images/brakekits/brembo-s-caliper-4-piston-2-piece-345-380mm-slotted-type-3-white-med.jpg,14,,,,,,,,2S3.9001A6,,,,,,,,,,https://racetechnologies.com/sites/default/files/content/images/brakekits/brembo-s-caliper-4-piston-2-piece-345-380mm-slotted-type-3-white-med.jpg,kg,8708949900,,,,,
brembo-2s-9001a-r-4-piston-cast-monobloc-calipers-380x28mm-15-2-piece-discs-brake-disc,,,,,,,,,TY3,,Fluorescent Yellow,,,BREMBO-2S3.9001A7,25000,shopify,continue,manual,4008.08,4356.61,TRUE,TRUE,2S3.9001A7,https://racetechnologies.com/sites/default/files/content/images/brakekits/brembo-s-caliper-4-piston-2-piece-345-380mm-slotted-type-3-fluo-yellow-med.jpg,15,,,,,,,,2S3.9001A7,,,,,,,,,,https://racetechnologies.com/sites/default/files/content/images/brakekits/brembo-s-caliper-4-piston-2-piece-345-380mm-slotted-type-3-fluo-yellow-med.jpg,kg,8708949900,,,,,
brembo-1q-9624a-f-8-piston-cast-monobloc-calipers-412x38mm-16-2-2-piece-discs-brake-disc,Brembo 1Q-.9624A 8-Piston Cast Monobloc Calipers  412x38mm (16.2'') 2-Piece Discs Brake Disc (Front),"<h4><strong>Description</strong></h4>This is 8-Piston Cast Monobloc Calipers | 412x38mm (16.2'') 2-Piece Discs | Complete Axle Set | Pre-Assembled | All Necessary Hardware Included, Front        <p>&nbsp;</p>        <h4>Features</h4>        <p><strong>Caliper</strong></p><table><tbody>  <tr><td>Caliper Body</td><td>:</td><td>Cast Monobloc Radial Mount</td></tr>  <tr><td>Caliper Piston Configuration</td><td>:</td><td>8-Piston</td></tr>  <tr><td>Caliper Piston Design And Insert Type</td><td>:</td><td>Inner Pressure Seal / OEM Approved Dust Boot</td></tr></tbody></table><p><strong>Disc</strong></p><table><tbody>  <tr><td>Disc Material/Finish</td><td>:</td><td>Advanced High Carbon Alloy / Corrosion Resistant Plating</td></tr>  <tr><td>Disc Diameter</td><td>:</td><td>328mm</td></tr>  <tr><td>Disc Width (Measurement)</td><td>:</td><td>28mm</td></tr>  <tr><td>Disc Air Gap (Measurement)</td><td>:</td><td>17mm</td></tr>  <tr><td>Disc Annulus (Measurement)</td><td>:</td><td>54mm</td></tr>  <tr><td>Disc Construction</td><td>:</td><td>2-Piece Disc Assembly</td></tr>  <tr><td>Disc Vane Design (Measurement)</td><td>:</td><td>Vented Curved 48 Vane</td></tr>  <tr><td>Disc To Hat Mounting System</td><td>:</td><td>Floating D-Bobbin with Anti Rattle Spring</td></tr></tbody></table><p><strong>Friction Material</strong></p><table><tbody>  <tr><td>Pad Compound</td><td>:</td><td>Brembo High Performance FM1000</td></tr>  <tr><td>Pad Volume / Surface Area</td><td>:</td><td>48.2 | 53.6</td></tr></tbody></table>        <p>&nbsp;</p>        <h4>What's Included</h4><ul>  <li>Brake Lines: Proprietary Brembo Stainless Steel Braided Brake Lines by Goodridge</li>  <li>Mounting Hardware: Brembo Engineered CNC Billet Caliper Adapters - All Necessary Hardware Included For Ease of Installation</li></ul>        <p>&nbsp;</p>        <p>&nbsp;</p><h4>Compatibility</h4><div class=""compatibility-accordion-wrapper""><div class=""compatibility-tab"">                        <input name=""tabs"" type=""checkbox"" id=""compatibility-tab-1"">                        <label for=""compatibility-tab-1""><b>BMW</b><br></label>                                                    <div class=""compatibility-tab-content""><ul><li>X5 (G05)</li><li>X5M (F95)</li><li>X6 (G06)</li><li>X6M (F96)</li><li>X7 (G07)</li></ul></div></div></div><p>Feel free to contact us at info@mlperformance.co.uk should you wish to double check!</p>        <p>&nbsp;</p>        <h4>Compatibility Check</h4><p>To ensure the part(s) you have ordered fits your vehicle, we run a compatibility check prior to dispatch. We can do this either using your registration number (UK) or the last 7 digits of your VIN. Simply enter your car details prior to checkout.</p>          <p>&nbsp;</p>        <h4>Part Number</h4><p>BREMBO-1Q1.9624A2 (Cross Drilled /  Red)</p><p>BREMBO-1Q1.9624A1 (Cross Drilled /  Black)</p><p>BREMBO-1Q1.9624A5 (Cross Drilled /  Yellow)</p><p>BREMBO-1Q1.9624A6 (Cross Drilled /  White)</p><p>BREMBO-1Q1.9624A7 (Cross Drilled /  Fluorescent Yellow)</p>        <p>&nbsp;</p>        <h4>More Information</h4><p><strong>Manufactured by</strong></p><p>Brembo</p>",Brembo,,Brake,"Uploaded by_Muazzim, Brand_Brembo, Product Type_Brake, Category_Brake Discs",TRUE,Disc Type,Cross Drilled,Finish,Red,,,BREMBO-1Q1.9624A2,25000,shopify,continue,manual,5834.57,6341.92,TRUE,TRUE,1Q1.9624A2,https://racetechnologies.com/sites/default/files/content/images/brakekits/brembo-q-caliper-8-piston-2-piece-412mm-drilled-red-med.jpg,1,Brembo 1Q-.9624A (F) 8-Piston Cast Monobloc Calipers  412x38mm (16.2'') 2-Piece Discs Brake Disc,,Brembo 1Q-.9624A (F) 8-Piston Cast Monobloc Calipers  412x38mm (16.2'') 2-Piece Discs Brake Disc,Get Brembo 1Q-.9624A (F) 8-Piston Cast Monobloc Calipers  412x38mm (16.2'') 2-Piece Discs Brake Disc for your car to get your desired looks and performance from ML Performance at the lowest price with FREE UK shipping & next day delivery on in stock items. Very cheap prices & good service.,,,,1Q1.9624A2,,,new,,,,,,,https://racetechnologies.com/sites/default/files/content/images/brakekits/brembo-q-caliper-8-piston-2-piece-412mm-drilled-red-med.jpg,kg,8708949900,,,,,active
brembo-1q-9624a-f-8-piston-cast-monobloc-calipers-412x38mm-16-2-2-piece-discs-brake-disc,,,,,,,,,Cross Drilled,,Black,,,BREMBO-1Q1.9624A1,25000,shopify,continue,manual,5834.57,6341.92,TRUE,TRUE,1Q1.9624A1,https://racetechnologies.com/sites/default/files/content/images/brakekits/brembo-q-caliper-8-piston-2-piece-412mm-drilled-black-med.jpg,2,,,,,,,,1Q1.9624A1,,,,,,,,,,https://racetechnologies.com/sites/default/files/content/images/brakekits/brembo-q-caliper-8-piston-2-piece-412mm-drilled-black-med.jpg,kg,8708949900,,,,,
brembo-1q-9624a-f-8-piston-cast-monobloc-calipers-412x38mm-16-2-2-piece-discs-brake-disc,,,,,,,,,Cross Drilled,,Yellow,,,BREMBO-1Q1.9624A5,25000,shopify,continue,manual,5834.57,6341.92,TRUE,TRUE,1Q1.9624A5,https://racetechnologies.com/sites/default/files/content/images/brakekits/brembo-q-caliper-8-piston-2-piece-412mm-drilled-yellow-med.jpg,3,,,,,,,,1Q1.9624A5,,,,,,,,,,https://racetechnologies.com/sites/default/files/content/images/brakekits/brembo-q-caliper-8-piston-2-piece-412mm-drilled-yellow-med.jpg,kg,8708949900,,,,,
brembo-1q-9624a-f-8-piston-cast-monobloc-calipers-412x38mm-16-2-2-piece-discs-brake-disc,,,,,,,,,Cross Drilled,,White,,,BREMBO-1Q1.9624A6,25000,shopify,continue,manual,5834.57,6341.92,TRUE,TRUE,1Q1.9624A6,https://racetechnologies.com/sites/default/files/content/images/brakekits/brembo-q-caliper-8-piston-2-piece-412mm-drilled-white-med_0.jpg,4,,,,,,,,1Q1.9624A6,,,,,,,,,,https://racetechnologies.com/sites/default/files/content/images/brakekits/brembo-q-caliper-8-piston-2-piece-412mm-drilled-white-med_0.jpg,kg,8708949900,,,,,
brembo-1q-9624a-f-8-piston-cast-monobloc-calipers-412x38mm-16-2-2-piece-discs-brake-disc,,,,,,,,,Cross Drilled,,Fluorescent Yellow,,,BREMBO-1Q1.9624A7,25000,shopify,continue,manual,5834.57,6341.92,TRUE,TRUE,1Q1.9624A7,https://racetechnologies.com/sites/default/files/content/images/brakekits/brembo-q-caliper-8-piston-2-piece-412mm-drilled-fluo-yellow-med.jpg,5,,,,,,,,1Q1.9624A7,,,,,,,,,,https://racetechnologies.com/sites/default/files/content/images/brakekits/brembo-q-caliper-8-piston-2-piece-412mm-drilled-fluo-yellow-med.jpg,kg,8708949900,,,,,
brembo-1q-9609a-f-8-piston-cast-monobloc-calipers-412x38mm-16-2-2-piece-discs-brake-disc,"Brembo 1Q-.9609A 8-Piston Cast Monobloc Calipers  412x38mm (16.2"") 2-Piece Discs Brake Disc (Front)","<h4><strong>Description</strong></h4>This is 8-Piston Cast Monobloc Calipers | 412x38mm (16.2"") 2-Piece Discs | Complete Axle Set | Pre-Assembled | All Necessary Hardware Included, Front        <p>&nbsp;</p>        <h4>Features</h4>        <p><strong>Caliper</strong></p><table><tbody>  <tr><td>Caliper Body</td><td>:</td><td>Cast Monobloc Radial Mount</td></tr>  <tr><td>Caliper Piston Configuration</td><td>:</td><td>8-Piston</td></tr>  <tr><td>Caliper Piston Design And Insert Type</td><td>:</td><td>Inner Pressure Seal / OEM Approved Dust Boot</td></tr></tbody></table><p><strong>Disc</strong></p><table><tbody>  <tr><td>Disc Material/Finish</td><td>:</td><td>Advanced High Carbon Alloy / Corrosion Resistant Plating</td></tr>  <tr><td>Disc Diameter</td><td>:</td><td>328mm</td></tr>  <tr><td>Disc Width (Measurement)</td><td>:</td><td>28mm</td></tr>  <tr><td>Disc Air Gap (Measurement)</td><td>:</td><td>17mm</td></tr>  <tr><td>Disc Annulus (Measurement)</td><td>:</td><td>54mm</td></tr>  <tr><td>Disc Construction</td><td>:</td><td>2-Piece Disc Assembly</td></tr>  <tr><td>Disc Vane Design (Measurement)</td><td>:</td><td>Vented Curved 48 Vane</td></tr>  <tr><td>Disc To Hat Mounting System</td><td>:</td><td>Floating D-Bobbin with Anti Rattle Spring</td></tr></tbody></table><p><strong>Friction Material</strong></p><table><tbody>  <tr><td>Pad Compound</td><td>:</td><td>Brembo High Performance FM1000</td></tr>  <tr><td>Pad Volume / Surface Area</td><td>:</td><td>48.2 | 53.6</td></tr></tbody></table>        <p>&nbsp;</p>        <h4>What's Included</h4><ul>  <li>Brake Lines: Proprietary Brembo Stainless Steel Braided Brake Lines by Goodridge</li>  <li>Mounting Hardware: Brembo Engineered CNC Billet Caliper Adapters - All Necessary Hardware Included For Ease of Installation</li></ul>        <p>&nbsp;</p>        <p>&nbsp;</p><h4>Compatibility</h4><div class=""compatibility-accordion-wrapper""><div class=""compatibility-tab"">                        <input name=""tabs"" type=""checkbox"" id=""compatibility-tab-1"">                        <label for=""compatibility-tab-1""><b>BMW</b><br></label>                                                    <div class=""compatibility-tab-content""><ul><li>X5M (E70)</li><li>X5M (F85)</li><li>X6M (E71)</li><li>X6M (F86)</li></ul></div></div></div><p>Feel free to contact us at info@mlperformance.co.uk should you wish to double check!</p>        <p>&nbsp;</p>        <h4>Compatibility Check</h4><p>To ensure the part(s) you have ordered fits your vehicle, we run a compatibility check prior to dispatch. We can do this either using your registration number (UK) or the last 7 digits of your VIN. Simply enter your car details prior to checkout.</p>          <p>&nbsp;</p>        <h4>Part Number</h4><p>BREMBO-1Q1.9609A2 (Cross Drilled /  Red)</p><p>BREMBO-1Q1.9609A1 (Cross Drilled /  Black)</p><p>BREMBO-1Q1.9609A5 (Cross Drilled /  Yellow)</p><p>BREMBO-1Q1.9609A6 (Cross Drilled /  White)</p><p>BREMBO-1Q1.9609A7 (Cross Drilled /  Fluorescent Yellow)</p>        <p>&nbsp;</p>        <h4>More Information</h4><p><strong>Manufactured by</strong></p><p>Brembo</p>",Brembo,,Brake,"Uploaded by_Muazzim, Brand_Brembo, Product Type_Brake, Category_Brake Discs",TRUE,Disc Type,Cross Drilled,Finish,Red,,,BREMBO-1Q1.9609A2,25000,shopify,continue,manual,5834.57,6341.92,TRUE,TRUE,1Q1.9609A2,https://racetechnologies.com/sites/default/files/content/images/brakekits/brembo-q-caliper-8-piston-2-piece-412mm-drilled-red-med_0.jpg,1,"Brembo 1Q-.9609A (F) 8-Piston Cast Monobloc Calipers  412x38mm (16.2"") 2-Piece Discs Brake Disc",,"Brembo 1Q-.9609A (F) 8-Piston Cast Monobloc Calipers  412x38mm (16.2"") 2-Piece Discs Brake Disc","Get Brembo 1Q-.9609A (F) 8-Piston Cast Monobloc Calipers  412x38mm (16.2"") 2-Piece Discs Brake Disc for your car to get your desired looks and performance from ML Performance at the lowest price with FREE UK shipping & next day delivery on in stock items. Very cheap prices & good service.",,,,1Q1.9609A2,,,new,,,,,,,https://racetechnologies.com/sites/default/files/content/images/brakekits/brembo-q-caliper-8-piston-2-piece-412mm-drilled-red-med_0.jpg,kg,8708949900,,,,,active
brembo-1q-9609a-f-8-piston-cast-monobloc-calipers-412x38mm-16-2-2-piece-discs-brake-disc,,,,,,,,,Cross Drilled,,Black,,,BREMBO-1Q1.9609A1,25000,shopify,continue,manual,5834.57,6341.92,TRUE,TRUE,1Q1.9609A1,https://racetechnologies.com/sites/default/files/content/images/brakekits/brembo-q-caliper-8-piston-2-piece-412mm-drilled-black-med_0.jpg,2,,,,,,,,1Q1.9609A1,,,,,,,,,,https://racetechnologies.com/sites/default/files/content/images/brakekits/brembo-q-caliper-8-piston-2-piece-412mm-drilled-black-med_0.jpg,kg,8708949900,,,,,
brembo-1q-9609a-f-8-piston-cast-monobloc-calipers-412x38mm-16-2-2-piece-discs-brake-disc,,,,,,,,,Cross Drilled,,Yellow,,,BREMBO-1Q1.9609A5,25000,shopify,continue,manual,5834.57,6341.92,TRUE,TRUE,1Q1.9609A5,https://racetechnologies.com/sites/default/files/content/images/brakekits/brembo-q-caliper-8-piston-2-piece-412mm-drilled-yellow-med_0.jpg,3,,,,,,,,1Q1.9609A5,,,,,,,,,,https://racetechnologies.com/sites/default/files/content/images/brakekits/brembo-q-caliper-8-piston-2-piece-412mm-drilled-yellow-med_0.jpg,kg,8708949900,,,,,
brembo-1q-9609a-f-8-piston-cast-monobloc-calipers-412x38mm-16-2-2-piece-discs-brake-disc,,,,,,,,,Cross Drilled,,White,,,BREMBO-1Q1.9609A6,25000,shopify,continue,manual,5834.57,6341.92,TRUE,TRUE,1Q1.9609A6,https://racetechnologies.com/sites/default/files/content/images/brakekits/brembo-q-caliper-8-piston-2-piece-412mm-drilled-white-med_0.jpg,4,,,,,,,,1Q1.9609A6,,,,,,,,,,https://racetechnologies.com/sites/default/files/content/images/brakekits/brembo-q-caliper-8-piston-2-piece-412mm-drilled-white-med_0.jpg,kg,8708949900,,,,,
brembo-1q-9609a-f-8-piston-cast-monobloc-calipers-412x38mm-16-2-2-piece-discs-brake-disc,,,,,,,,,Cross Drilled,,Fluorescent Yellow,,,BREMBO-1Q1.9609A7,25000,shopify,continue,manual,5834.57,6341.92,TRUE,TRUE,1Q1.9609A7,https://racetechnologies.com/sites/default/files/content/images/brakekits/brembo-q-caliper-8-piston-2-piece-412mm-drilled-fluo-yellow-med.jpg,5,,,,,,,,1Q1.9609A7,,,,,,,,,,https://racetechnologies.com/sites/default/files/content/images/brakekits/brembo-q-caliper-8-piston-2-piece-412mm-drilled-fluo-yellow-med.jpg,kg,8708949900,,,,,
brembo-2p-8004a-r-4-piston-monobloc-calipers-345x28mm-13-6-2-piece-discs-brake-disc,"Brembo 2P-.8004A 4-Piston Monobloc Calipers  345x28mm (13.6"") 2-Piece Discs Brake Disc (Rear)","<h4><strong>Description</strong></h4>This is  4-Piston Monobloc Calipers | 345x28mm (13.6"") 2-Piece Discs | Complete Axle Set | Pre-Assembled | All Necessary Hardware Included, Rear        <p>&nbsp;</p>        <h4>Features</h4>        <p><strong>Caliper</strong></p><table><tbody>  <tr><td>Caliper Body</td><td>:</td><td>Cast Monobloc Radial Mount</td></tr>  <tr><td>Caliper Piston Configuration</td><td>:</td><td>4-Piston</td></tr>  <tr><td>Caliper Piston Design And Insert Type</td><td>:</td><td>Inner Pressure Seal / OEM Approved Dust Boot</td></tr></tbody></table><p><strong>Disc</strong></p><table><tbody>  <tr><td>Disc Material/Finish</td><td>:</td><td>Advanced High Carbon Alloy / Corrosion Resistant Plating</td></tr>  <tr><td>Disc Diameter</td><td>:</td><td>328mm</td></tr>  <tr><td>Disc Width (Measurement)</td><td>:</td><td>28mm</td></tr>  <tr><td>Disc Air Gap (Measurement)</td><td>:</td><td>17mm</td></tr>  <tr><td>Disc Annulus (Measurement)</td><td>:</td><td>54mm</td></tr>  <tr><td>Disc Construction</td><td>:</td><td>2-Piece Disc Assembly</td></tr>  <tr><td>Disc Vane Design (Measurement)</td><td>:</td><td>Vented Curved 48 Vane</td></tr>  <tr><td>Disc To Hat Mounting System</td><td>:</td><td>Floating D-Bobbin with Anti Rattle Spring</td></tr></tbody></table><p><strong>Friction Material</strong></p><table><tbody>  <tr><td>Pad Compound</td><td>:</td><td>Brembo High Performance FM1000</td></tr>  <tr><td>Pad Volume / Surface Area</td><td>:</td><td>48.2 | 53.6</td></tr></tbody></table>        <p>&nbsp;</p>        <h4>What's Included</h4><ul>  <li>Brake Lines: Proprietary Brembo Stainless Steel Braided Brake Lines by Goodridge</li>  <li>Mounting Hardware: Brembo Engineered CNC Billet Caliper Adapters - All Necessary Hardware Included For Ease of Installation</li></ul>        <p>&nbsp;</p>        <p>&nbsp;</p><h4>Compatibility</h4><div class=""compatibility-accordion-wrapper""><div class=""compatibility-tab"">                        <input name=""tabs"" type=""checkbox"" id=""compatibility-tab-1"">                        <label for=""compatibility-tab-1""><b>BMW</b><br></label>                                                    <div class=""compatibility-tab-content""><ul><li>Z4 M-COUPE / ROADSTER (E85 / E86)</li></ul></div></div></div><p>Feel free to contact us at info@mlperformance.co.uk should you wish to double check!</p>        <p>&nbsp;</p>        <h4>Compatibility Check</h4><p>To ensure the part(s) you have ordered fits your vehicle, we run a compatibility check prior to dispatch. We can do this either using your registration number (UK) or the last 7 digits of your VIN. Simply enter your car details prior to checkout.</p>          <p>&nbsp;</p>        <h4>Part Number</h4><p>BREMBO-2P1.8004A2 (Cross Drilled /  Red)</p><p>BREMBO-2P1.8004A1 (Cross Drilled /  Black)</p><p>BREMBO-2P1.8004A3 (Cross Drilled /  Silver)</p><p>BREMBO-2P1.8004A5 (Cross Drilled /  Yellow)</p>        <p>&nbsp;</p>        <h4>More Information</h4><p><strong>Manufactured by</strong></p><p>Brembo</p>",Brembo,,Brake,"Uploaded by_Muazzim, Brand_Brembo, Product Type_Brake, Category_Brake Discs",TRUE,Disc Type,Cross Drilled,Finish,Red,,,BREMBO-2P1.8004A2,25000,shopify,continue,manual,3805.14,4136.03,TRUE,TRUE,2P1.8004A2,https://racetechnologies.com/sites/default/files/content/images/brakekits/brembo-p-caliper-4-piston-2-piece-345-365-380mm-drilled-red-med.jpg,1,"Brembo 2P-.8004A (R) 4-Piston Monobloc Calipers  345x28mm (13.6"") 2-Piece Discs Brake Disc",,"Brembo 2P-.8004A (R) 4-Piston Monobloc Calipers  345x28mm (13.6"") 2-Piece Discs Brake Disc","Get Brembo 2P-.8004A (R) 4-Piston Monobloc Calipers  345x28mm (13.6"") 2-Piece Discs Brake Disc for your car to get your desired looks and performance from ML Performance at the lowest price with FREE UK shipping & next day delivery on in stock items. Very cheap prices & good service.",,,,2P1.8004A2,,,new,,,,,,,https://racetechnologies.com/sites/default/files/content/images/brakekits/brembo-p-caliper-4-piston-2-piece-345-365-380mm-drilled-red-med.jpg,kg,8708949900,,,,,active
brembo-2p-8004a-r-4-piston-monobloc-calipers-345x28mm-13-6-2-piece-discs-brake-disc,,,,,,,,,Cross Drilled,,Black,,,BREMBO-2P1.8004A1,25000,shopify,continue,manual,3805.14,4136.03,TRUE,TRUE,2P1.8004A1,https://racetechnologies.com/sites/default/files/content/images/brakekits/brembo-p-caliper-4-piston-2-piece-345-365-380mm-drilled-black-med.jpg,2,,,,,,,,2P1.8004A1,,,,,,,,,,https://racetechnologies.com/sites/default/files/content/images/brakekits/brembo-p-caliper-4-piston-2-piece-345-365-380mm-drilled-black-med.jpg,kg,8708949900,,,,,
brembo-2p-8004a-r-4-piston-monobloc-calipers-345x28mm-13-6-2-piece-discs-brake-disc,,,,,,,,,Cross Drilled,,Silver,,,BREMBO-2P1.8004A3,25000,shopify,continue,manual,3805.14,4136.03,TRUE,TRUE,2P1.8004A3,https://racetechnologies.com/sites/default/files/content/images/brakekits/brembo-p-caliper-4-piston-2-piece-345-365-380mm-drilled-silver-med.jpg,3,,,,,,,,2P1.8004A3,,,,,,,,,,https://racetechnologies.com/sites/default/files/content/images/brakekits/brembo-p-caliper-4-piston-2-piece-345-365-380mm-drilled-silver-med.jpg,kg,8708949900,,,,,
brembo-2p-8004a-r-4-piston-monobloc-calipers-345x28mm-13-6-2-piece-discs-brake-disc,,,,,,,,,Cross Drilled,,Yellow,,,BREMBO-2P1.8004A5,25000,shopify,continue,manual,3805.14,4136.03,TRUE,TRUE,2P1.8004A5,https://racetechnologies.com/sites/default/files/content/images/brakekits/brembo-p-caliper-4-piston-2-piece-345-365-380mm-drilled-yellow-med.jpg,4,,,,,,,,2P1.8004A5,,,,,,,,,,https://racetechnologies.com/sites/default/files/content/images/brakekits/brembo-p-caliper-4-piston-2-piece-345-365-380mm-drilled-yellow-med.jpg,kg,8708949900,,,,,
brembo-2p-8004a-r-4-piston-billet-monobloc-calipers-345x28mm-13-6-2-piece-discs-brake-disc,"Brembo 2P-.8004A 4-Piston Billet Monobloc Calipers  345x28mm (13.6"") 2-Piece Discs Brake Disc (Rear)","<h4><strong>Description</strong></h4>This is  4-Piston Billet Monobloc Calipers | 345x28mm (13.6"") 2-Piece Discs | Complete Axle Set | Pre-Assembled | All Necessary Hardware Included, Rear        <p>&nbsp;</p>        <h4>Features</h4>        <p><strong>Caliper</strong></p><table><tbody>  <tr><td>Caliper Body</td><td>:</td><td>Billet Monobloc Radial Mount</td></tr>  <tr><td>Caliper Piston Configuration</td><td>:</td><td>4-Piston</td></tr>  <tr><td>Caliper Piston Design And Insert Type</td><td>:</td><td>Inner Pressure Seal / Recessed Dust Boot / Ventilated Stainless Steel Insert</td></tr></tbody></table><p><strong>Disc</strong></p><table><tbody>  <tr><td>Disc Material/Finish</td><td>:</td><td>Advanced High Carbon Alloy / Corrosion Resistant Plating</td></tr>  <tr><td>Disc Diameter</td><td>:</td><td>328mm</td></tr>  <tr><td>Disc Width (Measurement)</td><td>:</td><td>28mm</td></tr>  <tr><td>Disc Air Gap (Measurement)</td><td>:</td><td>17mm</td></tr>  <tr><td>Disc Annulus (Measurement)</td><td>:</td><td>54mm</td></tr>  <tr><td>Disc Construction</td><td>:</td><td>2-Piece Disc Assembly</td></tr>  <tr><td>Disc Vane Design (Measurement)</td><td>:</td><td>Vented Curved 48 Vane</td></tr>  <tr><td>Disc To Hat Mounting System</td><td>:</td><td>Floating D-Bobbin with Anti Rattle Spring</td></tr></tbody></table><p><strong>Friction Material</strong></p><table><tbody>  <tr><td>Pad Compound</td><td>:</td><td>Brembo High Performance FM1000</td></tr>  <tr><td>Pad Volume / Surface Area</td><td>:</td><td>48.2 | 53.6</td></tr></tbody></table>        <p>&nbsp;</p>        <h4>What's Included</h4><ul>  <li>Brake Lines: Proprietary Brembo Stainless Steel Braided Brake Lines by Goodridge</li>  <li>Mounting Hardware: Brembo Engineered CNC Billet Caliper Adapters - All Necessary Hardware Included For Ease of Installation</li></ul>        <p>&nbsp;</p>        <p>&nbsp;</p><h4>Compatibility</h4><div class=""compatibility-accordion-wrapper""><div class=""compatibility-tab"">                        <input name=""tabs"" type=""checkbox"" id=""compatibility-tab-1"">                        <label for=""compatibility-tab-1""><b>BMW</b><br></label>                                                    <div class=""compatibility-tab-content""><ul><li>Z4 M-COUPE / ROADSTER (E85 / E86)</li></ul></div></div></div><p>Feel free to contact us at info@mlperformance.co.uk should you wish to double check!</p>        <p>&nbsp;</p>        <h4>Compatibility Check</h4><p>To ensure the part(s) you have ordered fits your vehicle, we run a compatibility check prior to dispatch. We can do this either using your registration number (UK) or the last 7 digits of your VIN. Simply enter your car details prior to checkout.</p>          <p>&nbsp;</p>        <h4>Part Number</h4><p>BREMBO-2P1.8004AR (Cross Drilled /  Nickel Plated)</p>        <p>&nbsp;</p>        <h4>More Information</h4><p><strong>Manufactured by</strong></p><p>Brembo</p>",Brembo,,Brake,"Uploaded by_Muazzim, Brand_Brembo, Product Type_Brake, Category_Brake Discs",TRUE,Disc Type,Cross Drilled,Finish,Nickel Plated,,,BREMBO-2P1.8004AR,25000,shopify,continue,manual,3805.14,4136.03,TRUE,TRUE,2P1.8004AR,https://racetechnologies.com/sites/default/files/content/images/brakekits/brembo-p-caliper-4-piston-2-piece-345-365-380mm-drilled-gt-r-med.jpg,1,"Brembo 2P-.8004A (R) 4-Piston Billet Monobloc Calipers  345x28mm (13.6"") 2-Piece Discs Brake Disc",,"Brembo 2P-.8004A (R) 4-Piston Billet Monobloc Calipers  345x28mm (13.6"") 2-Piece Discs Brake Disc","Get Brembo 2P-.8004A (R) 4-Piston Billet Monobloc Calipers  345x28mm (13.6"") 2-Piece Discs Brake Disc for your car to get your desired looks and performance from ML Performance at the lowest price with FREE UK shipping & next day delivery on in stock items. Very cheap prices & good service.",,,,2P1.8004AR,,,new,,,,,,,https://racetechnologies.com/sites/default/files/content/images/brakekits/brembo-p-caliper-4-piston-2-piece-345-365-380mm-drilled-gt-r-med.jpg,kg,8708949900,,,,,active
brembo-2p-8004a-r-4-piston-cast-monobloc-calipers-345x28mm-13-6-2-piece-discs-brake-disc,Brembo 2P-.8004A 4-Piston Cast Monobloc Calipers  345x28mm (13.6'') 2-Piece Discs Brake Disc (Rear),"<h4><strong>Description</strong></h4>This is  4-Piston Cast Monobloc Calipers | 345x28mm (13.6'') 2-Piece Discs | Complete Axle Set | Pre-Assembled | All Necessary Hardware Included, Rear        <p>&nbsp;</p>        <h4>Features</h4>        <p><strong>Caliper</strong></p><table><tbody>  <tr><td>Caliper Body</td><td>:</td><td>Cast Monobloc Radial Mount</td></tr>  <tr><td>Caliper Piston Configuration</td><td>:</td><td>4-Piston</td></tr>  <tr><td>Caliper Piston Design And Insert Type</td><td>:</td><td>Inner Pressure Seal / Recessed Dust Boot / Stainless Steel Insert</td></tr></tbody></table><p><strong>Disc</strong></p><table><tbody>  <tr><td>Disc Material/Finish</td><td>:</td><td>Advanced High Carbon Alloy / Corrosion Resistant Plating</td></tr>  <tr><td>Disc Diameter</td><td>:</td><td>328mm</td></tr>  <tr><td>Disc Width (Measurement)</td><td>:</td><td>28mm</td></tr>  <tr><td>Disc Air Gap (Measurement)</td><td>:</td><td>17mm</td></tr>  <tr><td>Disc Annulus (Measurement)</td><td>:</td><td>54mm</td></tr>  <tr><td>Disc Construction</td><td>:</td><td>2-Piece Disc Assembly</td></tr>  <tr><td>Disc Vane Design (Measurement)</td><td>:</td><td>Vented Curved 48 Vane</td></tr>  <tr><td>Disc To Hat Mounting System</td><td>:</td><td>Floating D-Bobbin with Anti Rattle Spring</td></tr></tbody></table><p><strong>Friction Material</strong></p><table><tbody>  <tr><td>Pad Compound</td><td>:</td><td>Brembo High Performance FM1000</td></tr>  <tr><td>Pad Volume / Surface Area</td><td>:</td><td>48.2 | 53.6</td></tr></tbody></table>        <p>&nbsp;</p>        <h4>What's Included</h4><ul>  <li>Brake Lines: Proprietary Brembo Stainless Steel Braided Brake Lines by Goodridge</li>  <li>Mounting Hardware: Brembo Engineered CNC Billet Caliper Adapters - All Necessary Hardware Included For Ease of Installation</li></ul>        <p>&nbsp;</p>        <p>&nbsp;</p><h4>Compatibility</h4><div class=""compatibility-accordion-wrapper""><div class=""compatibility-tab"">                        <input name=""tabs"" type=""checkbox"" id=""compatibility-tab-1"">                        <label for=""compatibility-tab-1""><b>BMW</b><br></label>                                                    <div class=""compatibility-tab-content""><ul><li>Z4 M-COUPE / ROADSTER (E85 / E86)</li></ul></div></div></div><p>Feel free to contact us at info@mlperformance.co.uk should you wish to double check!</p>        <p>&nbsp;</p>        <h4>Compatibility Check</h4><p>To ensure the part(s) you have ordered fits your vehicle, we run a compatibility check prior to dispatch. We can do this either using your registration number (UK) or the last 7 digits of your VIN. Simply enter your car details prior to checkout.</p>          <p>&nbsp;</p>        <h4>Part Number</h4><p>BREMBO-2P1.8004AS (Cross Drilled /  Black Hard Anodized)</p>        <p>&nbsp;</p>        <h4>More Information</h4><p><strong>Manufactured by</strong></p><p>Brembo</p>",Brembo,,Brake,"Uploaded by_Muazzim, Brand_Brembo, Product Type_Brake, Category_Brake Discs",TRUE,Disc Type,Cross Drilled,Finish,Black Hard Anodized,,,BREMBO-2P1.8004AS,25000,shopify,continue,manual,3805.14,4136.03,TRUE,TRUE,2P1.8004AS,https://racetechnologies.com/sites/default/files/content/images/brakekits/brembo-p-caliper-4-piston-2-piece-345-365-380mm-drilled-gt-s-med.jpg,1,Brembo 2P-.8004A (R) 4-Piston Cast Monobloc Calipers  345x28mm (13.6'') 2-Piece Discs Brake Disc,,Brembo 2P-.8004A (R) 4-Piston Cast Monobloc Calipers  345x28mm (13.6'') 2-Piece Discs Brake Disc,Get Brembo 2P-.8004A (R) 4-Piston Cast Monobloc Calipers  345x28mm (13.6'') 2-Piece Discs Brake Disc for your car to get your desired looks and performance from ML Performance at the lowest price with FREE UK shipping & next day delivery on in stock items. Very cheap prices & good service.,,,,2P1.8004AS,,,new,,,,,,,https://racetechnologies.com/sites/default/files/content/images/brakekits/brembo-p-caliper-4-piston-2-piece-345-365-380mm-drilled-gt-s-med.jpg,kg,8708949900,,,,,active
brembo-2m-9007a-r-6-piston-cast-monobloc-calipers-380x32mm-15-2-piece-discs-brake-disc,Brembo 2M-.9007A 6-Piston Cast Monobloc Calipers  380x32mm (15'') 2-Piece Discs Brake Disc (Rear),"<h4><strong>Description</strong></h4>This is  6-Piston Cast Monobloc Calipers | 380x32mm (15'') 2-Piece Discs | Complete Axle Set | Pre-Assembled | All Necessary Hardware Included, Rear        <p>&nbsp;</p>        <h4>Features</h4>        <p><strong>Caliper</strong></p><table><tbody>  <tr><td>Caliper Body</td><td>:</td><td>Cast Monobloc Radial Mount</td></tr>  <tr><td>Caliper Piston Configuration</td><td>:</td><td>6-Piston</td></tr>  <tr><td>Caliper Piston Design And Insert Type</td><td>:</td><td>Inner Pressure Seal / OEM Approved Dust Boot</td></tr></tbody></table><p><strong>Disc</strong></p><table><tbody>  <tr><td>Disc Material/Finish</td><td>:</td><td>Advanced High Carbon Alloy / Corrosion Resistant Plating</td></tr>  <tr><td>Disc Diameter</td><td>:</td><td>328mm</td></tr>  <tr><td>Disc Width (Measurement)</td><td>:</td><td>28mm</td></tr>  <tr><td>Disc Air Gap (Measurement)</td><td>:</td><td>17mm</td></tr>  <tr><td>Disc Annulus (Measurement)</td><td>:</td><td>54mm</td></tr>  <tr><td>Disc Construction</td><td>:</td><td>2-Piece Disc Assembly</td></tr>  <tr><td>Disc Vane Design (Measurement)</td><td>:</td><td>Vented Curved 48 Vane</td></tr>  <tr><td>Disc To Hat Mounting System</td><td>:</td><td>Floating D-Bobbin with Anti Rattle Spring</td></tr></tbody></table><p><strong>Friction Material</strong></p><table><tbody>  <tr><td>Pad Compound</td><td>:</td><td>Brembo High Performance FM1000</td></tr>  <tr><td>Pad Volume / Surface Area</td><td>:</td><td>48.2 | 53.6</td></tr></tbody></table>        <p>&nbsp;</p>        <h4>What's Included</h4><ul>  <li>Brake Lines: Proprietary Brembo Stainless Steel Braided Brake Lines by Goodridge</li>  <li>Mounting Hardware: Brembo Engineered CNC Billet Caliper Adapters - All Necessary Hardware Included For Ease of Installation</li></ul>        <p>&nbsp;</p>        <p>&nbsp;</p><h4>Compatibility</h4><div class=""compatibility-accordion-wrapper""><div class=""compatibility-tab"">                        <input name=""tabs"" type=""checkbox"" id=""compatibility-tab-1"">                        <label for=""compatibility-tab-1""><b>CHEVROLET</b><br></label>                                                    <div class=""compatibility-tab-content""><ul><li>CORVETTE C8 / C8 Z51</li></ul></div></div></div><p>Feel free to contact us at info@mlperformance.co.uk should you wish to double check!</p>        <p>&nbsp;</p>        <h4>Compatibility Check</h4><p>To ensure the part(s) you have ordered fits your vehicle, we run a compatibility check prior to dispatch. We can do this either using your registration number (UK) or the last 7 digits of your VIN. Simply enter your car details prior to checkout.</p>          <p>&nbsp;</p>        <h4>Part Number</h4><p>BREMBO-2M1.9007A2 (Cross Drilled /  Red)</p><p>BREMBO-2M1.9007A1 (Cross Drilled /  Black)</p><p>BREMBO-2M1.9007A3 (Cross Drilled /  Silver)</p><p>BREMBO-2M1.9007A5 (Cross Drilled /  Yellow)</p><p>BREMBO-2M2.9007A2 (TY1 /  Red)</p><p>BREMBO-2M2.9007A1 (TY1 /  Black)</p><p>BREMBO-2M2.9007A3 (TY1 /  Silver)</p><p>BREMBO-2M2.9007A5 (TY1 /  Yellow)</p><p>BREMBO-2M3.9007A2 (TY3 /  Red)</p><p>BREMBO-2M3.9007A1 (TY3 /  Black)</p><p>BREMBO-2M3.9007A3 (TY3 /  Silver)</p><p>BREMBO-2M3.9007A5 (TY3 /  Yellow)</p><p>BREMBO-2M1.9007AS (Cross Drilled /  Black Hard Anodized)</p><p>BREMBO-2M2.9007AS (TY1 /  Black Hard Anodized)</p><p>BREMBO-2M3.9007AS (TY3 /  Black Hard Anodized)</p>        <p>&nbsp;</p>        <h4>More Information</h4><p><strong>Manufactured by</strong></p><p>Brembo</p>",Brembo,,Brake,"Uploaded by_Muazzim, Brand_Brembo, Product Type_Brake, Category_Brake Discs",TRUE,Disc Type,Cross Drilled,Finish,Red,,,BREMBO-2M1.9007A2,25000,shopify,continue,manual,4515.43,4908.08,TRUE,TRUE,2M1.9007A2,https://racetechnologies.com/sites/default/files/content/images/brakekits/brembo-m-caliper-6-piston-2-piece-355-380mm-drilled-red-med.jpg,1,Brembo 2M-.9007A (R) 6-Piston Cast Monobloc Calipers  380x32mm (15'') 2-Piece Discs Brake Disc,,Brembo 2M-.9007A (R) 6-Piston Cast Monobloc Calipers  380x32mm (15'') 2-Piece Discs Brake Disc,Get Brembo 2M-.9007A (R) 6-Piston Cast Monobloc Calipers  380x32mm (15'') 2-Piece Discs Brake Disc for your car to get your desired looks and performance from ML Performance at the lowest price with FREE UK shipping & next day delivery on in stock items. Very cheap prices & good service.,,,,2M1.9007A2,,,new,,,,,,,https://racetechnologies.com/sites/default/files/content/images/brakekits/brembo-m-caliper-6-piston-2-piece-355-380mm-drilled-red-med.jpg,kg,8708949900,,,,,active
brembo-2m-9007a-r-6-piston-cast-monobloc-calipers-380x32mm-15-2-piece-discs-brake-disc,,,,,,,,,Cross Drilled,,Black,,,BREMBO-2M1.9007A1,25000,shopify,continue,manual,4515.43,4908.08,TRUE,TRUE,2M1.9007A1,https://racetechnologies.com/sites/default/files/content/images/brakekits/brembo-m-caliper-6-piston-2-piece-355-380mm-drilled-black-med.jpg,2,,,,,,,,2M1.9007A1,,,,,,,,,,https://racetechnologies.com/sites/default/files/content/images/brakekits/brembo-m-caliper-6-piston-2-piece-355-380mm-drilled-black-med.jpg,kg,8708949900,,,,,
brembo-2m-9007a-r-6-piston-cast-monobloc-calipers-380x32mm-15-2-piece-discs-brake-disc,,,,,,,,,Cross Drilled,,Silver,,,BREMBO-2M1.9007A3,25000,shopify,continue,manual,4515.43,4908.08,TRUE,TRUE,2M1.9007A3,https://racetechnologies.com/sites/default/files/content/images/brakekits/brembo-m-caliper-6-piston-2-piece-355-380mm-drilled-silver-med.jpg,3,,,,,,,,2M1.9007A3,,,,,,,,,,https://racetechnologies.com/sites/default/files/content/images/brakekits/brembo-m-caliper-6-piston-2-piece-355-380mm-drilled-silver-med.jpg,kg,8708949900,,,,,
brembo-2m-9007a-r-6-piston-cast-monobloc-calipers-380x32mm-15-2-piece-discs-brake-disc,,,,,,,,,Cross Drilled,,Yellow,,,BREMBO-2M1.9007A5,25000,shopify,continue,manual,4515.43,4908.08,TRUE,TRUE,2M1.9007A5,https://racetechnologies.com/sites/default/files/content/images/brakekits/brembo-m-caliper-6-piston-2-piece-355-380mm-drilled-yellow-med.jpg,4,,,,,,,,2M1.9007A5,,,,,,,,,,https://racetechnologies.com/sites/default/files/content/images/brakekits/brembo-m-caliper-6-piston-2-piece-355-380mm-drilled-yellow-med.jpg,kg,8708949900,,,,,
brembo-2m-9007a-r-6-piston-cast-monobloc-calipers-380x32mm-15-2-piece-discs-brake-disc,,,,,,,,,TY1,,Red,,,BREMBO-2M2.9007A2,25000,shopify,continue,manual,4515.43,4908.08,TRUE,TRUE,2M2.9007A2,https://racetechnologies.com/sites/default/files/content/images/brakekits/brembo-m-caliper-6-piston-2-piece-355-380mm-slotted-type-1-red-med.jpg,5,,,,,,,,2M2.9007A2,,,,,,,,,,https://racetechnologies.com/sites/default/files/content/images/brakekits/brembo-m-caliper-6-piston-2-piece-355-380mm-slotted-type-1-red-med.jpg,kg,8708949900,,,,,
brembo-2m-9007a-r-6-piston-cast-monobloc-calipers-380x32mm-15-2-piece-discs-brake-disc,,,,,,,,,TY1,,Black,,,BREMBO-2M2.9007A1,25000,shopify,continue,manual,4515.43,4908.08,TRUE,TRUE,2M2.9007A1,https://racetechnologies.com/sites/default/files/content/images/brakekits/brembo-m-caliper-6-piston-2-piece-355-380mm-slotted-type-1-black-med.jpg,6,,,,,,,,2M2.9007A1,,,,,,,,,,https://racetechnologies.com/sites/default/files/content/images/brakekits/brembo-m-caliper-6-piston-2-piece-355-380mm-slotted-type-1-black-med.jpg,kg,8708949900,,,,,
brembo-2m-9007a-r-6-piston-cast-monobloc-calipers-380x32mm-15-2-piece-discs-brake-disc,,,,,,,,,TY1,,Silver,,,BREMBO-2M2.9007A3,25000,shopify,continue,manual,4515.43,4908.08,TRUE,TRUE,2M2.9007A3,https://racetechnologies.com/sites/default/files/content/images/brakekits/brembo-m-caliper-6-piston-2-piece-355-380mm-slotted-type-1-silver-med.jpg,7,,,,,,,,2M2.9007A3,,,,,,,,,,https://racetechnologies.com/sites/default/files/content/images/brakekits/brembo-m-caliper-6-piston-2-piece-355-380mm-slotted-type-1-silver-med.jpg,kg,8708949900,,,,,
brembo-2m-9007a-r-6-piston-cast-monobloc-calipers-380x32mm-15-2-piece-discs-brake-disc,,,,,,,,,TY1,,Yellow,,,BREMBO-2M2.9007A5,25000,shopify,continue,manual,4515.43,4908.08,TRUE,TRUE,2M2.9007A5,https://racetechnologies.com/sites/default/files/content/images/brakekits/brembo-m-caliper-6-piston-2-piece-355-380mm-slotted-type-1-yellow-med.jpg,8,,,,,,,,2M2.9007A5,,,,,,,,,,https://racetechnologies.com/sites/default/files/content/images/brakekits/brembo-m-caliper-6-piston-2-piece-355-380mm-slotted-type-1-yellow-med.jpg,kg,8708949900,,,,,
brembo-2m-9007a-r-6-piston-cast-monobloc-calipers-380x32mm-15-2-piece-discs-brake-disc,,,,,,,,,TY3,,Red,,,BREMBO-2M3.9007A2,25000,shopify,continue,manual,4515.43,4908.08,TRUE,TRUE,2M3.9007A2,https://racetechnologies.com/sites/default/files/content/images/brakekits/brembo-m-caliper-6-piston-2-piece-355-380mm-slotted-type-3-red-med.jpg,9,,,,,,,,2M3.9007A2,,,,,,,,,,https://racetechnologies.com/sites/default/files/content/images/brakekits/brembo-m-caliper-6-piston-2-piece-355-380mm-slotted-type-3-red-med.jpg,kg,8708949900,,,,,
brembo-2m-9007a-r-6-piston-cast-monobloc-calipers-380x32mm-15-2-piece-discs-brake-disc,,,,,,,,,TY3,,Black,,,BREMBO-2M3.9007A1,25000,shopify,continue,manual,4515.43,4908.08,TRUE,TRUE,2M3.9007A1,https://racetechnologies.com/sites/default/files/content/images/brakekits/brembo-m-caliper-6-piston-2-piece-355-380mm-slotted-type-3-black-med.jpg,10,,,,,,,,2M3.9007A1,,,,,,,,,,https://racetechnologies.com/sites/default/files/content/images/brakekits/brembo-m-caliper-6-piston-2-piece-355-380mm-slotted-type-3-black-med.jpg,kg,8708949900,,,,,
brembo-2m-9007a-r-6-piston-cast-monobloc-calipers-380x32mm-15-2-piece-discs-brake-disc,,,,,,,,,TY3,,Silver,,,BREMBO-2M3.9007A3,25000,shopify,continue,manual,4515.43,4908.08,TRUE,TRUE,2M3.9007A3,https://racetechnologies.com/sites/default/files/content/images/brakekits/brembo-m-caliper-6-piston-2-piece-355-380mm-slotted-type-3-silver-med.jpg,11,,,,,,,,2M3.9007A3,,,,,,,,,,https://racetechnologies.com/sites/default/files/content/images/brakekits/brembo-m-caliper-6-piston-2-piece-355-380mm-slotted-type-3-silver-med.jpg,kg,8708949900,,,,,
brembo-2m-9007a-r-6-piston-cast-monobloc-calipers-380x32mm-15-2-piece-discs-brake-disc,,,,,,,,,TY3,,Yellow,,,BREMBO-2M3.9007A5,25000,shopify,continue,manual,4515.43,4908.08,TRUE,TRUE,2M3.9007A5,https://racetechnologies.com/sites/default/files/content/images/brakekits/brembo-m-caliper-6-piston-2-piece-355-380mm-slotted-type-3-yellow-med.jpg,12,,,,,,,,2M3.9007A5,,,,,,,,,,https://racetechnologies.com/sites/default/files/content/images/brakekits/brembo-m-caliper-6-piston-2-piece-355-380mm-slotted-type-3-yellow-med.jpg,kg,8708949900,,,,,
brembo-2m-9007a-r-6-piston-billet-monobloc-calipers-380x32mm-15-2-piece-discs-brake-disc,Brembo 2M-.9007A 6-Piston Billet Monobloc Calipers  380x32mm (15'') 2-Piece Discs Brake Disc (Rear),"<h4><strong>Description</strong></h4>This is  6-Piston Billet Monobloc Calipers | 380x32mm (15'') 2-Piece Discs | Complete Axle Set | Pre-Assembled | All Necessary Hardware Included, Rear        <p>&nbsp;</p>        <h4>Features</h4>        <p><strong>Caliper</strong></p><table><tbody>  <tr><td>Caliper Body</td><td>:</td><td>Billet Monobloc Radial Mount</td></tr>  <tr><td>Caliper Piston Configuration</td><td>:</td><td>6-Piston</td></tr>  <tr><td>Caliper Piston Design And Insert Type</td><td>:</td><td>Inner Pressure Seal / Recessed Dust Boot / Ventilated Stainless Steel Insert</td></tr></tbody></table><p><strong>Disc</strong></p><table><tbody>  <tr><td>Disc Material/Finish</td><td>:</td><td>Advanced High Carbon Alloy / Corrosion Resistant Plating</td></tr>  <tr><td>Disc Diameter</td><td>:</td><td>328mm</td></tr>  <tr><td>Disc Width (Measurement)</td><td>:</td><td>28mm</td></tr>  <tr><td>Disc Air Gap (Measurement)</td><td>:</td><td>17mm</td></tr>  <tr><td>Disc Annulus (Measurement)</td><td>:</td><td>54mm</td></tr>  <tr><td>Disc Construction</td><td>:</td><td>2-Piece Disc Assembly</td></tr>  <tr><td>Disc Vane Design (Measurement)</td><td>:</td><td>Vented Curved 48 Vane</td></tr>  <tr><td>Disc To Hat Mounting System</td><td>:</td><td>Floating D-Bobbin with Anti Rattle Spring</td></tr></tbody></table><p><strong>Friction Material</strong></p><table><tbody>  <tr><td>Pad Compound</td><td>:</td><td>Brembo High Performance FM1000</td></tr>  <tr><td>Pad Volume / Surface Area</td><td>:</td><td>48.2 | 53.6</td></tr></tbody></table>        <p>&nbsp;</p>        <h4>What's Included</h4><ul>  <li>Brake Lines: Proprietary Brembo Stainless Steel Braided Brake Lines by Goodridge</li>  <li>Mounting Hardware: Brembo Engineered CNC Billet Caliper Adapters - All Necessary Hardware Included For Ease of Installation</li></ul>        <p>&nbsp;</p>        <p>&nbsp;</p><h4>Compatibility</h4><div class=""compatibility-accordion-wrapper""><div class=""compatibility-tab"">                        <input name=""tabs"" type=""checkbox"" id=""compatibility-tab-1"">                        <label for=""compatibility-tab-1""><b>CHEVROLET</b><br></label>                                                    <div class=""compatibility-tab-content""><ul><li>CORVETTE C8 / C8 Z51</li></ul></div></div></div><p>Feel free to contact us at info@mlperformance.co.uk should you wish to double check!</p>        <p>&nbsp;</p>        <h4>Compatibility Check</h4><p>To ensure the part(s) you have ordered fits your vehicle, we run a compatibility check prior to dispatch. We can do this either using your registration number (UK) or the last 7 digits of your VIN. Simply enter your car details prior to checkout.</p>          <p>&nbsp;</p>        <h4>Part Number</h4><p>BREMBO-2M1.9007AR (Cross Drilled /  Nickel Plated)</p><p>BREMBO-2M2.9007AR (TY1 /  Nickel Plated)</p><p>BREMBO-2M3.9007AR (TY3 /  Nickel Plated)</p>        <p>&nbsp;</p>        <h4>More Information</h4><p><strong>Manufactured by</strong></p><p>Brembo</p>",Brembo,,Brake,"Uploaded by_Muazzim, Brand_Brembo, Product Type_Brake, Category_Brake Discs",TRUE,Disc Type,Cross Drilled,Finish,Nickel Plated,,,BREMBO-2M1.9007AR,25000,shopify,continue,manual,8625,9375,TRUE,TRUE,2M1.9007AR,https://racetechnologies.com/sites/default/files/content/images/brakekits/brembo-m-caliper-6-piston-2-piece-355-380mm-drilled-gt-r-med.jpg,1,Brembo 2M-.9007A (R) 6-Piston Billet Monobloc Calipers  380x32mm (15'') 2-Piece Discs Brake Disc,,Brembo 2M-.9007A (R) 6-Piston Billet Monobloc Calipers  380x32mm (15'') 2-Piece Discs Brake Disc,Get Brembo 2M-.9007A (R) 6-Piston Billet Monobloc Calipers  380x32mm (15'') 2-Piece Discs Brake Disc for your car to get your desired looks and performance from ML Performance at the lowest price with FREE UK shipping & next day delivery on in stock items. Very cheap prices & good service.,,,,2M1.9007AR,,,new,,,,,,,https://racetechnologies.com/sites/default/files/content/images/brakekits/brembo-m-caliper-6-piston-2-piece-355-380mm-drilled-gt-r-med.jpg,kg,8708949900,,,,,active
brembo-2m-9007a-r-6-piston-billet-monobloc-calipers-380x32mm-15-2-piece-discs-brake-disc,,,,,,,,,TY1,,Nickel Plated,,,BREMBO-2M2.9007AR,25000,shopify,continue,manual,8625,9375,TRUE,TRUE,2M2.9007AR,https://racetechnologies.com/sites/default/files/content/images/brakekits/brembo-m-caliper-6-piston-2-piece-355-380mm-slotted-type-1-gt-r-med.jpg,2,,,,,,,,2M2.9007AR,,,,,,,,,,https://racetechnologies.com/sites/default/files/content/images/brakekits/brembo-m-caliper-6-piston-2-piece-355-380mm-slotted-type-1-gt-r-med.jpg,kg,8708949900,,,,,
brembo-2m-9007a-r-6-piston-billet-monobloc-calipers-380x32mm-15-2-piece-discs-brake-disc,,,,,,,,,TY3,,Nickel Plated,,,BREMBO-2M3.9007AR,25000,shopify,continue,manual,8625,9375,TRUE,TRUE,2M3.9007AR,https://racetechnologies.com/sites/default/files/content/images/brakekits/brembo-m-caliper-6-piston-2-piece-355-380mm-slotted-type-3-gt-r-med.jpg,3,,,,,,,,2M3.9007AR,,,,,,,,,,https://racetechnologies.com/sites/default/files/content/images/brakekits/brembo-m-caliper-6-piston-2-piece-355-380mm-slotted-type-3-gt-r-med.jpg,kg,8708949900,,,,,
brembo-2m-9007a-r-6-piston-cast-monobloc-calipers-380x32mm-15-2-piece-discs-brake-disc,Brembo 2M-.9007A 6-Piston Cast Monobloc Calipers  380x32mm (15'') 2-Piece Discs Brake Disc (Rear),"<h4><strong>Description</strong></h4>This is  6-Piston Cast Monobloc Calipers | 380x32mm (15'') 2-Piece Discs | Complete Axle Set | Pre-Assembled | All Necessary Hardware Included, Rear        <p>&nbsp;</p>        <h4>Features</h4>        <p><strong>Caliper</strong></p><table><tbody>  <tr><td>Caliper Body</td><td>:</td><td>Cast Monobloc Radial Mount</td></tr>  <tr><td>Caliper Piston Configuration</td><td>:</td><td>6-Piston</td></tr>  <tr><td>Caliper Piston Design And Insert Type</td><td>:</td><td>Inner Pressure Seal / Recessed Dust Boot / Stainless Steel Insert</td></tr></tbody></table><p><strong>Disc</strong></p><table><tbody>  <tr><td>Disc Material/Finish</td><td>:</td><td>Advanced High Carbon Alloy / Corrosion Resistant Plating</td></tr>  <tr><td>Disc Diameter</td><td>:</td><td>328mm</td></tr>  <tr><td>Disc Width (Measurement)</td><td>:</td><td>28mm</td></tr>  <tr><td>Disc Air Gap (Measurement)</td><td>:</td><td>17mm</td></tr>  <tr><td>Disc Annulus (Measurement)</td><td>:</td><td>54mm</td></tr>  <tr><td>Disc Construction</td><td>:</td><td>2-Piece Disc Assembly</td></tr>  <tr><td>Disc Vane Design (Measurement)</td><td>:</td><td>Vented Curved 48 Vane</td></tr>  <tr><td>Disc To Hat Mounting System</td><td>:</td><td>Floating D-Bobbin with Anti Rattle Spring</td></tr></tbody></table><p><strong>Friction Material</strong></p><table><tbody>  <tr><td>Pad Compound</td><td>:</td><td>Brembo High Performance FM1000</td></tr>  <tr><td>Pad Volume / Surface Area</td><td>:</td><td>48.2 | 53.6</td></tr></tbody></table>        <p>&nbsp;</p>        <h4>What's Included</h4><ul>  <li>Brake Lines: Proprietary Brembo Stainless Steel Braided Brake Lines by Goodridge</li>  <li>Mounting Hardware: Brembo Engineered CNC Billet Caliper Adapters - All Necessary Hardware Included For Ease of Installation</li></ul>        <p>&nbsp;</p>        <p>&nbsp;</p><h4>Compatibility</h4><div class=""compatibility-accordion-wrapper""><div class=""compatibility-tab"">                        <input name=""tabs"" type=""checkbox"" id=""compatibility-tab-1"">                        <label for=""compatibility-tab-1""><b>CHEVROLET</b><br></label>                                                    <div class=""compatibility-tab-content""><ul><li>CORVETTE C8 / C8 Z51</li></ul></div></div></div><p>Feel free to contact us at info@mlperformance.co.uk should you wish to double check!</p>        <p>&nbsp;</p>        <h4>Compatibility Check</h4><p>To ensure the part(s) you have ordered fits your vehicle, we run a compatibility check prior to dispatch. We can do this either using your registration number (UK) or the last 7 digits of your VIN. Simply enter your car details prior to checkout.</p>          <p>&nbsp;</p>        <h4>Part Number</h4><p>BREMBO-2M1.9007A2 (Cross Drilled /  Red)</p><p>BREMBO-2M1.9007A1 (Cross Drilled /  Black)</p><p>BREMBO-2M1.9007A3 (Cross Drilled /  Silver)</p><p>BREMBO-2M1.9007A5 (Cross Drilled /  Yellow)</p><p>BREMBO-2M2.9007A2 (TY1 /  Red)</p><p>BREMBO-2M2.9007A1 (TY1 /  Black)</p><p>BREMBO-2M2.9007A3 (TY1 /  Silver)</p><p>BREMBO-2M2.9007A5 (TY1 /  Yellow)</p><p>BREMBO-2M3.9007A2 (TY3 /  Red)</p><p>BREMBO-2M3.9007A1 (TY3 /  Black)</p><p>BREMBO-2M3.9007A3 (TY3 /  Silver)</p><p>BREMBO-2M3.9007A5 (TY3 /  Yellow)</p><p>BREMBO-2M1.9007AS (Cross Drilled /  Black Hard Anodized)</p><p>BREMBO-2M2.9007AS (TY1 /  Black Hard Anodized)</p><p>BREMBO-2M3.9007AS (TY3 /  Black Hard Anodized)</p>        <p>&nbsp;</p>        <h4>More Information</h4><p><strong>Manufactured by</strong></p><p>Brembo</p>",Brembo,,Brake,"Uploaded by_Muazzim, Brand_Brembo, Product Type_Brake, Category_Brake Discs",TRUE,Disc Type,Cross Drilled,Finish,Black Hard Anodized,,,BREMBO-2M1.9007AS,25000,shopify,continue,manual,4616.92,5018.39,TRUE,TRUE,2M1.9007AS,https://racetechnologies.com/sites/default/files/content/images/brakekits/brembo-m-caliper-6-piston-2-piece-355-380mm-drilled-gt-s-med.jpg,1,Brembo 2M-.9007A (R) 6-Piston Cast Monobloc Calipers  380x32mm (15'') 2-Piece Discs Brake Disc,,Brembo 2M-.9007A (R) 6-Piston Cast Monobloc Calipers  380x32mm (15'') 2-Piece Discs Brake Disc,Get Brembo 2M-.9007A (R) 6-Piston Cast Monobloc Calipers  380x32mm (15'') 2-Piece Discs Brake Disc for your car to get your desired looks and performance from ML Performance at the lowest price with FREE UK shipping & next day delivery on in stock items. Very cheap prices & good service.,,,,2M1.9007AS,,,new,,,,,,,https://racetechnologies.com/sites/default/files/content/images/brakekits/brembo-m-caliper-6-piston-2-piece-355-380mm-drilled-gt-s-med.jpg,kg,8708949900,,,,,active
brembo-2m-9007a-r-6-piston-cast-monobloc-calipers-380x32mm-15-2-piece-discs-brake-disc,,,,,,,,,TY1,,Black Hard Anodized,,,BREMBO-2M2.9007AS,25000,shopify,continue,manual,4616.92,5018.39,TRUE,TRUE,2M2.9007AS,https://racetechnologies.com/sites/default/files/content/images/brakekits/brembo-m-caliper-6-piston-2-piece-355-380mm-slotted-type-1-gt-s-med.jpg,2,,,,,,,,2M2.9007AS,,,,,,,,,,https://racetechnologies.com/sites/default/files/content/images/brakekits/brembo-m-caliper-6-piston-2-piece-355-380mm-slotted-type-1-gt-s-med.jpg,kg,8708949900,,,,,
brembo-2m-9007a-r-6-piston-cast-monobloc-calipers-380x32mm-15-2-piece-discs-brake-disc,,,,,,,,,TY3,,Black Hard Anodized,,,BREMBO-2M3.9007AS,25000,shopify,continue,manual,4616.92,5018.39,TRUE,TRUE,2M3.9007AS,https://racetechnologies.com/sites/default/files/content/images/brakekits/brembo-m-caliper-6-piston-2-piece-355-380mm-slotted-type-3-gt-s-med.jpg,3,,,,,,,,2M3.9007AS,,,,,,,,,,https://racetechnologies.com/sites/default/files/content/images/brakekits/brembo-m-caliper-6-piston-2-piece-355-380mm-slotted-type-3-gt-s-med.jpg,kg,8708949900,,,,,
brembo-2t-9003a-r-6-piston-cast-monobloc-calipers-380x34mm-15-2-piece-discs-brake-disc,Brembo 2T-.9003A 6-Piston Cast Monobloc Calipers  380x34mm (15'') 2-Piece Discs Brake Disc (Rear),"<h4><strong>Description</strong></h4>This is  6-Piston Cast Monobloc Calipers | 380x34mm (15'') 2-Piece Discs | Complete Axle Set | Pre-Assembled | All Necessary Hardware Included, Rear        <p>&nbsp;</p>        <h4>Features</h4>        <p><strong>Caliper</strong></p><table><tbody>  <tr><td>Caliper Body</td><td>:</td><td>Cast Monobloc Radial Mount</td></tr>  <tr><td>Caliper Piston Configuration</td><td>:</td><td>6-Piston</td></tr>  <tr><td>Caliper Piston Design And Insert Type</td><td>:</td><td>Inner Pressure Seal / OEM Approved Dust Boot</td></tr></tbody></table><p><strong>Disc</strong></p><table><tbody>  <tr><td>Disc Material/Finish</td><td>:</td><td>Advanced High Carbon Alloy / Corrosion Resistant Plating</td></tr>  <tr><td>Disc Diameter</td><td>:</td><td>328mm</td></tr>  <tr><td>Disc Width (Measurement)</td><td>:</td><td>28mm</td></tr>  <tr><td>Disc Air Gap (Measurement)</td><td>:</td><td>17mm</td></tr>  <tr><td>Disc Annulus (Measurement)</td><td>:</td><td>54mm</td></tr>  <tr><td>Disc Construction</td><td>:</td><td>2-Piece Disc Assembly</td></tr>  <tr><td>Disc Vane Design (Measurement)</td><td>:</td><td>Vented Curved 48 Vane</td></tr>  <tr><td>Disc To Hat Mounting System</td><td>:</td><td>Floating D-Bobbin with Anti Rattle Spring</td></tr></tbody></table><p><strong>Friction Material</strong></p><table><tbody>  <tr><td>Pad Compound</td><td>:</td><td>Brembo High Performance FM1000</td></tr>  <tr><td>Pad Volume / Surface Area</td><td>:</td><td>48.2 | 53.6</td></tr></tbody></table>        <p>&nbsp;</p>        <h4>What's Included</h4><ul>  <li>Brake Lines: Proprietary Brembo Stainless Steel Braided Brake Lines by Goodridge</li>  <li>Mounting Hardware: Brembo Engineered CNC Billet Caliper Adapters - All Necessary Hardware Included For Ease of Installation</li></ul>        <p>&nbsp;</p>        <p>&nbsp;</p><h4>Compatibility</h4><div class=""compatibility-accordion-wrapper""><div class=""compatibility-tab"">                        <input name=""tabs"" type=""checkbox"" id=""compatibility-tab-1"">                        <label for=""compatibility-tab-1""><b>CHEVROLET</b><br></label>                                                    <div class=""compatibility-tab-content""><ul><li>CORVETTE C8 / C8 Z51</li></ul></div></div></div><p>Feel free to contact us at info@mlperformance.co.uk should you wish to double check!</p>        <p>&nbsp;</p>        <h4>Compatibility Check</h4><p>To ensure the part(s) you have ordered fits your vehicle, we run a compatibility check prior to dispatch. We can do this either using your registration number (UK) or the last 7 digits of your VIN. Simply enter your car details prior to checkout.</p>          <p>&nbsp;</p>        <h4>Part Number</h4><p>BREMBO-2T1.9003A2 (Cross Drilled /  Red)</p>        <p>&nbsp;</p>        <h4>More Information</h4><p><strong>Manufactured by</strong></p><p>Brembo</p>",Brembo,,Brake,"Uploaded by_Muazzim, Brand_Brembo, Product Type_Brake, Category_Brake Discs",TRUE,Disc Type,Cross Drilled,Finish,Red,,,BREMBO-2T1.9003A2,25000,shopify,continue,manual,4616.92,5018.39,TRUE,TRUE,2T1.9003A2,https://racetechnologies.com/sites/default/files/content/images/brakekits/brembo-t-caliper-6-piston-2-piece-365-380mm-drilled-red-med.jpg,1,Brembo 2T-.9003A (R) 6-Piston Cast Monobloc Calipers  380x34mm (15'') 2-Piece Discs Brake Disc,,Brembo 2T-.9003A (R) 6-Piston Cast Monobloc Calipers  380x34mm (15'') 2-Piece Discs Brake Disc,Get Brembo 2T-.9003A (R) 6-Piston Cast Monobloc Calipers  380x34mm (15'') 2-Piece Discs Brake Disc for your car to get your desired looks and performance from ML Performance at the lowest price with FREE UK shipping & next day delivery on in stock items. Very cheap prices & good service.,,,,2T1.9003A2,,,new,,,,,,,https://racetechnologies.com/sites/default/files/content/images/brakekits/brembo-t-caliper-6-piston-2-piece-365-380mm-drilled-red-med.jpg,kg,8708949900,,,,,active
brembo-1m-9037a-f-355x32mm-14-2-piece-discs-brake-disc,"Brembo 1M-.9037A  355x32mm (14"") 2-Piece Discs Brake Disc (Front)","<h4><strong>Description</strong></h4>This is  355x32mm (14"") 2-Piece Discs | Complete Axle Set | Pre-Assembled | All Necessary Hardware Included, Front        <p>&nbsp;</p>        <h4>Features</h4>        <p><strong>Disc</strong></p><table><tbody>  <tr><td>Disc Material/Finish</td><td>:</td><td>Advanced High Carbon Alloy / Corrosion Resistant Plating</td></tr>  <tr><td>Disc Diameter</td><td>:</td><td>355mm</td></tr>  <tr><td>Disc Width (Measurement)</td><td>:</td><td>32mm</td></tr>  <tr><td>Disc Air Gap (Measurement)</td><td>:</td><td>16mm</td></tr>  <tr><td>Disc Annulus (Measurement)</td><td>:</td><td>54mm</td></tr>  <tr><td>Disc Construction</td><td>:</td><td>2-Piece Disc Assembly</td></tr>  <tr><td>Disc Vane Design (Measurement)</td><td>:</td><td>Vented Curved 48 Vane</td></tr>  <tr><td>Disc To Hat Mounting System</td><td>:</td><td>Floating D-Bobbin with Anti Rattle Spring</td></tr></tbody></table><p><strong>Friction Material</strong></p><table><tbody>  <tr><td>Pad Compound</td><td>:</td><td>Brembo High Performance FM1000</td></tr>  <tr><td>Pad Volume / Surface Area</td><td>:</td><td>48.2 | 53.6</td></tr></tbody></table>        <p>&nbsp;</p>        <h4>What's Included</h4><ul>  <li>Brake Lines: Proprietary Brembo Stainless Steel Braided Brake Lines by Goodridge</li>  <li>Mounting Hardware: Brembo Engineered CNC Billet Caliper Adapters - All Necessary Hardware Included For Ease of Installation</li></ul>        <p>&nbsp;</p>        <p>Feel free to contact us at info@mlperformance.co.uk should you wish to double check!</p>        <p>&nbsp;</p>        <h4>Compatibility Check</h4><p>To ensure the part(s) you have ordered fits your vehicle, we run a compatibility check prior to dispatch. We can do this either using your registration number (UK) or the last 7 digits of your VIN. Simply enter your car details prior to checkout.</p>          <p>&nbsp;</p>        <h4>Part Number</h4><p>BREMBO-101.8001A (Cross Drilled)</p><p>BREMBO-102.8001A (TY1)</p><p>BREMBO-103.8001A (TY3)</p>        <p>&nbsp;</p>        <h4>More Information</h4><p><strong>Manufactured by</strong></p><p>Brembo</p>",Brembo,,Brake,"Uploaded by_Muazzim, Brand_Brembo, Product Type_Brake, Category_Brake Discs",TRUE,Disc Type,Cross Drilled,,,,,BREMBO-101.8001A,25000,shopify,continue,manual,1877.21,2040.44,TRUE,TRUE,101.8001A,https://racetechnologies.com/sites/default/files/content/images/brakekits/brembo-2-piece-disc-328-332-345-355mm-drilled-med.jpg,1,"Brembo 1M-.9037A (F)  355x32mm (14"") 2-Piece Discs Brake Disc",,"Brembo 1M-.9037A (F)  355x32mm (14"") 2-Piece Discs Brake Disc","Get Brembo 1M-.9037A (F)  355x32mm (14"") 2-Piece Discs Brake Disc for your car to get your desired looks and performance from ML Performance at the lowest price with FREE UK shipping & next day delivery on in stock items. Very cheap prices & good service.",,,,101.8001A,,,new,,,,,,,https://racetechnologies.com/sites/default/files/content/images/brakekits/brembo-2-piece-disc-328-332-345-355mm-drilled-med.jpg,kg,8708949900,,,,,active
brembo-1m-9037a-f-355x32mm-14-2-piece-discs-brake-disc,,,,,,,,,TY1,,,,,BREMBO-102.8001A,25000,shopify,continue,manual,1877.21,2040.44,TRUE,TRUE,102.8001A,https://racetechnologies.com/sites/default/files/content/images/brakekits/brembo-2-piece-disc-328-332-345-355mm-slotted-type-1-med.jpg,2,,,,,,,,102.8001A,,,,,,,,,,https://racetechnologies.com/sites/default/files/content/images/brakekits/brembo-2-piece-disc-328-332-345-355mm-slotted-type-1-med.jpg,kg,8708949900,,,,,
brembo-1m-9037a-f-355x32mm-14-2-piece-discs-brake-disc,,,,,,,,,TY3,,,,,BREMBO-103.8001A,25000,shopify,continue,manual,1877.21,2040.44,TRUE,TRUE,103.8001A,https://racetechnologies.com/sites/default/files/content/images/brakekits/brembo-2-piece-disc-350x34mm-slotted-type-3-med.jpg,3,,,,,,,,103.8001A,,,,,,,,,,https://racetechnologies.com/sites/default/files/content/images/brakekits/brembo-2-piece-disc-350x34mm-slotted-type-3-med.jpg,kg,8708949900,,,,,
brembo-1n-9010a-r-355x32mm-14-2-piece-discs-brake-disc,"Brembo 1N-.9010A  355x32mm (14"") 2-Piece Discs Brake Disc (Rear)","<h4><strong>Description</strong></h4>This is  355x32mm (14"") 2-Piece Discs | Complete Axle Set | Pre-Assembled | All Necessary Hardware Included, Rear        <p>&nbsp;</p>        <h4>Features</h4>        <p><strong>Disc</strong></p><table><tbody>  <tr><td>Disc Material/Finish</td><td>:</td><td>Advanced High Carbon Alloy / Corrosion Resistant Plating</td></tr>  <tr><td>Disc Diameter</td><td>:</td><td>355mm</td></tr>  <tr><td>Disc Width (Measurement)</td><td>:</td><td>32mm</td></tr>  <tr><td>Disc Air Gap (Measurement)</td><td>:</td><td>16mm</td></tr>  <tr><td>Disc Annulus (Measurement)</td><td>:</td><td>54mm</td></tr>  <tr><td>Disc Construction</td><td>:</td><td>2-Piece Disc Assembly</td></tr>  <tr><td>Disc Vane Design (Measurement)</td><td>:</td><td>Vented Curved 48 Vane</td></tr>  <tr><td>Disc To Hat Mounting System</td><td>:</td><td>Floating D-Bobbin with Anti Rattle Spring</td></tr></tbody></table><p><strong>Friction Material</strong></p><table><tbody>  <tr><td>Pad Compound</td><td>:</td><td>Brembo High Performance FM1000</td></tr>  <tr><td>Pad Volume / Surface Area</td><td>:</td><td>48.2 | 53.6</td></tr></tbody></table>        <p>&nbsp;</p>        <h4>What's Included</h4><ul>  <li>Brake Lines: Proprietary Brembo Stainless Steel Braided Brake Lines by Goodridge</li>  <li>Mounting Hardware: Brembo Engineered CNC Billet Caliper Adapters - All Necessary Hardware Included For Ease of Installation</li></ul>        <p>&nbsp;</p>        <p>Feel free to contact us at info@mlperformance.co.uk should you wish to double check!</p>        <p>&nbsp;</p>        <h4>Compatibility Check</h4><p>To ensure the part(s) you have ordered fits your vehicle, we run a compatibility check prior to dispatch. We can do this either using your registration number (UK) or the last 7 digits of your VIN. Simply enter your car details prior to checkout.</p>          <p>&nbsp;</p>        <h4>Part Number</h4><p>BREMBO-201.8002A (Cross Drilled)</p><p>BREMBO-202.8002A (TY1)</p><p>BREMBO-203.8002A (TY3)</p>        <p>&nbsp;</p>        <h4>More Information</h4><p><strong>Manufactured by</strong></p><p>Brembo</p>",Brembo,,Brake,"Uploaded by_Muazzim, Brand_Brembo, Product Type_Brake, Category_Brake Discs",TRUE,Disc Type,Cross Drilled,,,,,BREMBO-201.8002A,25000,shopify,continue,manual,1877.21,2040.44,TRUE,TRUE,201.8002A,https://racetechnologies.com/sites/default/files/content/images/brakekits/brembo-2-piece-disc-328-332-345-355mm-drilled-med.jpg,1,"Brembo 1N-.9010A (R)  355x32mm (14"") 2-Piece Discs Brake Disc",,"Brembo 1N-.9010A (R)  355x32mm (14"") 2-Piece Discs Brake Disc","Get Brembo 1N-.9010A (R)  355x32mm (14"") 2-Piece Discs Brake Disc for your car to get your desired looks and performance from ML Performance at the lowest price with FREE UK shipping & next day delivery on in stock items. Very cheap prices & good service.",,,,201.8002A,,,new,,,,,,,https://racetechnologies.com/sites/default/files/content/images/brakekits/brembo-2-piece-disc-328-332-345-355mm-drilled-med.jpg,kg,8708949900,,,,,active
brembo-1n-9010a-r-355x32mm-14-2-piece-discs-brake-disc,,,,,,,,,TY1,,,,,BREMBO-202.8002A,25000,shopify,continue,manual,1877.21,2040.44,TRUE,TRUE,202.8002A,https://racetechnologies.com/sites/default/files/content/images/brakekits/brembo-2-piece-disc-328-332-345-355mm-slotted-type-1-med.jpg,2,,,,,,,,202.8002A,,,,,,,,,,https://racetechnologies.com/sites/default/files/content/images/brakekits/brembo-2-piece-disc-328-332-345-355mm-slotted-type-1-med.jpg,kg,8708949900,,,,,
brembo-1n-9010a-r-355x32mm-14-2-piece-discs-brake-disc,,,,,,,,,TY3,,,,,BREMBO-203.8002A,25000,shopify,continue,manual,1877.21,2040.44,TRUE,TRUE,203.8002A,https://racetechnologies.com/sites/default/files/content/images/brakekits/brembo-2-piece-disc-328-332-345-355mm-slotted-type-3-med.jpg,3,,,,,,,,203.8002A,,,,,,,,,,https://racetechnologies.com/sites/default/files/content/images/brakekits/brembo-2-piece-disc-328-332-345-355mm-slotted-type-3-med.jpg,kg,8708949900,,,,,
brembo-1m-9060a-f-6-piston-cast-monobloc-calipers-380mm-15-2-piece-discs-brake-disc,Brembo 1M-.9060A 6-Piston Cast Monobloc Calipers  380mm (15'') 2-Piece Discs Brake Disc (Front),"<h4><strong>Description</strong></h4>This is 6-Piston Cast Monobloc Calipers | 380mm (15'') 2-Piece Discs | Complete Axle Set | Pre-Assembled | All Necessary Hardware Included, Front        <p>&nbsp;</p>        <h4>Features</h4>        <p><strong>Caliper</strong></p><table><tbody>  <tr><td>Caliper Body</td><td>:</td><td>Cast Monobloc Radial Mount</td></tr>  <tr><td>Caliper Piston Configuration</td><td>:</td><td>6-Piston</td></tr>  <tr><td>Caliper Piston Design And Insert Type</td><td>:</td><td>Inner Pressure Seal / OEM Approved Dust Boot</td></tr></tbody></table><p><strong>Disc</strong></p><table><tbody>  <tr><td>Disc Material/Finish</td><td>:</td><td>Advanced High Carbon Alloy / Corrosion Resistant Plating</td></tr>  <tr><td>Disc Diameter</td><td>:</td><td>328mm</td></tr>  <tr><td>Disc Width (Measurement)</td><td>:</td><td>28mm</td></tr>  <tr><td>Disc Air Gap (Measurement)</td><td>:</td><td>17mm</td></tr>  <tr><td>Disc Annulus (Measurement)</td><td>:</td><td>54mm</td></tr>  <tr><td>Disc Construction</td><td>:</td><td>2-Piece Disc Assembly</td></tr>  <tr><td>Disc Vane Design (Measurement)</td><td>:</td><td>Vented Curved 48 Vane</td></tr>  <tr><td>Disc To Hat Mounting System</td><td>:</td><td>Floating D-Bobbin with Anti Rattle Spring</td></tr></tbody></table><p><strong>Friction Material</strong></p><table><tbody>  <tr><td>Pad Compound</td><td>:</td><td>Brembo High Performance FM1000</td></tr>  <tr><td>Pad Volume / Surface Area</td><td>:</td><td>48.2 | 53.6</td></tr></tbody></table>        <p>&nbsp;</p>        <h4>What's Included</h4><ul>  <li>Brake Lines: Proprietary Brembo Stainless Steel Braided Brake Lines by Goodridge</li>  <li>Mounting Hardware: Brembo Engineered CNC Billet Caliper Adapters - All Necessary Hardware Included For Ease of Installation</li></ul>        <p>&nbsp;</p>        <p>&nbsp;</p><h4>Compatibility</h4><div class=""compatibility-accordion-wrapper""><div class=""compatibility-tab"">                        <input name=""tabs"" type=""checkbox"" id=""compatibility-tab-1"">                        <label for=""compatibility-tab-1""><b>FERRARI</b><br></label>                                                    <div class=""compatibility-tab-content""><ul><li>348</li><li>F355</li></ul></div></div></div><p>Feel free to contact us at info@mlperformance.co.uk should you wish to double check!</p>        <p>&nbsp;</p>        <h4>Compatibility Check</h4><p>To ensure the part(s) you have ordered fits your vehicle, we run a compatibility check prior to dispatch. We can do this either using your registration number (UK) or the last 7 digits of your VIN. Simply enter your car details prior to checkout.</p>          <p>&nbsp;</p>        <h4>Part Number</h4><p>BREMBO-1M1.9060A2 (Cross Drilled /  Red)</p><p>BREMBO-1M1.9060A1 (Cross Drilled /  Black)</p><p>BREMBO-1M1.9060A3 (Cross Drilled /  Silver)</p><p>BREMBO-1M1.9060A5 (Cross Drilled /  Yellow)</p><p>BREMBO-1M2.9060A2 (TY1 /  Red)</p><p>BREMBO-1M2.9060A1 (TY1 /  Black)</p><p>BREMBO-1M2.9060A3 (TY1 /  Silver)</p><p>BREMBO-1M2.9060A5 (TY1 /  Yellow)</p><p>BREMBO-1M3.9060A2 (TY3 /  Red)</p><p>BREMBO-1M3.9060A1 (TY3 /  Black)</p><p>BREMBO-1M3.9060A3 (TY3 /  Silver)</p><p>BREMBO-1M3.9060A5 (TY3 /  Yellow)</p><p>BREMBO-1M1.9060AS (Cross Drilled /  Black Hard Anodized)</p><p>BREMBO-1M2.9060AS (TY1 /  Black Hard Anodized)</p><p>BREMBO-1M3.9060AS (TY3 /  Black Hard Anodized)</p>        <p>&nbsp;</p>        <h4>More Information</h4><p><strong>Manufactured by</strong></p><p>Brembo</p>",Brembo,,Brake,"Uploaded by_Muazzim, Brand_Brembo, Product Type_Brake, Category_Brake Discs",TRUE,Disc Type,Cross Drilled,Finish,Red,,,BREMBO-1M1.9060A2,25000,shopify,continue,manual,4515.43,4908.08,TRUE,TRUE,1M1.9060A2,https://racetechnologies.com/sites/default/files/content/images/brakekits/brembo-m-caliper-6-piston-2-piece-355-380mm-drilled-red-med.jpg,1,Brembo 1M-.9060A (F) 6-Piston Cast Monobloc Calipers  380mm (15'') 2-Piece Discs Brake Disc,,Brembo 1M-.9060A (F) 6-Piston Cast Monobloc Calipers  380mm (15'') 2-Piece Discs Brake Disc,Get Brembo 1M-.9060A (F) 6-Piston Cast Monobloc Calipers  380mm (15'') 2-Piece Discs Brake Disc for your car to get your desired looks and performance from ML Performance at the lowest price with FREE UK shipping & next day delivery on in stock items. Very cheap prices & good service.,,,,1M1.9060A2,,,new,,,,,,,https://racetechnologies.com/sites/default/files/content/images/brakekits/brembo-m-caliper-6-piston-2-piece-355-380mm-drilled-red-med.jpg,kg,8708949900,,,,,active
brembo-1m-9060a-f-6-piston-cast-monobloc-calipers-380mm-15-2-piece-discs-brake-disc,,,,,,,,,Cross Drilled,,Black,,,BREMBO-1M1.9060A1,25000,shopify,continue,manual,4515.43,4908.08,TRUE,TRUE,1M1.9060A1,https://racetechnologies.com/sites/default/files/content/images/brakekits/brembo-m-caliper-6-piston-2-piece-355-380mm-drilled-black-med.jpg,2,,,,,,,,1M1.9060A1,,,,,,,,,,https://racetechnologies.com/sites/default/files/content/images/brakekits/brembo-m-caliper-6-piston-2-piece-355-380mm-drilled-black-med.jpg,kg,8708949900,,,,,
brembo-1m-9060a-f-6-piston-cast-monobloc-calipers-380mm-15-2-piece-discs-brake-disc,,,,,,,,,Cross Drilled,,Silver,,,BREMBO-1M1.9060A3,25000,shopify,continue,manual,4515.43,4908.08,TRUE,TRUE,1M1.9060A3,https://racetechnologies.com/sites/default/files/content/images/brakekits/brembo-m-caliper-6-piston-2-piece-355-380mm-drilled-silver-med.jpg,3,,,,,,,,1M1.9060A3,,,,,,,,,,https://racetechnologies.com/sites/default/files/content/images/brakekits/brembo-m-caliper-6-piston-2-piece-355-380mm-drilled-silver-med.jpg,kg,8708949900,,,,,
brembo-1m-9060a-f-6-piston-cast-monobloc-calipers-380mm-15-2-piece-discs-brake-disc,,,,,,,,,Cross Drilled,,Yellow,,,BREMBO-1M1.9060A5,25000,shopify,continue,manual,4515.43,4908.08,TRUE,TRUE,1M1.9060A5,https://racetechnologies.com/sites/default/files/content/images/brakekits/brembo-m-caliper-6-piston-2-piece-355-380mm-drilled-yellow-med.jpg,4,,,,,,,,1M1.9060A5,,,,,,,,,,https://racetechnologies.com/sites/default/files/content/images/brakekits/brembo-m-caliper-6-piston-2-piece-355-380mm-drilled-yellow-med.jpg,kg,8708949900,,,,,
brembo-1m-9060a-f-6-piston-cast-monobloc-calipers-380mm-15-2-piece-discs-brake-disc,,,,,,,,,TY1,,Red,,,BREMBO-1M2.9060A2,25000,shopify,continue,manual,4515.43,4908.08,TRUE,TRUE,1M2.9060A2,https://racetechnologies.com/sites/default/files/content/images/brakekits/brembo-m-caliper-6-piston-2-piece-355-380mm-slotted-type-1-red-med.jpg,5,,,,,,,,1M2.9060A2,,,,,,,,,,https://racetechnologies.com/sites/default/files/content/images/brakekits/brembo-m-caliper-6-piston-2-piece-355-380mm-slotted-type-1-red-med.jpg,kg,8708949900,,,,,
brembo-1m-9060a-f-6-piston-cast-monobloc-calipers-380mm-15-2-piece-discs-brake-disc,,,,,,,,,TY1,,Black,,,BREMBO-1M2.9060A1,25000,shopify,continue,manual,4515.43,4908.08,TRUE,TRUE,1M2.9060A1,https://racetechnologies.com/sites/default/files/content/images/brakekits/brembo-m-caliper-6-piston-2-piece-355-380mm-slotted-type-1-black-med.jpg,6,,,,,,,,1M2.9060A1,,,,,,,,,,https://racetechnologies.com/sites/default/files/content/images/brakekits/brembo-m-caliper-6-piston-2-piece-355-380mm-slotted-type-1-black-med.jpg,kg,8708949900,,,,,
brembo-1m-9060a-f-6-piston-cast-monobloc-calipers-380mm-15-2-piece-discs-brake-disc,,,,,,,,,TY1,,Silver,,,BREMBO-1M2.9060A3,25000,shopify,continue,manual,4515.43,4908.08,TRUE,TRUE,1M2.9060A3,https://racetechnologies.com/sites/default/files/content/images/brakekits/brembo-m-caliper-6-piston-2-piece-355-380mm-slotted-type-1-silver-med.jpg,7,,,,,,,,1M2.9060A3,,,,,,,,,,https://racetechnologies.com/sites/default/files/content/images/brakekits/brembo-m-caliper-6-piston-2-piece-355-380mm-slotted-type-1-silver-med.jpg,kg,8708949900,,,,,
brembo-1m-9060a-f-6-piston-cast-monobloc-calipers-380mm-15-2-piece-discs-brake-disc,,,,,,,,,TY1,,Yellow,,,BREMBO-1M2.9060A5,25000,shopify,continue,manual,4515.43,4908.08,TRUE,TRUE,1M2.9060A5,https://racetechnologies.com/sites/default/files/content/images/brakekits/brembo-m-caliper-6-piston-2-piece-355-380mm-slotted-type-1-yellow-med.jpg,8,,,,,,,,1M2.9060A5,,,,,,,,,,https://racetechnologies.com/sites/default/files/content/images/brakekits/brembo-m-caliper-6-piston-2-piece-355-380mm-slotted-type-1-yellow-med.jpg,kg,8708949900,,,,,
brembo-1m-9060a-f-6-piston-cast-monobloc-calipers-380mm-15-2-piece-discs-brake-disc,,,,,,,,,TY3,,Red,,,BREMBO-1M3.9060A2,25000,shopify,continue,manual,4515.43,4908.08,TRUE,TRUE,1M3.9060A2,https://racetechnologies.com/sites/default/files/content/images/brakekits/brembo-m-caliper-6-piston-2-piece-355-380mm-slotted-type-3-red-med.jpg,9,,,,,,,,1M3.9060A2,,,,,,,,,,https://racetechnologies.com/sites/default/files/content/images/brakekits/brembo-m-caliper-6-piston-2-piece-355-380mm-slotted-type-3-red-med.jpg,kg,8708949900,,,,,
brembo-1m-9060a-f-6-piston-cast-monobloc-calipers-380mm-15-2-piece-discs-brake-disc,,,,,,,,,TY3,,Black,,,BREMBO-1M3.9060A1,25000,shopify,continue,manual,4515.43,4908.08,TRUE,TRUE,1M3.9060A1,https://racetechnologies.com/sites/default/files/content/images/brakekits/brembo-m-caliper-6-piston-2-piece-355-380mm-slotted-type-3-black-med.jpg,10,,,,,,,,1M3.9060A1,,,,,,,,,,https://racetechnologies.com/sites/default/files/content/images/brakekits/brembo-m-caliper-6-piston-2-piece-355-380mm-slotted-type-3-black-med.jpg,kg,8708949900,,,,,
brembo-1m-9060a-f-6-piston-cast-monobloc-calipers-380mm-15-2-piece-discs-brake-disc,,,,,,,,,TY3,,Silver,,,BREMBO-1M3.9060A3,25000,shopify,continue,manual,4515.43,4908.08,TRUE,TRUE,1M3.9060A3,https://racetechnologies.com/sites/default/files/content/images/brakekits/brembo-m-caliper-6-piston-2-piece-355-380mm-slotted-type-3-silver-med.jpg,11,,,,,,,,1M3.9060A3,,,,,,,,,,https://racetechnologies.com/sites/default/files/content/images/brakekits/brembo-m-caliper-6-piston-2-piece-355-380mm-slotted-type-3-silver-med.jpg,kg,8708949900,,,,,
brembo-1m-9060a-f-6-piston-cast-monobloc-calipers-380mm-15-2-piece-discs-brake-disc,,,,,,,,,TY3,,Yellow,,,BREMBO-1M3.9060A5,25000,shopify,continue,manual,4515.43,4908.08,TRUE,TRUE,1M3.9060A5,https://racetechnologies.com/sites/default/files/content/images/brakekits/brembo-m-caliper-6-piston-2-piece-355-380mm-slotted-type-3-yellow-med.jpg,12,,,,,,,,1M3.9060A5,,,,,,,,,,https://racetechnologies.com/sites/default/files/content/images/brakekits/brembo-m-caliper-6-piston-2-piece-355-380mm-slotted-type-3-yellow-med.jpg,kg,8708949900,,,,,
brembo-1m-9060a-f-6-piston-billet-monobloc-calipers-380mm-15-2-piece-discs-brake-disc,Brembo 1M-.9060A 6-Piston Billet Monobloc Calipers  380mm (15'') 2-Piece Discs Brake Disc (Front),"<h4><strong>Description</strong></h4>This is 6-Piston Billet Monobloc Calipers | 380mm (15'') 2-Piece Discs | Complete Axle Set | Pre-Assembled | All Necessary Hardware Included, Front        <p>&nbsp;</p>        <h4>Features</h4>        <p><strong>Caliper</strong></p><table><tbody>  <tr><td>Caliper Body</td><td>:</td><td>Billet Monobloc Radial Mount</td></tr>  <tr><td>Caliper Piston Configuration</td><td>:</td><td>6-Piston</td></tr>  <tr><td>Caliper Piston Design And Insert Type</td><td>:</td><td>Inner Pressure Seal / Recessed Dust Boot / Ventilated Stainless Steel Insert</td></tr></tbody></table><p><strong>Disc</strong></p><table><tbody>  <tr><td>Disc Material/Finish</td><td>:</td><td>Advanced High Carbon Alloy / Corrosion Resistant Plating</td></tr>  <tr><td>Disc Diameter</td><td>:</td><td>328mm</td></tr>  <tr><td>Disc Width (Measurement)</td><td>:</td><td>28mm</td></tr>  <tr><td>Disc Air Gap (Measurement)</td><td>:</td><td>17mm</td></tr>  <tr><td>Disc Annulus (Measurement)</td><td>:</td><td>54mm</td></tr>  <tr><td>Disc Construction</td><td>:</td><td>2-Piece Disc Assembly</td></tr>  <tr><td>Disc Vane Design (Measurement)</td><td>:</td><td>Vented Curved 48 Vane</td></tr>  <tr><td>Disc To Hat Mounting System</td><td>:</td><td>Floating D-Bobbin with Anti Rattle Spring</td></tr></tbody></table><p><strong>Friction Material</strong></p><table><tbody>  <tr><td>Pad Compound</td><td>:</td><td>Brembo High Performance FM1000</td></tr>  <tr><td>Pad Volume / Surface Area</td><td>:</td><td>48.2 | 53.6</td></tr></tbody></table>        <p>&nbsp;</p>        <h4>What's Included</h4><ul>  <li>Brake Lines: Proprietary Brembo Stainless Steel Braided Brake Lines by Goodridge</li>  <li>Mounting Hardware: Brembo Engineered CNC Billet Caliper Adapters - All Necessary Hardware Included For Ease of Installation</li></ul>        <p>&nbsp;</p>        <p>&nbsp;</p><h4>Compatibility</h4><div class=""compatibility-accordion-wrapper""><div class=""compatibility-tab"">                        <input name=""tabs"" type=""checkbox"" id=""compatibility-tab-1"">                        <label for=""compatibility-tab-1""><b>FERRARI</b><br></label>                                                    <div class=""compatibility-tab-content""><ul><li>348</li><li>F355</li></ul></div></div></div><p>Feel free to contact us at info@mlperformance.co.uk should you wish to double check!</p>        <p>&nbsp;</p>        <h4>Compatibility Check</h4><p>To ensure the part(s) you have ordered fits your vehicle, we run a compatibility check prior to dispatch. We can do this either using your registration number (UK) or the last 7 digits of your VIN. Simply enter your car details prior to checkout.</p>          <p>&nbsp;</p>        <h4>Part Number</h4><p>BREMBO-1M1.9060AR (Cross Drilled /  Nickel Plated)</p><p>BREMBO-1M2.9060AR (TY1 /  Nickel Plated)</p><p>BREMBO-1M3.9060AR (TY3 /  Nickel Plated)</p>        <p>&nbsp;</p>        <h4>More Information</h4><p><strong>Manufactured by</strong></p><p>Brembo</p>",Brembo,,Brake,"Uploaded by_Muazzim, Brand_Brembo, Product Type_Brake, Category_Brake Discs",TRUE,Disc Type,Cross Drilled,Finish,Nickel Plated,,,BREMBO-1M1.9060AR,25000,shopify,continue,manual,8625,9375,TRUE,TRUE,1M1.9060AR,https://racetechnologies.com/sites/default/files/content/images/brakekits/brembo-m-caliper-6-piston-2-piece-355-380mm-drilled-gt-r-med.jpg,1,Brembo 1M-.9060A (F) 6-Piston Billet Monobloc Calipers  380mm (15'') 2-Piece Discs Brake Disc,,Brembo 1M-.9060A (F) 6-Piston Billet Monobloc Calipers  380mm (15'') 2-Piece Discs Brake Disc,Get Brembo 1M-.9060A (F) 6-Piston Billet Monobloc Calipers  380mm (15'') 2-Piece Discs Brake Disc for your car to get your desired looks and performance from ML Performance at the lowest price with FREE UK shipping & next day delivery on in stock items. Very cheap prices & good service.,,,,1M1.9060AR,,,new,,,,,,,https://racetechnologies.com/sites/default/files/content/images/brakekits/brembo-m-caliper-6-piston-2-piece-355-380mm-drilled-gt-r-med.jpg,kg,8708949900,,,,,active
brembo-1m-9060a-f-6-piston-billet-monobloc-calipers-380mm-15-2-piece-discs-brake-disc,,,,,,,,,TY1,,Nickel Plated,,,BREMBO-1M2.9060AR,25000,shopify,continue,manual,8625,9375,TRUE,TRUE,1M2.9060AR,https://racetechnologies.com/sites/default/files/content/images/brakekits/brembo-m-caliper-6-piston-2-piece-355-380mm-slotted-type-1-gt-r-med.jpg,2,,,,,,,,1M2.9060AR,,,,,,,,,,https://racetechnologies.com/sites/default/files/content/images/brakekits/brembo-m-caliper-6-piston-2-piece-355-380mm-slotted-type-1-gt-r-med.jpg,kg,8708949900,,,,,
brembo-1m-9060a-f-6-piston-billet-monobloc-calipers-380mm-15-2-piece-discs-brake-disc,,,,,,,,,TY3,,Nickel Plated,,,BREMBO-1M3.9060AR,25000,shopify,continue,manual,8625,9375,TRUE,TRUE,1M3.9060AR,https://racetechnologies.com/sites/default/files/content/images/brakekits/brembo-m-caliper-6-piston-2-piece-355-380mm-slotted-type-3-gt-r-med.jpg,3,,,,,,,,1M3.9060AR,,,,,,,,,,https://racetechnologies.com/sites/default/files/content/images/brakekits/brembo-m-caliper-6-piston-2-piece-355-380mm-slotted-type-3-gt-r-med.jpg,kg,8708949900,,,,,
brembo-1m-9060a-f-6-piston-cast-monobloc-calipers-380mm-15-2-piece-discs-brake-disc,Brembo 1M-.9060A 6-Piston Cast Monobloc Calipers  380mm (15'') 2-Piece Discs Brake Disc (Front),"<h4><strong>Description</strong></h4>This is 6-Piston Cast Monobloc Calipers | 380mm (15'') 2-Piece Discs | Complete Axle Set | Pre-Assembled | All Necessary Hardware Included, Front        <p>&nbsp;</p>        <h4>Features</h4>        <p><strong>Caliper</strong></p><table><tbody>  <tr><td>Caliper Body</td><td>:</td><td>Cast Monobloc Radial Mount</td></tr>  <tr><td>Caliper Piston Configuration</td><td>:</td><td>6-Piston</td></tr>  <tr><td>Caliper Piston Design And Insert Type</td><td>:</td><td>Inner Pressure Seal / Recessed Dust Boot / Stainless Steel Insert</td></tr></tbody></table><p><strong>Disc</strong></p><table><tbody>  <tr><td>Disc Material/Finish</td><td>:</td><td>Advanced High Carbon Alloy / Corrosion Resistant Plating</td></tr>  <tr><td>Disc Diameter</td><td>:</td><td>328mm</td></tr>  <tr><td>Disc Width (Measurement)</td><td>:</td><td>28mm</td></tr>  <tr><td>Disc Air Gap (Measurement)</td><td>:</td><td>17mm</td></tr>  <tr><td>Disc Annulus (Measurement)</td><td>:</td><td>54mm</td></tr>  <tr><td>Disc Construction</td><td>:</td><td>2-Piece Disc Assembly</td></tr>  <tr><td>Disc Vane Design (Measurement)</td><td>:</td><td>Vented Curved 48 Vane</td></tr>  <tr><td>Disc To Hat Mounting System</td><td>:</td><td>Floating D-Bobbin with Anti Rattle Spring</td></tr></tbody></table><p><strong>Friction Material</strong></p><table><tbody>  <tr><td>Pad Compound</td><td>:</td><td>Brembo High Performance FM1000</td></tr>  <tr><td>Pad Volume / Surface Area</td><td>:</td><td>48.2 | 53.6</td></tr></tbody></table>        <p>&nbsp;</p>        <h4>What's Included</h4><ul>  <li>Brake Lines: Proprietary Brembo Stainless Steel Braided Brake Lines by Goodridge</li>  <li>Mounting Hardware: Brembo Engineered CNC Billet Caliper Adapters - All Necessary Hardware Included For Ease of Installation</li></ul>        <p>&nbsp;</p>        <p>&nbsp;</p><h4>Compatibility</h4><div class=""compatibility-accordion-wrapper""><div class=""compatibility-tab"">                        <input name=""tabs"" type=""checkbox"" id=""compatibility-tab-1"">                        <label for=""compatibility-tab-1""><b>FERRARI</b><br></label>                                                    <div class=""compatibility-tab-content""><ul><li>348</li><li>F355</li></ul></div></div></div><p>Feel free to contact us at info@mlperformance.co.uk should you wish to double check!</p>        <p>&nbsp;</p>        <h4>Compatibility Check</h4><p>To ensure the part(s) you have ordered fits your vehicle, we run a compatibility check prior to dispatch. We can do this either using your registration number (UK) or the last 7 digits of your VIN. Simply enter your car details prior to checkout.</p>          <p>&nbsp;</p>        <h4>Part Number</h4><p>BREMBO-1M1.9060A2 (Cross Drilled /  Red)</p><p>BREMBO-1M1.9060A1 (Cross Drilled /  Black)</p><p>BREMBO-1M1.9060A3 (Cross Drilled /  Silver)</p><p>BREMBO-1M1.9060A5 (Cross Drilled /  Yellow)</p><p>BREMBO-1M2.9060A2 (TY1 /  Red)</p><p>BREMBO-1M2.9060A1 (TY1 /  Black)</p><p>BREMBO-1M2.9060A3 (TY1 /  Silver)</p><p>BREMBO-1M2.9060A5 (TY1 /  Yellow)</p><p>BREMBO-1M3.9060A2 (TY3 /  Red)</p><p>BREMBO-1M3.9060A1 (TY3 /  Black)</p><p>BREMBO-1M3.9060A3 (TY3 /  Silver)</p><p>BREMBO-1M3.9060A5 (TY3 /  Yellow)</p><p>BREMBO-1M1.9060AS (Cross Drilled /  Black Hard Anodized)</p><p>BREMBO-1M2.9060AS (TY1 /  Black Hard Anodized)</p><p>BREMBO-1M3.9060AS (TY3 /  Black Hard Anodized)</p>        <p>&nbsp;</p>        <h4>More Information</h4><p><strong>Manufactured by</strong></p><p>Brembo</p>",Brembo,,Brake,"Uploaded by_Muazzim, Brand_Brembo, Product Type_Brake, Category_Brake Discs",TRUE,Disc Type,Cross Drilled,Finish,Black Hard Anodized,,,BREMBO-1M1.9060AS,25000,shopify,continue,manual,4616.92,5018.39,TRUE,TRUE,1M1.9060AS,https://racetechnologies.com/sites/default/files/content/images/brakekits/brembo-m-caliper-6-piston-2-piece-355-380mm-drilled-gt-s-med.jpg,1,Brembo 1M-.9060A (F) 6-Piston Cast Monobloc Calipers  380mm (15'') 2-Piece Discs Brake Disc,,Brembo 1M-.9060A (F) 6-Piston Cast Monobloc Calipers  380mm (15'') 2-Piece Discs Brake Disc,Get Brembo 1M-.9060A (F) 6-Piston Cast Monobloc Calipers  380mm (15'') 2-Piece Discs Brake Disc for your car to get your desired looks and performance from ML Performance at the lowest price with FREE UK shipping & next day delivery on in stock items. Very cheap prices & good service.,,,,1M1.9060AS,,,new,,,,,,,https://racetechnologies.com/sites/default/files/content/images/brakekits/brembo-m-caliper-6-piston-2-piece-355-380mm-drilled-gt-s-med.jpg,kg,8708949900,,,,,active
brembo-1m-9060a-f-6-piston-cast-monobloc-calipers-380mm-15-2-piece-discs-brake-disc,,,,,,,,,TY1,,Black Hard Anodized,,,BREMBO-1M2.9060AS,25000,shopify,continue,manual,4616.92,5018.39,TRUE,TRUE,1M2.9060AS,https://racetechnologies.com/sites/default/files/content/images/brakekits/brembo-m-caliper-6-piston-2-piece-355-380mm-slotted-type-1-gt-s-med.jpg,2,,,,,,,,1M2.9060AS,,,,,,,,,,https://racetechnologies.com/sites/default/files/content/images/brakekits/brembo-m-caliper-6-piston-2-piece-355-380mm-slotted-type-1-gt-s-med.jpg,kg,8708949900,,,,,
brembo-1m-9060a-f-6-piston-cast-monobloc-calipers-380mm-15-2-piece-discs-brake-disc,,,,,,,,,TY3,,Black Hard Anodized,,,BREMBO-1M3.9060AS,25000,shopify,continue,manual,4616.92,5018.39,TRUE,TRUE,1M3.9060AS,https://racetechnologies.com/sites/default/files/content/images/brakekits/brembo-m-caliper-6-piston-2-piece-355-380mm-slotted-type-3-gt-s-med.jpg,3,,,,,,,,1M3.9060AS,,,,,,,,,,https://racetechnologies.com/sites/default/files/content/images/brakekits/brembo-m-caliper-6-piston-2-piece-355-380mm-slotted-type-3-gt-s-med.jpg,kg,8708949900,,,,,
brembo-1q-9631a-f-8-piston-cast-monobloc-calipers-412mm-16-2-2-piece-discs-brake-disc,Brembo 1Q-.9631A 8-Piston Cast Monobloc Calipers  412mm (16.2'') 2-Piece Discs Brake Disc (Front),"<h4><strong>Description</strong></h4>This is 8-Piston Cast Monobloc Calipers | 412mm (16.2'') 2-Piece Discs | Complete Axle Set | Pre-Assembled | All Necessary Hardware Included, Front        <p>&nbsp;</p>        <h4>Features</h4>        <p><strong>Caliper</strong></p><table><tbody>  <tr><td>Caliper Body</td><td>:</td><td>Cast Monobloc Radial Mount</td></tr>  <tr><td>Caliper Piston Configuration</td><td>:</td><td>8-Piston</td></tr>  <tr><td>Caliper Piston Design And Insert Type</td><td>:</td><td>Inner Pressure Seal / OEM Approved Dust Boot</td></tr></tbody></table><p><strong>Disc</strong></p><table><tbody>  <tr><td>Disc Material/Finish</td><td>:</td><td>Advanced High Carbon Alloy / Corrosion Resistant Plating</td></tr>  <tr><td>Disc Diameter</td><td>:</td><td>328mm</td></tr>  <tr><td>Disc Width (Measurement)</td><td>:</td><td>28mm</td></tr>  <tr><td>Disc Air Gap (Measurement)</td><td>:</td><td>17mm</td></tr>  <tr><td>Disc Annulus (Measurement)</td><td>:</td><td>54mm</td></tr>  <tr><td>Disc Construction</td><td>:</td><td>2-Piece Disc Assembly</td></tr>  <tr><td>Disc Vane Design (Measurement)</td><td>:</td><td>Vented Curved 48 Vane</td></tr>  <tr><td>Disc To Hat Mounting System</td><td>:</td><td>Floating D-Bobbin with Anti Rattle Spring</td></tr></tbody></table><p><strong>Friction Material</strong></p><table><tbody>  <tr><td>Pad Compound</td><td>:</td><td>Brembo High Performance FM1000</td></tr>  <tr><td>Pad Volume / Surface Area</td><td>:</td><td>48.2 | 53.6</td></tr></tbody></table>        <p>&nbsp;</p>        <h4>What's Included</h4><ul>  <li>Brake Lines: Proprietary Brembo Stainless Steel Braided Brake Lines by Goodridge</li>  <li>Mounting Hardware: Brembo Engineered CNC Billet Caliper Adapters - All Necessary Hardware Included For Ease of Installation</li></ul>        <p>&nbsp;</p>        <p>&nbsp;</p><h4>Compatibility</h4><div class=""compatibility-accordion-wrapper""><div class=""compatibility-tab"">                        <input name=""tabs"" type=""checkbox"" id=""compatibility-tab-1"">                        <label for=""compatibility-tab-1""><b>FORD</b><br></label>                                                    <div class=""compatibility-tab-content""><ul><li>F150 RAPTOR</li></ul></div></div></div><p>Feel free to contact us at info@mlperformance.co.uk should you wish to double check!</p>        <p>&nbsp;</p>        <h4>Compatibility Check</h4><p>To ensure the part(s) you have ordered fits your vehicle, we run a compatibility check prior to dispatch. We can do this either using your registration number (UK) or the last 7 digits of your VIN. Simply enter your car details prior to checkout.</p>          <p>&nbsp;</p>        <h4>Part Number</h4><p>BREMBO-1Q1.9631A2 (Cross Drilled /  Red)</p><p>BREMBO-1Q1.9631A1 (Cross Drilled /  Black)</p><p>BREMBO-1Q1.9631A5 (Cross Drilled /  Yellow)</p><p>BREMBO-1Q1.9631A6 (Cross Drilled /  White)</p><p>BREMBO-1Q1.9631A7 (Cross Drilled /  Fluorescent Yellow)</p>        <p>&nbsp;</p>        <h4>More Information</h4><p><strong>Manufactured by</strong></p><p>Brembo</p>",Brembo,,Brake,"Uploaded by_Muazzim, Brand_Brembo, Product Type_Brake, Category_Brake Discs",TRUE,Disc Type,Cross Drilled,Finish,Red,,,BREMBO-1Q1.9631A2,25000,shopify,continue,manual,6037.5,6562.5,TRUE,TRUE,1Q1.9631A2,https://racetechnologies.com/sites/default/files/content/images/brakekits/brembo-q-caliper-8-piston-2-piece-412mm-drilled-red-med.jpg,1,Brembo 1Q-.9631A (F) 8-Piston Cast Monobloc Calipers  412mm (16.2'') 2-Piece Discs Brake Disc,,Brembo 1Q-.9631A (F) 8-Piston Cast Monobloc Calipers  412mm (16.2'') 2-Piece Discs Brake Disc,Get Brembo 1Q-.9631A (F) 8-Piston Cast Monobloc Calipers  412mm (16.2'') 2-Piece Discs Brake Disc for your car to get your desired looks and performance from ML Performance at the lowest price with FREE UK shipping & next day delivery on in stock items. Very cheap prices & good service.,,,,1Q1.9631A2,,,new,,,,,,,https://racetechnologies.com/sites/default/files/content/images/brakekits/brembo-q-caliper-8-piston-2-piece-412mm-drilled-red-med.jpg,kg,8708949900,,,,,active
brembo-1q-9631a-f-8-piston-cast-monobloc-calipers-412mm-16-2-2-piece-discs-brake-disc,,,,,,,,,Cross Drilled,,Black,,,BREMBO-1Q1.9631A1,25000,shopify,continue,manual,6037.5,6562.5,TRUE,TRUE,1Q1.9631A1,https://racetechnologies.com/sites/default/files/content/images/brakekits/brembo-q-caliper-8-piston-2-piece-412mm-drilled-black-med.jpg,2,,,,,,,,1Q1.9631A1,,,,,,,,,,https://racetechnologies.com/sites/default/files/content/images/brakekits/brembo-q-caliper-8-piston-2-piece-412mm-drilled-black-med.jpg,kg,8708949900,,,,,
brembo-1q-9631a-f-8-piston-cast-monobloc-calipers-412mm-16-2-2-piece-discs-brake-disc,,,,,,,,,Cross Drilled,,Yellow,,,BREMBO-1Q1.9631A5,25000,shopify,continue,manual,6037.5,6562.5,TRUE,TRUE,1Q1.9631A5,https://racetechnologies.com/sites/default/files/content/images/brakekits/brembo-q-caliper-8-piston-2-piece-412mm-drilled-yellow-med.jpg,3,,,,,,,,1Q1.9631A5,,,,,,,,,,https://racetechnologies.com/sites/default/files/content/images/brakekits/brembo-q-caliper-8-piston-2-piece-412mm-drilled-yellow-med.jpg,kg,8708949900,,,,,
brembo-1q-9631a-f-8-piston-cast-monobloc-calipers-412mm-16-2-2-piece-discs-brake-disc,,,,,,,,,Cross Drilled,,White,,,BREMBO-1Q1.9631A6,25000,shopify,continue,manual,6037.5,6562.5,TRUE,TRUE,1Q1.9631A6,https://racetechnologies.com/sites/default/files/content/images/brakekits/brembo-q-caliper-8-piston-2-piece-412mm-drilled-white-med.jpg,4,,,,,,,,1Q1.9631A6,,,,,,,,,,https://racetechnologies.com/sites/default/files/content/images/brakekits/brembo-q-caliper-8-piston-2-piece-412mm-drilled-white-med.jpg,kg,8708949900,,,,,
brembo-1q-9631a-f-8-piston-cast-monobloc-calipers-412mm-16-2-2-piece-discs-brake-disc,,,,,,,,,Cross Drilled,,Fluorescent Yellow,,,BREMBO-1Q1.9631A7,25000,shopify,continue,manual,6037.5,6562.5,TRUE,TRUE,1Q1.9631A7,https://racetechnologies.com/sites/default/files/content/images/brakekits/brembo-q-caliper-8-piston-2-piece-412mm-drilled-fluo-yellow-med.jpg,5,,,,,,,,1Q1.9631A7,,,,,,,,,,https://racetechnologies.com/sites/default/files/content/images/brakekits/brembo-q-caliper-8-piston-2-piece-412mm-drilled-fluo-yellow-med.jpg,kg,8708949900,,,,,
brembo-2p-6009a-r-4-piston-monobloc-calipers-328x28mm-12-9-2-piece-discs-brake-disc,"Brembo 2P-.6009A 4-Piston Monobloc Calipers  328x28mm (12.9"") 2-Piece Discs Brake Disc (Rear)","<h4><strong>Description</strong></h4>This is  4-Piston Monobloc Calipers | 328x28mm (12.9"") 2-Piece Discs | Complete Axle Set | Pre-Assembled | All Necessary Hardware Included, Rear        <p>&nbsp;</p>        <h4>Features</h4>        <p><strong>Caliper</strong></p><table><tbody>  <tr><td>Caliper Body</td><td>:</td><td>Cast Monobloc Radial Mount</td></tr>  <tr><td>Caliper Piston Configuration</td><td>:</td><td>4-Piston</td></tr>  <tr><td>Caliper Piston Design And Insert Type</td><td>:</td><td>Inner Pressure Seal / OEM Approved Dust Boot</td></tr></tbody></table><p><strong>Disc</strong></p><table><tbody>  <tr><td>Disc Material/Finish</td><td>:</td><td>Advanced High Carbon Alloy / Corrosion Resistant Plating</td></tr>  <tr><td>Disc Diameter</td><td>:</td><td>328mm</td></tr>  <tr><td>Disc Width (Measurement)</td><td>:</td><td>28mm</td></tr>  <tr><td>Disc Air Gap (Measurement)</td><td>:</td><td>17mm</td></tr>  <tr><td>Disc Annulus (Measurement)</td><td>:</td><td>54mm</td></tr>  <tr><td>Disc Construction</td><td>:</td><td>2-Piece Disc Assembly</td></tr>  <tr><td>Disc Vane Design (Measurement)</td><td>:</td><td>Vented Curved 48 Vane</td></tr>  <tr><td>Disc To Hat Mounting System</td><td>:</td><td>Floating D-Bobbin with Anti Rattle Spring</td></tr></tbody></table><p><strong>Friction Material</strong></p><table><tbody>  <tr><td>Pad Compound</td><td>:</td><td>Brembo High Performance FM1000</td></tr>  <tr><td>Pad Volume / Surface Area</td><td>:</td><td>48.2 | 53.6</td></tr></tbody></table>        <p>&nbsp;</p>        <h4>What's Included</h4><ul>  <li>Brake Lines: Proprietary Brembo Stainless Steel Braided Brake Lines by Goodridge</li>  <li>Mounting Hardware: Brembo Engineered CNC Billet Caliper Adapters - All Necessary Hardware Included For Ease of Installation</li></ul>        <p>&nbsp;</p>        <p>&nbsp;</p><h4>Compatibility</h4><div class=""compatibility-accordion-wrapper""><div class=""compatibility-tab"">                        <input name=""tabs"" type=""checkbox"" id=""compatibility-tab-1"">                        <label for=""compatibility-tab-1""><b>HONDA</b><br></label>                                                    <div class=""compatibility-tab-content""><ul><li>S2000</li></ul></div></div></div><p>Feel free to contact us at info@mlperformance.co.uk should you wish to double check!</p>        <p>&nbsp;</p>        <h4>Compatibility Check</h4><p>To ensure the part(s) you have ordered fits your vehicle, we run a compatibility check prior to dispatch. We can do this either using your registration number (UK) or the last 7 digits of your VIN. Simply enter your car details prior to checkout.</p>          <p>&nbsp;</p>        <h4>Part Number</h4><p>BREMBO-2P1.6009A2 (Cross Drilled /  Red)</p><p>BREMBO-2P1.6009A1 (Cross Drilled /  Black)</p><p>BREMBO-2P1.6009A3 (Cross Drilled /  Silver)</p><p>BREMBO-2P1.6009A5 (Cross Drilled /  Yellow)</p>        <p>&nbsp;</p>        <h4>More Information</h4><p><strong>Manufactured by</strong></p><p>Brembo</p>",Brembo,,Brake,"Uploaded by_Muazzim, Brand_Brembo, Product Type_Brake, Category_Brake Discs",TRUE,Disc Type,Cross Drilled,Finish,Red,,,BREMBO-2P1.6009A2,25000,shopify,continue,manual,3703.68,4025.74,TRUE,TRUE,2P1.6009A2,https://racetechnologies.com/sites/default/files/content/images/brakekits/brembo-p-caliper-4-piston-2-piece-328mm-drilled-red-med.jpg,1,"Brembo 2P-.6009A (R) 4-Piston Monobloc Calipers  328x28mm (12.9"") 2-Piece Discs Brake Disc",,"Brembo 2P-.6009A (R) 4-Piston Monobloc Calipers  328x28mm (12.9"") 2-Piece Discs Brake Disc","Get Brembo 2P-.6009A (R) 4-Piston Monobloc Calipers  328x28mm (12.9"") 2-Piece Discs Brake Disc for your car to get your desired looks and performance from ML Performance at the lowest price with FREE UK shipping & next day delivery on in stock items. Very cheap prices & good service.",,,,2P1.6009A2,,,new,,,,,,,https://racetechnologies.com/sites/default/files/content/images/brakekits/brembo-p-caliper-4-piston-2-piece-328mm-drilled-red-med.jpg,kg,8708949900,,,,,active
brembo-2p-6009a-r-4-piston-monobloc-calipers-328x28mm-12-9-2-piece-discs-brake-disc,,,,,,,,,Cross Drilled,,Black,,,BREMBO-2P1.6009A1,25000,shopify,continue,manual,3703.68,4025.74,TRUE,TRUE,2P1.6009A1,https://racetechnologies.com/sites/default/files/content/images/brakekits/brembo-p-caliper-4-piston-2-piece-328mm-drilled-black-med.jpg,2,,,,,,,,2P1.6009A1,,,,,,,,,,https://racetechnologies.com/sites/default/files/content/images/brakekits/brembo-p-caliper-4-piston-2-piece-328mm-drilled-black-med.jpg,kg,8708949900,,,,,
brembo-2p-6009a-r-4-piston-monobloc-calipers-328x28mm-12-9-2-piece-discs-brake-disc,,,,,,,,,Cross Drilled,,Silver,,,BREMBO-2P1.6009A3,25000,shopify,continue,manual,3703.68,4025.74,TRUE,TRUE,2P1.6009A3,https://racetechnologies.com/sites/default/files/content/images/brakekits/brembo-p-caliper-4-piston-2-piece-328mm-drilled-silver-med.jpg,3,,,,,,,,2P1.6009A3,,,,,,,,,,https://racetechnologies.com/sites/default/files/content/images/brakekits/brembo-p-caliper-4-piston-2-piece-328mm-drilled-silver-med.jpg,kg,8708949900,,,,,
brembo-2p-6009a-r-4-piston-monobloc-calipers-328x28mm-12-9-2-piece-discs-brake-disc,,,,,,,,,Cross Drilled,,Yellow,,,BREMBO-2P1.6009A5,25000,shopify,continue,manual,3703.68,4025.74,TRUE,TRUE,2P1.6009A5,https://racetechnologies.com/sites/default/files/content/images/brakekits/brembo-p-caliper-4-piston-2-piece-328mm-drilled-yellow-med.jpg,4,,,,,,,,2P1.6009A5,,,,,,,,,,https://racetechnologies.com/sites/default/files/content/images/brakekits/brembo-p-caliper-4-piston-2-piece-328mm-drilled-yellow-med.jpg,kg,8708949900,,,,,
brembo-2p-6009a-r-4-piston-billet-monobloc-calipers-328x28mm-12-9-2-piece-discs-brake-disc,"Brembo 2P-.6009A 4-Piston Billet Monobloc Calipers  328x28mm (12.9"") 2-Piece Discs Brake Disc (Rear)","<h4><strong>Description</strong></h4>This is  4-Piston Billet Monobloc Calipers | 328x28mm (12.9"") 2-Piece Discs | Complete Axle Set | Pre-Assembled | All Necessary Hardware Included, Rear        <p>&nbsp;</p>        <h4>Features</h4>        <p><strong>Caliper</strong></p><table><tbody>  <tr><td>Caliper Body</td><td>:</td><td>Billet Monobloc Radial Mount</td></tr>  <tr><td>Caliper Piston Configuration</td><td>:</td><td>4-Piston</td></tr>  <tr><td>Caliper Piston Design And Insert Type</td><td>:</td><td>Inner Pressure Seal / Recessed Dust Boot / Ventilated Stainless Steel Insert</td></tr></tbody></table><p><strong>Disc</strong></p><table><tbody>  <tr><td>Disc Material/Finish</td><td>:</td><td>Advanced High Carbon Alloy / Corrosion Resistant Plating</td></tr>  <tr><td>Disc Diameter</td><td>:</td><td>328mm</td></tr>  <tr><td>Disc Width (Measurement)</td><td>:</td><td>28mm</td></tr>  <tr><td>Disc Air Gap (Measurement)</td><td>:</td><td>17mm</td></tr>  <tr><td>Disc Annulus (Measurement)</td><td>:</td><td>54mm</td></tr>  <tr><td>Disc Construction</td><td>:</td><td>2-Piece Disc Assembly</td></tr>  <tr><td>Disc Vane Design (Measurement)</td><td>:</td><td>Vented Curved 48 Vane</td></tr>  <tr><td>Disc To Hat Mounting System</td><td>:</td><td>Floating D-Bobbin with Anti Rattle Spring</td></tr></tbody></table><p><strong>Friction Material</strong></p><table><tbody>  <tr><td>Pad Compound</td><td>:</td><td>Brembo High Performance FM1000</td></tr>  <tr><td>Pad Volume / Surface Area</td><td>:</td><td>48.2 | 53.6</td></tr></tbody></table>        <p>&nbsp;</p>        <h4>What's Included</h4><ul>  <li>Brake Lines: Proprietary Brembo Stainless Steel Braided Brake Lines by Goodridge</li>  <li>Mounting Hardware: Brembo Engineered CNC Billet Caliper Adapters - All Necessary Hardware Included For Ease of Installation</li></ul>        <p>&nbsp;</p>        <p>&nbsp;</p><h4>Compatibility</h4><div class=""compatibility-accordion-wrapper""><div class=""compatibility-tab"">                        <input name=""tabs"" type=""checkbox"" id=""compatibility-tab-1"">                        <label for=""compatibility-tab-1""><b>HONDA</b><br></label>                                                    <div class=""compatibility-tab-content""><ul><li>S2000</li></ul></div></div></div><p>Feel free to contact us at info@mlperformance.co.uk should you wish to double check!</p>        <p>&nbsp;</p>        <h4>Compatibility Check</h4><p>To ensure the part(s) you have ordered fits your vehicle, we run a compatibility check prior to dispatch. We can do this either using your registration number (UK) or the last 7 digits of your VIN. Simply enter your car details prior to checkout.</p>          <p>&nbsp;</p>        <h4>Part Number</h4><p>BREMBO-2P1.6009AR (Cross Drilled /  Nickel Plated)</p>        <p>&nbsp;</p>        <h4>More Information</h4><p><strong>Manufactured by</strong></p><p>Brembo</p>",Brembo,,Brake,"Uploaded by_Muazzim, Brand_Brembo, Product Type_Brake, Category_Brake Discs",TRUE,Disc Type,Cross Drilled,Finish,Nickel Plated,,,BREMBO-2P1.6009AR,25000,shopify,continue,manual,3703.68,4025.74,TRUE,TRUE,2P1.6009AR,https://racetechnologies.com/sites/default/files/content/images/brakekits/brembo-p-caliper-4-piston-2-piece-328mm-drilled-gt-r-med.jpg,1,"Brembo 2P-.6009A (R) 4-Piston Billet Monobloc Calipers  328x28mm (12.9"") 2-Piece Discs Brake Disc",,"Brembo 2P-.6009A (R) 4-Piston Billet Monobloc Calipers  328x28mm (12.9"") 2-Piece Discs Brake Disc","Get Brembo 2P-.6009A (R) 4-Piston Billet Monobloc Calipers  328x28mm (12.9"") 2-Piece Discs Brake Disc for your car to get your desired looks and performance from ML Performance at the lowest price with FREE UK shipping & next day delivery on in stock items. Very cheap prices & good service.",,,,2P1.6009AR,,,new,,,,,,,https://racetechnologies.com/sites/default/files/content/images/brakekits/brembo-p-caliper-4-piston-2-piece-328mm-drilled-gt-r-med.jpg,kg,8708949900,,,,,active
brembo-2p-6009a-r-4-piston-cast-monobloc-calipers-328x28mm-12-9-2-piece-discs-brake-disc,Brembo 2P-.6009A 4-Piston Cast Monobloc Calipers  328x28mm (12.9'') 2-Piece Discs Brake Disc (Rear),"<h4><strong>Description</strong></h4>This is  4-Piston Cast Monobloc Calipers | 328x28mm (12.9'') 2-Piece Discs | Complete Axle Set | Pre-Assembled | All Necessary Hardware Included, Rear        <p>&nbsp;</p>        <h4>Features</h4>        <p><strong>Caliper</strong></p><table><tbody>  <tr><td>Caliper Body</td><td>:</td><td>Cast Monobloc Radial Mount</td></tr>  <tr><td>Caliper Piston Configuration</td><td>:</td><td>4-Piston</td></tr>  <tr><td>Caliper Piston Design And Insert Type</td><td>:</td><td>Inner Pressure Seal / Recessed Dust Boot / Stainless Steel Insert</td></tr></tbody></table><p><strong>Disc</strong></p><table><tbody>  <tr><td>Disc Material/Finish</td><td>:</td><td>Advanced High Carbon Alloy / Corrosion Resistant Plating</td></tr>  <tr><td>Disc Diameter</td><td>:</td><td>328mm</td></tr>  <tr><td>Disc Width (Measurement)</td><td>:</td><td>28mm</td></tr>  <tr><td>Disc Air Gap (Measurement)</td><td>:</td><td>17mm</td></tr>  <tr><td>Disc Annulus (Measurement)</td><td>:</td><td>54mm</td></tr>  <tr><td>Disc Construction</td><td>:</td><td>2-Piece Disc Assembly</td></tr>  <tr><td>Disc Vane Design (Measurement)</td><td>:</td><td>Vented Curved 48 Vane</td></tr>  <tr><td>Disc To Hat Mounting System</td><td>:</td><td>Floating D-Bobbin with Anti Rattle Spring</td></tr></tbody></table><p><strong>Friction Material</strong></p><table><tbody>  <tr><td>Pad Compound</td><td>:</td><td>Brembo High Performance FM1000</td></tr>  <tr><td>Pad Volume / Surface Area</td><td>:</td><td>48.2 | 53.6</td></tr></tbody></table>        <p>&nbsp;</p>        <h4>What's Included</h4><ul>  <li>Brake Lines: Proprietary Brembo Stainless Steel Braided Brake Lines by Goodridge</li>  <li>Mounting Hardware: Brembo Engineered CNC Billet Caliper Adapters - All Necessary Hardware Included For Ease of Installation</li></ul>        <p>&nbsp;</p>        <p>&nbsp;</p><h4>Compatibility</h4><div class=""compatibility-accordion-wrapper""><div class=""compatibility-tab"">                        <input name=""tabs"" type=""checkbox"" id=""compatibility-tab-1"">                        <label for=""compatibility-tab-1""><b>HONDA</b><br></label>                                                    <div class=""compatibility-tab-content""><ul><li>S2000</li></ul></div></div></div><p>Feel free to contact us at info@mlperformance.co.uk should you wish to double check!</p>        <p>&nbsp;</p>        <h4>Compatibility Check</h4><p>To ensure the part(s) you have ordered fits your vehicle, we run a compatibility check prior to dispatch. We can do this either using your registration number (UK) or the last 7 digits of your VIN. Simply enter your car details prior to checkout.</p>          <p>&nbsp;</p>        <h4>Part Number</h4><p>BREMBO-2P1.6009AS (Cross Drilled /  Black Hard Anodized)</p>        <p>&nbsp;</p>        <h4>More Information</h4><p><strong>Manufactured by</strong></p><p>Brembo</p>",Brembo,,Brake,"Uploaded by_Muazzim, Brand_Brembo, Product Type_Brake, Category_Brake Discs",TRUE,Disc Type,Cross Drilled,Finish,Black Hard Anodized,,,BREMBO-2P1.6009AS,25000,shopify,continue,manual,3703.68,4025.74,TRUE,TRUE,2P1.6009AS,https://racetechnologies.com/sites/default/files/content/images/brakekits/brembo-p-caliper-4-piston-2-piece-328mm-drilled-gt-s-med.jpg,1,Brembo 2P-.6009A (R) 4-Piston Cast Monobloc Calipers  328x28mm (12.9'') 2-Piece Discs Brake Disc,,Brembo 2P-.6009A (R) 4-Piston Cast Monobloc Calipers  328x28mm (12.9'') 2-Piece Discs Brake Disc,Get Brembo 2P-.6009A (R) 4-Piston Cast Monobloc Calipers  328x28mm (12.9'') 2-Piece Discs Brake Disc for your car to get your desired looks and performance from ML Performance at the lowest price with FREE UK shipping & next day delivery on in stock items. Very cheap prices & good service.,,,,2P1.6009AS,,,new,,,,,,,https://racetechnologies.com/sites/default/files/content/images/brakekits/brembo-p-caliper-4-piston-2-piece-328mm-drilled-gt-s-med.jpg,kg,8708949900,,,,,active
brembo-1n-9532a-r-345x28mm-13-6-2-piece-discs-brake-disc,"Brembo 1N-.9532A  345x28mm (13.6"") 2-Piece Discs Brake Disc (Rear)","<h4><strong>Description</strong></h4>This is  345x28mm (13.6"") 2-Piece Discs | Complete Axle Set | Pre-Assembled | All Necessary Hardware Included, Rear        <p>&nbsp;</p>        <h4>Features</h4>        <p><strong>Disc</strong></p><table><tbody>  <tr><td>Disc Material/Finish</td><td>:</td><td>Advanced High Carbon Alloy / Corrosion Resistant Plating</td></tr>  <tr><td>Disc Diameter</td><td>:</td><td>345mm</td></tr>  <tr><td>Disc Width (Measurement)</td><td>:</td><td>28mm</td></tr>  <tr><td>Disc Air Gap (Measurement)</td><td>:</td><td>16mm</td></tr>  <tr><td>Disc Annulus (Measurement)</td><td>:</td><td>54mm</td></tr>  <tr><td>Disc Construction</td><td>:</td><td>2-Piece Disc Assembly</td></tr>  <tr><td>Disc Vane Design (Measurement)</td><td>:</td><td>Vented Curved 48 Vane</td></tr>  <tr><td>Disc To Hat Mounting System</td><td>:</td><td>Floating D-Bobbin with Anti Rattle Spring</td></tr></tbody></table><p><strong>Friction Material</strong></p><table><tbody>  <tr><td>Pad Compound</td><td>:</td><td>Brembo High Performance FM1000</td></tr>  <tr><td>Pad Volume / Surface Area</td><td>:</td><td>48.2 | 53.6</td></tr></tbody></table>        <p>&nbsp;</p>        <h4>What's Included</h4><ul>  <li>Brake Lines: Proprietary Brembo Stainless Steel Braided Brake Lines by Goodridge</li>  <li>Mounting Hardware: Brembo Engineered CNC Billet Caliper Adapters - All Necessary Hardware Included For Ease of Installation</li></ul>        <p>&nbsp;</p>        <p>Feel free to contact us at info@mlperformance.co.uk should you wish to double check!</p>        <p>&nbsp;</p>        <h4>Compatibility Check</h4><p>To ensure the part(s) you have ordered fits your vehicle, we run a compatibility check prior to dispatch. We can do this either using your registration number (UK) or the last 7 digits of your VIN. Simply enter your car details prior to checkout.</p>          <p>&nbsp;</p>        <h4>Part Number</h4><p>BREMBO-201.8003A (Cross Drilled)</p><p>BREMBO-202.8003A (TY1)</p><p>BREMBO-203.8003A (TY3)</p>        <p>&nbsp;</p>        <h4>More Information</h4><p><strong>Manufactured by</strong></p><p>Brembo</p>",Brembo,,Brake,"Uploaded by_Muazzim, Brand_Brembo, Product Type_Brake, Category_Brake Discs",TRUE,Disc Type,Cross Drilled,,,,,BREMBO-201.8003A,25000,shopify,continue,manual,1877.21,2040.44,TRUE,TRUE,201.8003A,https://racetechnologies.com/sites/default/files/content/images/brakekits/brembo-2-piece-disc-328-332-345-355mm-drilled-med.jpg,1,"Brembo 1N-.9532A (R)  345x28mm (13.6"") 2-Piece Discs Brake Disc",,"Brembo 1N-.9532A (R)  345x28mm (13.6"") 2-Piece Discs Brake Disc","Get Brembo 1N-.9532A (R)  345x28mm (13.6"") 2-Piece Discs Brake Disc for your car to get your desired looks and performance from ML Performance at the lowest price with FREE UK shipping & next day delivery on in stock items. Very cheap prices & good service.",,,,201.8003A,,,new,,,,,,,https://racetechnologies.com/sites/default/files/content/images/brakekits/brembo-2-piece-disc-328-332-345-355mm-drilled-med.jpg,kg,8708949900,,,,,active
brembo-1n-9532a-r-345x28mm-13-6-2-piece-discs-brake-disc,,,,,,,,,TY1,,,,,BREMBO-202.8003A,25000,shopify,continue,manual,1877.21,2040.44,TRUE,TRUE,202.8003A,https://racetechnologies.com/sites/default/files/content/images/brakekits/brembo-2-piece-disc-328-332-345-355mm-slotted-type-1-med.jpg,2,,,,,,,,202.8003A,,,,,,,,,,https://racetechnologies.com/sites/default/files/content/images/brakekits/brembo-2-piece-disc-328-332-345-355mm-slotted-type-1-med.jpg,kg,8708949900,,,,,
brembo-1n-9532a-r-345x28mm-13-6-2-piece-discs-brake-disc,,,,,,,,,TY3,,,,,BREMBO-203.8003A,25000,shopify,continue,manual,1877.21,2040.44,TRUE,TRUE,203.8003A,https://racetechnologies.com/sites/default/files/content/images/brakekits/brembo-2-piece-disc-328-332-345-355mm-slotted-type-3-med.jpg,3,,,,,,,,203.8003A,,,,,,,,,,https://racetechnologies.com/sites/default/files/content/images/brakekits/brembo-2-piece-disc-328-332-345-355mm-slotted-type-3-med.jpg,kg,8708949900,,,,,
brembo-1n-9543a-f-405x34mm-15-9-2-piece-discs-complete-axle-set-brake-disc,Brembo 1N-.9543A 405x34mm (15.9'') 2-Piece Discs  Complete Axle Set Brake Disc (Front),"<h4><strong>Description</strong></h4>This is 405x34mm (15.9'') 2-Piece Discs | Complete Axle Set | Pre-Assembled | All Necessary Hardware Included, Front        <p>&nbsp;</p>        <h4>Features</h4>        <p><strong>Disc</strong></p><table><tbody>  <tr><td>Disc Material/Finish</td><td>:</td><td>Advanced High Carbon Alloy / Corrosion Resistant Plating</td></tr>  <tr><td>Disc Diameter</td><td>:</td><td>405mm</td></tr>  <tr><td>Disc Width (Measurement)</td><td>:</td><td>34mm</td></tr>  <tr><td>Disc Air Gap (Measurement)</td><td>:</td><td>12mm</td></tr>  <tr><td>Disc Annulus (Measurement)</td><td>:</td><td>62mm</td></tr>  <tr><td>Disc Construction</td><td>:</td><td>2-Piece Disc Assembly</td></tr>  <tr><td>Disc Vane Design (Measurement)</td><td>:</td><td>Vented Curved 48 Vane</td></tr>  <tr><td>Disc To Hat Mounting System</td><td>:</td><td>Floating H-Bobbin with Anti Rattle Spring</td></tr></tbody></table><p><strong>Friction Material</strong></p><table><tbody>  <tr><td>Pad Compound</td><td>:</td><td>Brembo High Performance FM1000</td></tr>  <tr><td>Pad Volume / Surface Area</td><td>:</td><td>48.2 | 53.6</td></tr></tbody></table>        <p>&nbsp;</p>        <h4>What's Included</h4><ul>  <li>Brake Lines: Proprietary Brembo Stainless Steel Braided Brake Lines by Goodridge</li>  <li>Mounting Hardware: Brembo Engineered CNC Billet Caliper Adapters - All Necessary Hardware Included For Ease of Installation</li></ul>        <p>&nbsp;</p>        <p>Feel free to contact us at info@mlperformance.co.uk should you wish to double check!</p>        <p>&nbsp;</p>        <h4>Compatibility Check</h4><p>To ensure the part(s) you have ordered fits your vehicle, we run a compatibility check prior to dispatch. We can do this either using your registration number (UK) or the last 7 digits of your VIN. Simply enter your car details prior to checkout.</p>          <p>&nbsp;</p>        <h4>Part Number</h4><p>BREMBO-101.9504A (Cross Drilled)</p><p>BREMBO-102.9504A (TY1)</p>        <p>&nbsp;</p>        <h4>More Information</h4><p><strong>Manufactured by</strong></p><p>Brembo</p>",Brembo,,Brake,"Uploaded by_Muazzim, Brand_Brembo, Product Type_Brake, Category_Brake Discs",TRUE,Disc Type,Cross Drilled,,,,,BREMBO-101.9504A,25000,shopify,continue,manual,2993.39,3253.68,TRUE,TRUE,101.9504A,https://racetechnologies.com/sites/default/files/content/images/brakekits/brembo-2-piece-disc-380mm-drilled-med.jpg,1,Brembo 1N-.9543A (F) 405x34mm (15.9'') 2-Piece Discs  Complete Axle Set Brake Disc,,Brembo 1N-.9543A (F) 405x34mm (15.9'') 2-Piece Discs  Complete Axle Set Brake Disc,Get Brembo 1N-.9543A (F) 405x34mm (15.9'') 2-Piece Discs  Complete Axle Set Brake Disc for your car to get your desired looks and performance from ML Performance at the lowest price with FREE UK shipping & next day delivery on in stock items. Very cheap prices & good service.,,,,101.9504A,,,new,,,,,,,https://racetechnologies.com/sites/default/files/content/images/brakekits/brembo-2-piece-disc-380mm-drilled-med.jpg,kg,8708949900,,,,,active
brembo-1n-9543a-f-405x34mm-15-9-2-piece-discs-complete-axle-set-brake-disc,,,,,,,,,TY1,,,,,BREMBO-102.9504A,25000,shopify,continue,manual,2993.39,3253.68,TRUE,TRUE,102.9504A,https://racetechnologies.com/sites/default/files/content/images/brakekits/brembo-2-piece-disc-380mm-slotted-type-1-med.jpg,2,,,,,,,,102.9504A,,,,,,,,,,https://racetechnologies.com/sites/default/files/content/images/brakekits/brembo-2-piece-disc-380mm-slotted-type-1-med.jpg,kg,8708949900,,,,,
brembo-1n-9080a-f-6-piston-cast-monobloc-calipers-380mm-15-2-piece-discs-brake-disc,Brembo 1N-.9080A 6-Piston Cast Monobloc Calipers  380mm (15'') 2-Piece Discs Brake Disc (Front),"<h4><strong>Description</strong></h4>This is 6-Piston Cast Monobloc Calipers | 380mm (15'') 2-Piece Discs | Complete Axle Set | Pre-Assembled | All Necessary Hardware Included, Front        <p>&nbsp;</p>        <h4>Features</h4>        <p><strong>Caliper</strong></p><table><tbody>  <tr><td>Caliper Body</td><td>:</td><td>Cast Monobloc Radial Mount</td></tr>  <tr><td>Caliper Piston Configuration</td><td>:</td><td>6-Piston</td></tr>  <tr><td>Caliper Piston Design And Insert Type</td><td>:</td><td>Inner Pressure Seal / OEM Approved Dust Boot</td></tr></tbody></table><p><strong>Disc</strong></p><table><tbody>  <tr><td>Disc Material/Finish</td><td>:</td><td>Advanced High Carbon Alloy / Corrosion Resistant Plating</td></tr>  <tr><td>Disc Diameter</td><td>:</td><td>328mm</td></tr>  <tr><td>Disc Width (Measurement)</td><td>:</td><td>28mm</td></tr>  <tr><td>Disc Air Gap (Measurement)</td><td>:</td><td>17mm</td></tr>  <tr><td>Disc Annulus (Measurement)</td><td>:</td><td>54mm</td></tr>  <tr><td>Disc Construction</td><td>:</td><td>2-Piece Disc Assembly</td></tr>  <tr><td>Disc Vane Design (Measurement)</td><td>:</td><td>Vented Curved 48 Vane</td></tr>  <tr><td>Disc To Hat Mounting System</td><td>:</td><td>Floating D-Bobbin with Anti Rattle Spring</td></tr></tbody></table><p><strong>Friction Material</strong></p><table><tbody>  <tr><td>Pad Compound</td><td>:</td><td>Brembo High Performance FM1000</td></tr>  <tr><td>Pad Volume / Surface Area</td><td>:</td><td>48.2 | 53.6</td></tr></tbody></table>        <p>&nbsp;</p>        <h4>What's Included</h4><ul>  <li>Brake Lines: Proprietary Brembo Stainless Steel Braided Brake Lines by Goodridge</li>  <li>Mounting Hardware: Brembo Engineered CNC Billet Caliper Adapters - All Necessary Hardware Included For Ease of Installation</li></ul>        <p>&nbsp;</p>        <p>&nbsp;</p><h4>Compatibility</h4><div class=""compatibility-accordion-wrapper""><div class=""compatibility-tab"">                        <input name=""tabs"" type=""checkbox"" id=""compatibility-tab-1"">                        <label for=""compatibility-tab-1""><b>NISSAN</b><br></label>                                                    <div class=""compatibility-tab-content""><ul><li>Z (RZ34)</li></ul></div></div></div><p>Feel free to contact us at info@mlperformance.co.uk should you wish to double check!</p>        <p>&nbsp;</p>        <h4>Compatibility Check</h4><p>To ensure the part(s) you have ordered fits your vehicle, we run a compatibility check prior to dispatch. We can do this either using your registration number (UK) or the last 7 digits of your VIN. Simply enter your car details prior to checkout.</p>          <p>&nbsp;</p>        <h4>Part Number</h4><p>BREMBO-1N1.9080A2 (Cross Drilled /  Red)</p><p>BREMBO-1N1.9080A1 (Cross Drilled /  Black)</p><p>BREMBO-1N1.9080A3 (Cross Drilled /  Silver)</p><p>BREMBO-1N1.9080A5 (Cross Drilled /  Yellow)</p><p>BREMBO-1N2.9080A2 (TY1 /  Red)</p><p>BREMBO-1N2.9080A1 (TY1 /  Black)</p><p>BREMBO-1N2.9080A3 (TY1 /  Silver)</p><p>BREMBO-1N2.9080A5 (TY1 /  Yellow)</p><p>BREMBO-1N3.9080A2 (TY3 /  Red)</p><p>BREMBO-1N3.9080A1 (TY3 /  Black)</p><p>BREMBO-1N3.9080A3 (TY3 /  Silver)</p><p>BREMBO-1N3.9080A5 (TY3 /  Yellow)</p><p>BREMBO-1N1.9080AS (Cross Drilled /  Black Hard Anodized)</p><p>BREMBO-1N2.9080AS (TY1 /  Black Hard Anodized)</p><p>BREMBO-1N3.9080AS (TY3 /  Black Hard Anodized)</p>        <p>&nbsp;</p>        <h4>More Information</h4><p><strong>Manufactured by</strong></p><p>Brembo</p>",Brembo,,Brake,"Uploaded by_Muazzim, Brand_Brembo, Product Type_Brake, Category_Brake Discs",TRUE,Disc Type,Cross Drilled,Finish,Red,,,BREMBO-1N1.9080A2,25000,shopify,continue,manual,4515.43,4908.08,TRUE,TRUE,1N1.9080A2,https://racetechnologies.com/sites/default/files/content/images/brakekits/brembo-n-caliper-6-piston-2-piece-365-380mm-drilled-red-med.jpg,1,Brembo 1N-.9080A (F) 6-Piston Cast Monobloc Calipers  380mm (15'') 2-Piece Discs Brake Disc,,Brembo 1N-.9080A (F) 6-Piston Cast Monobloc Calipers  380mm (15'') 2-Piece Discs Brake Disc,Get Brembo 1N-.9080A (F) 6-Piston Cast Monobloc Calipers  380mm (15'') 2-Piece Discs Brake Disc for your car to get your desired looks and performance from ML Performance at the lowest price with FREE UK shipping & next day delivery on in stock items. Very cheap prices & good service.,,,,1N1.9080A2,,,new,,,,,,,https://racetechnologies.com/sites/default/files/content/images/brakekits/brembo-n-caliper-6-piston-2-piece-365-380mm-drilled-red-med.jpg,kg,8708949900,,,,,active
brembo-1n-9080a-f-6-piston-cast-monobloc-calipers-380mm-15-2-piece-discs-brake-disc,,,,,,,,,Cross Drilled,,Black,,,BREMBO-1N1.9080A1,25000,shopify,continue,manual,4515.43,4908.08,TRUE,TRUE,1N1.9080A1,https://racetechnologies.com/sites/default/files/content/images/brakekits/brembo-n-caliper-6-piston-2-piece-365-380mm-drilled-black-med.jpg,2,,,,,,,,1N1.9080A1,,,,,,,,,,https://racetechnologies.com/sites/default/files/content/images/brakekits/brembo-n-caliper-6-piston-2-piece-365-380mm-drilled-black-med.jpg,kg,8708949900,,,,,
brembo-1n-9080a-f-6-piston-cast-monobloc-calipers-380mm-15-2-piece-discs-brake-disc,,,,,,,,,Cross Drilled,,Silver,,,BREMBO-1N1.9080A3,25000,shopify,continue,manual,4515.43,4908.08,TRUE,TRUE,1N1.9080A3,https://racetechnologies.com/sites/default/files/content/images/brakekits/brembo-n-caliper-6-piston-2-piece-365-380mm-drilled-silver-med.jpg,3,,,,,,,,1N1.9080A3,,,,,,,,,,https://racetechnologies.com/sites/default/files/content/images/brakekits/brembo-n-caliper-6-piston-2-piece-365-380mm-drilled-silver-med.jpg,kg,8708949900,,,,,
brembo-1n-9080a-f-6-piston-cast-monobloc-calipers-380mm-15-2-piece-discs-brake-disc,,,,,,,,,Cross Drilled,,Yellow,,,BREMBO-1N1.9080A5,25000,shopify,continue,manual,4515.43,4908.08,TRUE,TRUE,1N1.9080A5,https://racetechnologies.com/sites/default/files/content/images/brakekits/brembo-n-caliper-6-piston-2-piece-365-380mm-drilled-yellow-med.jpg,4,,,,,,,,1N1.9080A5,,,,,,,,,,https://racetechnologies.com/sites/default/files/content/images/brakekits/brembo-n-caliper-6-piston-2-piece-365-380mm-drilled-yellow-med.jpg,kg,8708949900,,,,,
brembo-1n-9080a-f-6-piston-cast-monobloc-calipers-380mm-15-2-piece-discs-brake-disc,,,,,,,,,TY1,,Red,,,BREMBO-1N2.9080A2,25000,shopify,continue,manual,4515.43,4908.08,TRUE,TRUE,1N2.9080A2,https://racetechnologies.com/sites/default/files/content/images/brakekits/brembo-n-caliper-6-piston-2-piece-365-380mm-slotted-type-1-red-med.jpg,5,,,,,,,,1N2.9080A2,,,,,,,,,,https://racetechnologies.com/sites/default/files/content/images/brakekits/brembo-n-caliper-6-piston-2-piece-365-380mm-slotted-type-1-red-med.jpg,kg,8708949900,,,,,
brembo-1n-9080a-f-6-piston-cast-monobloc-calipers-380mm-15-2-piece-discs-brake-disc,,,,,,,,,TY1,,Black,,,BREMBO-1N2.9080A1,25000,shopify,continue,manual,4515.43,4908.08,TRUE,TRUE,1N2.9080A1,https://racetechnologies.com/sites/default/files/content/images/brakekits/brembo-n-caliper-6-piston-2-piece-365-380mm-slotted-type-1-black-med.jpg,6,,,,,,,,1N2.9080A1,,,,,,,,,,https://racetechnologies.com/sites/default/files/content/images/brakekits/brembo-n-caliper-6-piston-2-piece-365-380mm-slotted-type-1-black-med.jpg,kg,8708949900,,,,,
brembo-1n-9080a-f-6-piston-cast-monobloc-calipers-380mm-15-2-piece-discs-brake-disc,,,,,,,,,TY1,,Silver,,,BREMBO-1N2.9080A3,25000,shopify,continue,manual,4515.43,4908.08,TRUE,TRUE,1N2.9080A3,https://racetechnologies.com/sites/default/files/content/images/brakekits/brembo-n-caliper-6-piston-2-piece-365-380mm-slotted-type-1-silver-med.jpg,7,,,,,,,,1N2.9080A3,,,,,,,,,,https://racetechnologies.com/sites/default/files/content/images/brakekits/brembo-n-caliper-6-piston-2-piece-365-380mm-slotted-type-1-silver-med.jpg,kg,8708949900,,,,,
brembo-1n-9080a-f-6-piston-cast-monobloc-calipers-380mm-15-2-piece-discs-brake-disc,,,,,,,,,TY1,,Yellow,,,BREMBO-1N2.9080A5,25000,shopify,continue,manual,4515.43,4908.08,TRUE,TRUE,1N2.9080A5,https://racetechnologies.com/sites/default/files/content/images/brakekits/brembo-n-caliper-6-piston-2-piece-365-380mm-slotted-type-1-yellow-med.jpg,8,,,,,,,,1N2.9080A5,,,,,,,,,,https://racetechnologies.com/sites/default/files/content/images/brakekits/brembo-n-caliper-6-piston-2-piece-365-380mm-slotted-type-1-yellow-med.jpg,kg,8708949900,,,,,
brembo-1n-9080a-f-6-piston-cast-monobloc-calipers-380mm-15-2-piece-discs-brake-disc,,,,,,,,,TY3,,Red,,,BREMBO-1N3.9080A2,25000,shopify,continue,manual,4515.43,4908.08,TRUE,TRUE,1N3.9080A2,https://racetechnologies.com/sites/default/files/content/images/brakekits/brembo-n-caliper-6-piston-2-piece-350-380mm-slotted-type-3-red-med_0.jpg,9,,,,,,,,1N3.9080A2,,,,,,,,,,https://racetechnologies.com/sites/default/files/content/images/brakekits/brembo-n-caliper-6-piston-2-piece-350-380mm-slotted-type-3-red-med_0.jpg,kg,8708949900,,,,,
brembo-1n-9080a-f-6-piston-cast-monobloc-calipers-380mm-15-2-piece-discs-brake-disc,,,,,,,,,TY3,,Black,,,BREMBO-1N3.9080A1,25000,shopify,continue,manual,4515.43,4908.08,TRUE,TRUE,1N3.9080A1,https://racetechnologies.com/sites/default/files/content/images/brakekits/brembo-n-caliper-6-piston-2-piece-350-380mm-slotted-type-3-black-med_0.jpg,10,,,,,,,,1N3.9080A1,,,,,,,,,,https://racetechnologies.com/sites/default/files/content/images/brakekits/brembo-n-caliper-6-piston-2-piece-350-380mm-slotted-type-3-black-med_0.jpg,kg,8708949900,,,,,
brembo-1n-9080a-f-6-piston-cast-monobloc-calipers-380mm-15-2-piece-discs-brake-disc,,,,,,,,,TY3,,Silver,,,BREMBO-1N3.9080A3,25000,shopify,continue,manual,4515.43,4908.08,TRUE,TRUE,1N3.9080A3,https://racetechnologies.com/sites/default/files/content/images/brakekits/brembo-n-caliper-6-piston-2-piece-350-380mm-slotted-type-3-silver-med_0.jpg,11,,,,,,,,1N3.9080A3,,,,,,,,,,https://racetechnologies.com/sites/default/files/content/images/brakekits/brembo-n-caliper-6-piston-2-piece-350-380mm-slotted-type-3-silver-med_0.jpg,kg,8708949900,,,,,
brembo-1n-9080a-f-6-piston-cast-monobloc-calipers-380mm-15-2-piece-discs-brake-disc,,,,,,,,,TY3,,Yellow,,,BREMBO-1N3.9080A5,25000,shopify,continue,manual,4515.43,4908.08,TRUE,TRUE,1N3.9080A5,https://racetechnologies.com/sites/default/files/content/images/brakekits/brembo-n-caliper-6-piston-2-piece-350-380mm-slotted-type-3-yellow-med_0.jpg,12,,,,,,,,1N3.9080A5,,,,,,,,,,https://racetechnologies.com/sites/default/files/content/images/brakekits/brembo-n-caliper-6-piston-2-piece-350-380mm-slotted-type-3-yellow-med_0.jpg,kg,8708949900,,,,,
brembo-1n-9080a-f-6-piston-billet-monobloc-calipers-380mm-15-2-piece-discs-brake-disc,Brembo 1N-.9080A 6-Piston Billet Monobloc Calipers  380mm (15'') 2-Piece Discs Brake Disc (Front),"<h4><strong>Description</strong></h4>This is 6-Piston Billet Monobloc Calipers | 380mm (15'') 2-Piece Discs | Complete Axle Set | Pre-Assembled | All Necessary Hardware Included, Front        <p>&nbsp;</p>        <h4>Features</h4>        <p><strong>Caliper</strong></p><table><tbody>  <tr><td>Caliper Body</td><td>:</td><td>Billet Monobloc Radial Mount</td></tr>  <tr><td>Caliper Piston Configuration</td><td>:</td><td>6-Piston</td></tr>  <tr><td>Caliper Piston Design And Insert Type</td><td>:</td><td>Inner Pressure Seal / Recessed Dust Boot / Ventilated Stainless Steel Insert</td></tr></tbody></table><p><strong>Disc</strong></p><table><tbody>  <tr><td>Disc Material/Finish</td><td>:</td><td>Advanced High Carbon Alloy / Corrosion Resistant Plating</td></tr>  <tr><td>Disc Diameter</td><td>:</td><td>328mm</td></tr>  <tr><td>Disc Width (Measurement)</td><td>:</td><td>28mm</td></tr>  <tr><td>Disc Air Gap (Measurement)</td><td>:</td><td>17mm</td></tr>  <tr><td>Disc Annulus (Measurement)</td><td>:</td><td>54mm</td></tr>  <tr><td>Disc Construction</td><td>:</td><td>2-Piece Disc Assembly</td></tr>  <tr><td>Disc Vane Design (Measurement)</td><td>:</td><td>Vented Curved 48 Vane</td></tr>  <tr><td>Disc To Hat Mounting System</td><td>:</td><td>Floating D-Bobbin with Anti Rattle Spring</td></tr></tbody></table><p><strong>Friction Material</strong></p><table><tbody>  <tr><td>Pad Compound</td><td>:</td><td>Brembo High Performance FM1000</td></tr>  <tr><td>Pad Volume / Surface Area</td><td>:</td><td>48.2 | 53.6</td></tr></tbody></table>        <p>&nbsp;</p>        <h4>What's Included</h4><ul>  <li>Brake Lines: Proprietary Brembo Stainless Steel Braided Brake Lines by Goodridge</li>  <li>Mounting Hardware: Brembo Engineered CNC Billet Caliper Adapters - All Necessary Hardware Included For Ease of Installation</li></ul>        <p>&nbsp;</p>        <p>&nbsp;</p><h4>Compatibility</h4><div class=""compatibility-accordion-wrapper""><div class=""compatibility-tab"">                        <input name=""tabs"" type=""checkbox"" id=""compatibility-tab-1"">                        <label for=""compatibility-tab-1""><b>NISSAN</b><br></label>                                                    <div class=""compatibility-tab-content""><ul><li>Z (RZ34)</li></ul></div></div></div><p>Feel free to contact us at info@mlperformance.co.uk should you wish to double check!</p>        <p>&nbsp;</p>        <h4>Compatibility Check</h4><p>To ensure the part(s) you have ordered fits your vehicle, we run a compatibility check prior to dispatch. We can do this either using your registration number (UK) or the last 7 digits of your VIN. Simply enter your car details prior to checkout.</p>          <p>&nbsp;</p>        <h4>Part Number</h4><p>BREMBO-1N1.9080AR (Cross Drilled /  Nickel Plated)</p><p>BREMBO-1N2.9080AR (TY1 /  Nickel Plated)</p><p>BREMBO-1N3.9080AR (TY3 /  Nickel Plated)</p>        <p>&nbsp;</p>        <h4>More Information</h4><p><strong>Manufactured by</strong></p><p>Brembo</p>",Brembo,,Brake,"Uploaded by_Muazzim, Brand_Brembo, Product Type_Brake, Category_Brake Discs",TRUE,Disc Type,Cross Drilled,Finish,Nickel Plated,,,BREMBO-1N1.9080AR,25000,shopify,continue,manual,8625,9375,TRUE,TRUE,1N1.9080AR,https://racetechnologies.com/sites/default/files/content/images/brakekits/brembo-n-caliper-6-piston-2-piece-365-380mm-drilled-gt-r-med_0.jpg,1,Brembo 1N-.9080A (F) 6-Piston Billet Monobloc Calipers  380mm (15'') 2-Piece Discs Brake Disc,,Brembo 1N-.9080A (F) 6-Piston Billet Monobloc Calipers  380mm (15'') 2-Piece Discs Brake Disc,Get Brembo 1N-.9080A (F) 6-Piston Billet Monobloc Calipers  380mm (15'') 2-Piece Discs Brake Disc for your car to get your desired looks and performance from ML Performance at the lowest price with FREE UK shipping & next day delivery on in stock items. Very cheap prices & good service.,,,,1N1.9080AR,,,new,,,,,,,https://racetechnologies.com/sites/default/files/content/images/brakekits/brembo-n-caliper-6-piston-2-piece-365-380mm-drilled-gt-r-med_0.jpg,kg,8708949900,,,,,active
brembo-1n-9080a-f-6-piston-billet-monobloc-calipers-380mm-15-2-piece-discs-brake-disc,,,,,,,,,TY1,,Nickel Plated,,,BREMBO-1N2.9080AR,25000,shopify,continue,manual,8625,9375,TRUE,TRUE,1N2.9080AR,https://racetechnologies.com/sites/default/files/content/images/brakekits/brembo-n-caliper-6-piston-2-piece-365-380mm-slotted-type-1-gt-r-med.jpg,2,,,,,,,,1N2.9080AR,,,,,,,,,,https://racetechnologies.com/sites/default/files/content/images/brakekits/brembo-n-caliper-6-piston-2-piece-365-380mm-slotted-type-1-gt-r-med.jpg,kg,8708949900,,,,,
brembo-1n-9080a-f-6-piston-billet-monobloc-calipers-380mm-15-2-piece-discs-brake-disc,,,,,,,,,TY3,,Nickel Plated,,,BREMBO-1N3.9080AR,25000,shopify,continue,manual,8625,9375,TRUE,TRUE,1N3.9080AR,https://racetechnologies.com/sites/default/files/content/images/brakekits/brembo-n-caliper-6-piston-2-piece-350-380mm-slotted-type-3-gt-r-med_0.jpg,3,,,,,,,,1N3.9080AR,,,,,,,,,,https://racetechnologies.com/sites/default/files/content/images/brakekits/brembo-n-caliper-6-piston-2-piece-350-380mm-slotted-type-3-gt-r-med_0.jpg,kg,8708949900,,,,,
brembo-1n-9080a-f-6-piston-cast-monobloc-calipers-380mm-15-2-piece-discs-brake-disc,Brembo 1N-.9080A 6-Piston Cast Monobloc Calipers  380mm (15'') 2-Piece Discs Brake Disc (Front),"<h4><strong>Description</strong></h4>This is 6-Piston Cast Monobloc Calipers | 380mm (15'') 2-Piece Discs | Complete Axle Set | Pre-Assembled | All Necessary Hardware Included, Front        <p>&nbsp;</p>        <h4>Features</h4>        <p><strong>Caliper</strong></p><table><tbody>  <tr><td>Caliper Body</td><td>:</td><td>Cast Monobloc Radial Mount</td></tr>  <tr><td>Caliper Piston Configuration</td><td>:</td><td>6-Piston</td></tr>  <tr><td>Caliper Piston Design And Insert Type</td><td>:</td><td>Inner Pressure Seal / Recessed Dust Boot / Stainless Steel Insert</td></tr></tbody></table><p><strong>Disc</strong></p><table><tbody>  <tr><td>Disc Material/Finish</td><td>:</td><td>Advanced High Carbon Alloy / Corrosion Resistant Plating</td></tr>  <tr><td>Disc Diameter</td><td>:</td><td>328mm</td></tr>  <tr><td>Disc Width (Measurement)</td><td>:</td><td>28mm</td></tr>  <tr><td>Disc Air Gap (Measurement)</td><td>:</td><td>17mm</td></tr>  <tr><td>Disc Annulus (Measurement)</td><td>:</td><td>54mm</td></tr>  <tr><td>Disc Construction</td><td>:</td><td>2-Piece Disc Assembly</td></tr>  <tr><td>Disc Vane Design (Measurement)</td><td>:</td><td>Vented Curved 48 Vane</td></tr>  <tr><td>Disc To Hat Mounting System</td><td>:</td><td>Floating D-Bobbin with Anti Rattle Spring</td></tr></tbody></table><p><strong>Friction Material</strong></p><table><tbody>  <tr><td>Pad Compound</td><td>:</td><td>Brembo High Performance FM1000</td></tr>  <tr><td>Pad Volume / Surface Area</td><td>:</td><td>48.2 | 53.6</td></tr></tbody></table>        <p>&nbsp;</p>        <h4>What's Included</h4><ul>  <li>Brake Lines: Proprietary Brembo Stainless Steel Braided Brake Lines by Goodridge</li>  <li>Mounting Hardware: Brembo Engineered CNC Billet Caliper Adapters - All Necessary Hardware Included For Ease of Installation</li></ul>        <p>&nbsp;</p>        <p>&nbsp;</p><h4>Compatibility</h4><div class=""compatibility-accordion-wrapper""><div class=""compatibility-tab"">                        <input name=""tabs"" type=""checkbox"" id=""compatibility-tab-1"">                        <label for=""compatibility-tab-1""><b>NISSAN</b><br></label>                                                    <div class=""compatibility-tab-content""><ul><li>Z (RZ34)</li></ul></div></div></div><p>Feel free to contact us at info@mlperformance.co.uk should you wish to double check!</p>        <p>&nbsp;</p>        <h4>Compatibility Check</h4><p>To ensure the part(s) you have ordered fits your vehicle, we run a compatibility check prior to dispatch. We can do this either using your registration number (UK) or the last 7 digits of your VIN. Simply enter your car details prior to checkout.</p>          <p>&nbsp;</p>        <h4>Part Number</h4><p>BREMBO-1N1.9080A2 (Cross Drilled /  Red)</p><p>BREMBO-1N1.9080A1 (Cross Drilled /  Black)</p><p>BREMBO-1N1.9080A3 (Cross Drilled /  Silver)</p><p>BREMBO-1N1.9080A5 (Cross Drilled /  Yellow)</p><p>BREMBO-1N2.9080A2 (TY1 /  Red)</p><p>BREMBO-1N2.9080A1 (TY1 /  Black)</p><p>BREMBO-1N2.9080A3 (TY1 /  Silver)</p><p>BREMBO-1N2.9080A5 (TY1 /  Yellow)</p><p>BREMBO-1N3.9080A2 (TY3 /  Red)</p><p>BREMBO-1N3.9080A1 (TY3 /  Black)</p><p>BREMBO-1N3.9080A3 (TY3 /  Silver)</p><p>BREMBO-1N3.9080A5 (TY3 /  Yellow)</p><p>BREMBO-1N1.9080AS (Cross Drilled /  Black Hard Anodized)</p><p>BREMBO-1N2.9080AS (TY1 /  Black Hard Anodized)</p><p>BREMBO-1N3.9080AS (TY3 /  Black Hard Anodized)</p>        <p>&nbsp;</p>        <h4>More Information</h4><p><strong>Manufactured by</strong></p><p>Brembo</p>",Brembo,,Brake,"Uploaded by_Muazzim, Brand_Brembo, Product Type_Brake, Category_Brake Discs",TRUE,Disc Type,Cross Drilled,Finish,Black Hard Anodized,,,BREMBO-1N1.9080AS,25000,shopify,continue,manual,4616.92,5018.39,TRUE,TRUE,1N1.9080AS,https://racetechnologies.com/sites/default/files/content/images/brakekits/brembo-n-caliper-6-piston-2-piece-365-380mm-drilled-gt-s-med.jpg,1,Brembo 1N-.9080A (F) 6-Piston Cast Monobloc Calipers  380mm (15'') 2-Piece Discs Brake Disc,,Brembo 1N-.9080A (F) 6-Piston Cast Monobloc Calipers  380mm (15'') 2-Piece Discs Brake Disc,Get Brembo 1N-.9080A (F) 6-Piston Cast Monobloc Calipers  380mm (15'') 2-Piece Discs Brake Disc for your car to get your desired looks and performance from ML Performance at the lowest price with FREE UK shipping & next day delivery on in stock items. Very cheap prices & good service.,,,,1N1.9080AS,,,new,,,,,,,https://racetechnologies.com/sites/default/files/content/images/brakekits/brembo-n-caliper-6-piston-2-piece-365-380mm-drilled-gt-s-med.jpg,kg,8708949900,,,,,active
brembo-1n-9080a-f-6-piston-cast-monobloc-calipers-380mm-15-2-piece-discs-brake-disc,,,,,,,,,TY1,,Black Hard Anodized,,,BREMBO-1N2.9080AS,25000,shopify,continue,manual,4616.92,5018.39,TRUE,TRUE,1N2.9080AS,https://racetechnologies.com/sites/default/files/content/images/brakekits/brembo-n-caliper-6-piston-2-piece-365-380mm-slotted-type-1-gt-s-med.jpg,2,,,,,,,,1N2.9080AS,,,,,,,,,,https://racetechnologies.com/sites/default/files/content/images/brakekits/brembo-n-caliper-6-piston-2-piece-365-380mm-slotted-type-1-gt-s-med.jpg,kg,8708949900,,,,,
brembo-1n-9080a-f-6-piston-cast-monobloc-calipers-380mm-15-2-piece-discs-brake-disc,,,,,,,,,TY3,,Black Hard Anodized,,,BREMBO-1N3.9080AS,25000,shopify,continue,manual,4616.92,5018.39,TRUE,TRUE,1N3.9080AS,https://racetechnologies.com/sites/default/files/content/images/brakekits/brembo-n-caliper-6-piston-2-piece-350-380mm-slotted-type-3-gt-s-med.jpg,3,,,,,,,,1N3.9080AS,,,,,,,,,,https://racetechnologies.com/sites/default/files/content/images/brakekits/brembo-n-caliper-6-piston-2-piece-350-380mm-slotted-type-3-gt-s-med.jpg,kg,8708949900,,,,,
brembo-1t-9034a-f-6-piston-cast-monobloc-calipers-380mm-15-2-piece-discs-brake-disc,Brembo 1T-.9034A 6-Piston Cast Monobloc Calipers  380mm (15'') 2-Piece Discs Brake Disc (Front),"<h4><strong>Description</strong></h4>This is 6-Piston Cast Monobloc Calipers | 380mm (15'') 2-Piece Discs | Complete Axle Set | Pre-Assembled | All Necessary Hardware Included, Front        <p>&nbsp;</p>        <h4>Features</h4>        <p><strong>Caliper</strong></p><table><tbody>  <tr><td>Caliper Body</td><td>:</td><td>Cast Monobloc Radial Mount</td></tr>  <tr><td>Caliper Piston Configuration</td><td>:</td><td>6-Piston</td></tr>  <tr><td>Caliper Piston Design And Insert Type</td><td>:</td><td>Inner Pressure Seal / OEM Approved Dust Boot</td></tr></tbody></table><p><strong>Disc</strong></p><table><tbody>  <tr><td>Disc Material/Finish</td><td>:</td><td>Advanced High Carbon Alloy / Corrosion Resistant Plating</td></tr>  <tr><td>Disc Diameter</td><td>:</td><td>328mm</td></tr>  <tr><td>Disc Width (Measurement)</td><td>:</td><td>28mm</td></tr>  <tr><td>Disc Air Gap (Measurement)</td><td>:</td><td>17mm</td></tr>  <tr><td>Disc Annulus (Measurement)</td><td>:</td><td>54mm</td></tr>  <tr><td>Disc Construction</td><td>:</td><td>2-Piece Disc Assembly</td></tr>  <tr><td>Disc Vane Design (Measurement)</td><td>:</td><td>Vented Curved 48 Vane</td></tr>  <tr><td>Disc To Hat Mounting System</td><td>:</td><td>Floating D-Bobbin with Anti Rattle Spring</td></tr></tbody></table><p><strong>Friction Material</strong></p><table><tbody>  <tr><td>Pad Compound</td><td>:</td><td>Brembo High Performance FM1000</td></tr>  <tr><td>Pad Volume / Surface Area</td><td>:</td><td>48.2 | 53.6</td></tr></tbody></table>        <p>&nbsp;</p>        <h4>What's Included</h4><ul>  <li>Brake Lines: Proprietary Brembo Stainless Steel Braided Brake Lines by Goodridge</li>  <li>Mounting Hardware: Brembo Engineered CNC Billet Caliper Adapters - All Necessary Hardware Included For Ease of Installation</li></ul>        <p>&nbsp;</p>        <p>&nbsp;</p><h4>Compatibility</h4><div class=""compatibility-accordion-wrapper""><div class=""compatibility-tab"">                        <input name=""tabs"" type=""checkbox"" id=""compatibility-tab-1"">                        <label for=""compatibility-tab-1""><b>NISSAN</b><br></label>                                                    <div class=""compatibility-tab-content""><ul><li>Z (RZ34)</li></ul></div></div></div><p>Feel free to contact us at info@mlperformance.co.uk should you wish to double check!</p>        <p>&nbsp;</p>        <h4>Compatibility Check</h4><p>To ensure the part(s) you have ordered fits your vehicle, we run a compatibility check prior to dispatch. We can do this either using your registration number (UK) or the last 7 digits of your VIN. Simply enter your car details prior to checkout.</p>          <p>&nbsp;</p>        <h4>Part Number</h4><p>BREMBO-1T1.9034A2 (Cross Drilled /  Red)</p>        <p>&nbsp;</p>        <h4>More Information</h4><p><strong>Manufactured by</strong></p><p>Brembo</p>",Brembo,,Brake,"Uploaded by_Muazzim, Brand_Brembo, Product Type_Brake, Category_Brake Discs",TRUE,Disc Type,Cross Drilled,Finish,Red,,,BREMBO-1T1.9034A2,25000,shopify,continue,manual,4616.92,5018.39,TRUE,TRUE,1T1.9034A2,https://racetechnologies.com/sites/default/files/content/images/brakekits/brembo-t-caliper-6-piston-2-piece-365-380mm-drilled-red-med.jpg,1,Brembo 1T-.9034A (F) 6-Piston Cast Monobloc Calipers  380mm (15'') 2-Piece Discs Brake Disc,,Brembo 1T-.9034A (F) 6-Piston Cast Monobloc Calipers  380mm (15'') 2-Piece Discs Brake Disc,Get Brembo 1T-.9034A (F) 6-Piston Cast Monobloc Calipers  380mm (15'') 2-Piece Discs Brake Disc for your car to get your desired looks and performance from ML Performance at the lowest price with FREE UK shipping & next day delivery on in stock items. Very cheap prices & good service.,,,,1T1.9034A2,,,new,,,,,,,https://racetechnologies.com/sites/default/files/content/images/brakekits/brembo-t-caliper-6-piston-2-piece-365-380mm-drilled-red-med.jpg,kg,8708949900,,,,,active
brembo-2p-9069a-r-4-piston-cast-monobloc-calipers-380mm-15-2-piece-discs-brake-disc,Brembo 2P-.9069A 4-Piston Cast Monobloc Calipers  380mm (15'') 2-Piece Discs Brake Disc (Rear),"<h4><strong>Description</strong></h4>This is  4-Piston Cast Monobloc Calipers | 380mm (15'') 2-Piece Discs | Complete Axle Set | Pre-Assembled | All Necessary Hardware Included, Rear        <p>&nbsp;</p>        <h4>Features</h4>        <p><strong>Caliper</strong></p><table><tbody>  <tr><td>Caliper Body</td><td>:</td><td>Cast Monobloc Radial Mount</td></tr>  <tr><td>Caliper Piston Configuration</td><td>:</td><td>4-Piston</td></tr>  <tr><td>Caliper Piston Design And Insert Type</td><td>:</td><td>Inner Pressure Seal / OEM Approved Dust Boot</td></tr></tbody></table><p><strong>Disc</strong></p><table><tbody>  <tr><td>Disc Material/Finish</td><td>:</td><td>Advanced High Carbon Alloy / Corrosion Resistant Plating</td></tr>  <tr><td>Disc Diameter</td><td>:</td><td>328mm</td></tr>  <tr><td>Disc Width (Measurement)</td><td>:</td><td>28mm</td></tr>  <tr><td>Disc Air Gap (Measurement)</td><td>:</td><td>17mm</td></tr>  <tr><td>Disc Annulus (Measurement)</td><td>:</td><td>54mm</td></tr>  <tr><td>Disc Construction</td><td>:</td><td>2-Piece Disc Assembly</td></tr>  <tr><td>Disc Vane Design (Measurement)</td><td>:</td><td>Vented Curved 48 Vane</td></tr>  <tr><td>Disc To Hat Mounting System</td><td>:</td><td>Floating D-Bobbin with Anti Rattle Spring</td></tr></tbody></table><p><strong>Friction Material</strong></p><table><tbody>  <tr><td>Pad Compound</td><td>:</td><td>Brembo High Performance FM1000</td></tr>  <tr><td>Pad Volume / Surface Area</td><td>:</td><td>48.2 | 53.6</td></tr></tbody></table>        <p>&nbsp;</p>        <h4>What's Included</h4><ul>  <li>Brake Lines: Proprietary Brembo Stainless Steel Braided Brake Lines by Goodridge</li>  <li>Mounting Hardware: Brembo Engineered CNC Billet Caliper Adapters - All Necessary Hardware Included For Ease of Installation</li></ul>        <p>&nbsp;</p>        <p>&nbsp;</p><h4>Compatibility</h4><div class=""compatibility-accordion-wrapper""><div class=""compatibility-tab"">                        <input name=""tabs"" type=""checkbox"" id=""compatibility-tab-1"">                        <label for=""compatibility-tab-1""><b>NISSAN</b><br></label>                                                    <div class=""compatibility-tab-content""><ul><li>Z (RZ34)</li></ul></div></div></div><p>Feel free to contact us at info@mlperformance.co.uk should you wish to double check!</p>        <p>&nbsp;</p>        <h4>Compatibility Check</h4><p>To ensure the part(s) you have ordered fits your vehicle, we run a compatibility check prior to dispatch. We can do this either using your registration number (UK) or the last 7 digits of your VIN. Simply enter your car details prior to checkout.</p>          <p>&nbsp;</p>        <h4>Part Number</h4><p>BREMBO-2P1.9069A2 (Cross Drilled /  Red)</p><p>BREMBO-2P1.9069A1 (Cross Drilled /  Black)</p><p>BREMBO-2P1.9069A3 (Cross Drilled /  Silver)</p><p>BREMBO-2P1.9069A5 (Cross Drilled /  Yellow)</p><p>BREMBO-2P2.9069A2 (TY1 /  Red)</p><p>BREMBO-2P2.9069A1 (TY1 /  Black)</p><p>BREMBO-2P2.9069A3 (TY1 /  Silver)</p><p>BREMBO-2P2.9069A5 (TY1 /  Yellow)</p><p>BREMBO-2P3.9069A2 (TY3 /  Red)</p><p>BREMBO-2P3.9069A1 (TY3 /  Black)</p><p>BREMBO-2P3.9069A3 (TY3 /  Silver)</p><p>BREMBO-2P3.9069A5 (TY3 /  Yellow)</p><p>BREMBO-2P1.9069AS (Cross Drilled /  Black Hard Anodized)</p><p>BREMBO-2P2.9069AS (TY1 /  Black Hard Anodized)</p><p>BREMBO-2P3.9069AS (TY3 /  Black Hard Anodized)</p>        <p>&nbsp;</p>        <h4>More Information</h4><p><strong>Manufactured by</strong></p><p>Brembo</p>",Brembo,,Brake,"Uploaded by_Muazzim, Brand_Brembo, Product Type_Brake, Category_Brake Discs",TRUE,Disc Type,Cross Drilled,Finish,Red,,,BREMBO-2P1.9069A2,25000,shopify,continue,manual,3906.61,4246.32,TRUE,TRUE,2P1.9069A2,https://racetechnologies.com/sites/default/files/content/images/brakekits/brembo-p-caliper-4-piston-2-piece-345-365-380mm-drilled-red-med.jpg,1,Brembo 2P-.9069A (R) 4-Piston Cast Monobloc Calipers  380mm (15'') 2-Piece Discs Brake Disc,,Brembo 2P-.9069A (R) 4-Piston Cast Monobloc Calipers  380mm (15'') 2-Piece Discs Brake Disc,Get Brembo 2P-.9069A (R) 4-Piston Cast Monobloc Calipers  380mm (15'') 2-Piece Discs Brake Disc for your car to get your desired looks and performance from ML Performance at the lowest price with FREE UK shipping & next day delivery on in stock items. Very cheap prices & good service.,,,,2P1.9069A2,,,new,,,,,,,https://racetechnologies.com/sites/default/files/content/images/brakekits/brembo-p-caliper-4-piston-2-piece-345-365-380mm-drilled-red-med.jpg,kg,8708949900,,,,,active
brembo-2p-9069a-r-4-piston-cast-monobloc-calipers-380mm-15-2-piece-discs-brake-disc,,,,,,,,,Cross Drilled,,Black,,,BREMBO-2P1.9069A1,25000,shopify,continue,manual,3906.61,4246.32,TRUE,TRUE,2P1.9069A1,https://racetechnologies.com/sites/default/files/content/images/brakekits/brembo-p-caliper-4-piston-2-piece-345-365-380mm-drilled-black-med.jpg,2,,,,,,,,2P1.9069A1,,,,,,,,,,https://racetechnologies.com/sites/default/files/content/images/brakekits/brembo-p-caliper-4-piston-2-piece-345-365-380mm-drilled-black-med.jpg,kg,8708949900,,,,,
brembo-2p-9069a-r-4-piston-cast-monobloc-calipers-380mm-15-2-piece-discs-brake-disc,,,,,,,,,Cross Drilled,,Silver,,,BREMBO-2P1.9069A3,25000,shopify,continue,manual,3906.61,4246.32,TRUE,TRUE,2P1.9069A3,https://racetechnologies.com/sites/default/files/content/images/brakekits/brembo-p-caliper-4-piston-2-piece-345-365-380mm-drilled-silver-med.jpg,3,,,,,,,,2P1.9069A3,,,,,,,,,,https://racetechnologies.com/sites/default/files/content/images/brakekits/brembo-p-caliper-4-piston-2-piece-345-365-380mm-drilled-silver-med.jpg,kg,8708949900,,,,,
brembo-2p-9069a-r-4-piston-cast-monobloc-calipers-380mm-15-2-piece-discs-brake-disc,,,,,,,,,Cross Drilled,,Yellow,,,BREMBO-2P1.9069A5,25000,shopify,continue,manual,3906.61,4246.32,TRUE,TRUE,2P1.9069A5,https://racetechnologies.com/sites/default/files/content/images/brakekits/brembo-p-caliper-4-piston-2-piece-345-365-380mm-drilled-yellow-med.jpg,4,,,,,,,,2P1.9069A5,,,,,,,,,,https://racetechnologies.com/sites/default/files/content/images/brakekits/brembo-p-caliper-4-piston-2-piece-345-365-380mm-drilled-yellow-med.jpg,kg,8708949900,,,,,
brembo-2p-9069a-r-4-piston-cast-monobloc-calipers-380mm-15-2-piece-discs-brake-disc,,,,,,,,,TY1,,Red,,,BREMBO-2P2.9069A2,25000,shopify,continue,manual,3906.61,4246.32,TRUE,TRUE,2P2.9069A2,https://racetechnologies.com/sites/default/files/content/images/brakekits/brembo-p-caliper-4-piston-2-piece-345-365-380mm-slotted-type-1-red-med.jpg,5,,,,,,,,2P2.9069A2,,,,,,,,,,https://racetechnologies.com/sites/default/files/content/images/brakekits/brembo-p-caliper-4-piston-2-piece-345-365-380mm-slotted-type-1-red-med.jpg,kg,8708949900,,,,,
brembo-2p-9069a-r-4-piston-cast-monobloc-calipers-380mm-15-2-piece-discs-brake-disc,,,,,,,,,TY1,,Black,,,BREMBO-2P2.9069A1,25000,shopify,continue,manual,3906.61,4246.32,TRUE,TRUE,2P2.9069A1,https://racetechnologies.com/sites/default/files/content/images/brakekits/brembo-p-caliper-4-piston-2-piece-345-365-380mm-slotted-type-1-black-med.jpg,6,,,,,,,,2P2.9069A1,,,,,,,,,,https://racetechnologies.com/sites/default/files/content/images/brakekits/brembo-p-caliper-4-piston-2-piece-345-365-380mm-slotted-type-1-black-med.jpg,kg,8708949900,,,,,
brembo-2p-9069a-r-4-piston-cast-monobloc-calipers-380mm-15-2-piece-discs-brake-disc,,,,,,,,,TY1,,Silver,,,BREMBO-2P2.9069A3,25000,shopify,continue,manual,3906.61,4246.32,TRUE,TRUE,2P2.9069A3,https://racetechnologies.com/sites/default/files/content/images/brakekits/brembo-p-caliper-4-piston-2-piece-345-365-380mm-slotted-type-1-silver-med.jpg,7,,,,,,,,2P2.9069A3,,,,,,,,,,https://racetechnologies.com/sites/default/files/content/images/brakekits/brembo-p-caliper-4-piston-2-piece-345-365-380mm-slotted-type-1-silver-med.jpg,kg,8708949900,,,,,
brembo-2p-9069a-r-4-piston-cast-monobloc-calipers-380mm-15-2-piece-discs-brake-disc,,,,,,,,,TY1,,Yellow,,,BREMBO-2P2.9069A5,25000,shopify,continue,manual,3906.61,4246.32,TRUE,TRUE,2P2.9069A5,https://racetechnologies.com/sites/default/files/content/images/brakekits/brembo-p-caliper-4-piston-2-piece-345-365-380mm-slotted-type-1-yellow-med.jpg,8,,,,,,,,2P2.9069A5,,,,,,,,,,https://racetechnologies.com/sites/default/files/content/images/brakekits/brembo-p-caliper-4-piston-2-piece-345-365-380mm-slotted-type-1-yellow-med.jpg,kg,8708949900,,,,,
brembo-2p-9069a-r-4-piston-cast-monobloc-calipers-380mm-15-2-piece-discs-brake-disc,,,,,,,,,TY3,,Red,,,BREMBO-2P3.9069A2,25000,shopify,continue,manual,3906.61,4246.32,TRUE,TRUE,2P3.9069A2,https://racetechnologies.com/sites/default/files/content/images/brakekits/brembo-p-caliper-4-piston-2-piece-345-365-380mm-slotted-type-3-red-med.jpg,9,,,,,,,,2P3.9069A2,,,,,,,,,,https://racetechnologies.com/sites/default/files/content/images/brakekits/brembo-p-caliper-4-piston-2-piece-345-365-380mm-slotted-type-3-red-med.jpg,kg,8708949900,,,,,
brembo-2p-9069a-r-4-piston-cast-monobloc-calipers-380mm-15-2-piece-discs-brake-disc,,,,,,,,,TY3,,Black,,,BREMBO-2P3.9069A1,25000,shopify,continue,manual,3906.61,4246.32,TRUE,TRUE,2P3.9069A1,https://racetechnologies.com/sites/default/files/content/images/brakekits/brembo-p-caliper-4-piston-2-piece-345-365-380mm-slotted-type-3-black-med.jpg,10,,,,,,,,2P3.9069A1,,,,,,,,,,https://racetechnologies.com/sites/default/files/content/images/brakekits/brembo-p-caliper-4-piston-2-piece-345-365-380mm-slotted-type-3-black-med.jpg,kg,8708949900,,,,,
brembo-2p-9069a-r-4-piston-cast-monobloc-calipers-380mm-15-2-piece-discs-brake-disc,,,,,,,,,TY3,,Silver,,,BREMBO-2P3.9069A3,25000,shopify,continue,manual,3906.61,4246.32,TRUE,TRUE,2P3.9069A3,https://racetechnologies.com/sites/default/files/content/images/brakekits/brembo-p-caliper-4-piston-2-piece-345-365-380mm-slotted-type-3-silver-med.jpg,11,,,,,,,,2P3.9069A3,,,,,,,,,,https://racetechnologies.com/sites/default/files/content/images/brakekits/brembo-p-caliper-4-piston-2-piece-345-365-380mm-slotted-type-3-silver-med.jpg,kg,8708949900,,,,,
brembo-2p-9069a-r-4-piston-cast-monobloc-calipers-380mm-15-2-piece-discs-brake-disc,,,,,,,,,TY3,,Yellow,,,BREMBO-2P3.9069A5,25000,shopify,continue,manual,3906.61,4246.32,TRUE,TRUE,2P3.9069A5,https://racetechnologies.com/sites/default/files/content/images/brakekits/brembo-p-caliper-4-piston-2-piece-345-365-380mm-slotted-type-3-yellow-med.jpg,12,,,,,,,,2P3.9069A5,,,,,,,,,,https://racetechnologies.com/sites/default/files/content/images/brakekits/brembo-p-caliper-4-piston-2-piece-345-365-380mm-slotted-type-3-yellow-med.jpg,kg,8708949900,,,,,
brembo-2p-9069a-r-4-piston-billet-monobloc-calipers-380mm-15-2-piece-discs-brake-disc,Brembo 2P-.9069A 4-Piston Billet Monobloc Calipers  380mm (15'') 2-Piece Discs Brake Disc (Rear),"<h4><strong>Description</strong></h4>This is  4-Piston Billet Monobloc Calipers | 380mm (15'') 2-Piece Discs | Complete Axle Set | Pre-Assembled | All Necessary Hardware Included, Rear        <p>&nbsp;</p>        <h4>Features</h4>        <p><strong>Caliper</strong></p><table><tbody>  <tr><td>Caliper Body</td><td>:</td><td>Billet Monobloc Radial Mount</td></tr>  <tr><td>Caliper Piston Configuration</td><td>:</td><td>4-Piston</td></tr>  <tr><td>Caliper Piston Design And Insert Type</td><td>:</td><td>Inner Pressure Seal / Recessed Dust Boot / Ventilated Stainless Steel Insert</td></tr></tbody></table><p><strong>Disc</strong></p><table><tbody>  <tr><td>Disc Material/Finish</td><td>:</td><td>Advanced High Carbon Alloy / Corrosion Resistant Plating</td></tr>  <tr><td>Disc Diameter</td><td>:</td><td>328mm</td></tr>  <tr><td>Disc Width (Measurement)</td><td>:</td><td>28mm</td></tr>  <tr><td>Disc Air Gap (Measurement)</td><td>:</td><td>17mm</td></tr>  <tr><td>Disc Annulus (Measurement)</td><td>:</td><td>54mm</td></tr>  <tr><td>Disc Construction</td><td>:</td><td>2-Piece Disc Assembly</td></tr>  <tr><td>Disc Vane Design (Measurement)</td><td>:</td><td>Vented Curved 48 Vane</td></tr>  <tr><td>Disc To Hat Mounting System</td><td>:</td><td>Floating D-Bobbin with Anti Rattle Spring</td></tr></tbody></table><p><strong>Friction Material</strong></p><table><tbody>  <tr><td>Pad Compound</td><td>:</td><td>Brembo High Performance FM1000</td></tr>  <tr><td>Pad Volume / Surface Area</td><td>:</td><td>48.2 | 53.6</td></tr></tbody></table>        <p>&nbsp;</p>        <h4>What's Included</h4><ul>  <li>Brake Lines: Proprietary Brembo Stainless Steel Braided Brake Lines by Goodridge</li>  <li>Mounting Hardware: Brembo Engineered CNC Billet Caliper Adapters - All Necessary Hardware Included For Ease of Installation</li></ul>        <p>&nbsp;</p>        <p>&nbsp;</p><h4>Compatibility</h4><div class=""compatibility-accordion-wrapper""><div class=""compatibility-tab"">                        <input name=""tabs"" type=""checkbox"" id=""compatibility-tab-1"">                        <label for=""compatibility-tab-1""><b>NISSAN</b><br></label>                                                    <div class=""compatibility-tab-content""><ul><li>Z (RZ34)</li></ul></div></div></div><p>Feel free to contact us at info@mlperformance.co.uk should you wish to double check!</p>        <p>&nbsp;</p>        <h4>Compatibility Check</h4><p>To ensure the part(s) you have ordered fits your vehicle, we run a compatibility check prior to dispatch. We can do this either using your registration number (UK) or the last 7 digits of your VIN. Simply enter your car details prior to checkout.</p>          <p>&nbsp;</p>        <h4>Part Number</h4><p>BREMBO-2P1.9069AR (Cross Drilled /  Nickel Plated)</p><p>BREMBO-2P2.9069AR (TY1 /  Nickel Plated)</p><p>BREMBO-2P3.9069AR (TY3 /  Nickel Plated)</p>        <p>&nbsp;</p>        <h4>More Information</h4><p><strong>Manufactured by</strong></p><p>Brembo</p>",Brembo,,Brake,"Uploaded by_Muazzim, Brand_Brembo, Product Type_Brake, Category_Brake Discs",TRUE,Disc Type,Cross Drilled,Finish,Nickel Plated,,,BREMBO-2P1.9069AR,25000,shopify,continue,manual,7204.42,7830.89,TRUE,TRUE,2P1.9069AR,https://racetechnologies.com/sites/default/files/content/images/brakekits/brembo-p-caliper-4-piston-2-piece-345-365-380mm-drilled-gt-r-med.jpg,1,Brembo 2P-.9069A (R) 4-Piston Billet Monobloc Calipers  380mm (15'') 2-Piece Discs Brake Disc,,Brembo 2P-.9069A (R) 4-Piston Billet Monobloc Calipers  380mm (15'') 2-Piece Discs Brake Disc,Get Brembo 2P-.9069A (R) 4-Piston Billet Monobloc Calipers  380mm (15'') 2-Piece Discs Brake Disc for your car to get your desired looks and performance from ML Performance at the lowest price with FREE UK shipping & next day delivery on in stock items. Very cheap prices & good service.,,,,2P1.9069AR,,,new,,,,,,,https://racetechnologies.com/sites/default/files/content/images/brakekits/brembo-p-caliper-4-piston-2-piece-345-365-380mm-drilled-gt-r-med.jpg,kg,8708949900,,,,,active
brembo-2p-9069a-r-4-piston-billet-monobloc-calipers-380mm-15-2-piece-discs-brake-disc,,,,,,,,,TY1,,Nickel Plated,,,BREMBO-2P2.9069AR,25000,shopify,continue,manual,7204.42,7830.89,TRUE,TRUE,2P2.9069AR,https://racetechnologies.com/sites/default/files/content/images/brakekits/brembo-p-caliper-4-piston-2-piece-345-365-380mm-slotted-type-1-gt-r-med.jpg,2,,,,,,,,2P2.9069AR,,,,,,,,,,https://racetechnologies.com/sites/default/files/content/images/brakekits/brembo-p-caliper-4-piston-2-piece-345-365-380mm-slotted-type-1-gt-r-med.jpg,kg,8708949900,,,,,
brembo-2p-9069a-r-4-piston-billet-monobloc-calipers-380mm-15-2-piece-discs-brake-disc,,,,,,,,,TY3,,Nickel Plated,,,BREMBO-2P3.9069AR,25000,shopify,continue,manual,7204.42,7830.89,TRUE,TRUE,2P3.9069AR,https://racetechnologies.com/sites/default/files/content/images/brakekits/brembo-p-caliper-4-piston-2-piece-345-365-380mm-slotted-type-3-gt-r-med.jpg,3,,,,,,,,2P3.9069AR,,,,,,,,,,https://racetechnologies.com/sites/default/files/content/images/brakekits/brembo-p-caliper-4-piston-2-piece-345-365-380mm-slotted-type-3-gt-r-med.jpg,kg,8708949900,,,,,
brembo-2p-9069a-r-4-piston-cast-monobloc-calipers-380mm-15-2-piece-discs-brake-disc,Brembo 2P-.9069A 4-Piston Cast Monobloc Calipers  380mm (15'') 2-Piece Discs Brake Disc (Rear),"<h4><strong>Description</strong></h4>This is  4-Piston Cast Monobloc Calipers | 380mm (15'') 2-Piece Discs | Complete Axle Set | Pre-Assembled | All Necessary Hardware Included, Rear        <p>&nbsp;</p>        <h4>Features</h4>        <p><strong>Caliper</strong></p><table><tbody>  <tr><td>Caliper Body</td><td>:</td><td>Cast Monobloc Radial Mount</td></tr>  <tr><td>Caliper Piston Configuration</td><td>:</td><td>4-Piston</td></tr>  <tr><td>Caliper Piston Design And Insert Type</td><td>:</td><td>Inner Pressure Seal / Recessed Dust Boot / Stainless Steel Insert</td></tr></tbody></table><p><strong>Disc</strong></p><table><tbody>  <tr><td>Disc Material/Finish</td><td>:</td><td>Advanced High Carbon Alloy / Corrosion Resistant Plating</td></tr>  <tr><td>Disc Diameter</td><td>:</td><td>328mm</td></tr>  <tr><td>Disc Width (Measurement)</td><td>:</td><td>28mm</td></tr>  <tr><td>Disc Air Gap (Measurement)</td><td>:</td><td>17mm</td></tr>  <tr><td>Disc Annulus (Measurement)</td><td>:</td><td>54mm</td></tr>  <tr><td>Disc Construction</td><td>:</td><td>2-Piece Disc Assembly</td></tr>  <tr><td>Disc Vane Design (Measurement)</td><td>:</td><td>Vented Curved 48 Vane</td></tr>  <tr><td>Disc To Hat Mounting System</td><td>:</td><td>Floating D-Bobbin with Anti Rattle Spring</td></tr></tbody></table><p><strong>Friction Material</strong></p><table><tbody>  <tr><td>Pad Compound</td><td>:</td><td>Brembo High Performance FM1000</td></tr>  <tr><td>Pad Volume / Surface Area</td><td>:</td><td>48.2 | 53.6</td></tr></tbody></table>        <p>&nbsp;</p>        <h4>What's Included</h4><ul>  <li>Brake Lines: Proprietary Brembo Stainless Steel Braided Brake Lines by Goodridge</li>  <li>Mounting Hardware: Brembo Engineered CNC Billet Caliper Adapters - All Necessary Hardware Included For Ease of Installation</li></ul>        <p>&nbsp;</p>        <p>&nbsp;</p><h4>Compatibility</h4><div class=""compatibility-accordion-wrapper""><div class=""compatibility-tab"">                        <input name=""tabs"" type=""checkbox"" id=""compatibility-tab-1"">                        <label for=""compatibility-tab-1""><b>NISSAN</b><br></label>                                                    <div class=""compatibility-tab-content""><ul><li>Z (RZ34)</li></ul></div></div></div><p>Feel free to contact us at info@mlperformance.co.uk should you wish to double check!</p>        <p>&nbsp;</p>        <h4>Compatibility Check</h4><p>To ensure the part(s) you have ordered fits your vehicle, we run a compatibility check prior to dispatch. We can do this either using your registration number (UK) or the last 7 digits of your VIN. Simply enter your car details prior to checkout.</p>          <p>&nbsp;</p>        <h4>Part Number</h4><p>BREMBO-2P1.9069A2 (Cross Drilled /  Red)</p><p>BREMBO-2P1.9069A1 (Cross Drilled /  Black)</p><p>BREMBO-2P1.9069A3 (Cross Drilled /  Silver)</p><p>BREMBO-2P1.9069A5 (Cross Drilled /  Yellow)</p><p>BREMBO-2P2.9069A2 (TY1 /  Red)</p><p>BREMBO-2P2.9069A1 (TY1 /  Black)</p><p>BREMBO-2P2.9069A3 (TY1 /  Silver)</p><p>BREMBO-2P2.9069A5 (TY1 /  Yellow)</p><p>BREMBO-2P3.9069A2 (TY3 /  Red)</p><p>BREMBO-2P3.9069A1 (TY3 /  Black)</p><p>BREMBO-2P3.9069A3 (TY3 /  Silver)</p><p>BREMBO-2P3.9069A5 (TY3 /  Yellow)</p><p>BREMBO-2P1.9069AS (Cross Drilled /  Black Hard Anodized)</p><p>BREMBO-2P2.9069AS (TY1 /  Black Hard Anodized)</p><p>BREMBO-2P3.9069AS (TY3 /  Black Hard Anodized)</p>        <p>&nbsp;</p>        <h4>More Information</h4><p><strong>Manufactured by</strong></p><p>Brembo</p>",Brembo,,Brake,"Uploaded by_Muazzim, Brand_Brembo, Product Type_Brake, Category_Brake Discs",TRUE,Disc Type,Cross Drilled,Finish,Black Hard Anodized,,,BREMBO-2P1.9069AS,25000,shopify,continue,manual,4008.08,4356.61,TRUE,TRUE,2P1.9069AS,https://racetechnologies.com/sites/default/files/content/images/brakekits/brembo-p-caliper-4-piston-2-piece-345-365-380mm-drilled-gt-s-med.jpg,1,Brembo 2P-.9069A (R) 4-Piston Cast Monobloc Calipers  380mm (15'') 2-Piece Discs Brake Disc,,Brembo 2P-.9069A (R) 4-Piston Cast Monobloc Calipers  380mm (15'') 2-Piece Discs Brake Disc,Get Brembo 2P-.9069A (R) 4-Piston Cast Monobloc Calipers  380mm (15'') 2-Piece Discs Brake Disc for your car to get your desired looks and performance from ML Performance at the lowest price with FREE UK shipping & next day delivery on in stock items. Very cheap prices & good service.,,,,2P1.9069AS,,,new,,,,,,,https://racetechnologies.com/sites/default/files/content/images/brakekits/brembo-p-caliper-4-piston-2-piece-345-365-380mm-drilled-gt-s-med.jpg,kg,8708949900,,,,,active
brembo-2p-9069a-r-4-piston-cast-monobloc-calipers-380mm-15-2-piece-discs-brake-disc,,,,,,,,,TY1,,Black Hard Anodized,,,BREMBO-2P2.9069AS,25000,shopify,continue,manual,4008.08,4356.61,TRUE,TRUE,2P2.9069AS,https://racetechnologies.com/sites/default/files/content/images/brakekits/brembo-p-caliper-4-piston-2-piece-345-365-380mm-slotted-type-1-gt-s-med.jpg,2,,,,,,,,2P2.9069AS,,,,,,,,,,https://racetechnologies.com/sites/default/files/content/images/brakekits/brembo-p-caliper-4-piston-2-piece-345-365-380mm-slotted-type-1-gt-s-med.jpg,kg,8708949900,,,,,
brembo-2p-9069a-r-4-piston-cast-monobloc-calipers-380mm-15-2-piece-discs-brake-disc,,,,,,,,,TY3,,Black Hard Anodized,,,BREMBO-2P3.9069AS,25000,shopify,continue,manual,4008.08,4356.61,TRUE,TRUE,2P3.9069AS,https://racetechnologies.com/sites/default/files/content/images/brakekits/brembo-p-caliper-4-piston-2-piece-345-365-380mm-slotted-type-3-gt-s-med.jpg,3,,,,,,,,2P3.9069AS,,,,,,,,,,https://racetechnologies.com/sites/default/files/content/images/brakekits/brembo-p-caliper-4-piston-2-piece-345-365-380mm-slotted-type-3-gt-s-med.jpg,kg,8708949900,,,,,
brembo-2s-9021a-r-4-piston-cast-monobloc-calipers-380mm-15-2-piece-discs-brake-disc,Brembo 2S-.9021A 4-Piston Cast Monobloc Calipers  380mm (15'') 2-Piece Discs Brake Disc (Rear),"<h4><strong>Description</strong></h4>This is  4-Piston Cast Monobloc Calipers | 380mm (15'') 2-Piece Discs | Complete Axle Set | Pre-Assembled | All Necessary Hardware Included, Rear        <p>&nbsp;</p>        <h4>Features</h4>        <p><strong>Caliper</strong></p><table><tbody>  <tr><td>Caliper Body</td><td>:</td><td>Cast Monobloc Radial Mount</td></tr>  <tr><td>Caliper Piston Configuration</td><td>:</td><td>4-Piston</td></tr>  <tr><td>Caliper Piston Design And Insert Type</td><td>:</td><td>Inner Pressure Seal / OEM Approved Dust Boot</td></tr></tbody></table><p><strong>Disc</strong></p><table><tbody>  <tr><td>Disc Material/Finish</td><td>:</td><td>Advanced High Carbon Alloy / Corrosion Resistant Plating</td></tr>  <tr><td>Disc Diameter</td><td>:</td><td>328mm</td></tr>  <tr><td>Disc Width (Measurement)</td><td>:</td><td>28mm</td></tr>  <tr><td>Disc Air Gap (Measurement)</td><td>:</td><td>17mm</td></tr>  <tr><td>Disc Annulus (Measurement)</td><td>:</td><td>54mm</td></tr>  <tr><td>Disc Construction</td><td>:</td><td>2-Piece Disc Assembly</td></tr>  <tr><td>Disc Vane Design (Measurement)</td><td>:</td><td>Vented Curved 48 Vane</td></tr>  <tr><td>Disc To Hat Mounting System</td><td>:</td><td>Floating D-Bobbin with Anti Rattle Spring</td></tr></tbody></table><p><strong>Friction Material</strong></p><table><tbody>  <tr><td>Pad Compound</td><td>:</td><td>Brembo High Performance FM1000</td></tr>  <tr><td>Pad Volume / Surface Area</td><td>:</td><td>48.2 | 53.6</td></tr></tbody></table>        <p>&nbsp;</p>        <h4>What's Included</h4><ul>  <li>Brake Lines: Proprietary Brembo Stainless Steel Braided Brake Lines by Goodridge</li>  <li>Mounting Hardware: Brembo Engineered CNC Billet Caliper Adapters - All Necessary Hardware Included For Ease of Installation</li></ul>        <p>&nbsp;</p>        <p>&nbsp;</p><h4>Compatibility</h4><div class=""compatibility-accordion-wrapper""><div class=""compatibility-tab"">                        <input name=""tabs"" type=""checkbox"" id=""compatibility-tab-1"">                        <label for=""compatibility-tab-1""><b>NISSAN</b><br></label>                                                    <div class=""compatibility-tab-content""><ul><li>Z (RZ34)</li></ul></div></div></div><p>Feel free to contact us at info@mlperformance.co.uk should you wish to double check!</p>        <p>&nbsp;</p>        <h4>Compatibility Check</h4><p>To ensure the part(s) you have ordered fits your vehicle, we run a compatibility check prior to dispatch. We can do this either using your registration number (UK) or the last 7 digits of your VIN. Simply enter your car details prior to checkout.</p>          <p>&nbsp;</p>        <h4>Part Number</h4><p>BREMBO-2S1.9021A2 (Cross Drilled /  Red)</p><p>BREMBO-2S1.9021A1 (Cross Drilled /  Black)</p><p>BREMBO-2S1.9021A5 (Cross Drilled /  Yellow)</p><p>BREMBO-2S1.9021A6 (Cross Drilled /  White)</p><p>BREMBO-2S1.9021A7 (Cross Drilled /  Fluorescent Yellow)</p><p>BREMBO-2S2.9021A2 (TY1 /  Red)</p><p>BREMBO-2S2.9021A1 (TY1 /  Black)</p><p>BREMBO-2S2.9021A5 (TY1 /  Yellow)</p><p>BREMBO-2S2.9021A6 (TY1 /  White)</p><p>BREMBO-2S2.9021A7 (TY1 /  Fluorescent Yellow)</p><p>BREMBO-2S1.9021A2 (TY3 /  Red)</p><p>BREMBO-2S1.9021A1 (TY3 /  Black)</p><p>BREMBO-2S1.9021A5 (TY3 /  Yellow)</p><p>BREMBO-2S1.9021A6 (TY3 /  White)</p><p>BREMBO-2S1.9021A7 (TY3 /  Fluorescent Yellow)</p>        <p>&nbsp;</p>        <h4>More Information</h4><p><strong>Manufactured by</strong></p><p>Brembo</p>",Brembo,,Brake,"Uploaded by_Muazzim, Brand_Brembo, Product Type_Brake, Category_Brake Discs",TRUE,Disc Type,Cross Drilled,Finish,Red,,,BREMBO-2S1.9021A2,25000,shopify,continue,manual,4008.08,4356.61,TRUE,TRUE,2S1.9021A2,https://racetechnologies.com/sites/default/files/content/images/brakekits/brembo-s-caliper-4-piston-2-piece-345-380mm-drilled-red-med.jpg,1,Brembo 2S-.9021A (R) 4-Piston Cast Monobloc Calipers  380mm (15'') 2-Piece Discs Brake Disc,,Brembo 2S-.9021A (R) 4-Piston Cast Monobloc Calipers  380mm (15'') 2-Piece Discs Brake Disc,Get Brembo 2S-.9021A (R) 4-Piston Cast Monobloc Calipers  380mm (15'') 2-Piece Discs Brake Disc for your car to get your desired looks and performance from ML Performance at the lowest price with FREE UK shipping & next day delivery on in stock items. Very cheap prices & good service.,,,,2S1.9021A2,,,new,,,,,,,https://racetechnologies.com/sites/default/files/content/images/brakekits/brembo-s-caliper-4-piston-2-piece-345-380mm-drilled-red-med.jpg,kg,8708949900,,,,,active
brembo-2s-9021a-r-4-piston-cast-monobloc-calipers-380mm-15-2-piece-discs-brake-disc,,,,,,,,,Cross Drilled,,Black,,,BREMBO-2S1.9021A1,25000,shopify,continue,manual,4008.08,4356.61,TRUE,TRUE,2S1.9021A1,https://racetechnologies.com/sites/default/files/content/images/brakekits/brembo-s-caliper-4-piston-2-piece-345-380mm-drilled-black-med.jpg,2,,,,,,,,2S1.9021A1,,,,,,,,,,https://racetechnologies.com/sites/default/files/content/images/brakekits/brembo-s-caliper-4-piston-2-piece-345-380mm-drilled-black-med.jpg,kg,8708949900,,,,,
brembo-2s-9021a-r-4-piston-cast-monobloc-calipers-380mm-15-2-piece-discs-brake-disc,,,,,,,,,Cross Drilled,,Yellow,,,BREMBO-2S1.9021A5,25000,shopify,continue,manual,4008.08,4356.61,TRUE,TRUE,2S1.9021A5,https://racetechnologies.com/sites/default/files/content/images/brakekits/brembo-s-caliper-4-piston-2-piece-345-380mm-drilled-yellow-med.jpg,3,,,,,,,,2S1.9021A5,,,,,,,,,,https://racetechnologies.com/sites/default/files/content/images/brakekits/brembo-s-caliper-4-piston-2-piece-345-380mm-drilled-yellow-med.jpg,kg,8708949900,,,,,
brembo-2s-9021a-r-4-piston-cast-monobloc-calipers-380mm-15-2-piece-discs-brake-disc,,,,,,,,,Cross Drilled,,White,,,BREMBO-2S1.9021A6,25000,shopify,continue,manual,4008.08,4356.61,TRUE,TRUE,2S1.9021A6,https://racetechnologies.com/sites/default/files/content/images/brakekits/brembo-s-caliper-4-piston-2-piece-345-380mm-drilled-white-med.jpg,4,,,,,,,,2S1.9021A6,,,,,,,,,,https://racetechnologies.com/sites/default/files/content/images/brakekits/brembo-s-caliper-4-piston-2-piece-345-380mm-drilled-white-med.jpg,kg,8708949900,,,,,
brembo-2s-9021a-r-4-piston-cast-monobloc-calipers-380mm-15-2-piece-discs-brake-disc,,,,,,,,,Cross Drilled,,Fluorescent Yellow,,,BREMBO-2S1.9021A7,25000,shopify,continue,manual,4008.08,4356.61,TRUE,TRUE,2S1.9021A7,https://racetechnologies.com/sites/default/files/content/images/brakekits/brembo-s-caliper-4-piston-2-piece-345-380mm-drilled-fluo-yellow-med.jpg,5,,,,,,,,2S1.9021A7,,,,,,,,,,https://racetechnologies.com/sites/default/files/content/images/brakekits/brembo-s-caliper-4-piston-2-piece-345-380mm-drilled-fluo-yellow-med.jpg,kg,8708949900,,,,,
brembo-2s-9021a-r-4-piston-cast-monobloc-calipers-380mm-15-2-piece-discs-brake-disc,,,,,,,,,TY1,,Red,,,BREMBO-2S2.9021A2,25000,shopify,continue,manual,4008.08,4356.61,TRUE,TRUE,2S2.9021A2,https://racetechnologies.com/sites/default/files/content/images/brakekits/brembo-s-caliper-4-piston-2-piece-345-380mm-slotted-type-1-red-med.jpg,6,,,,,,,,2S2.9021A2,,,,,,,,,,https://racetechnologies.com/sites/default/files/content/images/brakekits/brembo-s-caliper-4-piston-2-piece-345-380mm-slotted-type-1-red-med.jpg,kg,8708949900,,,,,
brembo-2s-9021a-r-4-piston-cast-monobloc-calipers-380mm-15-2-piece-discs-brake-disc,,,,,,,,,TY1,,Black,,,BREMBO-2S2.9021A1,25000,shopify,continue,manual,4008.08,4356.61,TRUE,TRUE,2S2.9021A1,https://racetechnologies.com/sites/default/files/content/images/brakekits/brembo-s-caliper-4-piston-2-piece-345-380mm-slotted-type-1-black-med.jpg,7,,,,,,,,2S2.9021A1,,,,,,,,,,https://racetechnologies.com/sites/default/files/content/images/brakekits/brembo-s-caliper-4-piston-2-piece-345-380mm-slotted-type-1-black-med.jpg,kg,8708949900,,,,,
brembo-2s-9021a-r-4-piston-cast-monobloc-calipers-380mm-15-2-piece-discs-brake-disc,,,,,,,,,TY1,,Yellow,,,BREMBO-2S2.9021A5,25000,shopify,continue,manual,4008.08,4356.61,TRUE,TRUE,2S2.9021A5,https://racetechnologies.com/sites/default/files/content/images/brakekits/brembo-s-caliper-4-piston-2-piece-345-380mm-slotted-type-1-yellow-med.jpg,8,,,,,,,,2S2.9021A5,,,,,,,,,,https://racetechnologies.com/sites/default/files/content/images/brakekits/brembo-s-caliper-4-piston-2-piece-345-380mm-slotted-type-1-yellow-med.jpg,kg,8708949900,,,,,
brembo-2s-9021a-r-4-piston-cast-monobloc-calipers-380mm-15-2-piece-discs-brake-disc,,,,,,,,,TY1,,White,,,BREMBO-2S2.9021A6,25000,shopify,continue,manual,4008.08,4356.61,TRUE,TRUE,2S2.9021A6,https://racetechnologies.com/sites/default/files/content/images/brakekits/brembo-s-caliper-4-piston-2-piece-345-380mm-slotted-type-1-white-med.jpg,9,,,,,,,,2S2.9021A6,,,,,,,,,,https://racetechnologies.com/sites/default/files/content/images/brakekits/brembo-s-caliper-4-piston-2-piece-345-380mm-slotted-type-1-white-med.jpg,kg,8708949900,,,,,
brembo-2s-9021a-r-4-piston-cast-monobloc-calipers-380mm-15-2-piece-discs-brake-disc,,,,,,,,,TY1,,Fluorescent Yellow,,,BREMBO-2S2.9021A7,25000,shopify,continue,manual,4008.08,4356.61,TRUE,TRUE,2S2.9021A7,https://racetechnologies.com/sites/default/files/content/images/brakekits/brembo-s-caliper-4-piston-2-piece-345-380mm-slotted-type-1-fluo-yellow-med.jpg,10,,,,,,,,2S2.9021A7,,,,,,,,,,https://racetechnologies.com/sites/default/files/content/images/brakekits/brembo-s-caliper-4-piston-2-piece-345-380mm-slotted-type-1-fluo-yellow-med.jpg,kg,8708949900,,,,,
brembo-2s-9021a-r-4-piston-cast-monobloc-calipers-380mm-15-2-piece-discs-brake-disc,,,,,,,,,TY3,,Red,,,BREMBO-2S1.9021A2,25000,shopify,continue,manual,4008.08,4356.61,TRUE,TRUE,2S1.9021A2,https://racetechnologies.com/sites/default/files/content/images/brakekits/brembo-s-caliper-4-piston-2-piece-345-380mm-drilled-red-med.jpg,11,,,,,,,,2S1.9021A2,,,,,,,,,,https://racetechnologies.com/sites/default/files/content/images/brakekits/brembo-s-caliper-4-piston-2-piece-345-380mm-drilled-red-med.jpg,kg,8708949900,,,,,
brembo-2s-9021a-r-4-piston-cast-monobloc-calipers-380mm-15-2-piece-discs-brake-disc,,,,,,,,,TY3,,Black,,,BREMBO-2S1.9021A1,25000,shopify,continue,manual,4008.08,4356.61,TRUE,TRUE,2S1.9021A1,https://racetechnologies.com/sites/default/files/content/images/brakekits/brembo-s-caliper-4-piston-2-piece-345-380mm-drilled-black-med.jpg,12,,,,,,,,2S1.9021A1,,,,,,,,,,https://racetechnologies.com/sites/default/files/content/images/brakekits/brembo-s-caliper-4-piston-2-piece-345-380mm-drilled-black-med.jpg,kg,8708949900,,,,,
brembo-2s-9021a-r-4-piston-cast-monobloc-calipers-380mm-15-2-piece-discs-brake-disc,,,,,,,,,TY3,,Yellow,,,BREMBO-2S1.9021A5,25000,shopify,continue,manual,4008.08,4356.61,TRUE,TRUE,2S1.9021A5,https://racetechnologies.com/sites/default/files/content/images/brakekits/brembo-s-caliper-4-piston-2-piece-345-380mm-drilled-yellow-med.jpg,13,,,,,,,,2S1.9021A5,,,,,,,,,,https://racetechnologies.com/sites/default/files/content/images/brakekits/brembo-s-caliper-4-piston-2-piece-345-380mm-drilled-yellow-med.jpg,kg,8708949900,,,,,
brembo-2s-9021a-r-4-piston-cast-monobloc-calipers-380mm-15-2-piece-discs-brake-disc,,,,,,,,,TY3,,White,,,BREMBO-2S1.9021A6,25000,shopify,continue,manual,4008.08,4356.61,TRUE,TRUE,2S1.9021A6,https://racetechnologies.com/sites/default/files/content/images/brakekits/brembo-s-caliper-4-piston-2-piece-345-380mm-drilled-white-med.jpg,14,,,,,,,,2S1.9021A6,,,,,,,,,,https://racetechnologies.com/sites/default/files/content/images/brakekits/brembo-s-caliper-4-piston-2-piece-345-380mm-drilled-white-med.jpg,kg,8708949900,,,,,
brembo-2s-9021a-r-4-piston-cast-monobloc-calipers-380mm-15-2-piece-discs-brake-disc,,,,,,,,,TY3,,Fluorescent Yellow,,,BREMBO-2S1.9021A7,25000,shopify,continue,manual,4008.08,4356.61,TRUE,TRUE,2S1.9021A7,https://racetechnologies.com/sites/default/files/content/images/brakekits/brembo-s-caliper-4-piston-2-piece-345-380mm-drilled-fluo-yellow-med.jpg,15,,,,,,,,2S1.9021A7,,,,,,,,,,https://racetechnologies.com/sites/default/files/content/images/brakekits/brembo-s-caliper-4-piston-2-piece-345-380mm-drilled-fluo-yellow-med.jpg,kg,8708949900,,,,,
brembo-1m-8070a-f-6-piston-cast-monobloc-calipers-355mm-14-2-piece-discs-brake-disc,Brembo 1M-.8070A 6-Piston Cast Monobloc Calipers  355mm (14'') 2-Piece Discs Brake Disc (Front),"<h4><strong>Description</strong></h4>This is 6-Piston Cast Monobloc Calipers | 355mm (14'') 2-Piece Discs | Complete Axle Set | Pre-Assembled | All Necessary Hardware Included, Front        <p>&nbsp;</p>        <h4>Features</h4>        <p><strong>Caliper</strong></p><table><tbody>  <tr><td>Caliper Body</td><td>:</td><td>Cast Monobloc Radial Mount</td></tr>  <tr><td>Caliper Piston Configuration</td><td>:</td><td>6-Piston</td></tr>  <tr><td>Caliper Piston Design And Insert Type</td><td>:</td><td>Inner Pressure Seal / OEM Approved Dust Boot</td></tr></tbody></table><p><strong>Disc</strong></p><table><tbody>  <tr><td>Disc Material/Finish</td><td>:</td><td>Advanced High Carbon Alloy / Corrosion Resistant Plating</td></tr>  <tr><td>Disc Diameter</td><td>:</td><td>328mm</td></tr>  <tr><td>Disc Width (Measurement)</td><td>:</td><td>28mm</td></tr>  <tr><td>Disc Air Gap (Measurement)</td><td>:</td><td>17mm</td></tr>  <tr><td>Disc Annulus (Measurement)</td><td>:</td><td>54mm</td></tr>  <tr><td>Disc Construction</td><td>:</td><td>2-Piece Disc Assembly</td></tr>  <tr><td>Disc Vane Design (Measurement)</td><td>:</td><td>Vented Curved 48 Vane</td></tr>  <tr><td>Disc To Hat Mounting System</td><td>:</td><td>Floating D-Bobbin with Anti Rattle Spring</td></tr></tbody></table><p><strong>Friction Material</strong></p><table><tbody>  <tr><td>Pad Compound</td><td>:</td><td>Brembo High Performance FM1000</td></tr>  <tr><td>Pad Volume / Surface Area</td><td>:</td><td>48.2 | 53.6</td></tr></tbody></table>        <p>&nbsp;</p>        <h4>What's Included</h4><ul>  <li>Brake Lines: Proprietary Brembo Stainless Steel Braided Brake Lines by Goodridge</li>  <li>Mounting Hardware: Brembo Engineered CNC Billet Caliper Adapters - All Necessary Hardware Included For Ease of Installation</li></ul>        <p>&nbsp;</p>        <p>&nbsp;</p><h4>Compatibility</h4><div class=""compatibility-accordion-wrapper""><div class=""compatibility-tab"">                        <input name=""tabs"" type=""checkbox"" id=""compatibility-tab-1"">                        <label for=""compatibility-tab-1""><b>PORSCHE</b><br></label>                                                    <div class=""compatibility-tab-content""><ul><li>930</li></ul></div></div></div><p>Feel free to contact us at info@mlperformance.co.uk should you wish to double check!</p>        <p>&nbsp;</p>        <h4>Compatibility Check</h4><p>To ensure the part(s) you have ordered fits your vehicle, we run a compatibility check prior to dispatch. We can do this either using your registration number (UK) or the last 7 digits of your VIN. Simply enter your car details prior to checkout.</p>          <p>&nbsp;</p>        <h4>Part Number</h4><p>BREMBO-1M1.8070A2 (Cross Drilled /  Red)</p><p>BREMBO-1M1.8070A1 (Cross Drilled /  Black)</p><p>BREMBO-1M1.8070A3 (Cross Drilled /  Silver)</p><p>BREMBO-1M1.8070A5 (Cross Drilled /  Yellow)</p><p>BREMBO-1M2.8070A2 (TY1 /  Red)</p><p>BREMBO-1M2.8070A1 (TY1 /  Black)</p><p>BREMBO-1M2.8070A3 (TY1 /  Silver)</p><p>BREMBO-1M2.8070A5 (TY1 /  Yellow)</p><p>BREMBO-1M3.8070A2 (TY3 /  Red)</p><p>BREMBO-1M3.8070A1 (TY3 /  Black)</p><p>BREMBO-1M3.8070A3 (TY3 /  Silver)</p><p>BREMBO-1M3.8070A5 (TY3 /  Yellow)</p><p>BREMBO-1M1.8070AR (Cross Drilled /  Nickel Plated)</p><p>BREMBO-1M2.8070AR (TY1 /  Nickel Plated)</p><p>BREMBO-1M3.8070AR (TY3 /  Nickel Plated)</p>        <p>&nbsp;</p>        <h4>More Information</h4><p><strong>Manufactured by</strong></p><p>Brembo</p>",Brembo,,Brake,"Uploaded by_Muazzim, Brand_Brembo, Product Type_Brake, Category_Brake Discs",TRUE,Disc Type,Cross Drilled,Finish,Red,,,BREMBO-1M1.8070A2,25000,shopify,continue,manual,4160.29,4522.06,TRUE,TRUE,1M1.8070A2,https://racetechnologies.com/sites/default/files/content/images/brakekits/brembo-m-caliper-6-piston-2-piece-355-380mm-drilled-red-med.jpg,1,Brembo 1M-.8070A (F) 6-Piston Cast Monobloc Calipers  355mm (14'') 2-Piece Discs Brake Disc,,Brembo 1M-.8070A (F) 6-Piston Cast Monobloc Calipers  355mm (14'') 2-Piece Discs Brake Disc,Get Brembo 1M-.8070A (F) 6-Piston Cast Monobloc Calipers  355mm (14'') 2-Piece Discs Brake Disc for your car to get your desired looks and performance from ML Performance at the lowest price with FREE UK shipping & next day delivery on in stock items. Very cheap prices & good service.,,,,1M1.8070A2,,,new,,,,,,,https://racetechnologies.com/sites/default/files/content/images/brakekits/brembo-m-caliper-6-piston-2-piece-355-380mm-drilled-red-med.jpg,kg,8708949900,,,,,active
brembo-1m-8070a-f-6-piston-cast-monobloc-calipers-355mm-14-2-piece-discs-brake-disc,,,,,,,,,Cross Drilled,,Black,,,BREMBO-1M1.8070A1,25000,shopify,continue,manual,4160.29,4522.06,TRUE,TRUE,1M1.8070A1,https://racetechnologies.com/sites/default/files/content/images/brakekits/brembo-m-caliper-6-piston-2-piece-355-380mm-drilled-black-med.jpg,2,,,,,,,,1M1.8070A1,,,,,,,,,,https://racetechnologies.com/sites/default/files/content/images/brakekits/brembo-m-caliper-6-piston-2-piece-355-380mm-drilled-black-med.jpg,kg,8708949900,,,,,
brembo-1m-8070a-f-6-piston-cast-monobloc-calipers-355mm-14-2-piece-discs-brake-disc,,,,,,,,,Cross Drilled,,Silver,,,BREMBO-1M1.8070A3,25000,shopify,continue,manual,4160.29,4522.06,TRUE,TRUE,1M1.8070A3,https://racetechnologies.com/sites/default/files/content/images/brakekits/brembo-m-caliper-6-piston-2-piece-355-380mm-drilled-silver-med.jpg,3,,,,,,,,1M1.8070A3,,,,,,,,,,https://racetechnologies.com/sites/default/files/content/images/brakekits/brembo-m-caliper-6-piston-2-piece-355-380mm-drilled-silver-med.jpg,kg,8708949900,,,,,
brembo-1m-8070a-f-6-piston-cast-monobloc-calipers-355mm-14-2-piece-discs-brake-disc,,,,,,,,,Cross Drilled,,Yellow,,,BREMBO-1M1.8070A5,25000,shopify,continue,manual,4160.29,4522.06,TRUE,TRUE,1M1.8070A5,https://racetechnologies.com/sites/default/files/content/images/brakekits/brembo-m-caliper-6-piston-2-piece-355-380mm-drilled-yellow-med.jpg,4,,,,,,,,1M1.8070A5,,,,,,,,,,https://racetechnologies.com/sites/default/files/content/images/brakekits/brembo-m-caliper-6-piston-2-piece-355-380mm-drilled-yellow-med.jpg,kg,8708949900,,,,,
brembo-1m-8070a-f-6-piston-cast-monobloc-calipers-355mm-14-2-piece-discs-brake-disc,,,,,,,,,TY1,,Red,,,BREMBO-1M2.8070A2,25000,shopify,continue,manual,4160.29,4522.06,TRUE,TRUE,1M2.8070A2,https://racetechnologies.com/sites/default/files/content/images/brakekits/brembo-m-caliper-6-piston-2-piece-355-380mm-slotted-type-1-red-med.jpg,5,,,,,,,,1M2.8070A2,,,,,,,,,,https://racetechnologies.com/sites/default/files/content/images/brakekits/brembo-m-caliper-6-piston-2-piece-355-380mm-slotted-type-1-red-med.jpg,kg,8708949900,,,,,
brembo-1m-8070a-f-6-piston-cast-monobloc-calipers-355mm-14-2-piece-discs-brake-disc,,,,,,,,,TY1,,Black,,,BREMBO-1M2.8070A1,25000,shopify,continue,manual,4160.29,4522.06,TRUE,TRUE,1M2.8070A1,https://racetechnologies.com/sites/default/files/content/images/brakekits/brembo-m-caliper-6-piston-2-piece-355-380mm-slotted-type-1-black-med.jpg,6,,,,,,,,1M2.8070A1,,,,,,,,,,https://racetechnologies.com/sites/default/files/content/images/brakekits/brembo-m-caliper-6-piston-2-piece-355-380mm-slotted-type-1-black-med.jpg,kg,8708949900,,,,,
brembo-1m-8070a-f-6-piston-cast-monobloc-calipers-355mm-14-2-piece-discs-brake-disc,,,,,,,,,TY1,,Silver,,,BREMBO-1M2.8070A3,25000,shopify,continue,manual,4160.29,4522.06,TRUE,TRUE,1M2.8070A3,https://racetechnologies.com/sites/default/files/content/images/brakekits/brembo-m-caliper-6-piston-2-piece-355-380mm-slotted-type-1-silver-med.jpg,7,,,,,,,,1M2.8070A3,,,,,,,,,,https://racetechnologies.com/sites/default/files/content/images/brakekits/brembo-m-caliper-6-piston-2-piece-355-380mm-slotted-type-1-silver-med.jpg,kg,8708949900,,,,,
brembo-1m-8070a-f-6-piston-cast-monobloc-calipers-355mm-14-2-piece-discs-brake-disc,,,,,,,,,TY1,,Yellow,,,BREMBO-1M2.8070A5,25000,shopify,continue,manual,4160.29,4522.06,TRUE,TRUE,1M2.8070A5,https://racetechnologies.com/sites/default/files/content/images/brakekits/brembo-m-caliper-6-piston-2-piece-355-380mm-slotted-type-1-yellow-med.jpg,8,,,,,,,,1M2.8070A5,,,,,,,,,,https://racetechnologies.com/sites/default/files/content/images/brakekits/brembo-m-caliper-6-piston-2-piece-355-380mm-slotted-type-1-yellow-med.jpg,kg,8708949900,,,,,
brembo-1m-8070a-f-6-piston-cast-monobloc-calipers-355mm-14-2-piece-discs-brake-disc,,,,,,,,,TY3,,Red,,,BREMBO-1M3.8070A2,25000,shopify,continue,manual,4160.29,4522.06,TRUE,TRUE,1M3.8070A2,https://racetechnologies.com/sites/default/files/content/images/brakekits/brembo-m-caliper-6-piston-2-piece-355-380mm-slotted-type-3-red-med.jpg,9,,,,,,,,1M3.8070A2,,,,,,,,,,https://racetechnologies.com/sites/default/files/content/images/brakekits/brembo-m-caliper-6-piston-2-piece-355-380mm-slotted-type-3-red-med.jpg,kg,8708949900,,,,,
brembo-1m-8070a-f-6-piston-cast-monobloc-calipers-355mm-14-2-piece-discs-brake-disc,,,,,,,,,TY3,,Black,,,BREMBO-1M3.8070A1,25000,shopify,continue,manual,4160.29,4522.06,TRUE,TRUE,1M3.8070A1,https://racetechnologies.com/sites/default/files/content/images/brakekits/brembo-m-caliper-6-piston-2-piece-355-380mm-slotted-type-3-black-med.jpg,10,,,,,,,,1M3.8070A1,,,,,,,,,,https://racetechnologies.com/sites/default/files/content/images/brakekits/brembo-m-caliper-6-piston-2-piece-355-380mm-slotted-type-3-black-med.jpg,kg,8708949900,,,,,
brembo-1m-8070a-f-6-piston-cast-monobloc-calipers-355mm-14-2-piece-discs-brake-disc,,,,,,,,,TY3,,Silver,,,BREMBO-1M3.8070A3,25000,shopify,continue,manual,4160.29,4522.06,TRUE,TRUE,1M3.8070A3,https://racetechnologies.com/sites/default/files/content/images/brakekits/brembo-m-caliper-6-piston-2-piece-355-380mm-slotted-type-3-silver-med.jpg,11,,,,,,,,1M3.8070A3,,,,,,,,,,https://racetechnologies.com/sites/default/files/content/images/brakekits/brembo-m-caliper-6-piston-2-piece-355-380mm-slotted-type-3-silver-med.jpg,kg,8708949900,,,,,
brembo-1m-8070a-f-6-piston-cast-monobloc-calipers-355mm-14-2-piece-discs-brake-disc,,,,,,,,,TY3,,Yellow,,,BREMBO-1M3.8070A5,25000,shopify,continue,manual,4160.29,4522.06,TRUE,TRUE,1M3.8070A5,https://racetechnologies.com/sites/default/files/content/images/brakekits/brembo-m-caliper-6-piston-2-piece-355-380mm-slotted-type-3-yellow-med.jpg,12,,,,,,,,1M3.8070A5,,,,,,,,,,https://racetechnologies.com/sites/default/files/content/images/brakekits/brembo-m-caliper-6-piston-2-piece-355-380mm-slotted-type-3-yellow-med.jpg,kg,8708949900,,,,,
brembo-1m-8070a-f-6-piston-cast-monobloc-calipers-355mm-14-2-piece-discs-brake-disc,,,,,,,,,Cross Drilled,,Nickel Plated,,,BREMBO-1M1.8070AR,25000,shopify,continue,manual,8066.92,8768.39,TRUE,TRUE,1M1.8070AR,https://racetechnologies.com/sites/default/files/content/images/brakekits/brembo-m-caliper-6-piston-2-piece-355-380mm-drilled-gt-r-med.jpg,13,,,,,,,,1M1.8070AR,,,,,,,,,,https://racetechnologies.com/sites/default/files/content/images/brakekits/brembo-m-caliper-6-piston-2-piece-355-380mm-drilled-gt-r-med.jpg,kg,8708949900,,,,,
brembo-1m-8070a-f-6-piston-cast-monobloc-calipers-355mm-14-2-piece-discs-brake-disc,,,,,,,,,TY1,,Nickel Plated,,,BREMBO-1M2.8070AR,25000,shopify,continue,manual,8066.92,8768.39,TRUE,TRUE,1M2.8070AR,https://racetechnologies.com/sites/default/files/content/images/brakekits/brembo-m-caliper-6-piston-2-piece-355-380mm-slotted-type-1-gt-r-med.jpg,14,,,,,,,,1M2.8070AR,,,,,,,,,,https://racetechnologies.com/sites/default/files/content/images/brakekits/brembo-m-caliper-6-piston-2-piece-355-380mm-slotted-type-1-gt-r-med.jpg,kg,8708949900,,,,,
brembo-1m-8070a-f-6-piston-cast-monobloc-calipers-355mm-14-2-piece-discs-brake-disc,,,,,,,,,TY3,,Nickel Plated,,,BREMBO-1M3.8070AR,25000,shopify,continue,manual,8066.92,8768.39,TRUE,TRUE,1M3.8070AR,https://racetechnologies.com/sites/default/files/content/images/brakekits/brembo-m-caliper-6-piston-2-piece-355-380mm-slotted-type-3-gt-r-med.jpg,15,,,,,,,,1M3.8070AR,,,,,,,,,,https://racetechnologies.com/sites/default/files/content/images/brakekits/brembo-m-caliper-6-piston-2-piece-355-380mm-slotted-type-3-gt-r-med.jpg,kg,8708949900,,,,,
brembo-1m-8070a-f-6-piston-billet-monobloc-calipers-355mm-14-2-piece-discs-brake-disc,Brembo 1M-.8070A 6-Piston Billet Monobloc Calipers  355mm (14'') 2-Piece Discs Brake Disc (Front),"<h4><strong>Description</strong></h4>This is 6-Piston Billet Monobloc Calipers | 355mm (14'') 2-Piece Discs | Complete Axle Set | Pre-Assembled | All Necessary Hardware Included, Front        <p>&nbsp;</p>        <h4>Features</h4>        <p><strong>Caliper</strong></p><table><tbody>  <tr><td>Caliper Body</td><td>:</td><td>Cast Monobloc Radial Mount</td></tr>  <tr><td>Caliper Piston Configuration</td><td>:</td><td>6-Piston</td></tr>  <tr><td>Caliper Piston Design And Insert Type</td><td>:</td><td>Inner Pressure Seal / Recessed Dust Boot / Ventilated Stainless Steel Insert</td></tr></tbody></table><p><strong>Disc</strong></p><table><tbody>  <tr><td>Disc Material/Finish</td><td>:</td><td>Advanced High Carbon Alloy / Corrosion Resistant Plating</td></tr>  <tr><td>Disc Diameter</td><td>:</td><td>328mm</td></tr>  <tr><td>Disc Width (Measurement)</td><td>:</td><td>28mm</td></tr>  <tr><td>Disc Air Gap (Measurement)</td><td>:</td><td>17mm</td></tr>  <tr><td>Disc Annulus (Measurement)</td><td>:</td><td>54mm</td></tr>  <tr><td>Disc Construction</td><td>:</td><td>2-Piece Disc Assembly</td></tr>  <tr><td>Disc Vane Design (Measurement)</td><td>:</td><td>Vented Curved 48 Vane</td></tr>  <tr><td>Disc To Hat Mounting System</td><td>:</td><td>Floating D-Bobbin with Anti Rattle Spring</td></tr></tbody></table><p><strong>Friction Material</strong></p><table><tbody>  <tr><td>Pad Compound</td><td>:</td><td>Brembo High Performance FM1000</td></tr>  <tr><td>Pad Volume / Surface Area</td><td>:</td><td>48.2 | 53.6</td></tr></tbody></table>        <p>&nbsp;</p>        <h4>What's Included</h4><ul>  <li>Brake Lines: Proprietary Brembo Stainless Steel Braided Brake Lines by Goodridge</li>  <li>Mounting Hardware: Brembo Engineered CNC Billet Caliper Adapters - All Necessary Hardware Included For Ease of Installation</li></ul>        <p>&nbsp;</p>        <p>&nbsp;</p><h4>Compatibility</h4><div class=""compatibility-accordion-wrapper""><div class=""compatibility-tab"">                        <input name=""tabs"" type=""checkbox"" id=""compatibility-tab-1"">                        <label for=""compatibility-tab-1""><b>PORSCHE</b><br></label>                                                    <div class=""compatibility-tab-content""><ul><li>930</li></ul></div></div></div><p>Feel free to contact us at info@mlperformance.co.uk should you wish to double check!</p>        <p>&nbsp;</p>        <h4>Compatibility Check</h4><p>To ensure the part(s) you have ordered fits your vehicle, we run a compatibility check prior to dispatch. We can do this either using your registration number (UK) or the last 7 digits of your VIN. Simply enter your car details prior to checkout.</p>          <p>&nbsp;</p>        <h4>Part Number</h4><p>BREMBO-1M1.8070AS (Cross Drilled /  Black Hard Anodized)</p><p>BREMBO-1M2.8070AS (TY1 /  Black Hard Anodized)</p><p>BREMBO-1M3.8070AS (TY3 /  Black Hard Anodized)</p>        <p>&nbsp;</p>        <h4>More Information</h4><p><strong>Manufactured by</strong></p><p>Brembo</p>",Brembo,,Brake,"Uploaded by_Muazzim, Brand_Brembo, Product Type_Brake, Category_Brake Discs",TRUE,Disc Type,Cross Drilled,Finish,Black Hard Anodized,,,BREMBO-1M1.8070AS,25000,shopify,continue,manual,4261.76,4632.35,TRUE,TRUE,1M1.8070AS,https://racetechnologies.com/sites/default/files/content/images/brakekits/brembo-m-caliper-6-piston-2-piece-355-380mm-drilled-gt-s-med.jpg,1,Brembo 1M-.8070A (F) 6-Piston Billet Monobloc Calipers  355mm (14'') 2-Piece Discs Brake Disc,,Brembo 1M-.8070A (F) 6-Piston Billet Monobloc Calipers  355mm (14'') 2-Piece Discs Brake Disc,Get Brembo 1M-.8070A (F) 6-Piston Billet Monobloc Calipers  355mm (14'') 2-Piece Discs Brake Disc for your car to get your desired looks and performance from ML Performance at the lowest price with FREE UK shipping & next day delivery on in stock items. Very cheap prices & good service.,,,,1M1.8070AS,,,new,,,,,,,https://racetechnologies.com/sites/default/files/content/images/brakekits/brembo-m-caliper-6-piston-2-piece-355-380mm-drilled-gt-s-med.jpg,kg,8708949900,,,,,active
brembo-1m-8070a-f-6-piston-billet-monobloc-calipers-355mm-14-2-piece-discs-brake-disc,,,,,,,,,TY1,,Black Hard Anodized,,,BREMBO-1M2.8070AS,25000,shopify,continue,manual,4261.76,4632.35,TRUE,TRUE,1M2.8070AS,https://racetechnologies.com/sites/default/files/content/images/brakekits/brembo-m-caliper-6-piston-2-piece-355-380mm-slotted-type-1-gt-s-med.jpg,2,,,,,,,,1M2.8070AS,,,,,,,,,,https://racetechnologies.com/sites/default/files/content/images/brakekits/brembo-m-caliper-6-piston-2-piece-355-380mm-slotted-type-1-gt-s-med.jpg,kg,8708949900,,,,,
brembo-1m-8070a-f-6-piston-billet-monobloc-calipers-355mm-14-2-piece-discs-brake-disc,,,,,,,,,TY3,,Black Hard Anodized,,,BREMBO-1M3.8070AS,25000,shopify,continue,manual,4261.76,4632.35,TRUE,TRUE,1M3.8070AS,https://racetechnologies.com/sites/default/files/content/images/brakekits/brembo-m-caliper-6-piston-2-piece-355-380mm-slotted-type-3-gt-s-med.jpg,3,,,,,,,,1M3.8070AS,,,,,,,,,,https://racetechnologies.com/sites/default/files/content/images/brakekits/brembo-m-caliper-6-piston-2-piece-355-380mm-slotted-type-3-gt-s-med.jpg,kg,8708949900,,,,,
brembo-1m-8071a-f-6-piston-cast-monobloc-calipers-355mm-14-2-piece-discs-brake-disc,Brembo 1M-.8071A 6-Piston Cast Monobloc Calipers  355mm (14'') 2-Piece Discs Brake Disc (Front),"<h4><strong>Description</strong></h4>This is 6-Piston Cast Monobloc Calipers | 355mm (14'') 2-Piece Discs | Complete Axle Set | Pre-Assembled | All Necessary Hardware Included, Front        <p>&nbsp;</p>        <h4>Features</h4>        <p><strong>Caliper</strong></p><table><tbody>  <tr><td>Caliper Body</td><td>:</td><td>Cast Monobloc Radial Mount</td></tr>  <tr><td>Caliper Piston Configuration</td><td>:</td><td>6-Piston</td></tr>  <tr><td>Caliper Piston Design And Insert Type</td><td>:</td><td>Inner Pressure Seal / OEM Approved Dust Boot</td></tr></tbody></table><p><strong>Disc</strong></p><table><tbody>  <tr><td>Disc Material/Finish</td><td>:</td><td>Advanced High Carbon Alloy / Corrosion Resistant Plating</td></tr>  <tr><td>Disc Diameter</td><td>:</td><td>328mm</td></tr>  <tr><td>Disc Width (Measurement)</td><td>:</td><td>28mm</td></tr>  <tr><td>Disc Air Gap (Measurement)</td><td>:</td><td>17mm</td></tr>  <tr><td>Disc Annulus (Measurement)</td><td>:</td><td>54mm</td></tr>  <tr><td>Disc Construction</td><td>:</td><td>2-Piece Disc Assembly</td></tr>  <tr><td>Disc Vane Design (Measurement)</td><td>:</td><td>Vented Curved 48 Vane</td></tr>  <tr><td>Disc To Hat Mounting System</td><td>:</td><td>Floating D-Bobbin with Anti Rattle Spring</td></tr></tbody></table><p><strong>Friction Material</strong></p><table><tbody>  <tr><td>Pad Compound</td><td>:</td><td>Brembo High Performance FM1000</td></tr>  <tr><td>Pad Volume / Surface Area</td><td>:</td><td>48.2 | 53.6</td></tr></tbody></table>        <p>&nbsp;</p>        <h4>What's Included</h4><ul>  <li>Brake Lines: Proprietary Brembo Stainless Steel Braided Brake Lines by Goodridge</li>  <li>Mounting Hardware: Brembo Engineered CNC Billet Caliper Adapters - All Necessary Hardware Included For Ease of Installation</li></ul>        <p>&nbsp;</p>        <p>&nbsp;</p><h4>Compatibility</h4><div class=""compatibility-accordion-wrapper""><div class=""compatibility-tab"">                        <input name=""tabs"" type=""checkbox"" id=""compatibility-tab-1"">                        <label for=""compatibility-tab-1""><b>PORSCHE</b><br></label>                                                    <div class=""compatibility-tab-content""><ul><li>930</li></ul></div></div></div><p>Feel free to contact us at info@mlperformance.co.uk should you wish to double check!</p>        <p>&nbsp;</p>        <h4>Compatibility Check</h4><p>To ensure the part(s) you have ordered fits your vehicle, we run a compatibility check prior to dispatch. We can do this either using your registration number (UK) or the last 7 digits of your VIN. Simply enter your car details prior to checkout.</p>          <p>&nbsp;</p>        <h4>Part Number</h4><p>BREMBO-1M1.8071A2 (Cross Drilled /  Red)</p><p>BREMBO-1M1.8071A1 (Cross Drilled /  Black)</p><p>BREMBO-1M1.8071A3 (Cross Drilled /  Silver)</p><p>BREMBO-1M1.8071A5 (Cross Drilled /  Yellow)</p><p>BREMBO-1M2.8071A2 (TY1 /  Red)</p><p>BREMBO-1M2.8071A1 (TY1 /  Black)</p><p>BREMBO-1M2.8071A3 (TY1 /  Silver)</p><p>BREMBO-1M2.8071A5 (TY1 /  Yellow)</p><p>BREMBO-1M3.8071A2 (TY3 /  Red)</p><p>BREMBO-1M3.8071A1 (TY3 /  Black)</p><p>BREMBO-1M3.8071A3 (TY3 /  Silver)</p><p>BREMBO-1M3.8071A5 (TY3 /  Yellow)</p>        <p>&nbsp;</p>        <h4>More Information</h4><p><strong>Manufactured by</strong></p><p>Brembo</p>",Brembo,,Brake,"Uploaded by_Muazzim, Brand_Brembo, Product Type_Brake, Category_Brake Discs",TRUE,Disc Type,Cross Drilled,Finish,Red,,,BREMBO-1M1.8071A2,25000,shopify,continue,manual,4160.29,4522.06,TRUE,TRUE,1M1.8071A2,https://racetechnologies.com/sites/default/files/content/images/brakekits/brembo-m-caliper-6-piston-2-piece-355-380mm-drilled-red-med.jpg,1,Brembo 1M-.8071A (F) 6-Piston Cast Monobloc Calipers  355mm (14'') 2-Piece Discs Brake Disc,,Brembo 1M-.8071A (F) 6-Piston Cast Monobloc Calipers  355mm (14'') 2-Piece Discs Brake Disc,Get Brembo 1M-.8071A (F) 6-Piston Cast Monobloc Calipers  355mm (14'') 2-Piece Discs Brake Disc for your car to get your desired looks and performance from ML Performance at the lowest price with FREE UK shipping & next day delivery on in stock items. Very cheap prices & good service.,,,,1M1.8071A2,,,new,,,,,,,https://racetechnologies.com/sites/default/files/content/images/brakekits/brembo-m-caliper-6-piston-2-piece-355-380mm-drilled-red-med.jpg,kg,8708949900,,,,,active
brembo-1m-8071a-f-6-piston-cast-monobloc-calipers-355mm-14-2-piece-discs-brake-disc,,,,,,,,,Cross Drilled,,Black,,,BREMBO-1M1.8071A1,25000,shopify,continue,manual,4160.29,4522.06,TRUE,TRUE,1M1.8071A1,https://racetechnologies.com/sites/default/files/content/images/brakekits/brembo-m-caliper-6-piston-2-piece-355-380mm-drilled-black-med.jpg,2,,,,,,,,1M1.8071A1,,,,,,,,,,https://racetechnologies.com/sites/default/files/content/images/brakekits/brembo-m-caliper-6-piston-2-piece-355-380mm-drilled-black-med.jpg,kg,8708949900,,,,,
brembo-1m-8071a-f-6-piston-cast-monobloc-calipers-355mm-14-2-piece-discs-brake-disc,,,,,,,,,Cross Drilled,,Silver,,,BREMBO-1M1.8071A3,25000,shopify,continue,manual,4160.29,4522.06,TRUE,TRUE,1M1.8071A3,https://racetechnologies.com/sites/default/files/content/images/brakekits/brembo-m-caliper-6-piston-2-piece-355-380mm-drilled-silver-med.jpg,3,,,,,,,,1M1.8071A3,,,,,,,,,,https://racetechnologies.com/sites/default/files/content/images/brakekits/brembo-m-caliper-6-piston-2-piece-355-380mm-drilled-silver-med.jpg,kg,8708949900,,,,,
brembo-1m-8071a-f-6-piston-cast-monobloc-calipers-355mm-14-2-piece-discs-brake-disc,,,,,,,,,Cross Drilled,,Yellow,,,BREMBO-1M1.8071A5,25000,shopify,continue,manual,4160.29,4522.06,TRUE,TRUE,1M1.8071A5,https://racetechnologies.com/sites/default/files/content/images/brakekits/brembo-m-caliper-6-piston-2-piece-355-380mm-drilled-yellow-med.jpg,4,,,,,,,,1M1.8071A5,,,,,,,,,,https://racetechnologies.com/sites/default/files/content/images/brakekits/brembo-m-caliper-6-piston-2-piece-355-380mm-drilled-yellow-med.jpg,kg,8708949900,,,,,
brembo-1m-8071a-f-6-piston-cast-monobloc-calipers-355mm-14-2-piece-discs-brake-disc,,,,,,,,,TY1,,Red,,,BREMBO-1M2.8071A2,25000,shopify,continue,manual,4160.29,4522.06,TRUE,TRUE,1M2.8071A2,https://racetechnologies.com/sites/default/files/content/images/brakekits/brembo-m-caliper-6-piston-2-piece-355-380mm-slotted-type-1-red-med.jpg,5,,,,,,,,1M2.8071A2,,,,,,,,,,https://racetechnologies.com/sites/default/files/content/images/brakekits/brembo-m-caliper-6-piston-2-piece-355-380mm-slotted-type-1-red-med.jpg,kg,8708949900,,,,,
brembo-1m-8071a-f-6-piston-cast-monobloc-calipers-355mm-14-2-piece-discs-brake-disc,,,,,,,,,TY1,,Black,,,BREMBO-1M2.8071A1,25000,shopify,continue,manual,4160.29,4522.06,TRUE,TRUE,1M2.8071A1,https://racetechnologies.com/sites/default/files/content/images/brakekits/brembo-m-caliper-6-piston-2-piece-355-380mm-slotted-type-1-black-med.jpg,6,,,,,,,,1M2.8071A1,,,,,,,,,,https://racetechnologies.com/sites/default/files/content/images/brakekits/brembo-m-caliper-6-piston-2-piece-355-380mm-slotted-type-1-black-med.jpg,kg,8708949900,,,,,
brembo-1m-8071a-f-6-piston-cast-monobloc-calipers-355mm-14-2-piece-discs-brake-disc,,,,,,,,,TY1,,Silver,,,BREMBO-1M2.8071A3,25000,shopify,continue,manual,4160.29,4522.06,TRUE,TRUE,1M2.8071A3,https://racetechnologies.com/sites/default/files/content/images/brakekits/brembo-m-caliper-6-piston-2-piece-355-380mm-slotted-type-1-silver-med.jpg,7,,,,,,,,1M2.8071A3,,,,,,,,,,https://racetechnologies.com/sites/default/files/content/images/brakekits/brembo-m-caliper-6-piston-2-piece-355-380mm-slotted-type-1-silver-med.jpg,kg,8708949900,,,,,
brembo-1m-8071a-f-6-piston-cast-monobloc-calipers-355mm-14-2-piece-discs-brake-disc,,,,,,,,,TY1,,Yellow,,,BREMBO-1M2.8071A5,25000,shopify,continue,manual,4160.29,4522.06,TRUE,TRUE,1M2.8071A5,https://racetechnologies.com/sites/default/files/content/images/brakekits/brembo-m-caliper-6-piston-2-piece-355-380mm-slotted-type-1-yellow-med.jpg,8,,,,,,,,1M2.8071A5,,,,,,,,,,https://racetechnologies.com/sites/default/files/content/images/brakekits/brembo-m-caliper-6-piston-2-piece-355-380mm-slotted-type-1-yellow-med.jpg,kg,8708949900,,,,,
brembo-1m-8071a-f-6-piston-cast-monobloc-calipers-355mm-14-2-piece-discs-brake-disc,,,,,,,,,TY3,,Red,,,BREMBO-1M3.8071A2,25000,shopify,continue,manual,4160.29,4522.06,TRUE,TRUE,1M3.8071A2,https://racetechnologies.com/sites/default/files/content/images/brakekits/brembo-m-caliper-6-piston-2-piece-355-380mm-slotted-type-3-red-med.jpg,9,,,,,,,,1M3.8071A2,,,,,,,,,,https://racetechnologies.com/sites/default/files/content/images/brakekits/brembo-m-caliper-6-piston-2-piece-355-380mm-slotted-type-3-red-med.jpg,kg,8708949900,,,,,
brembo-1m-8071a-f-6-piston-cast-monobloc-calipers-355mm-14-2-piece-discs-brake-disc,,,,,,,,,TY3,,Black,,,BREMBO-1M3.8071A1,25000,shopify,continue,manual,4160.29,4522.06,TRUE,TRUE,1M3.8071A1,https://racetechnologies.com/sites/default/files/content/images/brakekits/brembo-m-caliper-6-piston-2-piece-355-380mm-slotted-type-3-black-med.jpg,10,,,,,,,,1M3.8071A1,,,,,,,,,,https://racetechnologies.com/sites/default/files/content/images/brakekits/brembo-m-caliper-6-piston-2-piece-355-380mm-slotted-type-3-black-med.jpg,kg,8708949900,,,,,
brembo-1m-8071a-f-6-piston-cast-monobloc-calipers-355mm-14-2-piece-discs-brake-disc,,,,,,,,,TY3,,Silver,,,BREMBO-1M3.8071A3,25000,shopify,continue,manual,4160.29,4522.06,TRUE,TRUE,1M3.8071A3,https://racetechnologies.com/sites/default/files/content/images/brakekits/brembo-m-caliper-6-piston-2-piece-355-380mm-slotted-type-3-silver-med.jpg,11,,,,,,,,1M3.8071A3,,,,,,,,,,https://racetechnologies.com/sites/default/files/content/images/brakekits/brembo-m-caliper-6-piston-2-piece-355-380mm-slotted-type-3-silver-med.jpg,kg,8708949900,,,,,
brembo-1m-8071a-f-6-piston-cast-monobloc-calipers-355mm-14-2-piece-discs-brake-disc,,,,,,,,,TY3,,Yellow,,,BREMBO-1M3.8071A5,25000,shopify,continue,manual,4160.29,4522.06,TRUE,TRUE,1M3.8071A5,https://racetechnologies.com/sites/default/files/content/images/brakekits/brembo-m-caliper-6-piston-2-piece-355-380mm-slotted-type-3-yellow-med.jpg,12,,,,,,,,1M3.8071A5,,,,,,,,,,https://racetechnologies.com/sites/default/files/content/images/brakekits/brembo-m-caliper-6-piston-2-piece-355-380mm-slotted-type-3-yellow-med.jpg,kg,8708949900,,,,,
brembo-1m-8071ar-f-6-piston-billet-monobloc-calipers-355mm-14-2-piece-discs-brake-disc,Brembo 1M-.8071AR 6-Piston Billet Monobloc Calipers  355mm (14'') 2-Piece Discs Brake Disc (Front),"<h4><strong>Description</strong></h4>This is 6-Piston Billet Monobloc Calipers | 355mm (14'') 2-Piece Discs | Complete Axle Set | Pre-Assembled | All Necessary Hardware Included, Front        <p>&nbsp;</p>        <h4>Features</h4>        <p><strong>Caliper</strong></p><table><tbody>  <tr><td>Caliper Body</td><td>:</td><td>Billet Monobloc Radial Mount</td></tr>  <tr><td>Caliper Piston Design And Insert Type</td><td>:</td><td>Inner Pressure Seal / Recessed Dust Boot / Ventilated Stainless Steel Insert</td></tr></tbody></table><p><strong>Disc</strong></p><table><tbody>  <tr><td>Disc Material/Finish</td><td>:</td><td>Advanced High Carbon Alloy / Corrosion Resistant Plating</td></tr>  <tr><td>Disc Diameter</td><td>:</td><td>328mm</td></tr>  <tr><td>Disc Width (Measurement)</td><td>:</td><td>28mm</td></tr>  <tr><td>Disc Air Gap (Measurement)</td><td>:</td><td>17mm</td></tr>  <tr><td>Disc Annulus (Measurement)</td><td>:</td><td>54mm</td></tr>  <tr><td>Disc Construction</td><td>:</td><td>2-Piece Disc Assembly</td></tr>  <tr><td>Disc Vane Design (Measurement)</td><td>:</td><td>Vented Curved 48 Vane</td></tr>  <tr><td>Disc To Hat Mounting System</td><td>:</td><td>Floating D-Bobbin with Anti Rattle Spring</td></tr></tbody></table><p><strong>Friction Material</strong></p><table><tbody>  <tr><td>Pad Compound</td><td>:</td><td>Brembo High Performance FM1000</td></tr>  <tr><td>Pad Volume / Surface Area</td><td>:</td><td>48.2 | 53.6</td></tr></tbody></table>        <p>&nbsp;</p>        <h4>What's Included</h4><ul>  <li>Brake Lines: Proprietary Brembo Stainless Steel Braided Brake Lines by Goodridge</li>  <li>Mounting Hardware: Brembo Engineered CNC Billet Caliper Adapters - All Necessary Hardware Included For Ease of Installation</li></ul>        <p>&nbsp;</p>        <p>&nbsp;</p><h4>Compatibility</h4><div class=""compatibility-accordion-wrapper""><div class=""compatibility-tab"">                        <input name=""tabs"" type=""checkbox"" id=""compatibility-tab-1"">                        <label for=""compatibility-tab-1""><b>PORSCHE</b><br></label>                                                    <div class=""compatibility-tab-content""><ul><li>930</li></ul></div></div></div><p>Feel free to contact us at info@mlperformance.co.uk should you wish to double check!</p>        <p>&nbsp;</p>        <h4>Compatibility Check</h4><p>To ensure the part(s) you have ordered fits your vehicle, we run a compatibility check prior to dispatch. We can do this either using your registration number (UK) or the last 7 digits of your VIN. Simply enter your car details prior to checkout.</p>          <p>&nbsp;</p>        <h4>Part Number</h4><p>BREMBO-1M1.8071AR1 (Cross Drilled /  Nickel Plated)</p><p>BREMBO-1M1.8071AR2 (TY1 /  Nickel Plated)</p><p>BREMBO-1M1.8071AR3 (TY3 /  Nickel Plated)</p>        <p>&nbsp;</p>        <h4>More Information</h4><p><strong>Manufactured by</strong></p><p>Brembo</p>",Brembo,,Brake,"Uploaded by_Muazzim, Brand_Brembo, Product Type_Brake, Category_Brake Discs",TRUE,Disc Type,Cross Drilled,Finish,Nickel Plated,,,BREMBO-1M1.8071AR1,25000,shopify,continue,manual,4160.29,4522.06,TRUE,TRUE,1M1.8071AR1,https://racetechnologies.com/sites/default/files/content/images/brakekits/brembo-m-caliper-6-piston-2-piece-355-380mm-drilled-gt-r-med.jpg,1,Brembo 1M-.8071AR (F) 6-Piston Billet Monobloc Calipers  355mm (14'') 2-Piece Discs Brake Disc,,Brembo 1M-.8071AR (F) 6-Piston Billet Monobloc Calipers  355mm (14'') 2-Piece Discs Brake Disc,Get Brembo 1M-.8071AR (F) 6-Piston Billet Monobloc Calipers  355mm (14'') 2-Piece Discs Brake Disc for your car to get your desired looks and performance from ML Performance at the lowest price with FREE UK shipping & next day delivery on in stock items. Very cheap prices & good service.,,,,1M1.8071AR1,,,new,,,,,,,https://racetechnologies.com/sites/default/files/content/images/brakekits/brembo-m-caliper-6-piston-2-piece-355-380mm-drilled-gt-r-med.jpg,kg,8708949900,,,,,active
brembo-1m-8071ar-f-6-piston-billet-monobloc-calipers-355mm-14-2-piece-discs-brake-disc,,,,,,,,,TY1,,Nickel Plated,,,BREMBO-1M1.8071AR2,25000,shopify,continue,manual,4160.29,4522.06,TRUE,TRUE,1M1.8071AR2,https://racetechnologies.com/sites/default/files/content/images/brakekits/brembo-m-caliper-6-piston-2-piece-355-380mm-slotted-type-1-gt-r-med.jpg,2,,,,,,,,1M1.8071AR2,,,,,,,,,,https://racetechnologies.com/sites/default/files/content/images/brakekits/brembo-m-caliper-6-piston-2-piece-355-380mm-slotted-type-1-gt-r-med.jpg,kg,8708949900,,,,,
brembo-1m-8071ar-f-6-piston-billet-monobloc-calipers-355mm-14-2-piece-discs-brake-disc,,,,,,,,,TY3,,Nickel Plated,,,BREMBO-1M1.8071AR3,25000,shopify,continue,manual,4160.29,4522.06,TRUE,TRUE,1M1.8071AR3,https://racetechnologies.com/sites/default/files/content/images/brakekits/brembo-m-caliper-6-piston-2-piece-355-380mm-slotted-type-3-gt-r-med.jpg,3,,,,,,,,1M1.8071AR3,,,,,,,,,,https://racetechnologies.com/sites/default/files/content/images/brakekits/brembo-m-caliper-6-piston-2-piece-355-380mm-slotted-type-3-gt-r-med.jpg,kg,8708949900,,,,,
brembo-1m-8071ar-f-6-piston-cast-monobloc-calipers-355mm-14-2-piece-discs-brake-disc,Brembo 1M-.8071AR 6-Piston Cast Monobloc Calipers  355mm (14'') 2-Piece Discs Brake Disc (Front),"<h4><strong>Description</strong></h4>This is 6-Piston Cast Monobloc Calipers | 355mm (14'') 2-Piece Discs | Complete Axle Set | Pre-Assembled | All Necessary Hardware Included, Front        <p>&nbsp;</p>        <h4>Features</h4>        <p><strong>Caliper</strong></p><table><tbody>  <tr><td>Caliper Body</td><td>:</td><td>Cast Monobloc Radial Mount</td></tr>  <tr><td>Caliper Piston Design And Insert Type</td><td>:</td><td>Inner Pressure Seal / Recessed Dust Boot / Stainless Steel Insert</td></tr></tbody></table><p><strong>Disc</strong></p><table><tbody>  <tr><td>Disc Material/Finish</td><td>:</td><td>Advanced High Carbon Alloy / Corrosion Resistant Plating</td></tr>  <tr><td>Disc Diameter</td><td>:</td><td>328mm</td></tr>  <tr><td>Disc Width (Measurement)</td><td>:</td><td>28mm</td></tr>  <tr><td>Disc Air Gap (Measurement)</td><td>:</td><td>17mm</td></tr>  <tr><td>Disc Annulus (Measurement)</td><td>:</td><td>54mm</td></tr>  <tr><td>Disc Construction</td><td>:</td><td>2-Piece Disc Assembly</td></tr>  <tr><td>Disc Vane Design (Measurement)</td><td>:</td><td>Vented Curved 48 Vane</td></tr>  <tr><td>Disc To Hat Mounting System</td><td>:</td><td>Floating D-Bobbin with Anti Rattle Spring</td></tr></tbody></table><p><strong>Friction Material</strong></p><table><tbody>  <tr><td>Pad Compound</td><td>:</td><td>Brembo High Performance FM1000</td></tr>  <tr><td>Pad Volume / Surface Area</td><td>:</td><td>48.2 | 53.6</td></tr></tbody></table>        <p>&nbsp;</p>        <h4>What's Included</h4><ul>  <li>Brake Lines: Proprietary Brembo Stainless Steel Braided Brake Lines by Goodridge</li>  <li>Mounting Hardware: Brembo Engineered CNC Billet Caliper Adapters - All Necessary Hardware Included For Ease of Installation</li></ul>        <p>&nbsp;</p>        <p>&nbsp;</p><h4>Compatibility</h4><div class=""compatibility-accordion-wrapper""><div class=""compatibility-tab"">                        <input name=""tabs"" type=""checkbox"" id=""compatibility-tab-1"">                        <label for=""compatibility-tab-1""><b>PORSCHE</b><br></label>                                                    <div class=""compatibility-tab-content""><ul><li>930</li></ul></div></div></div><p>Feel free to contact us at info@mlperformance.co.uk should you wish to double check!</p>        <p>&nbsp;</p>        <h4>Compatibility Check</h4><p>To ensure the part(s) you have ordered fits your vehicle, we run a compatibility check prior to dispatch. We can do this either using your registration number (UK) or the last 7 digits of your VIN. Simply enter your car details prior to checkout.</p>          <p>&nbsp;</p>        <h4>Part Number</h4><p>BREMBO-1M1.8071AS (Cross Drilled /  Black Hard Anodized)</p><p>BREMBO-1M2.8071AS (TY1 /  Black Hard Anodized)</p><p>BREMBO-1M3.8071AS (TY3 /  Black Hard Anodized)</p>        <p>&nbsp;</p>        <h4>More Information</h4><p><strong>Manufactured by</strong></p><p>Brembo</p>",Brembo,,Brake,"Uploaded by_Muazzim, Brand_Brembo, Product Type_Brake, Category_Brake Discs",TRUE,Disc Type,Cross Drilled,Finish,Black Hard Anodized,,,BREMBO-1M1.8071AS,25000,shopify,continue,manual,4261.76,4632.35,TRUE,TRUE,1M1.8071AS,https://racetechnologies.com/sites/default/files/content/images/brakekits/brembo-m-caliper-6-piston-2-piece-355-380mm-drilled-gt-s-med.jpg,1,Brembo 1M-.8071AR (F) 6-Piston Cast Monobloc Calipers  355mm (14'') 2-Piece Discs Brake Disc,,Brembo 1M-.8071AR (F) 6-Piston Cast Monobloc Calipers  355mm (14'') 2-Piece Discs Brake Disc,Get Brembo 1M-.8071AR (F) 6-Piston Cast Monobloc Calipers  355mm (14'') 2-Piece Discs Brake Disc for your car to get your desired looks and performance from ML Performance at the lowest price with FREE UK shipping & next day delivery on in stock items. Very cheap prices & good service.,,,,1M1.8071AS,,,new,,,,,,,https://racetechnologies.com/sites/default/files/content/images/brakekits/brembo-m-caliper-6-piston-2-piece-355-380mm-drilled-gt-s-med.jpg,kg,8708949900,,,,,active
brembo-1m-8071ar-f-6-piston-cast-monobloc-calipers-355mm-14-2-piece-discs-brake-disc,,,,,,,,,TY1,,Black Hard Anodized,,,BREMBO-1M2.8071AS,25000,shopify,continue,manual,4261.76,4632.35,TRUE,TRUE,1M2.8071AS,https://racetechnologies.com/sites/default/files/content/images/brakekits/brembo-m-caliper-6-piston-2-piece-355-380mm-slotted-type-1-gt-s-med.jpg,2,,,,,,,,1M2.8071AS,,,,,,,,,,https://racetechnologies.com/sites/default/files/content/images/brakekits/brembo-m-caliper-6-piston-2-piece-355-380mm-slotted-type-1-gt-s-med.jpg,kg,8708949900,,,,,
brembo-1m-8071ar-f-6-piston-cast-monobloc-calipers-355mm-14-2-piece-discs-brake-disc,,,,,,,,,TY3,,Black Hard Anodized,,,BREMBO-1M3.8071AS,25000,shopify,continue,manual,4261.76,4632.35,TRUE,TRUE,1M3.8071AS,https://racetechnologies.com/sites/default/files/content/images/brakekits/brembo-m-caliper-6-piston-2-piece-355-380mm-slotted-type-3-gt-s-med.jpg,3,,,,,,,,1M3.8071AS,,,,,,,,,,https://racetechnologies.com/sites/default/files/content/images/brakekits/brembo-m-caliper-6-piston-2-piece-355-380mm-slotted-type-3-gt-s-med.jpg,kg,8708949900,,,,,
brembo-2s-9018a-f-330x34mm-13-2-piece-discs-brake-disc,"Brembo 2S-.9018A  330x34mm (13"") 2-Piece Discs Brake Disc (Front)","<h4><strong>Description</strong></h4>This is  330x34mm (13"") 2-Piece Discs | Complete Axle Set | Pre-Assembled | All Necessary Hardware Included, Front        <p>&nbsp;</p>        <h4>Features</h4>        <p><strong>Disc</strong></p><table><tbody>  <tr><td>Disc Material/Finish</td><td>:</td><td>Advanced High Carbon Alloy / Corrosion Resistant Plating</td></tr>  <tr><td>Disc Diameter</td><td>:</td><td>330mm</td></tr>  <tr><td>Disc Width (Measurement)</td><td>:</td><td>34mm</td></tr>  <tr><td>Disc Air Gap (Measurement)</td><td>:</td><td>17mm</td></tr>  <tr><td>Disc Annulus (Measurement)</td><td>:</td><td>64mm</td></tr>  <tr><td>Disc Construction</td><td>:</td><td>2-Piece Disc Assembly</td></tr>  <tr><td>Disc Vane Design (Measurement)</td><td>:</td><td>Vented Curved 48 Vane</td></tr>  <tr><td>Disc To Hat Mounting System</td><td>:</td><td>Floating D-Bobbin with Anti Rattle Spring</td></tr></tbody></table><p><strong>Friction Material</strong></p><table><tbody>  <tr><td>Pad Compound</td><td>:</td><td>Brembo High Performance FM1000</td></tr>  <tr><td>Pad Volume / Surface Area</td><td>:</td><td>48.2 | 53.6</td></tr></tbody></table>        <p>&nbsp;</p>        <h4>What's Included</h4><ul>  <li>Brake Lines: Proprietary Brembo Stainless Steel Braided Brake Lines by Goodridge</li>  <li>Mounting Hardware: Brembo Engineered CNC Billet Caliper Adapters - All Necessary Hardware Included For Ease of Installation</li></ul>        <p>&nbsp;</p>        <p>Feel free to contact us at info@mlperformance.co.uk should you wish to double check!</p>        <p>&nbsp;</p>        <h4>Compatibility Check</h4><p>To ensure the part(s) you have ordered fits your vehicle, we run a compatibility check prior to dispatch. We can do this either using your registration number (UK) or the last 7 digits of your VIN. Simply enter your car details prior to checkout.</p>          <p>&nbsp;</p>        <h4>Part Number</h4><p>BREMBO-101.6003A (Cross Drilled)</p>        <p>&nbsp;</p>        <h4>More Information</h4><p><strong>Manufactured by</strong></p><p>Brembo</p>",Brembo,,Brake,"Uploaded by_Muazzim, Brand_Brembo, Product Type_Brake, Category_Brake Discs",TRUE,Disc Type,Cross Drilled,,,,,BREMBO-101.6003A,25000,shopify,continue,manual,1725,1875,TRUE,TRUE,101.6003A,https://racetechnologies.com/sites/default/files/content/images/brakekits/brembo-2-piece-disc-330mm-drilled-med.jpg,1,"Brembo 2S-.9018A (F)  330x34mm (13"") 2-Piece Discs Brake Disc",,"Brembo 2S-.9018A (F)  330x34mm (13"") 2-Piece Discs Brake Disc","Get Brembo 2S-.9018A (F)  330x34mm (13"") 2-Piece Discs Brake Disc for your car to get your desired looks and performance from ML Performance at the lowest price with FREE UK shipping & next day delivery on in stock items. Very cheap prices & good service.",,,,101.6003A,,,new,,,,,,,https://racetechnologies.com/sites/default/files/content/images/brakekits/brembo-2-piece-disc-330mm-drilled-med.jpg,kg,8708949900,,,,,active
brembo-1q-9633a-f-8-piston-cast-monobloc-calipers-412mm-16-2-2-piece-discs-brake-disc,Brembo 1Q-.9633A 8-Piston Cast Monobloc Calipers  412mm (16.2'') 2-Piece Discs Brake Disc (Front),"<h4><strong>Description</strong></h4>This is 8-Piston Cast Monobloc Calipers | 412mm (16.2'') 2-Piece Discs | Complete Axle Set | Pre-Assembled | All Necessary Hardware Included, Front        <p>&nbsp;</p>        <h4>Features</h4>        <p><strong>Caliper</strong></p><table><tbody>  <tr><td>Caliper Body</td><td>:</td><td>Cast Monobloc Radial Mount</td></tr>  <tr><td>Caliper Piston Configuration</td><td>:</td><td>8-Piston</td></tr>  <tr><td>Caliper Piston Design And Insert Type</td><td>:</td><td>Inner Pressure Seal / OEM Approved Dust Boot</td></tr></tbody></table><p><strong>Disc</strong></p><table><tbody>  <tr><td>Disc Material/Finish</td><td>:</td><td>Advanced High Carbon Alloy / Corrosion Resistant Plating</td></tr>  <tr><td>Disc Diameter</td><td>:</td><td>328mm</td></tr>  <tr><td>Disc Width (Measurement)</td><td>:</td><td>28mm</td></tr>  <tr><td>Disc Air Gap (Measurement)</td><td>:</td><td>17mm</td></tr>  <tr><td>Disc Annulus (Measurement)</td><td>:</td><td>54mm</td></tr>  <tr><td>Disc Construction</td><td>:</td><td>2-Piece Disc Assembly</td></tr>  <tr><td>Disc Vane Design (Measurement)</td><td>:</td><td>Vented Curved 48 Vane</td></tr>  <tr><td>Disc To Hat Mounting System</td><td>:</td><td>Floating D-Bobbin with Anti Rattle Spring</td></tr></tbody></table><p><strong>Friction Material</strong></p><table><tbody>  <tr><td>Pad Compound</td><td>:</td><td>Brembo High Performance FM1000</td></tr>  <tr><td>Pad Volume / Surface Area</td><td>:</td><td>48.2 | 53.6</td></tr></tbody></table>        <p>&nbsp;</p>        <h4>What's Included</h4><ul>  <li>Brake Lines: Proprietary Brembo Stainless Steel Braided Brake Lines by Goodridge</li>  <li>Mounting Hardware: Brembo Engineered CNC Billet Caliper Adapters - All Necessary Hardware Included For Ease of Installation</li></ul>        <p>&nbsp;</p>        <p>&nbsp;</p><h4>Compatibility</h4><div class=""compatibility-accordion-wrapper""><div class=""compatibility-tab"">                        <input name=""tabs"" type=""checkbox"" id=""compatibility-tab-1"">                        <label for=""compatibility-tab-1""><b>PORSCHE</b><br></label>                                                    <div class=""compatibility-tab-content""><ul><li>MACAN GTS</li><li>MACAN S</li><li>MACAN TURBO</li></ul></div></div></div><p>Feel free to contact us at info@mlperformance.co.uk should you wish to double check!</p>        <p>&nbsp;</p>        <h4>Compatibility Check</h4><p>To ensure the part(s) you have ordered fits your vehicle, we run a compatibility check prior to dispatch. We can do this either using your registration number (UK) or the last 7 digits of your VIN. Simply enter your car details prior to checkout.</p>          <p>&nbsp;</p>        <h4>Part Number</h4><p>BREMBO-1Q1.9633A2 (Cross Drilled /  Red)</p><p>BREMBO-1Q1.9633A1 (Cross Drilled /  Black)</p><p>BREMBO-1Q1.9633A5 (Cross Drilled /  Yellow)</p><p>BREMBO-1Q1.9633A6 (Cross Drilled /  White)</p><p>BREMBO-1Q1.9633A7 (Cross Drilled /  Fluorescent Yellow)</p>        <p>&nbsp;</p>        <h4>More Information</h4><p><strong>Manufactured by</strong></p><p>Brembo</p>",Brembo,,Brake,"Uploaded by_Muazzim, Brand_Brembo, Product Type_Brake, Category_Brake Discs",TRUE,Disc Type,Cross Drilled,Finish,Red,,,BREMBO-1Q1.9633A2,25000,shopify,continue,manual,5834.57,6341.92,TRUE,TRUE,1Q1.9633A2,https://racetechnologies.com/sites/default/files/content/images/brakekits/brembo-q-caliper-8-piston-2-piece-412mm-drilled-red-med.jpg,1,Brembo 1Q-.9633A (F) 8-Piston Cast Monobloc Calipers  412mm (16.2'') 2-Piece Discs Brake Disc,,Brembo 1Q-.9633A (F) 8-Piston Cast Monobloc Calipers  412mm (16.2'') 2-Piece Discs Brake Disc,Get Brembo 1Q-.9633A (F) 8-Piston Cast Monobloc Calipers  412mm (16.2'') 2-Piece Discs Brake Disc for your car to get your desired looks and performance from ML Performance at the lowest price with FREE UK shipping & next day delivery on in stock items. Very cheap prices & good service.,,,,1Q1.9633A2,,,new,,,,,,,https://racetechnologies.com/sites/default/files/content/images/brakekits/brembo-q-caliper-8-piston-2-piece-412mm-drilled-red-med.jpg,kg,8708949900,,,,,active
brembo-1q-9633a-f-8-piston-cast-monobloc-calipers-412mm-16-2-2-piece-discs-brake-disc,,,,,,,,,Cross Drilled,,Black,,,BREMBO-1Q1.9633A1,25000,shopify,continue,manual,5834.57,6341.92,TRUE,TRUE,1Q1.9633A1,https://racetechnologies.com/sites/default/files/content/images/brakekits/brembo-q-caliper-8-piston-2-piece-412mm-drilled-black-med.jpg,2,,,,,,,,1Q1.9633A1,,,,,,,,,,https://racetechnologies.com/sites/default/files/content/images/brakekits/brembo-q-caliper-8-piston-2-piece-412mm-drilled-black-med.jpg,kg,8708949900,,,,,
brembo-1q-9633a-f-8-piston-cast-monobloc-calipers-412mm-16-2-2-piece-discs-brake-disc,,,,,,,,,Cross Drilled,,Yellow,,,BREMBO-1Q1.9633A5,25000,shopify,continue,manual,5834.57,6341.92,TRUE,TRUE,1Q1.9633A5,https://racetechnologies.com/sites/default/files/content/images/brakekits/brembo-q-caliper-8-piston-2-piece-412mm-drilled-yellow-med.jpg,3,,,,,,,,1Q1.9633A5,,,,,,,,,,https://racetechnologies.com/sites/default/files/content/images/brakekits/brembo-q-caliper-8-piston-2-piece-412mm-drilled-yellow-med.jpg,kg,8708949900,,,,,
brembo-1q-9633a-f-8-piston-cast-monobloc-calipers-412mm-16-2-2-piece-discs-brake-disc,,,,,,,,,Cross Drilled,,White,,,BREMBO-1Q1.9633A6,25000,shopify,continue,manual,5834.57,6341.92,TRUE,TRUE,1Q1.9633A6,https://racetechnologies.com/sites/default/files/content/images/brakekits/brembo-q-caliper-8-piston-2-piece-412mm-drilled-white-med.jpg,4,,,,,,,,1Q1.9633A6,,,,,,,,,,https://racetechnologies.com/sites/default/files/content/images/brakekits/brembo-q-caliper-8-piston-2-piece-412mm-drilled-white-med.jpg,kg,8708949900,,,,,
brembo-1q-9633a-f-8-piston-cast-monobloc-calipers-412mm-16-2-2-piece-discs-brake-disc,,,,,,,,,Cross Drilled,,Fluorescent Yellow,,,BREMBO-1Q1.9633A7,25000,shopify,continue,manual,5834.57,6341.92,TRUE,TRUE,1Q1.9633A7,https://racetechnologies.com/sites/default/files/content/images/brakekits/brembo-q-caliper-8-piston-2-piece-412mm-drilled-fluo-yellow-med.jpg,5,,,,,,,,1Q1.9633A7,,,,,,,,,,https://racetechnologies.com/sites/default/files/content/images/brakekits/brembo-q-caliper-8-piston-2-piece-412mm-drilled-fluo-yellow-med.jpg,kg,8708949900,,,,,
brembo-1q-9632a-f-8-piston-cast-monobloc-calipers-412mm-16-2-2-piece-discs-brake-disc,Brembo 1Q-.9632A 8-Piston Cast Monobloc Calipers  412mm (16.2'') 2-Piece Discs Brake Disc (Front),"<h4><strong>Description</strong></h4>This is 8-Piston Cast Monobloc Calipers | 412mm (16.2'') 2-Piece Discs | Complete Axle Set | Pre-Assembled | All Necessary Hardware Included, Front        <p>&nbsp;</p>        <h4>Features</h4>        <p><strong>Caliper</strong></p><table><tbody>  <tr><td>Caliper Body</td><td>:</td><td>Cast Monobloc Radial Mount</td></tr>  <tr><td>Caliper Piston Configuration</td><td>:</td><td>8-Piston</td></tr>  <tr><td>Caliper Piston Design And Insert Type</td><td>:</td><td>Inner Pressure Seal / OEM Approved Dust Boot</td></tr></tbody></table><p><strong>Disc</strong></p><table><tbody>  <tr><td>Disc Material/Finish</td><td>:</td><td>Advanced High Carbon Alloy / Corrosion Resistant Plating</td></tr>  <tr><td>Disc Diameter</td><td>:</td><td>328mm</td></tr>  <tr><td>Disc Width (Measurement)</td><td>:</td><td>28mm</td></tr>  <tr><td>Disc Air Gap (Measurement)</td><td>:</td><td>17mm</td></tr>  <tr><td>Disc Annulus (Measurement)</td><td>:</td><td>54mm</td></tr>  <tr><td>Disc Construction</td><td>:</td><td>2-Piece Disc Assembly</td></tr>  <tr><td>Disc Vane Design (Measurement)</td><td>:</td><td>Vented Curved 48 Vane</td></tr>  <tr><td>Disc To Hat Mounting System</td><td>:</td><td>Floating D-Bobbin with Anti Rattle Spring</td></tr></tbody></table><p><strong>Friction Material</strong></p><table><tbody>  <tr><td>Pad Compound</td><td>:</td><td>Brembo High Performance FM1000</td></tr>  <tr><td>Pad Volume / Surface Area</td><td>:</td><td>48.2 | 53.6</td></tr></tbody></table>        <p>&nbsp;</p>        <h4>What's Included</h4><ul>  <li>Brake Lines: Proprietary Brembo Stainless Steel Braided Brake Lines by Goodridge</li>  <li>Mounting Hardware: Brembo Engineered CNC Billet Caliper Adapters - All Necessary Hardware Included For Ease of Installation</li></ul>        <p>&nbsp;</p>        <p>&nbsp;</p><h4>Compatibility</h4><div class=""compatibility-accordion-wrapper""><div class=""compatibility-tab"">                        <input name=""tabs"" type=""checkbox"" id=""compatibility-tab-1"">                        <label for=""compatibility-tab-1""><b>PORSCHE</b><br></label>                                                    <div class=""compatibility-tab-content""><ul><li>PANAMERA / 4 / 4 E-HYBRID / 4S / 4S E-HYBRID / GTS (971) (EXCLUDING PCCB)</li><li>PANAMERA TURBO (971) (EXCLUDING PCCB)</li></ul></div></div></div><p>Feel free to contact us at info@mlperformance.co.uk should you wish to double check!</p>        <p>&nbsp;</p>        <h4>Compatibility Check</h4><p>To ensure the part(s) you have ordered fits your vehicle, we run a compatibility check prior to dispatch. We can do this either using your registration number (UK) or the last 7 digits of your VIN. Simply enter your car details prior to checkout.</p>          <p>&nbsp;</p>        <h4>Part Number</h4><p>BREMBO-1Q1.9632A2 (Cross Drilled /  Red)</p><p>BREMBO-1Q1.9632A1 (Cross Drilled /  Black)</p><p>BREMBO-1Q1.9632A5 (Cross Drilled /  Yellow)</p><p>BREMBO-1Q1.9632A6 (Cross Drilled /  White)</p><p>BREMBO-1Q1.9632A7 (Cross Drilled /  Fluorescent Yellow)</p>        <p>&nbsp;</p>        <h4>More Information</h4><p><strong>Manufactured by</strong></p><p>Brembo</p>",Brembo,,Brake,"Uploaded by_Muazzim, Brand_Brembo, Product Type_Brake, Category_Brake Discs",TRUE,Disc Type,Cross Drilled,Finish,Red,,,BREMBO-1Q1.9632A2,25000,shopify,continue,manual,5834.57,6341.92,TRUE,TRUE,1Q1.9632A2,https://racetechnologies.com/sites/default/files/content/images/brakekits/brembo-q-caliper-8-piston-2-piece-412mm-drilled-red-med.jpg,1,Brembo 1Q-.9632A (F) 8-Piston Cast Monobloc Calipers  412mm (16.2'') 2-Piece Discs Brake Disc,,Brembo 1Q-.9632A (F) 8-Piston Cast Monobloc Calipers  412mm (16.2'') 2-Piece Discs Brake Disc,Get Brembo 1Q-.9632A (F) 8-Piston Cast Monobloc Calipers  412mm (16.2'') 2-Piece Discs Brake Disc for your car to get your desired looks and performance from ML Performance at the lowest price with FREE UK shipping & next day delivery on in stock items. Very cheap prices & good service.,,,,1Q1.9632A2,,,new,,,,,,,https://racetechnologies.com/sites/default/files/content/images/brakekits/brembo-q-caliper-8-piston-2-piece-412mm-drilled-red-med.jpg,kg,8708949900,,,,,active
brembo-1q-9632a-f-8-piston-cast-monobloc-calipers-412mm-16-2-2-piece-discs-brake-disc,,,,,,,,,Cross Drilled,,Black,,,BREMBO-1Q1.9632A1,25000,shopify,continue,manual,5834.57,6341.92,TRUE,TRUE,1Q1.9632A1,https://racetechnologies.com/sites/default/files/content/images/brakekits/brembo-q-caliper-8-piston-2-piece-412mm-drilled-black-med.jpg,2,,,,,,,,1Q1.9632A1,,,,,,,,,,https://racetechnologies.com/sites/default/files/content/images/brakekits/brembo-q-caliper-8-piston-2-piece-412mm-drilled-black-med.jpg,kg,8708949900,,,,,
brembo-1q-9632a-f-8-piston-cast-monobloc-calipers-412mm-16-2-2-piece-discs-brake-disc,,,,,,,,,Cross Drilled,,Yellow,,,BREMBO-1Q1.9632A5,25000,shopify,continue,manual,5834.57,6341.92,TRUE,TRUE,1Q1.9632A5,https://racetechnologies.com/sites/default/files/content/images/brakekits/brembo-q-caliper-8-piston-2-piece-412mm-drilled-yellow-med_0.jpg,3,,,,,,,,1Q1.9632A5,,,,,,,,,,https://racetechnologies.com/sites/default/files/content/images/brakekits/brembo-q-caliper-8-piston-2-piece-412mm-drilled-yellow-med_0.jpg,kg,8708949900,,,,,
brembo-1q-9632a-f-8-piston-cast-monobloc-calipers-412mm-16-2-2-piece-discs-brake-disc,,,,,,,,,Cross Drilled,,White,,,BREMBO-1Q1.9632A6,25000,shopify,continue,manual,5834.57,6341.92,TRUE,TRUE,1Q1.9632A6,https://racetechnologies.com/sites/default/files/content/images/brakekits/brembo-q-caliper-8-piston-2-piece-412mm-drilled-white-med.jpg,4,,,,,,,,1Q1.9632A6,,,,,,,,,,https://racetechnologies.com/sites/default/files/content/images/brakekits/brembo-q-caliper-8-piston-2-piece-412mm-drilled-white-med.jpg,kg,8708949900,,,,,
brembo-1q-9632a-f-8-piston-cast-monobloc-calipers-412mm-16-2-2-piece-discs-brake-disc,,,,,,,,,Cross Drilled,,Fluorescent Yellow,,,BREMBO-1Q1.9632A7,25000,shopify,continue,manual,5834.57,6341.92,TRUE,TRUE,1Q1.9632A7,https://racetechnologies.com/sites/default/files/content/images/brakekits/brembo-q-caliper-8-piston-2-piece-412mm-drilled-fluo-yellow-med.jpg,5,,,,,,,,1Q1.9632A7,,,,,,,,,,https://racetechnologies.com/sites/default/files/content/images/brakekits/brembo-q-caliper-8-piston-2-piece-412mm-drilled-fluo-yellow-med.jpg,kg,8708949900,,,,,
brembo-2s-9022a-r-4-piston-cast-monobloc-calipers-380mm-15-2-piece-discs-brake-disc,Brembo 2S-.9022A 4-Piston Cast Monobloc Calipers  380mm (15'') 2-Piece Discs Brake Disc (Rear),"<h4><strong>Description</strong></h4>This is  4-Piston Cast Monobloc Calipers | 380mm (15'') 2-Piece Discs | Complete Axle Set | Pre-Assembled | All Necessary Hardware Included, Rear        <p>&nbsp;</p>        <h4>Features</h4>        <p><strong>Caliper</strong></p><table><tbody>  <tr><td>Caliper Body</td><td>:</td><td>Cast Monobloc Radial Mount</td></tr>  <tr><td>Caliper Piston Configuration</td><td>:</td><td>4-Piston</td></tr>  <tr><td>Caliper Piston Design And Insert Type</td><td>:</td><td>Inner Pressure Seal / OEM Approved Dust Boot</td></tr></tbody></table><p><strong>Disc</strong></p><table><tbody>  <tr><td>Disc Material/Finish</td><td>:</td><td>Advanced High Carbon Alloy / Corrosion Resistant Plating</td></tr>  <tr><td>Disc Diameter</td><td>:</td><td>328mm</td></tr>  <tr><td>Disc Width (Measurement)</td><td>:</td><td>28mm</td></tr>  <tr><td>Disc Air Gap (Measurement)</td><td>:</td><td>17mm</td></tr>  <tr><td>Disc Annulus (Measurement)</td><td>:</td><td>54mm</td></tr>  <tr><td>Disc Construction</td><td>:</td><td>2-Piece Disc Assembly</td></tr>  <tr><td>Disc Vane Design (Measurement)</td><td>:</td><td>Vented Curved 48 Vane</td></tr>  <tr><td>Disc To Hat Mounting System</td><td>:</td><td>Floating D-Bobbin with Anti Rattle Spring</td></tr></tbody></table><p><strong>Friction Material</strong></p><table><tbody>  <tr><td>Pad Compound</td><td>:</td><td>Brembo High Performance FM1000</td></tr>  <tr><td>Pad Volume / Surface Area</td><td>:</td><td>48.2 | 53.6</td></tr></tbody></table>        <p>&nbsp;</p>        <h4>What's Included</h4><ul>  <li>Brake Lines: Proprietary Brembo Stainless Steel Braided Brake Lines by Goodridge</li>  <li>Mounting Hardware: Brembo Engineered CNC Billet Caliper Adapters - All Necessary Hardware Included For Ease of Installation</li></ul>        <p>&nbsp;</p>        <p>&nbsp;</p><h4>Compatibility</h4><div class=""compatibility-accordion-wrapper""><div class=""compatibility-tab"">                        <input name=""tabs"" type=""checkbox"" id=""compatibility-tab-1"">                        <label for=""compatibility-tab-1""><b>PORSCHE</b><br></label>                                                    <div class=""compatibility-tab-content""><ul><li>PANAMERA / 4 / 4 E-HYBRID / 4S / 4S E-HYBRID / GTS (971) (EXCLUDING PCCB)</li></ul></div></div></div><p>Feel free to contact us at info@mlperformance.co.uk should you wish to double check!</p>        <p>&nbsp;</p>        <h4>Compatibility Check</h4><p>To ensure the part(s) you have ordered fits your vehicle, we run a compatibility check prior to dispatch. We can do this either using your registration number (UK) or the last 7 digits of your VIN. Simply enter your car details prior to checkout.</p>          <p>&nbsp;</p>        <h4>Part Number</h4><p>BREMBO-2S1.9022A2 (Cross Drilled /  Red)</p><p>BREMBO-2S1.9022A1 (Cross Drilled /  Black)</p><p>BREMBO-2S1.9022A5 (Cross Drilled /  Yellow)</p><p>BREMBO-2S1.9022A6 (Cross Drilled /  White)</p><p>BREMBO-2S1.9022A7 (Cross Drilled /  Fluorescent Yellow)</p><p>BREMBO-2S2.9022A2 (TY1 /  Red)</p><p>BREMBO-2S2.9022A1 (TY1 /  Black)</p><p>BREMBO-2S2.9022A5 (TY1 /  Yellow)</p><p>BREMBO-2S2.9022A6 (TY1 /  White)</p><p>BREMBO-2S2.9022A7 (TY1 /  Fluorescent Yellow)</p><p>BREMBO-2S3.9022A2 (TY3 /  Red)</p><p>BREMBO-2S3.9022A1 (TY3 /  Black)</p><p>BREMBO-2S3.9022A5 (TY3 /  Yellow)</p><p>BREMBO-2S3.9022A6 (TY3 /  White)</p><p>BREMBO-2S3.9022A7 (TY3 /  Fluorescent Yellow)</p>        <p>&nbsp;</p>        <h4>More Information</h4><p><strong>Manufactured by</strong></p><p>Brembo</p>",Brembo,,Brake,"Uploaded by_Muazzim, Brand_Brembo, Product Type_Brake, Category_Brake Discs",TRUE,Disc Type,Cross Drilled,Finish,Red,,,BREMBO-2S1.9022A2,25000,shopify,continue,manual,4008.08,4356.61,TRUE,TRUE,2S1.9022A2,https://racetechnologies.com/sites/default/files/content/images/brakekits/brembo-s-caliper-4-piston-2-piece-345-380mm-drilled-red-med.jpg,1,Brembo 2S-.9022A (R) 4-Piston Cast Monobloc Calipers  380mm (15'') 2-Piece Discs Brake Disc,,Brembo 2S-.9022A (R) 4-Piston Cast Monobloc Calipers  380mm (15'') 2-Piece Discs Brake Disc,Get Brembo 2S-.9022A (R) 4-Piston Cast Monobloc Calipers  380mm (15'') 2-Piece Discs Brake Disc for your car to get your desired looks and performance from ML Performance at the lowest price with FREE UK shipping & next day delivery on in stock items. Very cheap prices & good service.,,,,2S1.9022A2,,,new,,,,,,,https://racetechnologies.com/sites/default/files/content/images/brakekits/brembo-s-caliper-4-piston-2-piece-345-380mm-drilled-red-med.jpg,kg,8708949900,,,,,active
brembo-2s-9022a-r-4-piston-cast-monobloc-calipers-380mm-15-2-piece-discs-brake-disc,,,,,,,,,Cross Drilled,,Black,,,BREMBO-2S1.9022A1,25000,shopify,continue,manual,4008.08,4356.61,TRUE,TRUE,2S1.9022A1,https://racetechnologies.com/sites/default/files/content/images/brakekits/brembo-s-caliper-4-piston-2-piece-345-380mm-drilled-black-med.jpg,2,,,,,,,,2S1.9022A1,,,,,,,,,,https://racetechnologies.com/sites/default/files/content/images/brakekits/brembo-s-caliper-4-piston-2-piece-345-380mm-drilled-black-med.jpg,kg,8708949900,,,,,
brembo-2s-9022a-r-4-piston-cast-monobloc-calipers-380mm-15-2-piece-discs-brake-disc,,,,,,,,,Cross Drilled,,Yellow,,,BREMBO-2S1.9022A5,25000,shopify,continue,manual,4008.08,4356.61,TRUE,TRUE,2S1.9022A5,https://racetechnologies.com/sites/default/files/content/images/brakekits/brembo-s-caliper-4-piston-2-piece-345-380mm-drilled-yellow-med.jpg,3,,,,,,,,2S1.9022A5,,,,,,,,,,https://racetechnologies.com/sites/default/files/content/images/brakekits/brembo-s-caliper-4-piston-2-piece-345-380mm-drilled-yellow-med.jpg,kg,8708949900,,,,,
brembo-2s-9022a-r-4-piston-cast-monobloc-calipers-380mm-15-2-piece-discs-brake-disc,,,,,,,,,Cross Drilled,,White,,,BREMBO-2S1.9022A6,25000,shopify,continue,manual,4008.08,4356.61,TRUE,TRUE,2S1.9022A6,https://racetechnologies.com/sites/default/files/content/images/brakekits/brembo-s-caliper-4-piston-2-piece-345-380mm-drilled-white-med.jpg,4,,,,,,,,2S1.9022A6,,,,,,,,,,https://racetechnologies.com/sites/default/files/content/images/brakekits/brembo-s-caliper-4-piston-2-piece-345-380mm-drilled-white-med.jpg,kg,8708949900,,,,,
brembo-2s-9022a-r-4-piston-cast-monobloc-calipers-380mm-15-2-piece-discs-brake-disc,,,,,,,,,Cross Drilled,,Fluorescent Yellow,,,BREMBO-2S1.9022A7,25000,shopify,continue,manual,4008.08,4356.61,TRUE,TRUE,2S1.9022A7,https://racetechnologies.com/sites/default/files/content/images/brakekits/brembo-s-caliper-4-piston-2-piece-345-380mm-drilled-fluo-yellow-med.jpg,5,,,,,,,,2S1.9022A7,,,,,,,,,,https://racetechnologies.com/sites/default/files/content/images/brakekits/brembo-s-caliper-4-piston-2-piece-345-380mm-drilled-fluo-yellow-med.jpg,kg,8708949900,,,,,
brembo-2s-9022a-r-4-piston-cast-monobloc-calipers-380mm-15-2-piece-discs-brake-disc,,,,,,,,,TY1,,Red,,,BREMBO-2S2.9022A2,25000,shopify,continue,manual,4008.08,4356.61,TRUE,TRUE,2S2.9022A2,https://racetechnologies.com/sites/default/files/content/images/brakekits/brembo-s-caliper-4-piston-2-piece-345-380mm-slotted-type-1-red-med.jpg,6,,,,,,,,2S2.9022A2,,,,,,,,,,https://racetechnologies.com/sites/default/files/content/images/brakekits/brembo-s-caliper-4-piston-2-piece-345-380mm-slotted-type-1-red-med.jpg,kg,8708949900,,,,,
brembo-2s-9022a-r-4-piston-cast-monobloc-calipers-380mm-15-2-piece-discs-brake-disc,,,,,,,,,TY1,,Black,,,BREMBO-2S2.9022A1,25000,shopify,continue,manual,4008.08,4356.61,TRUE,TRUE,2S2.9022A1,https://racetechnologies.com/sites/default/files/content/images/brakekits/brembo-s-caliper-4-piston-2-piece-345-380mm-slotted-type-1-black-med.jpg,7,,,,,,,,2S2.9022A1,,,,,,,,,,https://racetechnologies.com/sites/default/files/content/images/brakekits/brembo-s-caliper-4-piston-2-piece-345-380mm-slotted-type-1-black-med.jpg,kg,8708949900,,,,,
brembo-2s-9022a-r-4-piston-cast-monobloc-calipers-380mm-15-2-piece-discs-brake-disc,,,,,,,,,TY1,,Yellow,,,BREMBO-2S2.9022A5,25000,shopify,continue,manual,4008.08,4356.61,TRUE,TRUE,2S2.9022A5,https://racetechnologies.com/sites/default/files/content/images/brakekits/brembo-s-caliper-4-piston-2-piece-345-380mm-slotted-type-1-yellow-med.jpg,8,,,,,,,,2S2.9022A5,,,,,,,,,,https://racetechnologies.com/sites/default/files/content/images/brakekits/brembo-s-caliper-4-piston-2-piece-345-380mm-slotted-type-1-yellow-med.jpg,kg,8708949900,,,,,
brembo-2s-9022a-r-4-piston-cast-monobloc-calipers-380mm-15-2-piece-discs-brake-disc,,,,,,,,,TY1,,White,,,BREMBO-2S2.9022A6,25000,shopify,continue,manual,4008.08,4356.61,TRUE,TRUE,2S2.9022A6,https://racetechnologies.com/sites/default/files/content/images/brakekits/brembo-s-caliper-4-piston-2-piece-345-380mm-slotted-type-1-white-med.jpg,9,,,,,,,,2S2.9022A6,,,,,,,,,,https://racetechnologies.com/sites/default/files/content/images/brakekits/brembo-s-caliper-4-piston-2-piece-345-380mm-slotted-type-1-white-med.jpg,kg,8708949900,,,,,
brembo-2s-9022a-r-4-piston-cast-monobloc-calipers-380mm-15-2-piece-discs-brake-disc,,,,,,,,,TY1,,Fluorescent Yellow,,,BREMBO-2S2.9022A7,25000,shopify,continue,manual,4008.08,4356.61,TRUE,TRUE,2S2.9022A7,https://racetechnologies.com/sites/default/files/content/images/brakekits/brembo-s-caliper-4-piston-2-piece-345-380mm-slotted-type-1-fluo-yellow-med.jpg,10,,,,,,,,2S2.9022A7,,,,,,,,,,https://racetechnologies.com/sites/default/files/content/images/brakekits/brembo-s-caliper-4-piston-2-piece-345-380mm-slotted-type-1-fluo-yellow-med.jpg,kg,8708949900,,,,,
brembo-2s-9022a-r-4-piston-cast-monobloc-calipers-380mm-15-2-piece-discs-brake-disc,,,,,,,,,TY3,,Red,,,BREMBO-2S3.9022A2,25000,shopify,continue,manual,4008.08,4356.61,TRUE,TRUE,2S3.9022A2,https://racetechnologies.com/sites/default/files/content/images/brakekits/brembo-s-caliper-4-piston-2-piece-345-380mm-slotted-type-3-red-med.jpg,11,,,,,,,,2S3.9022A2,,,,,,,,,,https://racetechnologies.com/sites/default/files/content/images/brakekits/brembo-s-caliper-4-piston-2-piece-345-380mm-slotted-type-3-red-med.jpg,kg,8708949900,,,,,
brembo-2s-9022a-r-4-piston-cast-monobloc-calipers-380mm-15-2-piece-discs-brake-disc,,,,,,,,,TY3,,Black,,,BREMBO-2S3.9022A1,25000,shopify,continue,manual,4008.08,4356.61,TRUE,TRUE,2S3.9022A1,https://racetechnologies.com/sites/default/files/content/images/brakekits/brembo-s-caliper-4-piston-2-piece-345-380mm-slotted-type-3-black-med.jpg,12,,,,,,,,2S3.9022A1,,,,,,,,,,https://racetechnologies.com/sites/default/files/content/images/brakekits/brembo-s-caliper-4-piston-2-piece-345-380mm-slotted-type-3-black-med.jpg,kg,8708949900,,,,,
brembo-2s-9022a-r-4-piston-cast-monobloc-calipers-380mm-15-2-piece-discs-brake-disc,,,,,,,,,TY3,,Yellow,,,BREMBO-2S3.9022A5,25000,shopify,continue,manual,4008.08,4356.61,TRUE,TRUE,2S3.9022A5,https://racetechnologies.com/sites/default/files/content/images/brakekits/brembo-s-caliper-4-piston-2-piece-345-380mm-slotted-type-3-yellow-med.jpg,13,,,,,,,,2S3.9022A5,,,,,,,,,,https://racetechnologies.com/sites/default/files/content/images/brakekits/brembo-s-caliper-4-piston-2-piece-345-380mm-slotted-type-3-yellow-med.jpg,kg,8708949900,,,,,
brembo-2s-9022a-r-4-piston-cast-monobloc-calipers-380mm-15-2-piece-discs-brake-disc,,,,,,,,,TY3,,White,,,BREMBO-2S3.9022A6,25000,shopify,continue,manual,4008.08,4356.61,TRUE,TRUE,2S3.9022A6,https://racetechnologies.com/sites/default/files/content/images/brakekits/brembo-s-caliper-4-piston-2-piece-345-380mm-slotted-type-3-white-med.jpg,14,,,,,,,,2S3.9022A6,,,,,,,,,,https://racetechnologies.com/sites/default/files/content/images/brakekits/brembo-s-caliper-4-piston-2-piece-345-380mm-slotted-type-3-white-med.jpg,kg,8708949900,,,,,
brembo-2s-9022a-r-4-piston-cast-monobloc-calipers-380mm-15-2-piece-discs-brake-disc,,,,,,,,,TY3,,Fluorescent Yellow,,,BREMBO-2S3.9022A7,25000,shopify,continue,manual,4008.08,4356.61,TRUE,TRUE,2S3.9022A7,https://racetechnologies.com/sites/default/files/content/images/brakekits/brembo-s-caliper-4-piston-2-piece-345-380mm-slotted-type-3-fluo-yellow-med.jpg,15,,,,,,,,2S3.9022A7,,,,,,,,,,https://racetechnologies.com/sites/default/files/content/images/brakekits/brembo-s-caliper-4-piston-2-piece-345-380mm-slotted-type-3-fluo-yellow-med.jpg,kg,8708949900,,,,,
brembo-1q-9630a-f-8-piston-cast-monobloc-calipers-412mm-16-2-2-piece-discs-brake-disc,Brembo 1Q-.9630A 8-Piston Cast Monobloc Calipers  412mm (16.2'') 2-Piece Discs Brake Disc (Front),"<h4><strong>Description</strong></h4>This is 8-Piston Cast Monobloc Calipers | 412mm (16.2'') 2-Piece Discs | Complete Axle Set | Pre-Assembled | All Necessary Hardware Included, Front        <p>&nbsp;</p>        <h4>Features</h4>        <p><strong>Caliper</strong></p><table><tbody>  <tr><td>Caliper Body</td><td>:</td><td>Cast Monobloc Radial Mount</td></tr>  <tr><td>Caliper Piston Configuration</td><td>:</td><td>8-Piston</td></tr>  <tr><td>Caliper Piston Design And Insert Type</td><td>:</td><td>Inner Pressure Seal / OEM Approved Dust Boot</td></tr></tbody></table><p><strong>Disc</strong></p><table><tbody>  <tr><td>Disc Material/Finish</td><td>:</td><td>Advanced High Carbon Alloy / Corrosion Resistant Plating</td></tr>  <tr><td>Disc Diameter</td><td>:</td><td>328mm</td></tr>  <tr><td>Disc Width (Measurement)</td><td>:</td><td>28mm</td></tr>  <tr><td>Disc Air Gap (Measurement)</td><td>:</td><td>17mm</td></tr>  <tr><td>Disc Annulus (Measurement)</td><td>:</td><td>54mm</td></tr>  <tr><td>Disc Construction</td><td>:</td><td>2-Piece Disc Assembly</td></tr>  <tr><td>Disc Vane Design (Measurement)</td><td>:</td><td>Vented Curved 48 Vane</td></tr>  <tr><td>Disc To Hat Mounting System</td><td>:</td><td>Floating D-Bobbin with Anti Rattle Spring</td></tr></tbody></table><p><strong>Friction Material</strong></p><table><tbody>  <tr><td>Pad Compound</td><td>:</td><td>Brembo High Performance FM1000</td></tr>  <tr><td>Pad Volume / Surface Area</td><td>:</td><td>48.2 | 53.6</td></tr></tbody></table>        <p>&nbsp;</p>        <h4>What's Included</h4><ul>  <li>Brake Lines: Proprietary Brembo Stainless Steel Braided Brake Lines by Goodridge</li>  <li>Mounting Hardware: Brembo Engineered CNC Billet Caliper Adapters - All Necessary Hardware Included For Ease of Installation</li></ul>        <p>&nbsp;</p>        <p>&nbsp;</p><h4>Compatibility</h4><div class=""compatibility-accordion-wrapper""><div class=""compatibility-tab"">                        <input name=""tabs"" type=""checkbox"" id=""compatibility-tab-1"">                        <label for=""compatibility-tab-1""><b>ROLLS-ROYCE</b><br></label>                                                    <div class=""compatibility-tab-content""><ul><li>CULLINAN</li></ul></div></div></div><p>Feel free to contact us at info@mlperformance.co.uk should you wish to double check!</p>        <p>&nbsp;</p>        <h4>Compatibility Check</h4><p>To ensure the part(s) you have ordered fits your vehicle, we run a compatibility check prior to dispatch. We can do this either using your registration number (UK) or the last 7 digits of your VIN. Simply enter your car details prior to checkout.</p>          <p>&nbsp;</p>        <h4>Part Number</h4><p>BREMBO-1Q1.9630A2 (Cross Drilled /  Red)</p><p>BREMBO-1Q1.9630A1 (Cross Drilled /  Black)</p><p>BREMBO-1Q1.9630A5 (Cross Drilled /  Yellow)</p><p>BREMBO-1Q1.9630A6 (Cross Drilled /  White)</p><p>BREMBO-1Q1.9630A7 (Cross Drilled /  Fluorescent Yellow)</p>        <p>&nbsp;</p>        <h4>More Information</h4><p><strong>Manufactured by</strong></p><p>Brembo</p>",Brembo,,Brake,"Uploaded by_Muazzim, Brand_Brembo, Product Type_Brake, Category_Brake Discs",TRUE,Disc Type,Cross Drilled,Finish,Red,,,BREMBO-1Q1.9630A2,25000,shopify,continue,manual,5834.57,6341.92,TRUE,TRUE,1Q1.9630A2,https://racetechnologies.com/sites/default/files/content/images/brakekits/brembo-q-caliper-8-piston-2-piece-412mm-drilled-red-med_0.jpg,1,Brembo 1Q-.9630A (F) 8-Piston Cast Monobloc Calipers  412mm (16.2'') 2-Piece Discs Brake Disc,,Brembo 1Q-.9630A (F) 8-Piston Cast Monobloc Calipers  412mm (16.2'') 2-Piece Discs Brake Disc,Get Brembo 1Q-.9630A (F) 8-Piston Cast Monobloc Calipers  412mm (16.2'') 2-Piece Discs Brake Disc for your car to get your desired looks and performance from ML Performance at the lowest price with FREE UK shipping & next day delivery on in stock items. Very cheap prices & good service.,,,,1Q1.9630A2,,,new,,,,,,,https://racetechnologies.com/sites/default/files/content/images/brakekits/brembo-q-caliper-8-piston-2-piece-412mm-drilled-red-med_0.jpg,kg,8708949900,,,,,active
brembo-1q-9630a-f-8-piston-cast-monobloc-calipers-412mm-16-2-2-piece-discs-brake-disc,,,,,,,,,Cross Drilled,,Black,,,BREMBO-1Q1.9630A1,25000,shopify,continue,manual,5834.57,6341.92,TRUE,TRUE,1Q1.9630A1,https://racetechnologies.com/sites/default/files/content/images/brakekits/brembo-q-caliper-8-piston-2-piece-412mm-drilled-black-med_0.jpg,2,,,,,,,,1Q1.9630A1,,,,,,,,,,https://racetechnologies.com/sites/default/files/content/images/brakekits/brembo-q-caliper-8-piston-2-piece-412mm-drilled-black-med_0.jpg,kg,8708949900,,,,,
brembo-1q-9630a-f-8-piston-cast-monobloc-calipers-412mm-16-2-2-piece-discs-brake-disc,,,,,,,,,Cross Drilled,,Yellow,,,BREMBO-1Q1.9630A5,25000,shopify,continue,manual,5834.57,6341.92,TRUE,TRUE,1Q1.9630A5,https://racetechnologies.com/sites/default/files/content/images/brakekits/brembo-q-caliper-8-piston-2-piece-412mm-drilled-yellow-med_0.jpg,3,,,,,,,,1Q1.9630A5,,,,,,,,,,https://racetechnologies.com/sites/default/files/content/images/brakekits/brembo-q-caliper-8-piston-2-piece-412mm-drilled-yellow-med_0.jpg,kg,8708949900,,,,,
brembo-1q-9630a-f-8-piston-cast-monobloc-calipers-412mm-16-2-2-piece-discs-brake-disc,,,,,,,,,Cross Drilled,,White,,,BREMBO-1Q1.9630A6,25000,shopify,continue,manual,5834.57,6341.92,TRUE,TRUE,1Q1.9630A6,https://racetechnologies.com/sites/default/files/content/images/brakekits/brembo-q-caliper-8-piston-2-piece-412mm-drilled-white-med_0.jpg,4,,,,,,,,1Q1.9630A6,,,,,,,,,,https://racetechnologies.com/sites/default/files/content/images/brakekits/brembo-q-caliper-8-piston-2-piece-412mm-drilled-white-med_0.jpg,kg,8708949900,,,,,
brembo-1q-9630a-f-8-piston-cast-monobloc-calipers-412mm-16-2-2-piece-discs-brake-disc,,,,,,,,,Cross Drilled,,Fluorescent Yellow,,,BREMBO-1Q1.9630A7,25000,shopify,continue,manual,5834.57,6341.92,TRUE,TRUE,1Q1.9630A7,https://racetechnologies.com/sites/default/files/content/images/brakekits/brembo-q-caliper-8-piston-2-piece-412mm-drilled-fluo-yellow-med.jpg,5,,,,,,,,1Q1.9630A7,,,,,,,,,,https://racetechnologies.com/sites/default/files/content/images/brakekits/brembo-q-caliper-8-piston-2-piece-412mm-drilled-fluo-yellow-med.jpg,kg,8708949900,,,,,
brembo-1m-8069a-f-6-piston-cast-monobloc-calipers-355mm-14-2-piece-discs-brake-disc,Brembo 1M-.8069A 6-Piston Cast Monobloc Calipers  355mm (14'') 2-Piece Discs Brake Disc (Front),"<h4><strong>Description</strong></h4>This is 6-Piston Cast Monobloc Calipers | 355mm (14'') 2-Piece Discs | Complete Axle Set | Pre-Assembled | All Necessary Hardware Included, Front        <p>&nbsp;</p>        <h4>Features</h4>        <p><strong>Caliper</strong></p><table><tbody>  <tr><td>Caliper Body</td><td>:</td><td>Cast Monobloc Radial Mount</td></tr>  <tr><td>Caliper Piston Configuration</td><td>:</td><td>6-Piston</td></tr>  <tr><td>Caliper Piston Design And Insert Type</td><td>:</td><td>Inner Pressure Seal / OEM Approved Dust Boot</td></tr></tbody></table><p><strong>Disc</strong></p><table><tbody>  <tr><td>Disc Material/Finish</td><td>:</td><td>Advanced High Carbon Alloy / Corrosion Resistant Plating</td></tr>  <tr><td>Disc Diameter</td><td>:</td><td>328mm</td></tr>  <tr><td>Disc Width (Measurement)</td><td>:</td><td>28mm</td></tr>  <tr><td>Disc Air Gap (Measurement)</td><td>:</td><td>17mm</td></tr>  <tr><td>Disc Annulus (Measurement)</td><td>:</td><td>54mm</td></tr>  <tr><td>Disc Construction</td><td>:</td><td>2-Piece Disc Assembly</td></tr>  <tr><td>Disc Vane Design (Measurement)</td><td>:</td><td>Vented Curved 48 Vane</td></tr>  <tr><td>Disc To Hat Mounting System</td><td>:</td><td>Floating D-Bobbin with Anti Rattle Spring</td></tr></tbody></table><p><strong>Friction Material</strong></p><table><tbody>  <tr><td>Pad Compound</td><td>:</td><td>Brembo High Performance FM1000</td></tr>  <tr><td>Pad Volume / Surface Area</td><td>:</td><td>48.2 | 53.6</td></tr></tbody></table>        <p>&nbsp;</p>        <h4>What's Included</h4><ul>  <li>Brake Lines: Proprietary Brembo Stainless Steel Braided Brake Lines by Goodridge</li>  <li>Mounting Hardware: Brembo Engineered CNC Billet Caliper Adapters - All Necessary Hardware Included For Ease of Installation</li></ul>        <p>&nbsp;</p>        <p>&nbsp;</p><h4>Compatibility</h4><div class=""compatibility-accordion-wrapper""><div class=""compatibility-tab"">                        <input name=""tabs"" type=""checkbox"" id=""compatibility-tab-1"">                        <label for=""compatibility-tab-1""><b>SUBARU</b><br></label>                                                    <div class=""compatibility-tab-content""><ul><li>BRZ (ZD8)</li></ul></div></div></div><p>Feel free to contact us at info@mlperformance.co.uk should you wish to double check!</p>        <p>&nbsp;</p>        <h4>Compatibility Check</h4><p>To ensure the part(s) you have ordered fits your vehicle, we run a compatibility check prior to dispatch. We can do this either using your registration number (UK) or the last 7 digits of your VIN. Simply enter your car details prior to checkout.</p>          <p>&nbsp;</p>        <h4>Part Number</h4><p>BREMBO-1M1.8069A2 (Cross Drilled /  Red)</p><p>BREMBO-1M1.8069A1 (Cross Drilled /  Black)</p><p>BREMBO-1M1.8069A3 (Cross Drilled /  Silver)</p><p>BREMBO-1M1.8069A5 (Cross Drilled /  Yellow)</p><p>BREMBO-1M2.8069A2 (TY1 /  Red)</p><p>BREMBO-1M2.8069A1 (TY1 /  Black)</p><p>BREMBO-1M2.8069A3 (TY1 /  Silver)</p><p>BREMBO-1M2.8069A5 (TY1 /  Yellow)</p><p>BREMBO-1M3.8069A2 (TY3 /  Red)</p><p>BREMBO-1M3.8069A1 (TY3 /  Black)</p><p>BREMBO-1M3.8069A3 (TY3 /  Silver)</p><p>BREMBO-1M3.8069A5 (TY3 /  Yellow)</p><p>BREMBO-1M1.8069AS (Cross Drilled /  Black Hard Anodized)</p><p>BREMBO-1M2.8069AS (TY1 /  Black Hard Anodized)</p><p>BREMBO-1M3.8069AS (TY3 /  Black Hard Anodized)</p>        <p>&nbsp;</p>        <h4>More Information</h4><p><strong>Manufactured by</strong></p><p>Brembo</p>",Brembo,,Brake,"Uploaded by_Muazzim, Brand_Brembo, Product Type_Brake, Category_Brake Discs",TRUE,Disc Type,Cross Drilled,Finish,Red,,,BREMBO-1M1.8069A2,25000,shopify,continue,manual,4160.29,4522.06,TRUE,TRUE,1M1.8069A2,https://racetechnologies.com/sites/default/files/content/images/brakekits/brembo-m-caliper-6-piston-2-piece-355-380mm-drilled-red-med.jpg,1,Brembo 1M-.8069A (F) 6-Piston Cast Monobloc Calipers  355mm (14'') 2-Piece Discs Brake Disc,,Brembo 1M-.8069A (F) 6-Piston Cast Monobloc Calipers  355mm (14'') 2-Piece Discs Brake Disc,Get Brembo 1M-.8069A (F) 6-Piston Cast Monobloc Calipers  355mm (14'') 2-Piece Discs Brake Disc for your car to get your desired looks and performance from ML Performance at the lowest price with FREE UK shipping & next day delivery on in stock items. Very cheap prices & good service.,,,,1M1.8069A2,,,new,,,,,,,https://racetechnologies.com/sites/default/files/content/images/brakekits/brembo-m-caliper-6-piston-2-piece-355-380mm-drilled-red-med.jpg,kg,8708949900,,,,,active
brembo-1m-8069a-f-6-piston-cast-monobloc-calipers-355mm-14-2-piece-discs-brake-disc,,,,,,,,,Cross Drilled,,Black,,,BREMBO-1M1.8069A1,25000,shopify,continue,manual,4160.29,4522.06,TRUE,TRUE,1M1.8069A1,https://racetechnologies.com/sites/default/files/content/images/brakekits/brembo-m-caliper-6-piston-2-piece-355-380mm-drilled-black-med.jpg,2,,,,,,,,1M1.8069A1,,,,,,,,,,https://racetechnologies.com/sites/default/files/content/images/brakekits/brembo-m-caliper-6-piston-2-piece-355-380mm-drilled-black-med.jpg,kg,8708949900,,,,,
brembo-1m-8069a-f-6-piston-cast-monobloc-calipers-355mm-14-2-piece-discs-brake-disc,,,,,,,,,Cross Drilled,,Silver,,,BREMBO-1M1.8069A3,25000,shopify,continue,manual,4160.29,4522.06,TRUE,TRUE,1M1.8069A3,https://racetechnologies.com/sites/default/files/content/images/brakekits/brembo-m-caliper-6-piston-2-piece-355-380mm-drilled-silver-med.jpg,3,,,,,,,,1M1.8069A3,,,,,,,,,,https://racetechnologies.com/sites/default/files/content/images/brakekits/brembo-m-caliper-6-piston-2-piece-355-380mm-drilled-silver-med.jpg,kg,8708949900,,,,,
brembo-1m-8069a-f-6-piston-cast-monobloc-calipers-355mm-14-2-piece-discs-brake-disc,,,,,,,,,Cross Drilled,,Yellow,,,BREMBO-1M1.8069A5,25000,shopify,continue,manual,4160.29,4522.06,TRUE,TRUE,1M1.8069A5,https://racetechnologies.com/sites/default/files/content/images/brakekits/brembo-m-caliper-6-piston-2-piece-355-380mm-drilled-yellow-med.jpg,4,,,,,,,,1M1.8069A5,,,,,,,,,,https://racetechnologies.com/sites/default/files/content/images/brakekits/brembo-m-caliper-6-piston-2-piece-355-380mm-drilled-yellow-med.jpg,kg,8708949900,,,,,
brembo-1m-8069a-f-6-piston-cast-monobloc-calipers-355mm-14-2-piece-discs-brake-disc,,,,,,,,,TY1,,Red,,,BREMBO-1M2.8069A2,25000,shopify,continue,manual,4160.29,4522.06,TRUE,TRUE,1M2.8069A2,https://racetechnologies.com/sites/default/files/content/images/brakekits/brembo-m-caliper-6-piston-2-piece-355-380mm-slotted-type-1-red-med.jpg,5,,,,,,,,1M2.8069A2,,,,,,,,,,https://racetechnologies.com/sites/default/files/content/images/brakekits/brembo-m-caliper-6-piston-2-piece-355-380mm-slotted-type-1-red-med.jpg,kg,8708949900,,,,,
brembo-1m-8069a-f-6-piston-cast-monobloc-calipers-355mm-14-2-piece-discs-brake-disc,,,,,,,,,TY1,,Black,,,BREMBO-1M2.8069A1,25000,shopify,continue,manual,4160.29,4522.06,TRUE,TRUE,1M2.8069A1,https://racetechnologies.com/sites/default/files/content/images/brakekits/brembo-m-caliper-6-piston-2-piece-355-380mm-slotted-type-1-black-med.jpg,6,,,,,,,,1M2.8069A1,,,,,,,,,,https://racetechnologies.com/sites/default/files/content/images/brakekits/brembo-m-caliper-6-piston-2-piece-355-380mm-slotted-type-1-black-med.jpg,kg,8708949900,,,,,
brembo-1m-8069a-f-6-piston-cast-monobloc-calipers-355mm-14-2-piece-discs-brake-disc,,,,,,,,,TY1,,Silver,,,BREMBO-1M2.8069A3,25000,shopify,continue,manual,4160.29,4522.06,TRUE,TRUE,1M2.8069A3,https://racetechnologies.com/sites/default/files/content/images/brakekits/brembo-m-caliper-6-piston-2-piece-355-380mm-slotted-type-1-silver-med.jpg,7,,,,,,,,1M2.8069A3,,,,,,,,,,https://racetechnologies.com/sites/default/files/content/images/brakekits/brembo-m-caliper-6-piston-2-piece-355-380mm-slotted-type-1-silver-med.jpg,kg,8708949900,,,,,
brembo-1m-8069a-f-6-piston-cast-monobloc-calipers-355mm-14-2-piece-discs-brake-disc,,,,,,,,,TY1,,Yellow,,,BREMBO-1M2.8069A5,25000,shopify,continue,manual,4160.29,4522.06,TRUE,TRUE,1M2.8069A5,https://racetechnologies.com/sites/default/files/content/images/brakekits/brembo-m-caliper-6-piston-2-piece-355-380mm-slotted-type-1-yellow-med.jpg,8,,,,,,,,1M2.8069A5,,,,,,,,,,https://racetechnologies.com/sites/default/files/content/images/brakekits/brembo-m-caliper-6-piston-2-piece-355-380mm-slotted-type-1-yellow-med.jpg,kg,8708949900,,,,,
brembo-1m-8069a-f-6-piston-cast-monobloc-calipers-355mm-14-2-piece-discs-brake-disc,,,,,,,,,TY3,,Red,,,BREMBO-1M3.8069A2,25000,shopify,continue,manual,4160.29,4522.06,TRUE,TRUE,1M3.8069A2,https://racetechnologies.com/sites/default/files/content/images/brakekits/brembo-m-caliper-6-piston-2-piece-355-380mm-slotted-type-3-red-med.jpg,9,,,,,,,,1M3.8069A2,,,,,,,,,,https://racetechnologies.com/sites/default/files/content/images/brakekits/brembo-m-caliper-6-piston-2-piece-355-380mm-slotted-type-3-red-med.jpg,kg,8708949900,,,,,
brembo-1m-8069a-f-6-piston-cast-monobloc-calipers-355mm-14-2-piece-discs-brake-disc,,,,,,,,,TY3,,Black,,,BREMBO-1M3.8069A1,25000,shopify,continue,manual,4160.29,4522.06,TRUE,TRUE,1M3.8069A1,https://racetechnologies.com/sites/default/files/content/images/brakekits/brembo-m-caliper-6-piston-2-piece-355-380mm-slotted-type-3-black-med.jpg,10,,,,,,,,1M3.8069A1,,,,,,,,,,https://racetechnologies.com/sites/default/files/content/images/brakekits/brembo-m-caliper-6-piston-2-piece-355-380mm-slotted-type-3-black-med.jpg,kg,8708949900,,,,,
brembo-1m-8069a-f-6-piston-cast-monobloc-calipers-355mm-14-2-piece-discs-brake-disc,,,,,,,,,TY3,,Silver,,,BREMBO-1M3.8069A3,25000,shopify,continue,manual,4160.29,4522.06,TRUE,TRUE,1M3.8069A3,https://racetechnologies.com/sites/default/files/content/images/brakekits/brembo-m-caliper-6-piston-2-piece-355-380mm-slotted-type-3-silver-med.jpg,11,,,,,,,,1M3.8069A3,,,,,,,,,,https://racetechnologies.com/sites/default/files/content/images/brakekits/brembo-m-caliper-6-piston-2-piece-355-380mm-slotted-type-3-silver-med.jpg,kg,8708949900,,,,,
brembo-1m-8069a-f-6-piston-cast-monobloc-calipers-355mm-14-2-piece-discs-brake-disc,,,,,,,,,TY3,,Yellow,,,BREMBO-1M3.8069A5,25000,shopify,continue,manual,4160.29,4522.06,TRUE,TRUE,1M3.8069A5,https://racetechnologies.com/sites/default/files/content/images/brakekits/brembo-m-caliper-6-piston-2-piece-355-380mm-slotted-type-3-yellow-med.jpg,12,,,,,,,,1M3.8069A5,,,,,,,,,,https://racetechnologies.com/sites/default/files/content/images/brakekits/brembo-m-caliper-6-piston-2-piece-355-380mm-slotted-type-3-yellow-med.jpg,kg,8708949900,,,,,
brembo-1m-8069a-f-6-piston-billet-monobloc-calipers-355mm-14-2-piece-discs-brake-disc,Brembo 1M-.8069A 6-Piston Billet Monobloc Calipers  355mm (14'') 2-Piece Discs Brake Disc (Front),"<h4><strong>Description</strong></h4>This is 6-Piston Billet Monobloc Calipers | 355mm (14'') 2-Piece Discs | Complete Axle Set | Pre-Assembled | All Necessary Hardware Included, Front        <p>&nbsp;</p>        <h4>Features</h4>        <p><strong>Caliper</strong></p><table><tbody>  <tr><td>Caliper Body</td><td>:</td><td>Billet Monobloc Radial Mount</td></tr>  <tr><td>Caliper Piston Configuration</td><td>:</td><td>6-Piston</td></tr>  <tr><td>Caliper Piston Design And Insert Type</td><td>:</td><td>Inner Pressure Seal / Recessed Dust Boot / Ventilated Stainless Steel Insert</td></tr></tbody></table><p><strong>Disc</strong></p><table><tbody>  <tr><td>Disc Material/Finish</td><td>:</td><td>Advanced High Carbon Alloy / Corrosion Resistant Plating</td></tr>  <tr><td>Disc Diameter</td><td>:</td><td>328mm</td></tr>  <tr><td>Disc Width (Measurement)</td><td>:</td><td>28mm</td></tr>  <tr><td>Disc Air Gap (Measurement)</td><td>:</td><td>17mm</td></tr>  <tr><td>Disc Annulus (Measurement)</td><td>:</td><td>54mm</td></tr>  <tr><td>Disc Construction</td><td>:</td><td>2-Piece Disc Assembly</td></tr>  <tr><td>Disc Vane Design (Measurement)</td><td>:</td><td>Vented Curved 48 Vane</td></tr>  <tr><td>Disc To Hat Mounting System</td><td>:</td><td>Floating D-Bobbin with Anti Rattle Spring</td></tr></tbody></table><p><strong>Friction Material</strong></p><table><tbody>  <tr><td>Pad Compound</td><td>:</td><td>Brembo High Performance FM1000</td></tr>  <tr><td>Pad Volume / Surface Area</td><td>:</td><td>48.2 | 53.6</td></tr></tbody></table>        <p>&nbsp;</p>        <h4>What's Included</h4><ul>  <li>Brake Lines: Proprietary Brembo Stainless Steel Braided Brake Lines by Goodridge</li>  <li>Mounting Hardware: Brembo Engineered CNC Billet Caliper Adapters - All Necessary Hardware Included For Ease of Installation</li></ul>        <p>&nbsp;</p>        <p>&nbsp;</p><h4>Compatibility</h4><div class=""compatibility-accordion-wrapper""><div class=""compatibility-tab"">                        <input name=""tabs"" type=""checkbox"" id=""compatibility-tab-1"">                        <label for=""compatibility-tab-1""><b>SUBARU</b><br></label>                                                    <div class=""compatibility-tab-content""><ul><li>BRZ (ZD8)</li></ul></div></div></div><p>Feel free to contact us at info@mlperformance.co.uk should you wish to double check!</p>        <p>&nbsp;</p>        <h4>Compatibility Check</h4><p>To ensure the part(s) you have ordered fits your vehicle, we run a compatibility check prior to dispatch. We can do this either using your registration number (UK) or the last 7 digits of your VIN. Simply enter your car details prior to checkout.</p>          <p>&nbsp;</p>        <h4>Part Number</h4><p>BREMBO-1M1.8069AR (Cross Drilled /  Nickel Plated)</p><p>BREMBO-1M2.8069AR (TY1 /  Nickel Plated)</p><p>BREMBO-1M3.8069AR (TY3 /  Nickel Plated)</p>        <p>&nbsp;</p>        <h4>More Information</h4><p><strong>Manufactured by</strong></p><p>Brembo</p>",Brembo,,Brake,"Uploaded by_Muazzim, Brand_Brembo, Product Type_Brake, Category_Brake Discs",TRUE,Disc Type,Cross Drilled,Finish,Nickel Plated,,,BREMBO-1M1.8069AR,25000,shopify,continue,manual,8066.92,8768.39,TRUE,TRUE,1M1.8069AR,https://racetechnologies.com/sites/default/files/content/images/brakekits/brembo-m-caliper-6-piston-2-piece-355-380mm-drilled-gt-r-med.jpg,1,Brembo 1M-.8069A (F) 6-Piston Billet Monobloc Calipers  355mm (14'') 2-Piece Discs Brake Disc,,Brembo 1M-.8069A (F) 6-Piston Billet Monobloc Calipers  355mm (14'') 2-Piece Discs Brake Disc,Get Brembo 1M-.8069A (F) 6-Piston Billet Monobloc Calipers  355mm (14'') 2-Piece Discs Brake Disc for your car to get your desired looks and performance from ML Performance at the lowest price with FREE UK shipping & next day delivery on in stock items. Very cheap prices & good service.,,,,1M1.8069AR,,,new,,,,,,,https://racetechnologies.com/sites/default/files/content/images/brakekits/brembo-m-caliper-6-piston-2-piece-355-380mm-drilled-gt-r-med.jpg,kg,8708949900,,,,,active
brembo-1m-8069a-f-6-piston-billet-monobloc-calipers-355mm-14-2-piece-discs-brake-disc,,,,,,,,,TY1,,Nickel Plated,,,BREMBO-1M2.8069AR,25000,shopify,continue,manual,8066.92,8768.39,TRUE,TRUE,1M2.8069AR,https://racetechnologies.com/sites/default/files/content/images/brakekits/brembo-m-caliper-6-piston-2-piece-355-380mm-slotted-type-1-gt-r-med.jpg,2,,,,,,,,1M2.8069AR,,,,,,,,,,https://racetechnologies.com/sites/default/files/content/images/brakekits/brembo-m-caliper-6-piston-2-piece-355-380mm-slotted-type-1-gt-r-med.jpg,kg,8708949900,,,,,
brembo-1m-8069a-f-6-piston-billet-monobloc-calipers-355mm-14-2-piece-discs-brake-disc,,,,,,,,,TY3,,Nickel Plated,,,BREMBO-1M3.8069AR,25000,shopify,continue,manual,8066.92,8768.39,TRUE,TRUE,1M3.8069AR,https://racetechnologies.com/sites/default/files/content/images/brakekits/brembo-m-caliper-6-piston-2-piece-355-380mm-slotted-type-3-gt-r-med.jpg,3,,,,,,,,1M3.8069AR,,,,,,,,,,https://racetechnologies.com/sites/default/files/content/images/brakekits/brembo-m-caliper-6-piston-2-piece-355-380mm-slotted-type-3-gt-r-med.jpg,kg,8708949900,,,,,
brembo-1m-8069a-f-6-piston-cast-monobloc-calipers-355mm-14-2-piece-discs-brake-disc,Brembo 1M-.8069A 6-Piston Cast Monobloc Calipers  355mm (14'') 2-Piece Discs Brake Disc (Front),"<h4><strong>Description</strong></h4>This is 6-Piston Cast Monobloc Calipers | 355mm (14'') 2-Piece Discs | Complete Axle Set | Pre-Assembled | All Necessary Hardware Included, Front        <p>&nbsp;</p>        <h4>Features</h4>        <p><strong>Caliper</strong></p><table><tbody>  <tr><td>Caliper Body</td><td>:</td><td>Cast Monobloc Radial Mount</td></tr>  <tr><td>Caliper Piston Configuration</td><td>:</td><td>6-Piston</td></tr>  <tr><td>Caliper Piston Design And Insert Type</td><td>:</td><td>Inner Pressure Seal / Recessed Dust Boot / Stainless Steel Insert</td></tr></tbody></table><p><strong>Disc</strong></p><table><tbody>  <tr><td>Disc Material/Finish</td><td>:</td><td>Advanced High Carbon Alloy / Corrosion Resistant Plating</td></tr>  <tr><td>Disc Diameter</td><td>:</td><td>328mm</td></tr>  <tr><td>Disc Width (Measurement)</td><td>:</td><td>28mm</td></tr>  <tr><td>Disc Air Gap (Measurement)</td><td>:</td><td>17mm</td></tr>  <tr><td>Disc Annulus (Measurement)</td><td>:</td><td>54mm</td></tr>  <tr><td>Disc Construction</td><td>:</td><td>2-Piece Disc Assembly</td></tr>  <tr><td>Disc Vane Design (Measurement)</td><td>:</td><td>Vented Curved 48 Vane</td></tr>  <tr><td>Disc To Hat Mounting System</td><td>:</td><td>Floating D-Bobbin with Anti Rattle Spring</td></tr></tbody></table><p><strong>Friction Material</strong></p><table><tbody>  <tr><td>Pad Compound</td><td>:</td><td>Brembo High Performance FM1000</td></tr>  <tr><td>Pad Volume / Surface Area</td><td>:</td><td>48.2 | 53.6</td></tr></tbody></table>        <p>&nbsp;</p>        <h4>What's Included</h4><ul>  <li>Brake Lines: Proprietary Brembo Stainless Steel Braided Brake Lines by Goodridge</li>  <li>Mounting Hardware: Brembo Engineered CNC Billet Caliper Adapters - All Necessary Hardware Included For Ease of Installation</li></ul>        <p>&nbsp;</p>        <p>&nbsp;</p><h4>Compatibility</h4><div class=""compatibility-accordion-wrapper""><div class=""compatibility-tab"">                        <input name=""tabs"" type=""checkbox"" id=""compatibility-tab-1"">                        <label for=""compatibility-tab-1""><b>SUBARU</b><br></label>                                                    <div class=""compatibility-tab-content""><ul><li>BRZ (ZD8)</li></ul></div></div></div><p>Feel free to contact us at info@mlperformance.co.uk should you wish to double check!</p>        <p>&nbsp;</p>        <h4>Compatibility Check</h4><p>To ensure the part(s) you have ordered fits your vehicle, we run a compatibility check prior to dispatch. We can do this either using your registration number (UK) or the last 7 digits of your VIN. Simply enter your car details prior to checkout.</p>          <p>&nbsp;</p>        <h4>Part Number</h4><p>BREMBO-1M1.8069A2 (Cross Drilled /  Red)</p><p>BREMBO-1M1.8069A1 (Cross Drilled /  Black)</p><p>BREMBO-1M1.8069A3 (Cross Drilled /  Silver)</p><p>BREMBO-1M1.8069A5 (Cross Drilled /  Yellow)</p><p>BREMBO-1M2.8069A2 (TY1 /  Red)</p><p>BREMBO-1M2.8069A1 (TY1 /  Black)</p><p>BREMBO-1M2.8069A3 (TY1 /  Silver)</p><p>BREMBO-1M2.8069A5 (TY1 /  Yellow)</p><p>BREMBO-1M3.8069A2 (TY3 /  Red)</p><p>BREMBO-1M3.8069A1 (TY3 /  Black)</p><p>BREMBO-1M3.8069A3 (TY3 /  Silver)</p><p>BREMBO-1M3.8069A5 (TY3 /  Yellow)</p><p>BREMBO-1M1.8069AS (Cross Drilled /  Black Hard Anodized)</p><p>BREMBO-1M2.8069AS (TY1 /  Black Hard Anodized)</p><p>BREMBO-1M3.8069AS (TY3 /  Black Hard Anodized)</p>        <p>&nbsp;</p>        <h4>More Information</h4><p><strong>Manufactured by</strong></p><p>Brembo</p>",Brembo,,Brake,"Uploaded by_Muazzim, Brand_Brembo, Product Type_Brake, Category_Brake Discs",TRUE,Disc Type,Cross Drilled,Finish,Black Hard Anodized,,,BREMBO-1M1.8069AS,25000,shopify,continue,manual,4261.76,4632.35,TRUE,TRUE,1M1.8069AS,https://racetechnologies.com/sites/default/files/content/images/brakekits/brembo-m-caliper-6-piston-2-piece-355-380mm-drilled-gt-s-med.jpg,1,Brembo 1M-.8069A (F) 6-Piston Cast Monobloc Calipers  355mm (14'') 2-Piece Discs Brake Disc,,Brembo 1M-.8069A (F) 6-Piston Cast Monobloc Calipers  355mm (14'') 2-Piece Discs Brake Disc,Get Brembo 1M-.8069A (F) 6-Piston Cast Monobloc Calipers  355mm (14'') 2-Piece Discs Brake Disc for your car to get your desired looks and performance from ML Performance at the lowest price with FREE UK shipping & next day delivery on in stock items. Very cheap prices & good service.,,,,1M1.8069AS,,,new,,,,,,,https://racetechnologies.com/sites/default/files/content/images/brakekits/brembo-m-caliper-6-piston-2-piece-355-380mm-drilled-gt-s-med.jpg,kg,8708949900,,,,,active
brembo-1m-8069a-f-6-piston-cast-monobloc-calipers-355mm-14-2-piece-discs-brake-disc,,,,,,,,,TY1,,Black Hard Anodized,,,BREMBO-1M2.8069AS,25000,shopify,continue,manual,4261.76,4632.35,TRUE,TRUE,1M2.8069AS,https://racetechnologies.com/sites/default/files/content/images/brakekits/brembo-m-caliper-6-piston-2-piece-355-380mm-slotted-type-1-gt-s-med.jpg,2,,,,,,,,1M2.8069AS,,,,,,,,,,https://racetechnologies.com/sites/default/files/content/images/brakekits/brembo-m-caliper-6-piston-2-piece-355-380mm-slotted-type-1-gt-s-med.jpg,kg,8708949900,,,,,
brembo-1m-8069a-f-6-piston-cast-monobloc-calipers-355mm-14-2-piece-discs-brake-disc,,,,,,,,,TY3,,Black Hard Anodized,,,BREMBO-1M3.8069AS,25000,shopify,continue,manual,4261.76,4632.35,TRUE,TRUE,1M3.8069AS,https://racetechnologies.com/sites/default/files/content/images/brakekits/brembo-m-caliper-6-piston-2-piece-355-380mm-slotted-type-3-gt-s-med.jpg,3,,,,,,,,1M3.8069AS,,,,,,,,,,https://racetechnologies.com/sites/default/files/content/images/brakekits/brembo-m-caliper-6-piston-2-piece-355-380mm-slotted-type-3-gt-s-med.jpg,kg,8708949900,,,,,
brembo-1t-9032a-f-6-piston-cast-monobloc-calipers-380mm-15-2-piece-discs-brake-disc,Brembo 1T-.9032A 6-Piston Cast Monobloc Calipers  380mm (15'') 2-Piece Discs Brake Disc (Front),"<h4><strong>Description</strong></h4>This is 6-Piston Cast Monobloc Calipers | 380mm (15'') 2-Piece Discs | Complete Axle Set | Pre-Assembled | All Necessary Hardware Included, Front        <p>&nbsp;</p>        <h4>Features</h4>        <p><strong>Caliper</strong></p><table><tbody>  <tr><td>Caliper Body</td><td>:</td><td>Cast Monobloc Radial Mount</td></tr>  <tr><td>Caliper Piston Configuration</td><td>:</td><td>6-Piston</td></tr>  <tr><td>Caliper Piston Design And Insert Type</td><td>:</td><td>Inner Pressure Seal / OEM Approved Dust Boot</td></tr></tbody></table><p><strong>Disc</strong></p><table><tbody>  <tr><td>Disc Material/Finish</td><td>:</td><td>Advanced High Carbon Alloy / Corrosion Resistant Plating</td></tr>  <tr><td>Disc Diameter</td><td>:</td><td>328mm</td></tr>  <tr><td>Disc Width (Measurement)</td><td>:</td><td>28mm</td></tr>  <tr><td>Disc Air Gap (Measurement)</td><td>:</td><td>17mm</td></tr>  <tr><td>Disc Annulus (Measurement)</td><td>:</td><td>54mm</td></tr>  <tr><td>Disc Construction</td><td>:</td><td>2-Piece Disc Assembly</td></tr>  <tr><td>Disc Vane Design (Measurement)</td><td>:</td><td>Vented Curved 48 Vane</td></tr>  <tr><td>Disc To Hat Mounting System</td><td>:</td><td>Floating D-Bobbin with Anti Rattle Spring</td></tr></tbody></table><p><strong>Friction Material</strong></p><table><tbody>  <tr><td>Pad Compound</td><td>:</td><td>Brembo High Performance FM1000</td></tr>  <tr><td>Pad Volume / Surface Area</td><td>:</td><td>48.2 | 53.6</td></tr></tbody></table>        <p>&nbsp;</p>        <h4>What's Included</h4><ul>  <li>Brake Lines: Proprietary Brembo Stainless Steel Braided Brake Lines by Goodridge</li>  <li>Mounting Hardware: Brembo Engineered CNC Billet Caliper Adapters - All Necessary Hardware Included For Ease of Installation</li></ul>        <p>&nbsp;</p>        <p>&nbsp;</p><h4>Compatibility</h4><div class=""compatibility-accordion-wrapper""><div class=""compatibility-tab"">                        <input name=""tabs"" type=""checkbox"" id=""compatibility-tab-1"">                        <label for=""compatibility-tab-1""><b>TESLA</b><br></label>                                                    <div class=""compatibility-tab-content""><ul><li>MODEL 3 AWD</li><li>MODEL 3 RWD</li></ul></div></div></div><p>Feel free to contact us at info@mlperformance.co.uk should you wish to double check!</p>        <p>&nbsp;</p>        <h4>Compatibility Check</h4><p>To ensure the part(s) you have ordered fits your vehicle, we run a compatibility check prior to dispatch. We can do this either using your registration number (UK) or the last 7 digits of your VIN. Simply enter your car details prior to checkout.</p>          <p>&nbsp;</p>        <h4>Part Number</h4><p>BREMBO-1T1.9032A2 (Cross Drilled /  Red)</p>        <p>&nbsp;</p>        <h4>More Information</h4><p><strong>Manufactured by</strong></p><p>Brembo</p>",Brembo,,Brake,"Uploaded by_Muazzim, Brand_Brembo, Product Type_Brake, Category_Brake Discs",TRUE,Disc Type,Cross Drilled,Finish,Red,,,BREMBO-1T1.9032A2,25000,shopify,continue,manual,4616.92,5018.39,TRUE,TRUE,1T1.9032A2,https://racetechnologies.com/sites/default/files/content/images/brakekits/brembo-t-caliper-6-piston-2-piece-365-380mm-drilled-red-med.jpg,1,Brembo 1T-.9032A (F) 6-Piston Cast Monobloc Calipers  380mm (15'') 2-Piece Discs Brake Disc,,Brembo 1T-.9032A (F) 6-Piston Cast Monobloc Calipers  380mm (15'') 2-Piece Discs Brake Disc,Get Brembo 1T-.9032A (F) 6-Piston Cast Monobloc Calipers  380mm (15'') 2-Piece Discs Brake Disc for your car to get your desired looks and performance from ML Performance at the lowest price with FREE UK shipping & next day delivery on in stock items. Very cheap prices & good service.,,,,1T1.9032A2,,,new,,,,,,,https://racetechnologies.com/sites/default/files/content/images/brakekits/brembo-t-caliper-6-piston-2-piece-365-380mm-drilled-red-med.jpg,kg,8708949900,,,,,active
brembo-1n-9547a-f-6-piston-cast-monobloc-calipers-405mm-15-9-2-piece-discs-brake-disc,Brembo 1N-.9547A 6-Piston Cast Monobloc Calipers  405mm (15.9'') 2-Piece Discs Brake Disc (Front),"<h4><strong>Description</strong></h4>This is 6-Piston Cast Monobloc Calipers | 405mm (15.9'') 2-Piece Discs | Complete Axle Set | Pre-Assembled | All Necessary Hardware Included, Front        <p>&nbsp;</p>        <h4>Features</h4>        <p><strong>Caliper</strong></p><table><tbody>  <tr><td>Caliper Body</td><td>:</td><td>Cast Monobloc Radial Mount</td></tr>  <tr><td>Caliper Piston Configuration</td><td>:</td><td>6-Piston</td></tr>  <tr><td>Caliper Piston Design And Insert Type</td><td>:</td><td>Inner Pressure Seal / OEM Approved Dust Boot</td></tr></tbody></table><p><strong>Disc</strong></p><table><tbody>  <tr><td>Disc Material/Finish</td><td>:</td><td>Advanced High Carbon Alloy / Corrosion Resistant Plating</td></tr>  <tr><td>Disc Diameter</td><td>:</td><td>328mm</td></tr>  <tr><td>Disc Width (Measurement)</td><td>:</td><td>28mm</td></tr>  <tr><td>Disc Air Gap (Measurement)</td><td>:</td><td>17mm</td></tr>  <tr><td>Disc Annulus (Measurement)</td><td>:</td><td>54mm</td></tr>  <tr><td>Disc Construction</td><td>:</td><td>2-Piece Disc Assembly</td></tr>  <tr><td>Disc Vane Design (Measurement)</td><td>:</td><td>Vented Curved 48 Vane</td></tr>  <tr><td>Disc To Hat Mounting System</td><td>:</td><td>Floating D-Bobbin with Anti Rattle Spring</td></tr></tbody></table><p><strong>Friction Material</strong></p><table><tbody>  <tr><td>Pad Compound</td><td>:</td><td>Brembo High Performance FM1000</td></tr>  <tr><td>Pad Volume / Surface Area</td><td>:</td><td>48.2 | 53.6</td></tr></tbody></table>        <p>&nbsp;</p>        <h4>What's Included</h4><ul>  <li>Brake Lines: Proprietary Brembo Stainless Steel Braided Brake Lines by Goodridge</li>  <li>Mounting Hardware: Brembo Engineered CNC Billet Caliper Adapters - All Necessary Hardware Included For Ease of Installation</li></ul>        <p>&nbsp;</p>        <p>&nbsp;</p><h4>Compatibility</h4><div class=""compatibility-accordion-wrapper""><div class=""compatibility-tab"">                        <input name=""tabs"" type=""checkbox"" id=""compatibility-tab-1"">                        <label for=""compatibility-tab-1""><b>TESLA</b><br></label>                                                    <div class=""compatibility-tab-content""><ul><li>MODEL S PLAID</li><li>MODEL X PLAID</li></ul></div></div></div><p>Feel free to contact us at info@mlperformance.co.uk should you wish to double check!</p>        <p>&nbsp;</p>        <h4>Compatibility Check</h4><p>To ensure the part(s) you have ordered fits your vehicle, we run a compatibility check prior to dispatch. We can do this either using your registration number (UK) or the last 7 digits of your VIN. Simply enter your car details prior to checkout.</p>          <p>&nbsp;</p>        <h4>Part Number</h4><p>BREMBO-1N1.9547A2 (Cross Drilled /  Red)</p><p>BREMBO-1N1.9547A1 (Cross Drilled /  Black)</p><p>BREMBO-1N1.9547A3 (Cross Drilled /  Silver)</p><p>BREMBO-1N1.9547A5 (Cross Drilled /  Yellow)</p><p>BREMBO-1N2.9547A2 (TY1 /  Red)</p><p>BREMBO-1N2.9547A1 (TY1 /  Black)</p><p>BREMBO-1N2.9547A3 (TY1 /  Silver)</p><p>BREMBO-1N2.9547A5 (TY1 /  Yellow)</p><p>BREMBO-1N3.9547A2 (TY3 /  Red)</p><p>BREMBO-1N3.9547A1 (TY3 /  Black)</p><p>BREMBO-1N3.9547A3 (TY3 /  Silver)</p><p>BREMBO-1N3.9547A5 (TY3 /  Yellow)</p><p>BREMBO-1N1.9547AS (Cross Drilled /  Black Hard Anodized)</p><p>BREMBO-1N2.9547AS (TY1 /  Black Hard Anodized)</p><p>BREMBO-1N3.9547AS (TY3 /  Black Hard Anodized)</p>        <p>&nbsp;</p>        <h4>More Information</h4><p><strong>Manufactured by</strong></p><p>Brembo</p>",Brembo,,Brake,"Uploaded by_Muazzim, Brand_Brembo, Product Type_Brake, Category_Brake Discs",TRUE,Disc Type,Cross Drilled,Finish,Red,,,BREMBO-1N1.9547A2,25000,shopify,continue,manual,4972.07,5404.42,TRUE,TRUE,1N1.9547A2,https://racetechnologies.com/sites/default/files/content/images/brakekits/brembo-n-caliper-6-piston-2-piece-405mm-drilled-red-med.jpg,1,Brembo 1N-.9547A (F) 6-Piston Cast Monobloc Calipers  405mm (15.9'') 2-Piece Discs Brake Disc,,Brembo 1N-.9547A (F) 6-Piston Cast Monobloc Calipers  405mm (15.9'') 2-Piece Discs Brake Disc,Get Brembo 1N-.9547A (F) 6-Piston Cast Monobloc Calipers  405mm (15.9'') 2-Piece Discs Brake Disc for your car to get your desired looks and performance from ML Performance at the lowest price with FREE UK shipping & next day delivery on in stock items. Very cheap prices & good service.,,,,1N1.9547A2,,,new,,,,,,,https://racetechnologies.com/sites/default/files/content/images/brakekits/brembo-n-caliper-6-piston-2-piece-405mm-drilled-red-med.jpg,kg,8708949900,,,,,active
brembo-1n-9547a-f-6-piston-cast-monobloc-calipers-405mm-15-9-2-piece-discs-brake-disc,,,,,,,,,Cross Drilled,,Black,,,BREMBO-1N1.9547A1,25000,shopify,continue,manual,4972.07,5404.42,TRUE,TRUE,1N1.9547A1,https://racetechnologies.com/sites/default/files/content/images/brakekits/brembo-n-caliper-6-piston-2-piece-405mm-drilled-black-med.jpg,2,,,,,,,,1N1.9547A1,,,,,,,,,,https://racetechnologies.com/sites/default/files/content/images/brakekits/brembo-n-caliper-6-piston-2-piece-405mm-drilled-black-med.jpg,kg,8708949900,,,,,
brembo-1n-9547a-f-6-piston-cast-monobloc-calipers-405mm-15-9-2-piece-discs-brake-disc,,,,,,,,,Cross Drilled,,Silver,,,BREMBO-1N1.9547A3,25000,shopify,continue,manual,4972.07,5404.42,TRUE,TRUE,1N1.9547A3,https://racetechnologies.com/sites/default/files/content/images/brakekits/brembo-n-caliper-6-piston-2-piece-405mm-drilled-silver-med.jpg,3,,,,,,,,1N1.9547A3,,,,,,,,,,https://racetechnologies.com/sites/default/files/content/images/brakekits/brembo-n-caliper-6-piston-2-piece-405mm-drilled-silver-med.jpg,kg,8708949900,,,,,
brembo-1n-9547a-f-6-piston-cast-monobloc-calipers-405mm-15-9-2-piece-discs-brake-disc,,,,,,,,,Cross Drilled,,Yellow,,,BREMBO-1N1.9547A5,25000,shopify,continue,manual,4972.07,5404.42,TRUE,TRUE,1N1.9547A5,https://racetechnologies.com/sites/default/files/content/images/brakekits/brembo-n-caliper-6-piston-2-piece-405mm-drilled-yellow-med.jpg,4,,,,,,,,1N1.9547A5,,,,,,,,,,https://racetechnologies.com/sites/default/files/content/images/brakekits/brembo-n-caliper-6-piston-2-piece-405mm-drilled-yellow-med.jpg,kg,8708949900,,,,,
brembo-1n-9547a-f-6-piston-cast-monobloc-calipers-405mm-15-9-2-piece-discs-brake-disc,,,,,,,,,TY1,,Red,,,BREMBO-1N2.9547A2,25000,shopify,continue,manual,4972.07,5404.42,TRUE,TRUE,1N2.9547A2,https://racetechnologies.com/sites/default/files/content/images/brakekits/brembo-n-caliper-6-piston-2-piece-405mm-slotted-type-1-red-med.jpg,5,,,,,,,,1N2.9547A2,,,,,,,,,,https://racetechnologies.com/sites/default/files/content/images/brakekits/brembo-n-caliper-6-piston-2-piece-405mm-slotted-type-1-red-med.jpg,kg,8708949900,,,,,
brembo-1n-9547a-f-6-piston-cast-monobloc-calipers-405mm-15-9-2-piece-discs-brake-disc,,,,,,,,,TY1,,Black,,,BREMBO-1N2.9547A1,25000,shopify,continue,manual,4972.07,5404.42,TRUE,TRUE,1N2.9547A1,https://racetechnologies.com/sites/default/files/content/images/brakekits/brembo-n-caliper-6-piston-2-piece-405mm-slotted-type-1-black-med.jpg,6,,,,,,,,1N2.9547A1,,,,,,,,,,https://racetechnologies.com/sites/default/files/content/images/brakekits/brembo-n-caliper-6-piston-2-piece-405mm-slotted-type-1-black-med.jpg,kg,8708949900,,,,,
brembo-1n-9547a-f-6-piston-cast-monobloc-calipers-405mm-15-9-2-piece-discs-brake-disc,,,,,,,,,TY1,,Silver,,,BREMBO-1N2.9547A3,25000,shopify,continue,manual,4972.07,5404.42,TRUE,TRUE,1N2.9547A3,https://racetechnologies.com/sites/default/files/content/images/brakekits/brembo-n-caliper-6-piston-2-piece-405mm-slotted-type-1-silver-med.jpg,7,,,,,,,,1N2.9547A3,,,,,,,,,,https://racetechnologies.com/sites/default/files/content/images/brakekits/brembo-n-caliper-6-piston-2-piece-405mm-slotted-type-1-silver-med.jpg,kg,8708949900,,,,,
brembo-1n-9547a-f-6-piston-cast-monobloc-calipers-405mm-15-9-2-piece-discs-brake-disc,,,,,,,,,TY1,,Yellow,,,BREMBO-1N2.9547A5,25000,shopify,continue,manual,4972.07,5404.42,TRUE,TRUE,1N2.9547A5,https://racetechnologies.com/sites/default/files/content/images/brakekits/brembo-n-caliper-6-piston-2-piece-405mm-slotted-type-1-yellow-med.jpg,8,,,,,,,,1N2.9547A5,,,,,,,,,,https://racetechnologies.com/sites/default/files/content/images/brakekits/brembo-n-caliper-6-piston-2-piece-405mm-slotted-type-1-yellow-med.jpg,kg,8708949900,,,,,
brembo-1n-9547a-f-6-piston-cast-monobloc-calipers-405mm-15-9-2-piece-discs-brake-disc,,,,,,,,,TY3,,Red,,,BREMBO-1N3.9547A2,25000,shopify,continue,manual,4972.07,5404.42,TRUE,TRUE,1N3.9547A2,https://racetechnologies.com/sites/default/files/content/images/brakekits/brembo-n-caliper-6-piston-2-piece-350-380mm-slotted-type-3-red-med_0.jpg,9,,,,,,,,1N3.9547A2,,,,,,,,,,https://racetechnologies.com/sites/default/files/content/images/brakekits/brembo-n-caliper-6-piston-2-piece-350-380mm-slotted-type-3-red-med_0.jpg,kg,8708949900,,,,,
brembo-1n-9547a-f-6-piston-cast-monobloc-calipers-405mm-15-9-2-piece-discs-brake-disc,,,,,,,,,TY3,,Black,,,BREMBO-1N3.9547A1,25000,shopify,continue,manual,4972.07,5404.42,TRUE,TRUE,1N3.9547A1,https://racetechnologies.com/sites/default/files/content/images/brakekits/brembo-n-caliper-6-piston-2-piece-350-380mm-slotted-type-3-black-med_0.jpg,10,,,,,,,,1N3.9547A1,,,,,,,,,,https://racetechnologies.com/sites/default/files/content/images/brakekits/brembo-n-caliper-6-piston-2-piece-350-380mm-slotted-type-3-black-med_0.jpg,kg,8708949900,,,,,
brembo-1n-9547a-f-6-piston-cast-monobloc-calipers-405mm-15-9-2-piece-discs-brake-disc,,,,,,,,,TY3,,Silver,,,BREMBO-1N3.9547A3,25000,shopify,continue,manual,4972.07,5404.42,TRUE,TRUE,1N3.9547A3,https://racetechnologies.com/sites/default/files/content/images/brakekits/brembo-n-caliper-6-piston-2-piece-350-380mm-slotted-type-3-silver-med_0.jpg,11,,,,,,,,1N3.9547A3,,,,,,,,,,https://racetechnologies.com/sites/default/files/content/images/brakekits/brembo-n-caliper-6-piston-2-piece-350-380mm-slotted-type-3-silver-med_0.jpg,kg,8708949900,,,,,
brembo-1n-9547a-f-6-piston-cast-monobloc-calipers-405mm-15-9-2-piece-discs-brake-disc,,,,,,,,,TY3,,Yellow,,,BREMBO-1N3.9547A5,25000,shopify,continue,manual,4972.07,5404.42,TRUE,TRUE,1N3.9547A5,https://racetechnologies.com/sites/default/files/content/images/brakekits/brembo-n-caliper-6-piston-2-piece-350-380mm-slotted-type-3-yellow-med_0.jpg,12,,,,,,,,1N3.9547A5,,,,,,,,,,https://racetechnologies.com/sites/default/files/content/images/brakekits/brembo-n-caliper-6-piston-2-piece-350-380mm-slotted-type-3-yellow-med_0.jpg,kg,8708949900,,,,,
brembo-1n-9547a-f-6-piston-billet-monobloc-calipers-405mm-15-9-2-piece-discs-brake-disc,Brembo 1N-.9547A 6-Piston Billet Monobloc Calipers  405mm (15.9'') 2-Piece Discs Brake Disc (Front),"<h4><strong>Description</strong></h4>This is 6-Piston Billet Monobloc Calipers | 405mm (15.9'') 2-Piece Discs | Complete Axle Set | Pre-Assembled | All Necessary Hardware Included, Front        <p>&nbsp;</p>        <h4>Features</h4>        <p><strong>Caliper</strong></p><table><tbody>  <tr><td>Caliper Body</td><td>:</td><td>Billet Monobloc Radial Mount</td></tr>  <tr><td>Caliper Piston Configuration</td><td>:</td><td>6-Piston</td></tr>  <tr><td>Caliper Piston Design And Insert Type</td><td>:</td><td>Inner Pressure Seal / Recessed Dust Boot / Ventilated Stainless Steel Insert</td></tr></tbody></table><p><strong>Disc</strong></p><table><tbody>  <tr><td>Disc Material/Finish</td><td>:</td><td>Advanced High Carbon Alloy / Corrosion Resistant Plating</td></tr>  <tr><td>Disc Diameter</td><td>:</td><td>328mm</td></tr>  <tr><td>Disc Width (Measurement)</td><td>:</td><td>28mm</td></tr>  <tr><td>Disc Air Gap (Measurement)</td><td>:</td><td>17mm</td></tr>  <tr><td>Disc Annulus (Measurement)</td><td>:</td><td>54mm</td></tr>  <tr><td>Disc Construction</td><td>:</td><td>2-Piece Disc Assembly</td></tr>  <tr><td>Disc Vane Design (Measurement)</td><td>:</td><td>Vented Curved 48 Vane</td></tr>  <tr><td>Disc To Hat Mounting System</td><td>:</td><td>Floating D-Bobbin with Anti Rattle Spring</td></tr></tbody></table><p><strong>Friction Material</strong></p><table><tbody>  <tr><td>Pad Compound</td><td>:</td><td>Brembo High Performance FM1000</td></tr>  <tr><td>Pad Volume / Surface Area</td><td>:</td><td>48.2 | 53.6</td></tr></tbody></table>        <p>&nbsp;</p>        <h4>What's Included</h4><ul>  <li>Brake Lines: Proprietary Brembo Stainless Steel Braided Brake Lines by Goodridge</li>  <li>Mounting Hardware: Brembo Engineered CNC Billet Caliper Adapters - All Necessary Hardware Included For Ease of Installation</li></ul>        <p>&nbsp;</p>        <p>&nbsp;</p><h4>Compatibility</h4><div class=""compatibility-accordion-wrapper""><div class=""compatibility-tab"">                        <input name=""tabs"" type=""checkbox"" id=""compatibility-tab-1"">                        <label for=""compatibility-tab-1""><b>TESLA</b><br></label>                                                    <div class=""compatibility-tab-content""><ul><li>MODEL S PLAID</li><li>MODEL X PLAID</li></ul></div></div></div><p>Feel free to contact us at info@mlperformance.co.uk should you wish to double check!</p>        <p>&nbsp;</p>        <h4>Compatibility Check</h4><p>To ensure the part(s) you have ordered fits your vehicle, we run a compatibility check prior to dispatch. We can do this either using your registration number (UK) or the last 7 digits of your VIN. Simply enter your car details prior to checkout.</p>          <p>&nbsp;</p>        <h4>Part Number</h4><p>BREMBO-1N1.9547AR (Cross Drilled /  Nickel Plated)</p><p>BREMBO-1N2.9547AR (TY1 /  Nickel Plated)</p><p>BREMBO-1N3.9547AR (TY3 /  Nickel Plated)</p>        <p>&nbsp;</p>        <h4>More Information</h4><p><strong>Manufactured by</strong></p><p>Brembo</p>",Brembo,,Brake,"Uploaded by_Muazzim, Brand_Brembo, Product Type_Brake, Category_Brake Discs",TRUE,Disc Type,Cross Drilled,Finish,Nickel Plated,,,BREMBO-1N1.9547AR,25000,shopify,continue,manual,9127.27,9920.95,TRUE,TRUE,1N1.9547AR,https://racetechnologies.com/sites/default/files/content/images/brakekits/brembo-n-caliper-6-piston-2-piece-405mm-drilled-gt-r-med.jpg,1,Brembo 1N-.9547A (F) 6-Piston Billet Monobloc Calipers  405mm (15.9'') 2-Piece Discs Brake Disc,,Brembo 1N-.9547A (F) 6-Piston Billet Monobloc Calipers  405mm (15.9'') 2-Piece Discs Brake Disc,Get Brembo 1N-.9547A (F) 6-Piston Billet Monobloc Calipers  405mm (15.9'') 2-Piece Discs Brake Disc for your car to get your desired looks and performance from ML Performance at the lowest price with FREE UK shipping & next day delivery on in stock items. Very cheap prices & good service.,,,,1N1.9547AR,,,new,,,,,,,https://racetechnologies.com/sites/default/files/content/images/brakekits/brembo-n-caliper-6-piston-2-piece-405mm-drilled-gt-r-med.jpg,kg,8708949900,,,,,active
brembo-1n-9547a-f-6-piston-billet-monobloc-calipers-405mm-15-9-2-piece-discs-brake-disc,,,,,,,,,TY1,,Nickel Plated,,,BREMBO-1N2.9547AR,25000,shopify,continue,manual,9127.27,9920.95,TRUE,TRUE,1N2.9547AR,https://racetechnologies.com/sites/default/files/content/images/brakekits/brembo-n-caliper-6-piston-2-piece-405mm-slotted-type-1-gt-r-med.jpg,2,,,,,,,,1N2.9547AR,,,,,,,,,,https://racetechnologies.com/sites/default/files/content/images/brakekits/brembo-n-caliper-6-piston-2-piece-405mm-slotted-type-1-gt-r-med.jpg,kg,8708949900,,,,,
brembo-1n-9547a-f-6-piston-billet-monobloc-calipers-405mm-15-9-2-piece-discs-brake-disc,,,,,,,,,TY3,,Nickel Plated,,,BREMBO-1N3.9547AR,25000,shopify,continue,manual,9127.27,9920.95,TRUE,TRUE,1N3.9547AR,https://racetechnologies.com/sites/default/files/content/images/brakekits/brembo-n-caliper-6-piston-2-piece-350-380mm-slotted-type-3-gt-r-med_0.jpg,3,,,,,,,,1N3.9547AR,,,,,,,,,,https://racetechnologies.com/sites/default/files/content/images/brakekits/brembo-n-caliper-6-piston-2-piece-350-380mm-slotted-type-3-gt-r-med_0.jpg,kg,8708949900,,,,,
brembo-1n-9547a-f-6-piston-cast-monobloc-calipers-405mm-15-9-2-piece-discs-brake-disc,Brembo 1N-.9547A 6-Piston Cast Monobloc Calipers  405mm (15.9'') 2-Piece Discs Brake Disc (Front),"<h4><strong>Description</strong></h4>This is 6-Piston Cast Monobloc Calipers | 405mm (15.9'') 2-Piece Discs | Complete Axle Set | Pre-Assembled | All Necessary Hardware Included, Front        <p>&nbsp;</p>        <h4>Features</h4>        <p><strong>Caliper</strong></p><table><tbody>  <tr><td>Caliper Body</td><td>:</td><td>Cast Monobloc Radial Mount</td></tr>  <tr><td>Caliper Piston Configuration</td><td>:</td><td>6-Piston</td></tr>  <tr><td>Caliper Piston Design And Insert Type</td><td>:</td><td>Inner Pressure Seal / Recessed Dust Boot / Stainless Steel Insert</td></tr></tbody></table><p><strong>Disc</strong></p><table><tbody>  <tr><td>Disc Material/Finish</td><td>:</td><td>Advanced High Carbon Alloy / Corrosion Resistant Plating</td></tr>  <tr><td>Disc Diameter</td><td>:</td><td>328mm</td></tr>  <tr><td>Disc Width (Measurement)</td><td>:</td><td>28mm</td></tr>  <tr><td>Disc Air Gap (Measurement)</td><td>:</td><td>17mm</td></tr>  <tr><td>Disc Annulus (Measurement)</td><td>:</td><td>54mm</td></tr>  <tr><td>Disc Construction</td><td>:</td><td>2-Piece Disc Assembly</td></tr>  <tr><td>Disc Vane Design (Measurement)</td><td>:</td><td>Vented Curved 48 Vane</td></tr>  <tr><td>Disc To Hat Mounting System</td><td>:</td><td>Floating D-Bobbin with Anti Rattle Spring</td></tr></tbody></table><p><strong>Friction Material</strong></p><table><tbody>  <tr><td>Pad Compound</td><td>:</td><td>Brembo High Performance FM1000</td></tr>  <tr><td>Pad Volume / Surface Area</td><td>:</td><td>48.2 | 53.6</td></tr></tbody></table>        <p>&nbsp;</p>        <h4>What's Included</h4><ul>  <li>Brake Lines: Proprietary Brembo Stainless Steel Braided Brake Lines by Goodridge</li>  <li>Mounting Hardware: Brembo Engineered CNC Billet Caliper Adapters - All Necessary Hardware Included For Ease of Installation</li></ul>        <p>&nbsp;</p>        <p>&nbsp;</p><h4>Compatibility</h4><div class=""compatibility-accordion-wrapper""><div class=""compatibility-tab"">                        <input name=""tabs"" type=""checkbox"" id=""compatibility-tab-1"">                        <label for=""compatibility-tab-1""><b>TESLA</b><br></label>                                                    <div class=""compatibility-tab-content""><ul><li>MODEL S PLAID</li><li>MODEL X PLAID</li></ul></div></div></div><p>Feel free to contact us at info@mlperformance.co.uk should you wish to double check!</p>        <p>&nbsp;</p>        <h4>Compatibility Check</h4><p>To ensure the part(s) you have ordered fits your vehicle, we run a compatibility check prior to dispatch. We can do this either using your registration number (UK) or the last 7 digits of your VIN. Simply enter your car details prior to checkout.</p>          <p>&nbsp;</p>        <h4>Part Number</h4><p>BREMBO-1N1.9547A2 (Cross Drilled /  Red)</p><p>BREMBO-1N1.9547A1 (Cross Drilled /  Black)</p><p>BREMBO-1N1.9547A3 (Cross Drilled /  Silver)</p><p>BREMBO-1N1.9547A5 (Cross Drilled /  Yellow)</p><p>BREMBO-1N2.9547A2 (TY1 /  Red)</p><p>BREMBO-1N2.9547A1 (TY1 /  Black)</p><p>BREMBO-1N2.9547A3 (TY1 /  Silver)</p><p>BREMBO-1N2.9547A5 (TY1 /  Yellow)</p><p>BREMBO-1N3.9547A2 (TY3 /  Red)</p><p>BREMBO-1N3.9547A1 (TY3 /  Black)</p><p>BREMBO-1N3.9547A3 (TY3 /  Silver)</p><p>BREMBO-1N3.9547A5 (TY3 /  Yellow)</p><p>BREMBO-1N1.9547AS (Cross Drilled /  Black Hard Anodized)</p><p>BREMBO-1N2.9547AS (TY1 /  Black Hard Anodized)</p><p>BREMBO-1N3.9547AS (TY3 /  Black Hard Anodized)</p>        <p>&nbsp;</p>        <h4>More Information</h4><p><strong>Manufactured by</strong></p><p>Brembo</p>",Brembo,,Brake,"Uploaded by_Muazzim, Brand_Brembo, Product Type_Brake, Category_Brake Discs",TRUE,Disc Type,Cross Drilled,Finish,Black Hard Anodized,,,BREMBO-1N1.9547AS,25000,shopify,continue,manual,5175,5625,TRUE,TRUE,1N1.9547AS,https://racetechnologies.com/sites/default/files/content/images/brakekits/brembo-n-caliper-6-piston-2-piece-405mm-drilled-gt-s-med.jpg,1,Brembo 1N-.9547A (F) 6-Piston Cast Monobloc Calipers  405mm (15.9'') 2-Piece Discs Brake Disc,,Brembo 1N-.9547A (F) 6-Piston Cast Monobloc Calipers  405mm (15.9'') 2-Piece Discs Brake Disc,Get Brembo 1N-.9547A (F) 6-Piston Cast Monobloc Calipers  405mm (15.9'') 2-Piece Discs Brake Disc for your car to get your desired looks and performance from ML Performance at the lowest price with FREE UK shipping & next day delivery on in stock items. Very cheap prices & good service.,,,,1N1.9547AS,,,new,,,,,,,https://racetechnologies.com/sites/default/files/content/images/brakekits/brembo-n-caliper-6-piston-2-piece-405mm-drilled-gt-s-med.jpg,kg,8708949900,,,,,active
brembo-1n-9547a-f-6-piston-cast-monobloc-calipers-405mm-15-9-2-piece-discs-brake-disc,,,,,,,,,TY1,,Black Hard Anodized,,,BREMBO-1N2.9547AS,25000,shopify,continue,manual,5175,5625,TRUE,TRUE,1N2.9547AS,https://racetechnologies.com/sites/default/files/content/images/brakekits/brembo-n-caliper-6-piston-2-piece-405mm-slotted-type-1-gt-s-med.jpg,2,,,,,,,,1N2.9547AS,,,,,,,,,,https://racetechnologies.com/sites/default/files/content/images/brakekits/brembo-n-caliper-6-piston-2-piece-405mm-slotted-type-1-gt-s-med.jpg,kg,8708949900,,,,,
brembo-1n-9547a-f-6-piston-cast-monobloc-calipers-405mm-15-9-2-piece-discs-brake-disc,,,,,,,,,TY3,,Black Hard Anodized,,,BREMBO-1N3.9547AS,25000,shopify,continue,manual,5175,5625,TRUE,TRUE,1N3.9547AS,https://racetechnologies.com/sites/default/files/content/images/brakekits/brembo-n-caliper-6-piston-2-piece-350-380mm-slotted-type-3-gt-s-med.jpg,3,,,,,,,,1N3.9547AS,,,,,,,,,,https://racetechnologies.com/sites/default/files/content/images/brakekits/brembo-n-caliper-6-piston-2-piece-350-380mm-slotted-type-3-gt-s-med.jpg,kg,8708949900,,,,,
brembo-1n-9079a-f-6-piston-cast-monobloc-calipers-380mm-15-2-piece-discs-brake-disc,Brembo 1N-.9079A 6-Piston Cast Monobloc Calipers  380mm (15'') 2-Piece Discs Brake Disc (Front),"<h4><strong>Description</strong></h4>This is 6-Piston Cast Monobloc Calipers | 380mm (15'') 2-Piece Discs | Complete Axle Set | Pre-Assembled | All Necessary Hardware Included, Front        <p>&nbsp;</p>        <h4>Features</h4>        <p><strong>Caliper</strong></p><table><tbody>  <tr><td>Caliper Body</td><td>:</td><td>Cast Monobloc Radial Mount</td></tr>  <tr><td>Caliper Piston Configuration</td><td>:</td><td>6-Piston</td></tr>  <tr><td>Caliper Piston Design And Insert Type</td><td>:</td><td>Inner Pressure Seal / OEM Approved Dust Boot</td></tr></tbody></table><p><strong>Disc</strong></p><table><tbody>  <tr><td>Disc Material/Finish</td><td>:</td><td>Advanced High Carbon Alloy / Corrosion Resistant Plating</td></tr>  <tr><td>Disc Diameter</td><td>:</td><td>328mm</td></tr>  <tr><td>Disc Width (Measurement)</td><td>:</td><td>28mm</td></tr>  <tr><td>Disc Air Gap (Measurement)</td><td>:</td><td>17mm</td></tr>  <tr><td>Disc Annulus (Measurement)</td><td>:</td><td>54mm</td></tr>  <tr><td>Disc Construction</td><td>:</td><td>2-Piece Disc Assembly</td></tr>  <tr><td>Disc Vane Design (Measurement)</td><td>:</td><td>Vented Curved 48 Vane</td></tr>  <tr><td>Disc To Hat Mounting System</td><td>:</td><td>Floating D-Bobbin with Anti Rattle Spring</td></tr></tbody></table><p><strong>Friction Material</strong></p><table><tbody>  <tr><td>Pad Compound</td><td>:</td><td>Brembo High Performance FM1000</td></tr>  <tr><td>Pad Volume / Surface Area</td><td>:</td><td>48.2 | 53.6</td></tr></tbody></table>        <p>&nbsp;</p>        <h4>What's Included</h4><ul>  <li>Brake Lines: Proprietary Brembo Stainless Steel Braided Brake Lines by Goodridge</li>  <li>Mounting Hardware: Brembo Engineered CNC Billet Caliper Adapters - All Necessary Hardware Included For Ease of Installation</li></ul>        <p>&nbsp;</p>        <p>&nbsp;</p><h4>Compatibility</h4><div class=""compatibility-accordion-wrapper""><div class=""compatibility-tab"">                        <input name=""tabs"" type=""checkbox"" id=""compatibility-tab-1"">                        <label for=""compatibility-tab-1""><b>TESLA</b><br></label>                                                    <div class=""compatibility-tab-content""><ul><li>MODEL X (WITH DUAL REAR CALIPERS, WITH ADAPTIVE SUSPENSION) (EXCLUDING PLAID)</li><li>MODEL X (WITH SINGLE REAR CALIPER, WITH ADAPTIVE SUSPENSION) (EXCLUDING PLAID)</li></ul></div></div></div><p>Feel free to contact us at info@mlperformance.co.uk should you wish to double check!</p>        <p>&nbsp;</p>        <h4>Compatibility Check</h4><p>To ensure the part(s) you have ordered fits your vehicle, we run a compatibility check prior to dispatch. We can do this either using your registration number (UK) or the last 7 digits of your VIN. Simply enter your car details prior to checkout.</p>          <p>&nbsp;</p>        <h4>Part Number</h4><p>BREMBO-1N1.9079A2 (Cross Drilled /  Red)</p><p>BREMBO-1N1.9079A1 (Cross Drilled /  Black)</p><p>BREMBO-1N1.9079A3 (Cross Drilled /  Silver)</p><p>BREMBO-1N1.9079A5 (Cross Drilled /  Yellow)</p><p>BREMBO-1N2.9079A2 (TY1 /  Red)</p><p>BREMBO-1N2.9079A1 (TY1 /  Black)</p><p>BREMBO-1N2.9079A3 (TY1 /  Silver)</p><p>BREMBO-1N2.9079A5 (TY1 /  Yellow)</p><p>BREMBO-1N3.9079A2 (TY3 /  Red)</p><p>BREMBO-1N3.9079A1 (TY3 /  Black)</p><p>BREMBO-1N3.9079A3 (TY3 /  Silver)</p><p>BREMBO-1N3.9079A5 (TY3 /  Yellow)</p><p>BREMBO-1N1.9079AS (Cross Drilled /  Black Hard Anodized)</p><p>BREMBO-1N2.9079AS (TY1 /  Black Hard Anodized)</p><p>BREMBO-1N3.9079AS (TY3 /  Black Hard Anodized)</p>        <p>&nbsp;</p>        <h4>More Information</h4><p><strong>Manufactured by</strong></p><p>Brembo</p>",Brembo,,Brake,"Uploaded by_Muazzim, Brand_Brembo, Product Type_Brake, Category_Brake Discs",TRUE,Disc Type,Cross Drilled,Finish,Red,,,BREMBO-1N1.9079A2,25000,shopify,continue,manual,4515.43,4908.08,TRUE,TRUE,1N1.9079A2,https://racetechnologies.com/sites/default/files/content/images/brakekits/brembo-n-caliper-6-piston-2-piece-365-380mm-drilled-red-med.jpg,1,Brembo 1N-.9079A (F) 6-Piston Cast Monobloc Calipers  380mm (15'') 2-Piece Discs Brake Disc,,Brembo 1N-.9079A (F) 6-Piston Cast Monobloc Calipers  380mm (15'') 2-Piece Discs Brake Disc,Get Brembo 1N-.9079A (F) 6-Piston Cast Monobloc Calipers  380mm (15'') 2-Piece Discs Brake Disc for your car to get your desired looks and performance from ML Performance at the lowest price with FREE UK shipping & next day delivery on in stock items. Very cheap prices & good service.,,,,1N1.9079A2,,,new,,,,,,,https://racetechnologies.com/sites/default/files/content/images/brakekits/brembo-n-caliper-6-piston-2-piece-365-380mm-drilled-red-med.jpg,kg,8708949900,,,,,active
brembo-1n-9079a-f-6-piston-cast-monobloc-calipers-380mm-15-2-piece-discs-brake-disc,,,,,,,,,Cross Drilled,,Black,,,BREMBO-1N1.9079A1,25000,shopify,continue,manual,4515.43,4908.08,TRUE,TRUE,1N1.9079A1,https://racetechnologies.com/sites/default/files/content/images/brakekits/brembo-n-caliper-6-piston-2-piece-365-380mm-drilled-black-med.jpg,2,,,,,,,,1N1.9079A1,,,,,,,,,,https://racetechnologies.com/sites/default/files/content/images/brakekits/brembo-n-caliper-6-piston-2-piece-365-380mm-drilled-black-med.jpg,kg,8708949900,,,,,
brembo-1n-9079a-f-6-piston-cast-monobloc-calipers-380mm-15-2-piece-discs-brake-disc,,,,,,,,,Cross Drilled,,Silver,,,BREMBO-1N1.9079A3,25000,shopify,continue,manual,4515.43,4908.08,TRUE,TRUE,1N1.9079A3,https://racetechnologies.com/sites/default/files/content/images/brakekits/brembo-n-caliper-6-piston-2-piece-365-380mm-drilled-silver-med.jpg,3,,,,,,,,1N1.9079A3,,,,,,,,,,https://racetechnologies.com/sites/default/files/content/images/brakekits/brembo-n-caliper-6-piston-2-piece-365-380mm-drilled-silver-med.jpg,kg,8708949900,,,,,
brembo-1n-9079a-f-6-piston-cast-monobloc-calipers-380mm-15-2-piece-discs-brake-disc,,,,,,,,,Cross Drilled,,Yellow,,,BREMBO-1N1.9079A5,25000,shopify,continue,manual,4515.43,4908.08,TRUE,TRUE,1N1.9079A5,https://racetechnologies.com/sites/default/files/content/images/brakekits/brembo-n-caliper-6-piston-2-piece-365-380mm-drilled-yellow-med.jpg,4,,,,,,,,1N1.9079A5,,,,,,,,,,https://racetechnologies.com/sites/default/files/content/images/brakekits/brembo-n-caliper-6-piston-2-piece-365-380mm-drilled-yellow-med.jpg,kg,8708949900,,,,,
brembo-1n-9079a-f-6-piston-cast-monobloc-calipers-380mm-15-2-piece-discs-brake-disc,,,,,,,,,TY1,,Red,,,BREMBO-1N2.9079A2,25000,shopify,continue,manual,4515.43,4908.08,TRUE,TRUE,1N2.9079A2,https://racetechnologies.com/sites/default/files/content/images/brakekits/brembo-n-caliper-6-piston-2-piece-365-380mm-slotted-type-1-red-med.jpg,5,,,,,,,,1N2.9079A2,,,,,,,,,,https://racetechnologies.com/sites/default/files/content/images/brakekits/brembo-n-caliper-6-piston-2-piece-365-380mm-slotted-type-1-red-med.jpg,kg,8708949900,,,,,
brembo-1n-9079a-f-6-piston-cast-monobloc-calipers-380mm-15-2-piece-discs-brake-disc,,,,,,,,,TY1,,Black,,,BREMBO-1N2.9079A1,25000,shopify,continue,manual,4515.43,4908.08,TRUE,TRUE,1N2.9079A1,https://racetechnologies.com/sites/default/files/content/images/brakekits/brembo-n-caliper-6-piston-2-piece-365-380mm-slotted-type-1-black-med.jpg,6,,,,,,,,1N2.9079A1,,,,,,,,,,https://racetechnologies.com/sites/default/files/content/images/brakekits/brembo-n-caliper-6-piston-2-piece-365-380mm-slotted-type-1-black-med.jpg,kg,8708949900,,,,,
brembo-1n-9079a-f-6-piston-cast-monobloc-calipers-380mm-15-2-piece-discs-brake-disc,,,,,,,,,TY1,,Silver,,,BREMBO-1N2.9079A3,25000,shopify,continue,manual,4515.43,4908.08,TRUE,TRUE,1N2.9079A3,https://racetechnologies.com/sites/default/files/content/images/brakekits/brembo-n-caliper-6-piston-2-piece-365-380mm-slotted-type-1-silver-med.jpg,7,,,,,,,,1N2.9079A3,,,,,,,,,,https://racetechnologies.com/sites/default/files/content/images/brakekits/brembo-n-caliper-6-piston-2-piece-365-380mm-slotted-type-1-silver-med.jpg,kg,8708949900,,,,,
brembo-1n-9079a-f-6-piston-cast-monobloc-calipers-380mm-15-2-piece-discs-brake-disc,,,,,,,,,TY1,,Yellow,,,BREMBO-1N2.9079A5,25000,shopify,continue,manual,4515.43,4908.08,TRUE,TRUE,1N2.9079A5,https://racetechnologies.com/sites/default/files/content/images/brakekits/brembo-n-caliper-6-piston-2-piece-365-380mm-slotted-type-1-yellow-med.jpg,8,,,,,,,,1N2.9079A5,,,,,,,,,,https://racetechnologies.com/sites/default/files/content/images/brakekits/brembo-n-caliper-6-piston-2-piece-365-380mm-slotted-type-1-yellow-med.jpg,kg,8708949900,,,,,
brembo-1n-9079a-f-6-piston-cast-monobloc-calipers-380mm-15-2-piece-discs-brake-disc,,,,,,,,,TY3,,Red,,,BREMBO-1N3.9079A2,25000,shopify,continue,manual,4515.43,4908.08,TRUE,TRUE,1N3.9079A2,https://racetechnologies.com/sites/default/files/content/images/brakekits/brembo-n-caliper-6-piston-2-piece-350-380mm-slotted-type-3-red-med_0.jpg,9,,,,,,,,1N3.9079A2,,,,,,,,,,https://racetechnologies.com/sites/default/files/content/images/brakekits/brembo-n-caliper-6-piston-2-piece-350-380mm-slotted-type-3-red-med_0.jpg,kg,8708949900,,,,,
brembo-1n-9079a-f-6-piston-cast-monobloc-calipers-380mm-15-2-piece-discs-brake-disc,,,,,,,,,TY3,,Black,,,BREMBO-1N3.9079A1,25000,shopify,continue,manual,4515.43,4908.08,TRUE,TRUE,1N3.9079A1,https://racetechnologies.com/sites/default/files/content/images/brakekits/brembo-n-caliper-6-piston-2-piece-350-380mm-slotted-type-3-black-med_0.jpg,10,,,,,,,,1N3.9079A1,,,,,,,,,,https://racetechnologies.com/sites/default/files/content/images/brakekits/brembo-n-caliper-6-piston-2-piece-350-380mm-slotted-type-3-black-med_0.jpg,kg,8708949900,,,,,
brembo-1n-9079a-f-6-piston-cast-monobloc-calipers-380mm-15-2-piece-discs-brake-disc,,,,,,,,,TY3,,Silver,,,BREMBO-1N3.9079A3,25000,shopify,continue,manual,4515.43,4908.08,TRUE,TRUE,1N3.9079A3,https://racetechnologies.com/sites/default/files/content/images/brakekits/brembo-n-caliper-6-piston-2-piece-350-380mm-slotted-type-3-silver-med_0.jpg,11,,,,,,,,1N3.9079A3,,,,,,,,,,https://racetechnologies.com/sites/default/files/content/images/brakekits/brembo-n-caliper-6-piston-2-piece-350-380mm-slotted-type-3-silver-med_0.jpg,kg,8708949900,,,,,
brembo-1n-9079a-f-6-piston-cast-monobloc-calipers-380mm-15-2-piece-discs-brake-disc,,,,,,,,,TY3,,Yellow,,,BREMBO-1N3.9079A5,25000,shopify,continue,manual,4515.43,4908.08,TRUE,TRUE,1N3.9079A5,https://racetechnologies.com/sites/default/files/content/images/brakekits/brembo-n-caliper-6-piston-2-piece-350-380mm-slotted-type-3-yellow-med_0.jpg,12,,,,,,,,1N3.9079A5,,,,,,,,,,https://racetechnologies.com/sites/default/files/content/images/brakekits/brembo-n-caliper-6-piston-2-piece-350-380mm-slotted-type-3-yellow-med_0.jpg,kg,8708949900,,,,,
brembo-1n-9079a-f-6-piston-billet-monobloc-calipers-380mm-15-2-piece-discs-brake-disc,Brembo 1N-.9079A 6-Piston Billet Monobloc Calipers  380mm (15'') 2-Piece Discs Brake Disc (Front),"<h4><strong>Description</strong></h4>This is 6-Piston Billet Monobloc Calipers | 380mm (15'') 2-Piece Discs | Complete Axle Set | Pre-Assembled | All Necessary Hardware Included, Front        <p>&nbsp;</p>        <h4>Features</h4>        <p><strong>Caliper</strong></p><table><tbody>  <tr><td>Caliper Body</td><td>:</td><td>Billet Monobloc Radial Mount</td></tr>  <tr><td>Caliper Piston Configuration</td><td>:</td><td>6-Piston</td></tr>  <tr><td>Caliper Piston Design And Insert Type</td><td>:</td><td>Inner Pressure Seal / Recessed Dust Boot / Ventilated Stainless Steel Insert</td></tr></tbody></table><p><strong>Disc</strong></p><table><tbody>  <tr><td>Disc Material/Finish</td><td>:</td><td>Advanced High Carbon Alloy / Corrosion Resistant Plating</td></tr>  <tr><td>Disc Diameter</td><td>:</td><td>328mm</td></tr>  <tr><td>Disc Width (Measurement)</td><td>:</td><td>28mm</td></tr>  <tr><td>Disc Air Gap (Measurement)</td><td>:</td><td>17mm</td></tr>  <tr><td>Disc Annulus (Measurement)</td><td>:</td><td>54mm</td></tr>  <tr><td>Disc Construction</td><td>:</td><td>2-Piece Disc Assembly</td></tr>  <tr><td>Disc Vane Design (Measurement)</td><td>:</td><td>Vented Curved 48 Vane</td></tr>  <tr><td>Disc To Hat Mounting System</td><td>:</td><td>Floating D-Bobbin with Anti Rattle Spring</td></tr></tbody></table><p><strong>Friction Material</strong></p><table><tbody>  <tr><td>Pad Compound</td><td>:</td><td>Brembo High Performance FM1000</td></tr>  <tr><td>Pad Volume / Surface Area</td><td>:</td><td>48.2 | 53.6</td></tr></tbody></table>        <p>&nbsp;</p>        <h4>What's Included</h4><ul>  <li>Brake Lines: Proprietary Brembo Stainless Steel Braided Brake Lines by Goodridge</li>  <li>Mounting Hardware: Brembo Engineered CNC Billet Caliper Adapters - All Necessary Hardware Included For Ease of Installation</li></ul>        <p>&nbsp;</p>        <p>&nbsp;</p><h4>Compatibility</h4><div class=""compatibility-accordion-wrapper""><div class=""compatibility-tab"">                        <input name=""tabs"" type=""checkbox"" id=""compatibility-tab-1"">                        <label for=""compatibility-tab-1""><b>TESLA</b><br></label>                                                    <div class=""compatibility-tab-content""><ul><li>MODEL X (WITH DUAL REAR CALIPERS, WITH ADAPTIVE SUSPENSION) (EXCLUDING PLAID)</li><li>MODEL X (WITH SINGLE REAR CALIPER, WITH ADAPTIVE SUSPENSION) (EXCLUDING PLAID)</li></ul></div></div></div><p>Feel free to contact us at info@mlperformance.co.uk should you wish to double check!</p>        <p>&nbsp;</p>        <h4>Compatibility Check</h4><p>To ensure the part(s) you have ordered fits your vehicle, we run a compatibility check prior to dispatch. We can do this either using your registration number (UK) or the last 7 digits of your VIN. Simply enter your car details prior to checkout.</p>          <p>&nbsp;</p>        <h4>Part Number</h4><p>BREMBO-1N1.9079AR (Cross Drilled /  Nickel Plated)</p><p>BREMBO-1N2.9079AR (TY1 /  Nickel Plated)</p><p>BREMBO-1N3.9079AR (TY3 /  Nickel Plated)</p>        <p>&nbsp;</p>        <h4>More Information</h4><p><strong>Manufactured by</strong></p><p>Brembo</p>",Brembo,,Brake,"Uploaded by_Muazzim, Brand_Brembo, Product Type_Brake, Category_Brake Discs",TRUE,Disc Type,Cross Drilled,Finish,Nickel Plated,,,BREMBO-1N1.9079AR,25000,shopify,continue,manual,8625,9375,TRUE,TRUE,1N1.9079AR,https://racetechnologies.com/sites/default/files/content/images/brakekits/brembo-n-caliper-6-piston-2-piece-365-380mm-drilled-gt-r-med_0.jpg,1,Brembo 1N-.9079A (F) 6-Piston Billet Monobloc Calipers  380mm (15'') 2-Piece Discs Brake Disc,,Brembo 1N-.9079A (F) 6-Piston Billet Monobloc Calipers  380mm (15'') 2-Piece Discs Brake Disc,Get Brembo 1N-.9079A (F) 6-Piston Billet Monobloc Calipers  380mm (15'') 2-Piece Discs Brake Disc for your car to get your desired looks and performance from ML Performance at the lowest price with FREE UK shipping & next day delivery on in stock items. Very cheap prices & good service.,,,,1N1.9079AR,,,new,,,,,,,https://racetechnologies.com/sites/default/files/content/images/brakekits/brembo-n-caliper-6-piston-2-piece-365-380mm-drilled-gt-r-med_0.jpg,kg,8708949900,,,,,active
brembo-1n-9079a-f-6-piston-billet-monobloc-calipers-380mm-15-2-piece-discs-brake-disc,,,,,,,,,TY1,,Nickel Plated,,,BREMBO-1N2.9079AR,25000,shopify,continue,manual,8625,9375,TRUE,TRUE,1N2.9079AR,https://racetechnologies.com/sites/default/files/content/images/brakekits/brembo-n-caliper-6-piston-2-piece-365-380mm-slotted-type-1-gt-r-med.jpg,2,,,,,,,,1N2.9079AR,,,,,,,,,,https://racetechnologies.com/sites/default/files/content/images/brakekits/brembo-n-caliper-6-piston-2-piece-365-380mm-slotted-type-1-gt-r-med.jpg,kg,8708949900,,,,,
brembo-1n-9079a-f-6-piston-billet-monobloc-calipers-380mm-15-2-piece-discs-brake-disc,,,,,,,,,TY3,,Nickel Plated,,,BREMBO-1N3.9079AR,25000,shopify,continue,manual,8625,9375,TRUE,TRUE,1N3.9079AR,https://racetechnologies.com/sites/default/files/content/images/brakekits/brembo-n-caliper-6-piston-2-piece-350-380mm-slotted-type-3-gt-r-med_0.jpg,3,,,,,,,,1N3.9079AR,,,,,,,,,,https://racetechnologies.com/sites/default/files/content/images/brakekits/brembo-n-caliper-6-piston-2-piece-350-380mm-slotted-type-3-gt-r-med_0.jpg,kg,8708949900,,,,,
brembo-1n-9079a-f-6-piston-cast-monobloc-calipers-380mm-15-2-piece-discs-brake-disc,Brembo 1N-.9079A 6-Piston Cast Monobloc Calipers  380mm (15'') 2-Piece Discs Brake Disc (Front),"<h4><strong>Description</strong></h4>This is 6-Piston Cast Monobloc Calipers | 380mm (15'') 2-Piece Discs | Complete Axle Set | Pre-Assembled | All Necessary Hardware Included, Front        <p>&nbsp;</p>        <h4>Features</h4>        <p><strong>Caliper</strong></p><table><tbody>  <tr><td>Caliper Body</td><td>:</td><td>Cast Monobloc Radial Mount</td></tr>  <tr><td>Caliper Piston Configuration</td><td>:</td><td>6-Piston</td></tr>  <tr><td>Caliper Piston Design And Insert Type</td><td>:</td><td>Inner Pressure Seal / Recessed Dust Boot / Stainless Steel Insert</td></tr></tbody></table><p><strong>Disc</strong></p><table><tbody>  <tr><td>Disc Material/Finish</td><td>:</td><td>Advanced High Carbon Alloy / Corrosion Resistant Plating</td></tr>  <tr><td>Disc Diameter</td><td>:</td><td>328mm</td></tr>  <tr><td>Disc Width (Measurement)</td><td>:</td><td>28mm</td></tr>  <tr><td>Disc Air Gap (Measurement)</td><td>:</td><td>17mm</td></tr>  <tr><td>Disc Annulus (Measurement)</td><td>:</td><td>54mm</td></tr>  <tr><td>Disc Construction</td><td>:</td><td>2-Piece Disc Assembly</td></tr>  <tr><td>Disc Vane Design (Measurement)</td><td>:</td><td>Vented Curved 48 Vane</td></tr>  <tr><td>Disc To Hat Mounting System</td><td>:</td><td>Floating D-Bobbin with Anti Rattle Spring</td></tr></tbody></table><p><strong>Friction Material</strong></p><table><tbody>  <tr><td>Pad Compound</td><td>:</td><td>Brembo High Performance FM1000</td></tr>  <tr><td>Pad Volume / Surface Area</td><td>:</td><td>48.2 | 53.6</td></tr></tbody></table>        <p>&nbsp;</p>        <h4>What's Included</h4><ul>  <li>Brake Lines: Proprietary Brembo Stainless Steel Braided Brake Lines by Goodridge</li>  <li>Mounting Hardware: Brembo Engineered CNC Billet Caliper Adapters - All Necessary Hardware Included For Ease of Installation</li></ul>        <p>&nbsp;</p>        <p>&nbsp;</p><h4>Compatibility</h4><div class=""compatibility-accordion-wrapper""><div class=""compatibility-tab"">                        <input name=""tabs"" type=""checkbox"" id=""compatibility-tab-1"">                        <label for=""compatibility-tab-1""><b>TESLA</b><br></label>                                                    <div class=""compatibility-tab-content""><ul><li>MODEL X (WITH DUAL REAR CALIPERS, WITH ADAPTIVE SUSPENSION) (EXCLUDING PLAID)</li><li>MODEL X (WITH SINGLE REAR CALIPER, WITH ADAPTIVE SUSPENSION) (EXCLUDING PLAID)</li></ul></div></div></div><p>Feel free to contact us at info@mlperformance.co.uk should you wish to double check!</p>        <p>&nbsp;</p>        <h4>Compatibility Check</h4><p>To ensure the part(s) you have ordered fits your vehicle, we run a compatibility check prior to dispatch. We can do this either using your registration number (UK) or the last 7 digits of your VIN. Simply enter your car details prior to checkout.</p>          <p>&nbsp;</p>        <h4>Part Number</h4><p>BREMBO-1N1.9079A2 (Cross Drilled /  Red)</p><p>BREMBO-1N1.9079A1 (Cross Drilled /  Black)</p><p>BREMBO-1N1.9079A3 (Cross Drilled /  Silver)</p><p>BREMBO-1N1.9079A5 (Cross Drilled /  Yellow)</p><p>BREMBO-1N2.9079A2 (TY1 /  Red)</p><p>BREMBO-1N2.9079A1 (TY1 /  Black)</p><p>BREMBO-1N2.9079A3 (TY1 /  Silver)</p><p>BREMBO-1N2.9079A5 (TY1 /  Yellow)</p><p>BREMBO-1N3.9079A2 (TY3 /  Red)</p><p>BREMBO-1N3.9079A1 (TY3 /  Black)</p><p>BREMBO-1N3.9079A3 (TY3 /  Silver)</p><p>BREMBO-1N3.9079A5 (TY3 /  Yellow)</p><p>BREMBO-1N1.9079AS (Cross Drilled /  Black Hard Anodized)</p><p>BREMBO-1N2.9079AS (TY1 /  Black Hard Anodized)</p><p>BREMBO-1N3.9079AS (TY3 /  Black Hard Anodized)</p>        <p>&nbsp;</p>        <h4>More Information</h4><p><strong>Manufactured by</strong></p><p>Brembo</p>",Brembo,,Brake,"Uploaded by_Muazzim, Brand_Brembo, Product Type_Brake, Category_Brake Discs",TRUE,Disc Type,Cross Drilled,Finish,Black Hard Anodized,,,BREMBO-1N1.9079AS,25000,shopify,continue,manual,4616.92,5018.39,TRUE,TRUE,1N1.9079AS,https://racetechnologies.com/sites/default/files/content/images/brakekits/brembo-n-caliper-6-piston-2-piece-365-380mm-drilled-gt-s-med.jpg,1,Brembo 1N-.9079A (F) 6-Piston Cast Monobloc Calipers  380mm (15'') 2-Piece Discs Brake Disc,,Brembo 1N-.9079A (F) 6-Piston Cast Monobloc Calipers  380mm (15'') 2-Piece Discs Brake Disc,Get Brembo 1N-.9079A (F) 6-Piston Cast Monobloc Calipers  380mm (15'') 2-Piece Discs Brake Disc for your car to get your desired looks and performance from ML Performance at the lowest price with FREE UK shipping & next day delivery on in stock items. Very cheap prices & good service.,,,,1N1.9079AS,,,new,,,,,,,https://racetechnologies.com/sites/default/files/content/images/brakekits/brembo-n-caliper-6-piston-2-piece-365-380mm-drilled-gt-s-med.jpg,kg,8708949900,,,,,active
brembo-1n-9079a-f-6-piston-cast-monobloc-calipers-380mm-15-2-piece-discs-brake-disc,,,,,,,,,TY1,,Black Hard Anodized,,,BREMBO-1N2.9079AS,25000,shopify,continue,manual,4616.92,5018.39,TRUE,TRUE,1N2.9079AS,https://racetechnologies.com/sites/default/files/content/images/brakekits/brembo-n-caliper-6-piston-2-piece-365-380mm-slotted-type-1-gt-s-med.jpg,2,,,,,,,,1N2.9079AS,,,,,,,,,,https://racetechnologies.com/sites/default/files/content/images/brakekits/brembo-n-caliper-6-piston-2-piece-365-380mm-slotted-type-1-gt-s-med.jpg,kg,8708949900,,,,,
brembo-1n-9079a-f-6-piston-cast-monobloc-calipers-380mm-15-2-piece-discs-brake-disc,,,,,,,,,TY3,,Black Hard Anodized,,,BREMBO-1N3.9079AS,25000,shopify,continue,manual,4616.92,5018.39,TRUE,TRUE,1N3.9079AS,https://racetechnologies.com/sites/default/files/content/images/brakekits/brembo-n-caliper-6-piston-2-piece-350-380mm-slotted-type-3-gt-s-med.jpg,3,,,,,,,,1N3.9079AS,,,,,,,,,,https://racetechnologies.com/sites/default/files/content/images/brakekits/brembo-n-caliper-6-piston-2-piece-350-380mm-slotted-type-3-gt-s-med.jpg,kg,8708949900,,,,,
brembo-1q-9629a-f-8-piston-cast-monobloc-calipers-412mm-16-2-2-piece-discs-brake-disc,Brembo 1Q-.9629A 8-Piston Cast Monobloc Calipers  412mm (16.2'') 2-Piece Discs Brake Disc (Front),"<h4><strong>Description</strong></h4>This is 8-Piston Cast Monobloc Calipers | 412mm (16.2'') 2-Piece Discs | Complete Axle Set | Pre-Assembled | All Necessary Hardware Included, Front        <p>&nbsp;</p>        <h4>Features</h4>        <p><strong>Caliper</strong></p><table><tbody>  <tr><td>Caliper Body</td><td>:</td><td>Cast Monobloc Radial Mount</td></tr>  <tr><td>Caliper Piston Configuration</td><td>:</td><td>8-Piston</td></tr>  <tr><td>Caliper Piston Design And Insert Type</td><td>:</td><td>Inner Pressure Seal / OEM Approved Dust Boot</td></tr></tbody></table><p><strong>Disc</strong></p><table><tbody>  <tr><td>Disc Material/Finish</td><td>:</td><td>Advanced High Carbon Alloy / Corrosion Resistant Plating</td></tr>  <tr><td>Disc Diameter</td><td>:</td><td>328mm</td></tr>  <tr><td>Disc Width (Measurement)</td><td>:</td><td>28mm</td></tr>  <tr><td>Disc Air Gap (Measurement)</td><td>:</td><td>17mm</td></tr>  <tr><td>Disc Annulus (Measurement)</td><td>:</td><td>54mm</td></tr>  <tr><td>Disc Construction</td><td>:</td><td>2-Piece Disc Assembly</td></tr>  <tr><td>Disc Vane Design (Measurement)</td><td>:</td><td>Vented Curved 48 Vane</td></tr>  <tr><td>Disc To Hat Mounting System</td><td>:</td><td>Floating D-Bobbin with Anti Rattle Spring</td></tr></tbody></table><p><strong>Friction Material</strong></p><table><tbody>  <tr><td>Pad Compound</td><td>:</td><td>Brembo High Performance FM1000</td></tr>  <tr><td>Pad Volume / Surface Area</td><td>:</td><td>48.2 | 53.6</td></tr></tbody></table>        <p>&nbsp;</p>        <h4>What's Included</h4><ul>  <li>Brake Lines: Proprietary Brembo Stainless Steel Braided Brake Lines by Goodridge</li>  <li>Mounting Hardware: Brembo Engineered CNC Billet Caliper Adapters - All Necessary Hardware Included For Ease of Installation</li></ul>        <p>&nbsp;</p>        <p>&nbsp;</p><h4>Compatibility</h4><div class=""compatibility-accordion-wrapper""><div class=""compatibility-tab"">                        <input name=""tabs"" type=""checkbox"" id=""compatibility-tab-1"">                        <label for=""compatibility-tab-1""><b>TESLA</b><br></label>                                                    <div class=""compatibility-tab-content""><ul><li>MODEL X (WITH DUAL REAR CALIPERS, WITH ADAPTIVE SUSPENSION) (EXCLUDING PLAID)</li><li>MODEL X (WITH SINGLE REAR CALIPER, WITH ADAPTIVE SUSPENSION) (EXCLUDING PLAID)</li></ul></div></div></div><p>Feel free to contact us at info@mlperformance.co.uk should you wish to double check!</p>        <p>&nbsp;</p>        <h4>Compatibility Check</h4><p>To ensure the part(s) you have ordered fits your vehicle, we run a compatibility check prior to dispatch. We can do this either using your registration number (UK) or the last 7 digits of your VIN. Simply enter your car details prior to checkout.</p>          <p>&nbsp;</p>        <h4>Part Number</h4><p>BREMBO-1Q1.9629A2 (Cross Drilled /  Red)</p><p>BREMBO-1Q1.9629A1 (Cross Drilled /  Black)</p><p>BREMBO-1Q1.9629A5 (Cross Drilled /  Yellow)</p><p>BREMBO-1Q1.9629A6 (Cross Drilled /  White)</p><p>BREMBO-1Q1.9629A7 (Cross Drilled /  Fluorescent Yellow)</p>        <p>&nbsp;</p>        <h4>More Information</h4><p><strong>Manufactured by</strong></p><p>Brembo</p>",Brembo,,Brake,"Uploaded by_Muazzim, Brand_Brembo, Product Type_Brake, Category_Brake Discs",TRUE,Disc Type,Cross Drilled,Finish,Red,,,BREMBO-1Q1.9629A2,25000,shopify,continue,manual,5834.57,6341.92,TRUE,TRUE,1Q1.9629A2,https://racetechnologies.com/sites/default/files/content/images/brakekits/brembo-q-caliper-8-piston-2-piece-412mm-drilled-red-med.jpg,1,Brembo 1Q-.9629A (F) 8-Piston Cast Monobloc Calipers  412mm (16.2'') 2-Piece Discs Brake Disc,,Brembo 1Q-.9629A (F) 8-Piston Cast Monobloc Calipers  412mm (16.2'') 2-Piece Discs Brake Disc,Get Brembo 1Q-.9629A (F) 8-Piston Cast Monobloc Calipers  412mm (16.2'') 2-Piece Discs Brake Disc for your car to get your desired looks and performance from ML Performance at the lowest price with FREE UK shipping & next day delivery on in stock items. Very cheap prices & good service.,,,,1Q1.9629A2,,,new,,,,,,,https://racetechnologies.com/sites/default/files/content/images/brakekits/brembo-q-caliper-8-piston-2-piece-412mm-drilled-red-med.jpg,kg,8708949900,,,,,active
brembo-1q-9629a-f-8-piston-cast-monobloc-calipers-412mm-16-2-2-piece-discs-brake-disc,,,,,,,,,Cross Drilled,,Black,,,BREMBO-1Q1.9629A1,25000,shopify,continue,manual,5834.57,6341.92,TRUE,TRUE,1Q1.9629A1,https://racetechnologies.com/sites/default/files/content/images/brakekits/brembo-q-caliper-8-piston-2-piece-412mm-drilled-black-med.jpg,2,,,,,,,,1Q1.9629A1,,,,,,,,,,https://racetechnologies.com/sites/default/files/content/images/brakekits/brembo-q-caliper-8-piston-2-piece-412mm-drilled-black-med.jpg,kg,8708949900,,,,,
brembo-1q-9629a-f-8-piston-cast-monobloc-calipers-412mm-16-2-2-piece-discs-brake-disc,,,,,,,,,Cross Drilled,,Yellow,,,BREMBO-1Q1.9629A5,25000,shopify,continue,manual,5834.57,6341.92,TRUE,TRUE,1Q1.9629A5,https://racetechnologies.com/sites/default/files/content/images/brakekits/brembo-q-caliper-8-piston-2-piece-412mm-drilled-yellow-med.jpg,3,,,,,,,,1Q1.9629A5,,,,,,,,,,https://racetechnologies.com/sites/default/files/content/images/brakekits/brembo-q-caliper-8-piston-2-piece-412mm-drilled-yellow-med.jpg,kg,8708949900,,,,,
brembo-1q-9629a-f-8-piston-cast-monobloc-calipers-412mm-16-2-2-piece-discs-brake-disc,,,,,,,,,Cross Drilled,,White,,,BREMBO-1Q1.9629A6,25000,shopify,continue,manual,5834.57,6341.92,TRUE,TRUE,1Q1.9629A6,https://racetechnologies.com/sites/default/files/content/images/brakekits/brembo-q-caliper-8-piston-2-piece-412mm-drilled-white-med.jpg,4,,,,,,,,1Q1.9629A6,,,,,,,,,,https://racetechnologies.com/sites/default/files/content/images/brakekits/brembo-q-caliper-8-piston-2-piece-412mm-drilled-white-med.jpg,kg,8708949900,,,,,
brembo-1q-9629a-f-8-piston-cast-monobloc-calipers-412mm-16-2-2-piece-discs-brake-disc,,,,,,,,,Cross Drilled,,Fluorescent Yellow,,,BREMBO-1Q1.9629A7,25000,shopify,continue,manual,5834.57,6341.92,TRUE,TRUE,1Q1.9629A7,https://racetechnologies.com/sites/default/files/content/images/brakekits/brembo-q-caliper-8-piston-2-piece-412mm-drilled-fluo-yellow-med.jpg,5,,,,,,,,1Q1.9629A7,,,,,,,,,,https://racetechnologies.com/sites/default/files/content/images/brakekits/brembo-q-caliper-8-piston-2-piece-412mm-drilled-fluo-yellow-med.jpg,kg,8708949900,,,,,
brembo-1n-8520a-f-6-piston-cast-monobloc-calipers-365mm-14-4-2-piece-discs-brake-disc,Brembo 1N-.8520A 6-Piston Cast Monobloc Calipers  365mm (14.4'') 2-Piece Discs Brake Disc (Front),"<h4><strong>Description</strong></h4>This is 6-Piston Cast Monobloc Calipers | 365mm (14.4'') 2-Piece Discs | Complete Axle Set | Pre-Assembled | All Necessary Hardware Included, Front        <p>&nbsp;</p>        <h4>Features</h4>        <p><strong>Caliper</strong></p><table><tbody>  <tr><td>Caliper Body</td><td>:</td><td>Cast Monobloc Radial Mount</td></tr>  <tr><td>Caliper Piston Configuration</td><td>:</td><td>6-Piston</td></tr>  <tr><td>Caliper Piston Design And Insert Type</td><td>:</td><td>Inner Pressure Seal / OEM Approved Dust Boot</td></tr></tbody></table><p><strong>Disc</strong></p><table><tbody>  <tr><td>Disc Material/Finish</td><td>:</td><td>Advanced High Carbon Alloy / Corrosion Resistant Plating</td></tr>  <tr><td>Disc Diameter</td><td>:</td><td>328mm</td></tr>  <tr><td>Disc Width (Measurement)</td><td>:</td><td>28mm</td></tr>  <tr><td>Disc Air Gap (Measurement)</td><td>:</td><td>17mm</td></tr>  <tr><td>Disc Annulus (Measurement)</td><td>:</td><td>54mm</td></tr>  <tr><td>Disc Construction</td><td>:</td><td>2-Piece Disc Assembly</td></tr>  <tr><td>Disc Vane Design (Measurement)</td><td>:</td><td>Vented Curved 48 Vane</td></tr>  <tr><td>Disc To Hat Mounting System</td><td>:</td><td>Floating D-Bobbin with Anti Rattle Spring</td></tr></tbody></table><p><strong>Friction Material</strong></p><table><tbody>  <tr><td>Pad Compound</td><td>:</td><td>Brembo High Performance FM1000</td></tr>  <tr><td>Pad Volume / Surface Area</td><td>:</td><td>48.2 | 53.6</td></tr></tbody></table>        <p>&nbsp;</p>        <h4>What's Included</h4><ul>  <li>Brake Lines: Proprietary Brembo Stainless Steel Braided Brake Lines by Goodridge</li>  <li>Mounting Hardware: Brembo Engineered CNC Billet Caliper Adapters - All Necessary Hardware Included For Ease of Installation</li></ul>        <p>&nbsp;</p>        <p>&nbsp;</p><h4>Compatibility</h4><div class=""compatibility-accordion-wrapper""><div class=""compatibility-tab"">                        <input name=""tabs"" type=""checkbox"" id=""compatibility-tab-1"">                        <label for=""compatibility-tab-1""><b>TESLA</b><br></label>                                                    <div class=""compatibility-tab-content""><ul><li>MODEL Y</li></ul></div></div></div><p>Feel free to contact us at info@mlperformance.co.uk should you wish to double check!</p>        <p>&nbsp;</p>        <h4>Compatibility Check</h4><p>To ensure the part(s) you have ordered fits your vehicle, we run a compatibility check prior to dispatch. We can do this either using your registration number (UK) or the last 7 digits of your VIN. Simply enter your car details prior to checkout.</p>          <p>&nbsp;</p>        <h4>Part Number</h4><p>BREMBO-1N1.8520A2 (Cross Drilled /  Red)</p><p>BREMBO-1N1.8520A1 (Cross Drilled /  Black)</p><p>BREMBO-1N1.8520A3 (Cross Drilled /  Silver)</p><p>BREMBO-1N1.8520A5 (Cross Drilled /  Yellow)</p><p>BREMBO-1N2.8520A2 (TY1 /  Red)</p><p>BREMBO-1N2.8520A1 (TY1 /  Black)</p><p>BREMBO-1N2.8520A3 (TY1 /  Silver)</p><p>BREMBO-1N2.8520A5 (TY1 /  Yellow)</p><p>BREMBO-1N1.8520AS (Cross Drilled /  Black Hard Anodized)</p><p>BREMBO-1N2.8520AS (TY1 /  Black Hard Anodized)</p>        <p>&nbsp;</p>        <h4>More Information</h4><p><strong>Manufactured by</strong></p><p>Brembo</p>",Brembo,,Brake,"Uploaded by_Muazzim, Brand_Brembo, Product Type_Brake, Category_Brake Discs",TRUE,Disc Type,Cross Drilled,Finish,Red,,,BREMBO-1N1.8520A2,25000,shopify,continue,manual,4160.29,4522.06,TRUE,TRUE,1N1.8520A2,https://racetechnologies.com/sites/default/files/content/images/brakekits/brembo-n-caliper-6-piston-2-piece-365-380mm-drilled-red-med.jpg,1,Brembo 1N-.8520A (F) 6-Piston Cast Monobloc Calipers  365mm (14.4'') 2-Piece Discs Brake Disc,,Brembo 1N-.8520A (F) 6-Piston Cast Monobloc Calipers  365mm (14.4'') 2-Piece Discs Brake Disc,Get Brembo 1N-.8520A (F) 6-Piston Cast Monobloc Calipers  365mm (14.4'') 2-Piece Discs Brake Disc for your car to get your desired looks and performance from ML Performance at the lowest price with FREE UK shipping & next day delivery on in stock items. Very cheap prices & good service.,,,,1N1.8520A2,,,new,,,,,,,https://racetechnologies.com/sites/default/files/content/images/brakekits/brembo-n-caliper-6-piston-2-piece-365-380mm-drilled-red-med.jpg,kg,8708949900,,,,,active
brembo-1n-8520a-f-6-piston-cast-monobloc-calipers-365mm-14-4-2-piece-discs-brake-disc,,,,,,,,,Cross Drilled,,Black,,,BREMBO-1N1.8520A1,25000,shopify,continue,manual,4160.29,4522.06,TRUE,TRUE,1N1.8520A1,https://racetechnologies.com/sites/default/files/content/images/brakekits/brembo-n-caliper-6-piston-2-piece-365-380mm-drilled-black-med.jpg,2,,,,,,,,1N1.8520A1,,,,,,,,,,https://racetechnologies.com/sites/default/files/content/images/brakekits/brembo-n-caliper-6-piston-2-piece-365-380mm-drilled-black-med.jpg,kg,8708949900,,,,,
brembo-1n-8520a-f-6-piston-cast-monobloc-calipers-365mm-14-4-2-piece-discs-brake-disc,,,,,,,,,Cross Drilled,,Silver,,,BREMBO-1N1.8520A3,25000,shopify,continue,manual,4160.29,4522.06,TRUE,TRUE,1N1.8520A3,https://racetechnologies.com/sites/default/files/content/images/brakekits/brembo-n-caliper-6-piston-2-piece-365-380mm-drilled-silver-med.jpg,3,,,,,,,,1N1.8520A3,,,,,,,,,,https://racetechnologies.com/sites/default/files/content/images/brakekits/brembo-n-caliper-6-piston-2-piece-365-380mm-drilled-silver-med.jpg,kg,8708949900,,,,,
brembo-1n-8520a-f-6-piston-cast-monobloc-calipers-365mm-14-4-2-piece-discs-brake-disc,,,,,,,,,Cross Drilled,,Yellow,,,BREMBO-1N1.8520A5,25000,shopify,continue,manual,4160.29,4522.06,TRUE,TRUE,1N1.8520A5,https://racetechnologies.com/sites/default/files/content/images/brakekits/brembo-n-caliper-6-piston-2-piece-365-380mm-drilled-yellow-med.jpg,4,,,,,,,,1N1.8520A5,,,,,,,,,,https://racetechnologies.com/sites/default/files/content/images/brakekits/brembo-n-caliper-6-piston-2-piece-365-380mm-drilled-yellow-med.jpg,kg,8708949900,,,,,
brembo-1n-8520a-f-6-piston-cast-monobloc-calipers-365mm-14-4-2-piece-discs-brake-disc,,,,,,,,,TY1,,Red,,,BREMBO-1N2.8520A2,25000,shopify,continue,manual,4160.29,4522.06,TRUE,TRUE,1N2.8520A2,https://racetechnologies.com/sites/default/files/content/images/brakekits/brembo-n-caliper-6-piston-2-piece-365-380mm-slotted-type-1-red-med.jpg,5,,,,,,,,1N2.8520A2,,,,,,,,,,https://racetechnologies.com/sites/default/files/content/images/brakekits/brembo-n-caliper-6-piston-2-piece-365-380mm-slotted-type-1-red-med.jpg,kg,8708949900,,,,,
brembo-1n-8520a-f-6-piston-cast-monobloc-calipers-365mm-14-4-2-piece-discs-brake-disc,,,,,,,,,TY1,,Black,,,BREMBO-1N2.8520A1,25000,shopify,continue,manual,4160.29,4522.06,TRUE,TRUE,1N2.8520A1,https://racetechnologies.com/sites/default/files/content/images/brakekits/brembo-n-caliper-6-piston-2-piece-365-380mm-slotted-type-1-black-med.jpg,6,,,,,,,,1N2.8520A1,,,,,,,,,,https://racetechnologies.com/sites/default/files/content/images/brakekits/brembo-n-caliper-6-piston-2-piece-365-380mm-slotted-type-1-black-med.jpg,kg,8708949900,,,,,
brembo-1n-8520a-f-6-piston-cast-monobloc-calipers-365mm-14-4-2-piece-discs-brake-disc,,,,,,,,,TY1,,Silver,,,BREMBO-1N2.8520A3,25000,shopify,continue,manual,4160.29,4522.06,TRUE,TRUE,1N2.8520A3,https://racetechnologies.com/sites/default/files/content/images/brakekits/brembo-n-caliper-6-piston-2-piece-365-380mm-slotted-type-1-silver-med.jpg,7,,,,,,,,1N2.8520A3,,,,,,,,,,https://racetechnologies.com/sites/default/files/content/images/brakekits/brembo-n-caliper-6-piston-2-piece-365-380mm-slotted-type-1-silver-med.jpg,kg,8708949900,,,,,
brembo-1n-8520a-f-6-piston-cast-monobloc-calipers-365mm-14-4-2-piece-discs-brake-disc,,,,,,,,,TY1,,Yellow,,,BREMBO-1N2.8520A5,25000,shopify,continue,manual,4160.29,4522.06,TRUE,TRUE,1N2.8520A5,https://racetechnologies.com/sites/default/files/content/images/brakekits/brembo-n-caliper-6-piston-2-piece-365-380mm-slotted-type-1-yellow-med.jpg,8,,,,,,,,1N2.8520A5,,,,,,,,,,https://racetechnologies.com/sites/default/files/content/images/brakekits/brembo-n-caliper-6-piston-2-piece-365-380mm-slotted-type-1-yellow-med.jpg,kg,8708949900,,,,,
brembo-1n-8520a-f-6-piston-billet-monobloc-calipers-365mm-14-4-2-piece-discs-brake-disc,Brembo 1N-.8520A 6-Piston Billet Monobloc Calipers  365mm (14.4'') 2-Piece Discs Brake Disc (Front),"<h4><strong>Description</strong></h4>This is 6-Piston Billet Monobloc Calipers | 365mm (14.4'') 2-Piece Discs | Complete Axle Set | Pre-Assembled | All Necessary Hardware Included, Front        <p>&nbsp;</p>        <h4>Features</h4>        <p><strong>Caliper</strong></p><table><tbody>  <tr><td>Caliper Body</td><td>:</td><td>Billet Monobloc Radial Mount</td></tr>  <tr><td>Caliper Piston Configuration</td><td>:</td><td>6-Piston</td></tr>  <tr><td>Caliper Piston Design And Insert Type</td><td>:</td><td>Inner Pressure Seal / Recessed Dust Boot / Ventilated Stainless Steel Insert</td></tr></tbody></table><p><strong>Disc</strong></p><table><tbody>  <tr><td>Disc Material/Finish</td><td>:</td><td>Advanced High Carbon Alloy / Corrosion Resistant Plating</td></tr>  <tr><td>Disc Diameter</td><td>:</td><td>328mm</td></tr>  <tr><td>Disc Width (Measurement)</td><td>:</td><td>28mm</td></tr>  <tr><td>Disc Air Gap (Measurement)</td><td>:</td><td>17mm</td></tr>  <tr><td>Disc Annulus (Measurement)</td><td>:</td><td>54mm</td></tr>  <tr><td>Disc Construction</td><td>:</td><td>2-Piece Disc Assembly</td></tr>  <tr><td>Disc Vane Design (Measurement)</td><td>:</td><td>Vented Curved 48 Vane</td></tr>  <tr><td>Disc To Hat Mounting System</td><td>:</td><td>Floating D-Bobbin with Anti Rattle Spring</td></tr></tbody></table><p><strong>Friction Material</strong></p><table><tbody>  <tr><td>Pad Compound</td><td>:</td><td>Brembo High Performance FM1000</td></tr>  <tr><td>Pad Volume / Surface Area</td><td>:</td><td>48.2 | 53.6</td></tr></tbody></table>        <p>&nbsp;</p>        <h4>What's Included</h4><ul>  <li>Brake Lines: Proprietary Brembo Stainless Steel Braided Brake Lines by Goodridge</li>  <li>Mounting Hardware: Brembo Engineered CNC Billet Caliper Adapters - All Necessary Hardware Included For Ease of Installation</li></ul>        <p>&nbsp;</p>        <p>&nbsp;</p><h4>Compatibility</h4><div class=""compatibility-accordion-wrapper""><div class=""compatibility-tab"">                        <input name=""tabs"" type=""checkbox"" id=""compatibility-tab-1"">                        <label for=""compatibility-tab-1""><b>TESLA</b><br></label>                                                    <div class=""compatibility-tab-content""><ul><li>MODEL Y</li></ul></div></div></div><p>Feel free to contact us at info@mlperformance.co.uk should you wish to double check!</p>        <p>&nbsp;</p>        <h4>Compatibility Check</h4><p>To ensure the part(s) you have ordered fits your vehicle, we run a compatibility check prior to dispatch. We can do this either using your registration number (UK) or the last 7 digits of your VIN. Simply enter your car details prior to checkout.</p>          <p>&nbsp;</p>        <h4>Part Number</h4><p>BREMBO-1N1.8520AR (Cross Drilled /  Nickel Plated)</p><p>BREMBO-1N2.8520AR (TY1 /  Nickel Plated)</p>        <p>&nbsp;</p>        <h4>More Information</h4><p><strong>Manufactured by</strong></p><p>Brembo</p>",Brembo,,Brake,"Uploaded by_Muazzim, Brand_Brembo, Product Type_Brake, Category_Brake Discs",TRUE,Disc Type,Cross Drilled,Finish,Nickel Plated,,,BREMBO-1N1.8520AR,25000,shopify,continue,manual,8066.92,8768.39,TRUE,TRUE,1N1.8520AR,https://racetechnologies.com/sites/default/files/content/images/brakekits/brembo-n-caliper-6-piston-2-piece-365-380mm-drilled-gt-r-med_0.jpg,1,Brembo 1N-.8520A (F) 6-Piston Billet Monobloc Calipers  365mm (14.4'') 2-Piece Discs Brake Disc,,Brembo 1N-.8520A (F) 6-Piston Billet Monobloc Calipers  365mm (14.4'') 2-Piece Discs Brake Disc,Get Brembo 1N-.8520A (F) 6-Piston Billet Monobloc Calipers  365mm (14.4'') 2-Piece Discs Brake Disc for your car to get your desired looks and performance from ML Performance at the lowest price with FREE UK shipping & next day delivery on in stock items. Very cheap prices & good service.,,,,1N1.8520AR,,,new,,,,,,,https://racetechnologies.com/sites/default/files/content/images/brakekits/brembo-n-caliper-6-piston-2-piece-365-380mm-drilled-gt-r-med_0.jpg,kg,8708949900,,,,,active
brembo-1n-8520a-f-6-piston-billet-monobloc-calipers-365mm-14-4-2-piece-discs-brake-disc,,,,,,,,,TY1,,Nickel Plated,,,BREMBO-1N2.8520AR,25000,shopify,continue,manual,8066.92,8768.39,TRUE,TRUE,1N2.8520AR,https://racetechnologies.com/sites/default/files/content/images/brakekits/brembo-n-caliper-6-piston-2-piece-365-380mm-slotted-type-1-gt-r-med.jpg,2,,,,,,,,1N2.8520AR,,,,,,,,,,https://racetechnologies.com/sites/default/files/content/images/brakekits/brembo-n-caliper-6-piston-2-piece-365-380mm-slotted-type-1-gt-r-med.jpg,kg,8708949900,,,,,
brembo-1n-8520a-f-6-piston-cast-monobloc-calipers-365mm-14-4-2-piece-discs-brake-disc,Brembo 1N-.8520A 6-Piston Cast Monobloc Calipers  365mm (14.4'') 2-Piece Discs Brake Disc (Front),"<h4><strong>Description</strong></h4>This is 6-Piston Cast Monobloc Calipers | 365mm (14.4'') 2-Piece Discs | Complete Axle Set | Pre-Assembled | All Necessary Hardware Included, Front        <p>&nbsp;</p>        <h4>Features</h4>        <p><strong>Caliper</strong></p><table><tbody>  <tr><td>Caliper Body</td><td>:</td><td>Cast Monobloc Radial Mount</td></tr>  <tr><td>Caliper Piston Configuration</td><td>:</td><td>6-Piston</td></tr>  <tr><td>Caliper Piston Design And Insert Type</td><td>:</td><td>Inner Pressure Seal / Recessed Dust Boot / Stainless Steel Insert</td></tr></tbody></table><p><strong>Disc</strong></p><table><tbody>  <tr><td>Disc Material/Finish</td><td>:</td><td>Advanced High Carbon Alloy / Corrosion Resistant Plating</td></tr>  <tr><td>Disc Diameter</td><td>:</td><td>328mm</td></tr>  <tr><td>Disc Width (Measurement)</td><td>:</td><td>28mm</td></tr>  <tr><td>Disc Air Gap (Measurement)</td><td>:</td><td>17mm</td></tr>  <tr><td>Disc Annulus (Measurement)</td><td>:</td><td>54mm</td></tr>  <tr><td>Disc Construction</td><td>:</td><td>2-Piece Disc Assembly</td></tr>  <tr><td>Disc Vane Design (Measurement)</td><td>:</td><td>Vented Curved 48 Vane</td></tr>  <tr><td>Disc To Hat Mounting System</td><td>:</td><td>Floating D-Bobbin with Anti Rattle Spring</td></tr></tbody></table><p><strong>Friction Material</strong></p><table><tbody>  <tr><td>Pad Compound</td><td>:</td><td>Brembo High Performance FM1000</td></tr>  <tr><td>Pad Volume / Surface Area</td><td>:</td><td>48.2 | 53.6</td></tr></tbody></table>        <p>&nbsp;</p>        <h4>What's Included</h4><ul>  <li>Brake Lines: Proprietary Brembo Stainless Steel Braided Brake Lines by Goodridge</li>  <li>Mounting Hardware: Brembo Engineered CNC Billet Caliper Adapters - All Necessary Hardware Included For Ease of Installation</li></ul>        <p>&nbsp;</p>        <p>&nbsp;</p><h4>Compatibility</h4><div class=""compatibility-accordion-wrapper""><div class=""compatibility-tab"">                        <input name=""tabs"" type=""checkbox"" id=""compatibility-tab-1"">                        <label for=""compatibility-tab-1""><b>TESLA</b><br></label>                                                    <div class=""compatibility-tab-content""><ul><li>MODEL Y</li></ul></div></div></div><p>Feel free to contact us at info@mlperformance.co.uk should you wish to double check!</p>        <p>&nbsp;</p>        <h4>Compatibility Check</h4><p>To ensure the part(s) you have ordered fits your vehicle, we run a compatibility check prior to dispatch. We can do this either using your registration number (UK) or the last 7 digits of your VIN. Simply enter your car details prior to checkout.</p>          <p>&nbsp;</p>        <h4>Part Number</h4><p>BREMBO-1N1.8520A2 (Cross Drilled /  Red)</p><p>BREMBO-1N1.8520A1 (Cross Drilled /  Black)</p><p>BREMBO-1N1.8520A3 (Cross Drilled /  Silver)</p><p>BREMBO-1N1.8520A5 (Cross Drilled /  Yellow)</p><p>BREMBO-1N2.8520A2 (TY1 /  Red)</p><p>BREMBO-1N2.8520A1 (TY1 /  Black)</p><p>BREMBO-1N2.8520A3 (TY1 /  Silver)</p><p>BREMBO-1N2.8520A5 (TY1 /  Yellow)</p><p>BREMBO-1N1.8520AS (Cross Drilled /  Black Hard Anodized)</p><p>BREMBO-1N2.8520AS (TY1 /  Black Hard Anodized)</p>        <p>&nbsp;</p>        <h4>More Information</h4><p><strong>Manufactured by</strong></p><p>Brembo</p>",Brembo,,Brake,"Uploaded by_Muazzim, Brand_Brembo, Product Type_Brake, Category_Brake Discs",TRUE,Disc Type,Cross Drilled,Finish,Black Hard Anodized,,,BREMBO-1N1.8520AS,25000,shopify,continue,manual,4261.76,4632.35,TRUE,TRUE,1N1.8520AS,https://racetechnologies.com/sites/default/files/content/images/brakekits/brembo-n-caliper-6-piston-2-piece-365-380mm-drilled-gt-s-med.jpg,1,Brembo 1N-.8520A (F) 6-Piston Cast Monobloc Calipers  365mm (14.4'') 2-Piece Discs Brake Disc,,Brembo 1N-.8520A (F) 6-Piston Cast Monobloc Calipers  365mm (14.4'') 2-Piece Discs Brake Disc,Get Brembo 1N-.8520A (F) 6-Piston Cast Monobloc Calipers  365mm (14.4'') 2-Piece Discs Brake Disc for your car to get your desired looks and performance from ML Performance at the lowest price with FREE UK shipping & next day delivery on in stock items. Very cheap prices & good service.,,,,1N1.8520AS,,,new,,,,,,,https://racetechnologies.com/sites/default/files/content/images/brakekits/brembo-n-caliper-6-piston-2-piece-365-380mm-drilled-gt-s-med.jpg,kg,8708949900,,,,,active
brembo-1n-8520a-f-6-piston-cast-monobloc-calipers-365mm-14-4-2-piece-discs-brake-disc,,,,,,,,,TY1,,Black Hard Anodized,,,BREMBO-1N2.8520AS,25000,shopify,continue,manual,4261.76,4632.35,TRUE,TRUE,1N2.8520AS,https://racetechnologies.com/sites/default/files/content/images/brakekits/brembo-n-caliper-6-piston-2-piece-365-380mm-slotted-type-1-gt-s-med.jpg,2,,,,,,,,1N2.8520AS,,,,,,,,,,https://racetechnologies.com/sites/default/files/content/images/brakekits/brembo-n-caliper-6-piston-2-piece-365-380mm-slotted-type-1-gt-s-med.jpg,kg,8708949900,,,,,
brembo-1n-9078a-f-6-piston-cast-monobloc-calipers-380mm-15-2-piece-discs-brake-disc,Brembo 1N-.9078A 6-Piston Cast Monobloc Calipers  380mm (15'') 2-Piece Discs Brake Disc (Front),"<h4><strong>Description</strong></h4>This is 6-Piston Cast Monobloc Calipers | 380mm (15'') 2-Piece Discs | Complete Axle Set | Pre-Assembled | All Necessary Hardware Included, Front        <p>&nbsp;</p>        <h4>Features</h4>        <p><strong>Caliper</strong></p><table><tbody>  <tr><td>Caliper Body</td><td>:</td><td>Cast Monobloc Radial Mount</td></tr>  <tr><td>Caliper Piston Configuration</td><td>:</td><td>6-Piston</td></tr>  <tr><td>Caliper Piston Design And Insert Type</td><td>:</td><td>Inner Pressure Seal / OEM Approved Dust Boot</td></tr></tbody></table><p><strong>Disc</strong></p><table><tbody>  <tr><td>Disc Material/Finish</td><td>:</td><td>Advanced High Carbon Alloy / Corrosion Resistant Plating</td></tr>  <tr><td>Disc Diameter</td><td>:</td><td>328mm</td></tr>  <tr><td>Disc Width (Measurement)</td><td>:</td><td>28mm</td></tr>  <tr><td>Disc Air Gap (Measurement)</td><td>:</td><td>17mm</td></tr>  <tr><td>Disc Annulus (Measurement)</td><td>:</td><td>54mm</td></tr>  <tr><td>Disc Construction</td><td>:</td><td>2-Piece Disc Assembly</td></tr>  <tr><td>Disc Vane Design (Measurement)</td><td>:</td><td>Vented Curved 48 Vane</td></tr>  <tr><td>Disc To Hat Mounting System</td><td>:</td><td>Floating D-Bobbin with Anti Rattle Spring</td></tr></tbody></table><p><strong>Friction Material</strong></p><table><tbody>  <tr><td>Pad Compound</td><td>:</td><td>Brembo High Performance FM1000</td></tr>  <tr><td>Pad Volume / Surface Area</td><td>:</td><td>48.2 | 53.6</td></tr></tbody></table>        <p>&nbsp;</p>        <h4>What's Included</h4><ul>  <li>Brake Lines: Proprietary Brembo Stainless Steel Braided Brake Lines by Goodridge</li>  <li>Mounting Hardware: Brembo Engineered CNC Billet Caliper Adapters - All Necessary Hardware Included For Ease of Installation</li></ul>        <p>&nbsp;</p>        <p>&nbsp;</p><h4>Compatibility</h4><div class=""compatibility-accordion-wrapper""><div class=""compatibility-tab"">                        <input name=""tabs"" type=""checkbox"" id=""compatibility-tab-1"">                        <label for=""compatibility-tab-1""><b>TESLA</b><br></label>                                                    <div class=""compatibility-tab-content""><ul><li>MODEL Y</li></ul></div></div></div><p>Feel free to contact us at info@mlperformance.co.uk should you wish to double check!</p>        <p>&nbsp;</p>        <h4>Compatibility Check</h4><p>To ensure the part(s) you have ordered fits your vehicle, we run a compatibility check prior to dispatch. We can do this either using your registration number (UK) or the last 7 digits of your VIN. Simply enter your car details prior to checkout.</p>          <p>&nbsp;</p>        <h4>Part Number</h4><p>BREMBO-1N1.9078A2 (Cross Drilled /  Red)</p><p>BREMBO-1N1.9078A1 (Cross Drilled /  Black)</p><p>BREMBO-1N1.9078A3 (Cross Drilled /  Silver)</p><p>BREMBO-1N1.9078A5 (Cross Drilled /  Yellow)</p><p>BREMBO-1N2.9078A2 (TY1 /  Red)</p><p>BREMBO-1N2.9078A1 (TY1 /  Black)</p><p>BREMBO-1N2.9078A3 (TY1 /  Silver)</p><p>BREMBO-1N2.9078A5 (TY1 /  Yellow)</p><p>BREMBO-1N3.9078A2 (TY3 /  Red)</p><p>BREMBO-1N3.9078A1 (TY3 /  Black)</p><p>BREMBO-1N3.9078A3 (TY3 /  Silver)</p><p>BREMBO-1N3.9078A5 (TY3 /  Yellow)</p><p>BREMBO-1N1.9078AS (Cross Drilled /  Black Hard Anodized)</p><p>BREMBO-1N2.9078AS (TY1 /  Black Hard Anodized)</p><p>BREMBO-1N3.9078AS (TY3 /  Black Hard Anodized)</p>        <p>&nbsp;</p>        <h4>More Information</h4><p><strong>Manufactured by</strong></p><p>Brembo</p>",Brembo,,Brake,"Uploaded by_Muazzim, Brand_Brembo, Product Type_Brake, Category_Brake Discs",TRUE,Disc Type,Cross Drilled,Finish,Red,,,BREMBO-1N1.9078A2,25000,shopify,continue,manual,4515.43,4908.08,TRUE,TRUE,1N1.9078A2,https://racetechnologies.com/sites/default/files/content/images/brakekits/brembo-n-caliper-6-piston-2-piece-365-380mm-drilled-red-med.jpg,1,Brembo 1N-.9078A (F) 6-Piston Cast Monobloc Calipers  380mm (15'') 2-Piece Discs Brake Disc,,Brembo 1N-.9078A (F) 6-Piston Cast Monobloc Calipers  380mm (15'') 2-Piece Discs Brake Disc,Get Brembo 1N-.9078A (F) 6-Piston Cast Monobloc Calipers  380mm (15'') 2-Piece Discs Brake Disc for your car to get your desired looks and performance from ML Performance at the lowest price with FREE UK shipping & next day delivery on in stock items. Very cheap prices & good service.,,,,1N1.9078A2,,,new,,,,,,,https://racetechnologies.com/sites/default/files/content/images/brakekits/brembo-n-caliper-6-piston-2-piece-365-380mm-drilled-red-med.jpg,kg,8708949900,,,,,active
brembo-1n-9078a-f-6-piston-cast-monobloc-calipers-380mm-15-2-piece-discs-brake-disc,,,,,,,,,Cross Drilled,,Black,,,BREMBO-1N1.9078A1,25000,shopify,continue,manual,4515.43,4908.08,TRUE,TRUE,1N1.9078A1,https://racetechnologies.com/sites/default/files/content/images/brakekits/brembo-n-caliper-6-piston-2-piece-365-380mm-drilled-black-med.jpg,2,,,,,,,,1N1.9078A1,,,,,,,,,,https://racetechnologies.com/sites/default/files/content/images/brakekits/brembo-n-caliper-6-piston-2-piece-365-380mm-drilled-black-med.jpg,kg,8708949900,,,,,
brembo-1n-9078a-f-6-piston-cast-monobloc-calipers-380mm-15-2-piece-discs-brake-disc,,,,,,,,,Cross Drilled,,Silver,,,BREMBO-1N1.9078A3,25000,shopify,continue,manual,4515.43,4908.08,TRUE,TRUE,1N1.9078A3,https://racetechnologies.com/sites/default/files/content/images/brakekits/brembo-n-caliper-6-piston-2-piece-365-380mm-drilled-silver-med.jpg,3,,,,,,,,1N1.9078A3,,,,,,,,,,https://racetechnologies.com/sites/default/files/content/images/brakekits/brembo-n-caliper-6-piston-2-piece-365-380mm-drilled-silver-med.jpg,kg,8708949900,,,,,
brembo-1n-9078a-f-6-piston-cast-monobloc-calipers-380mm-15-2-piece-discs-brake-disc,,,,,,,,,Cross Drilled,,Yellow,,,BREMBO-1N1.9078A5,25000,shopify,continue,manual,4515.43,4908.08,TRUE,TRUE,1N1.9078A5,https://racetechnologies.com/sites/default/files/content/images/brakekits/brembo-n-caliper-6-piston-2-piece-365-380mm-drilled-yellow-med.jpg,4,,,,,,,,1N1.9078A5,,,,,,,,,,https://racetechnologies.com/sites/default/files/content/images/brakekits/brembo-n-caliper-6-piston-2-piece-365-380mm-drilled-yellow-med.jpg,kg,8708949900,,,,,
brembo-1n-9078a-f-6-piston-cast-monobloc-calipers-380mm-15-2-piece-discs-brake-disc,,,,,,,,,TY1,,Red,,,BREMBO-1N2.9078A2,25000,shopify,continue,manual,4515.43,4908.08,TRUE,TRUE,1N2.9078A2,https://racetechnologies.com/sites/default/files/content/images/brakekits/brembo-n-caliper-6-piston-2-piece-365-380mm-slotted-type-1-red-med.jpg,5,,,,,,,,1N2.9078A2,,,,,,,,,,https://racetechnologies.com/sites/default/files/content/images/brakekits/brembo-n-caliper-6-piston-2-piece-365-380mm-slotted-type-1-red-med.jpg,kg,8708949900,,,,,
brembo-1n-9078a-f-6-piston-cast-monobloc-calipers-380mm-15-2-piece-discs-brake-disc,,,,,,,,,TY1,,Black,,,BREMBO-1N2.9078A1,25000,shopify,continue,manual,4515.43,4908.08,TRUE,TRUE,1N2.9078A1,https://racetechnologies.com/sites/default/files/content/images/brakekits/brembo-n-caliper-6-piston-2-piece-365-380mm-slotted-type-1-black-med.jpg,6,,,,,,,,1N2.9078A1,,,,,,,,,,https://racetechnologies.com/sites/default/files/content/images/brakekits/brembo-n-caliper-6-piston-2-piece-365-380mm-slotted-type-1-black-med.jpg,kg,8708949900,,,,,
brembo-1n-9078a-f-6-piston-cast-monobloc-calipers-380mm-15-2-piece-discs-brake-disc,,,,,,,,,TY1,,Silver,,,BREMBO-1N2.9078A3,25000,shopify,continue,manual,4515.43,4908.08,TRUE,TRUE,1N2.9078A3,https://racetechnologies.com/sites/default/files/content/images/brakekits/brembo-n-caliper-6-piston-2-piece-365-380mm-slotted-type-1-silver-med.jpg,7,,,,,,,,1N2.9078A3,,,,,,,,,,https://racetechnologies.com/sites/default/files/content/images/brakekits/brembo-n-caliper-6-piston-2-piece-365-380mm-slotted-type-1-silver-med.jpg,kg,8708949900,,,,,
brembo-1n-9078a-f-6-piston-cast-monobloc-calipers-380mm-15-2-piece-discs-brake-disc,,,,,,,,,TY1,,Yellow,,,BREMBO-1N2.9078A5,25000,shopify,continue,manual,4515.43,4908.08,TRUE,TRUE,1N2.9078A5,https://racetechnologies.com/sites/default/files/content/images/brakekits/brembo-n-caliper-6-piston-2-piece-365-380mm-slotted-type-1-yellow-med.jpg,8,,,,,,,,1N2.9078A5,,,,,,,,,,https://racetechnologies.com/sites/default/files/content/images/brakekits/brembo-n-caliper-6-piston-2-piece-365-380mm-slotted-type-1-yellow-med.jpg,kg,8708949900,,,,,
brembo-1n-9078a-f-6-piston-cast-monobloc-calipers-380mm-15-2-piece-discs-brake-disc,,,,,,,,,TY3,,Red,,,BREMBO-1N3.9078A2,25000,shopify,continue,manual,4515.43,4908.08,TRUE,TRUE,1N3.9078A2,https://racetechnologies.com/sites/default/files/content/images/brakekits/brembo-n-caliper-6-piston-2-piece-350-380mm-slotted-type-3-red-med_0.jpg,9,,,,,,,,1N3.9078A2,,,,,,,,,,https://racetechnologies.com/sites/default/files/content/images/brakekits/brembo-n-caliper-6-piston-2-piece-350-380mm-slotted-type-3-red-med_0.jpg,kg,8708949900,,,,,
brembo-1n-9078a-f-6-piston-cast-monobloc-calipers-380mm-15-2-piece-discs-brake-disc,,,,,,,,,TY3,,Black,,,BREMBO-1N3.9078A1,25000,shopify,continue,manual,4515.43,4908.08,TRUE,TRUE,1N3.9078A1,https://racetechnologies.com/sites/default/files/content/images/brakekits/brembo-n-caliper-6-piston-2-piece-350-380mm-slotted-type-3-black-med_0.jpg,10,,,,,,,,1N3.9078A1,,,,,,,,,,https://racetechnologies.com/sites/default/files/content/images/brakekits/brembo-n-caliper-6-piston-2-piece-350-380mm-slotted-type-3-black-med_0.jpg,kg,8708949900,,,,,
brembo-1n-9078a-f-6-piston-cast-monobloc-calipers-380mm-15-2-piece-discs-brake-disc,,,,,,,,,TY3,,Silver,,,BREMBO-1N3.9078A3,25000,shopify,continue,manual,4515.43,4908.08,TRUE,TRUE,1N3.9078A3,https://racetechnologies.com/sites/default/files/content/images/brakekits/brembo-n-caliper-6-piston-2-piece-350-380mm-slotted-type-3-silver-med_0.jpg,11,,,,,,,,1N3.9078A3,,,,,,,,,,https://racetechnologies.com/sites/default/files/content/images/brakekits/brembo-n-caliper-6-piston-2-piece-350-380mm-slotted-type-3-silver-med_0.jpg,kg,8708949900,,,,,
brembo-1n-9078a-f-6-piston-cast-monobloc-calipers-380mm-15-2-piece-discs-brake-disc,,,,,,,,,TY3,,Yellow,,,BREMBO-1N3.9078A5,25000,shopify,continue,manual,4515.43,4908.08,TRUE,TRUE,1N3.9078A5,https://racetechnologies.com/sites/default/files/content/images/brakekits/brembo-n-caliper-6-piston-2-piece-350-380mm-slotted-type-3-yellow-med_0.jpg,12,,,,,,,,1N3.9078A5,,,,,,,,,,https://racetechnologies.com/sites/default/files/content/images/brakekits/brembo-n-caliper-6-piston-2-piece-350-380mm-slotted-type-3-yellow-med_0.jpg,kg,8708949900,,,,,
brembo-1n-9078a-f-6-piston-billet-monobloc-calipers-380mm-15-2-piece-discs-brake-disc,Brembo 1N-.9078A 6-Piston Billet Monobloc Calipers  380mm (15'') 2-Piece Discs Brake Disc (Front),"<h4><strong>Description</strong></h4>This is 6-Piston Billet Monobloc Calipers | 380mm (15'') 2-Piece Discs | Complete Axle Set | Pre-Assembled | All Necessary Hardware Included, Front        <p>&nbsp;</p>        <h4>Features</h4>        <p><strong>Caliper</strong></p><table><tbody>  <tr><td>Caliper Body</td><td>:</td><td>Billet Monobloc Radial Mount</td></tr>  <tr><td>Caliper Piston Configuration</td><td>:</td><td>6-Piston</td></tr>  <tr><td>Caliper Piston Design And Insert Type</td><td>:</td><td>Inner Pressure Seal / Recessed Dust Boot / Ventilated Stainless Steel Insert</td></tr></tbody></table><p><strong>Disc</strong></p><table><tbody>  <tr><td>Disc Material/Finish</td><td>:</td><td>Advanced High Carbon Alloy / Corrosion Resistant Plating</td></tr>  <tr><td>Disc Diameter</td><td>:</td><td>328mm</td></tr>  <tr><td>Disc Width (Measurement)</td><td>:</td><td>28mm</td></tr>  <tr><td>Disc Air Gap (Measurement)</td><td>:</td><td>17mm</td></tr>  <tr><td>Disc Annulus (Measurement)</td><td>:</td><td>54mm</td></tr>  <tr><td>Disc Construction</td><td>:</td><td>2-Piece Disc Assembly</td></tr>  <tr><td>Disc Vane Design (Measurement)</td><td>:</td><td>Vented Curved 48 Vane</td></tr>  <tr><td>Disc To Hat Mounting System</td><td>:</td><td>Floating D-Bobbin with Anti Rattle Spring</td></tr></tbody></table><p><strong>Friction Material</strong></p><table><tbody>  <tr><td>Pad Compound</td><td>:</td><td>Brembo High Performance FM1000</td></tr>  <tr><td>Pad Volume / Surface Area</td><td>:</td><td>48.2 | 53.6</td></tr></tbody></table>        <p>&nbsp;</p>        <h4>What's Included</h4><ul>  <li>Brake Lines: Proprietary Brembo Stainless Steel Braided Brake Lines by Goodridge</li>  <li>Mounting Hardware: Brembo Engineered CNC Billet Caliper Adapters - All Necessary Hardware Included For Ease of Installation</li></ul>        <p>&nbsp;</p>        <p>&nbsp;</p><h4>Compatibility</h4><div class=""compatibility-accordion-wrapper""><div class=""compatibility-tab"">                        <input name=""tabs"" type=""checkbox"" id=""compatibility-tab-1"">                        <label for=""compatibility-tab-1""><b>TESLA</b><br></label>                                                    <div class=""compatibility-tab-content""><ul><li>MODEL Y</li></ul></div></div></div><p>Feel free to contact us at info@mlperformance.co.uk should you wish to double check!</p>        <p>&nbsp;</p>        <h4>Compatibility Check</h4><p>To ensure the part(s) you have ordered fits your vehicle, we run a compatibility check prior to dispatch. We can do this either using your registration number (UK) or the last 7 digits of your VIN. Simply enter your car details prior to checkout.</p>          <p>&nbsp;</p>        <h4>Part Number</h4><p>BREMBO-1N1.9078AR (Cross Drilled /  Nickel Plated)</p><p>BREMBO-1N2.9078AR (TY1 /  Nickel Plated)</p><p>BREMBO-1N3.9078AR (TY3 /  Nickel Plated)</p>        <p>&nbsp;</p>        <h4>More Information</h4><p><strong>Manufactured by</strong></p><p>Brembo</p>",Brembo,,Brake,"Uploaded by_Muazzim, Brand_Brembo, Product Type_Brake, Category_Brake Discs",TRUE,Disc Type,Cross Drilled,Finish,Nickel Plated,,,BREMBO-1N1.9078AR,25000,shopify,continue,manual,8625,9375,TRUE,TRUE,1N1.9078AR,https://racetechnologies.com/sites/default/files/content/images/brakekits/brembo-n-caliper-6-piston-2-piece-365-380mm-drilled-gt-r-med_0.jpg,1,Brembo 1N-.9078A (F) 6-Piston Billet Monobloc Calipers  380mm (15'') 2-Piece Discs Brake Disc,,Brembo 1N-.9078A (F) 6-Piston Billet Monobloc Calipers  380mm (15'') 2-Piece Discs Brake Disc,Get Brembo 1N-.9078A (F) 6-Piston Billet Monobloc Calipers  380mm (15'') 2-Piece Discs Brake Disc for your car to get your desired looks and performance from ML Performance at the lowest price with FREE UK shipping & next day delivery on in stock items. Very cheap prices & good service.,,,,1N1.9078AR,,,new,,,,,,,https://racetechnologies.com/sites/default/files/content/images/brakekits/brembo-n-caliper-6-piston-2-piece-365-380mm-drilled-gt-r-med_0.jpg,kg,8708949900,,,,,active
brembo-1n-9078a-f-6-piston-billet-monobloc-calipers-380mm-15-2-piece-discs-brake-disc,,,,,,,,,TY1,,Nickel Plated,,,BREMBO-1N2.9078AR,25000,shopify,continue,manual,8625,9375,TRUE,TRUE,1N2.9078AR,https://racetechnologies.com/sites/default/files/content/images/brakekits/brembo-n-caliper-6-piston-2-piece-365-380mm-slotted-type-1-gt-r-med.jpg,2,,,,,,,,1N2.9078AR,,,,,,,,,,https://racetechnologies.com/sites/default/files/content/images/brakekits/brembo-n-caliper-6-piston-2-piece-365-380mm-slotted-type-1-gt-r-med.jpg,kg,8708949900,,,,,
brembo-1n-9078a-f-6-piston-billet-monobloc-calipers-380mm-15-2-piece-discs-brake-disc,,,,,,,,,TY3,,Nickel Plated,,,BREMBO-1N3.9078AR,25000,shopify,continue,manual,8625,9375,TRUE,TRUE,1N3.9078AR,https://racetechnologies.com/sites/default/files/content/images/brakekits/brembo-n-caliper-6-piston-2-piece-350-380mm-slotted-type-3-gt-r-med_0.jpg,3,,,,,,,,1N3.9078AR,,,,,,,,,,https://racetechnologies.com/sites/default/files/content/images/brakekits/brembo-n-caliper-6-piston-2-piece-350-380mm-slotted-type-3-gt-r-med_0.jpg,kg,8708949900,,,,,
brembo-1n-9078a-f-6-piston-cast-monobloc-calipers-380mm-15-2-piece-discs-brake-disc,Brembo 1N-.9078A 6-Piston Cast Monobloc Calipers  380mm (15'') 2-Piece Discs Brake Disc (Front),"<h4><strong>Description</strong></h4>This is 6-Piston Cast Monobloc Calipers | 380mm (15'') 2-Piece Discs | Complete Axle Set | Pre-Assembled | All Necessary Hardware Included, Front        <p>&nbsp;</p>        <h4>Features</h4>        <p><strong>Caliper</strong></p><table><tbody>  <tr><td>Caliper Body</td><td>:</td><td>Cast Monobloc Radial Mount</td></tr>  <tr><td>Caliper Piston Configuration</td><td>:</td><td>6-Piston</td></tr>  <tr><td>Caliper Piston Design And Insert Type</td><td>:</td><td>Inner Pressure Seal / Recessed Dust Boot / Stainless Steel Insert</td></tr></tbody></table><p><strong>Disc</strong></p><table><tbody>  <tr><td>Disc Material/Finish</td><td>:</td><td>Advanced High Carbon Alloy / Corrosion Resistant Plating</td></tr>  <tr><td>Disc Diameter</td><td>:</td><td>328mm</td></tr>  <tr><td>Disc Width (Measurement)</td><td>:</td><td>28mm</td></tr>  <tr><td>Disc Air Gap (Measurement)</td><td>:</td><td>17mm</td></tr>  <tr><td>Disc Annulus (Measurement)</td><td>:</td><td>54mm</td></tr>  <tr><td>Disc Construction</td><td>:</td><td>2-Piece Disc Assembly</td></tr>  <tr><td>Disc Vane Design (Measurement)</td><td>:</td><td>Vented Curved 48 Vane</td></tr>  <tr><td>Disc To Hat Mounting System</td><td>:</td><td>Floating D-Bobbin with Anti Rattle Spring</td></tr></tbody></table><p><strong>Friction Material</strong></p><table><tbody>  <tr><td>Pad Compound</td><td>:</td><td>Brembo High Performance FM1000</td></tr>  <tr><td>Pad Volume / Surface Area</td><td>:</td><td>48.2 | 53.6</td></tr></tbody></table>        <p>&nbsp;</p>        <h4>What's Included</h4><ul>  <li>Brake Lines: Proprietary Brembo Stainless Steel Braided Brake Lines by Goodridge</li>  <li>Mounting Hardware: Brembo Engineered CNC Billet Caliper Adapters - All Necessary Hardware Included For Ease of Installation</li></ul>        <p>&nbsp;</p>        <p>&nbsp;</p><h4>Compatibility</h4><div class=""compatibility-accordion-wrapper""><div class=""compatibility-tab"">                        <input name=""tabs"" type=""checkbox"" id=""compatibility-tab-1"">                        <label for=""compatibility-tab-1""><b>TESLA</b><br></label>                                                    <div class=""compatibility-tab-content""><ul><li>MODEL Y</li></ul></div></div></div><p>Feel free to contact us at info@mlperformance.co.uk should you wish to double check!</p>        <p>&nbsp;</p>        <h4>Compatibility Check</h4><p>To ensure the part(s) you have ordered fits your vehicle, we run a compatibility check prior to dispatch. We can do this either using your registration number (UK) or the last 7 digits of your VIN. Simply enter your car details prior to checkout.</p>          <p>&nbsp;</p>        <h4>Part Number</h4><p>BREMBO-1N1.9078A2 (Cross Drilled /  Red)</p><p>BREMBO-1N1.9078A1 (Cross Drilled /  Black)</p><p>BREMBO-1N1.9078A3 (Cross Drilled /  Silver)</p><p>BREMBO-1N1.9078A5 (Cross Drilled /  Yellow)</p><p>BREMBO-1N2.9078A2 (TY1 /  Red)</p><p>BREMBO-1N2.9078A1 (TY1 /  Black)</p><p>BREMBO-1N2.9078A3 (TY1 /  Silver)</p><p>BREMBO-1N2.9078A5 (TY1 /  Yellow)</p><p>BREMBO-1N3.9078A2 (TY3 /  Red)</p><p>BREMBO-1N3.9078A1 (TY3 /  Black)</p><p>BREMBO-1N3.9078A3 (TY3 /  Silver)</p><p>BREMBO-1N3.9078A5 (TY3 /  Yellow)</p><p>BREMBO-1N1.9078AS (Cross Drilled /  Black Hard Anodized)</p><p>BREMBO-1N2.9078AS (TY1 /  Black Hard Anodized)</p><p>BREMBO-1N3.9078AS (TY3 /  Black Hard Anodized)</p>        <p>&nbsp;</p>        <h4>More Information</h4><p><strong>Manufactured by</strong></p><p>Brembo</p>",Brembo,,Brake,"Uploaded by_Muazzim, Brand_Brembo, Product Type_Brake, Category_Brake Discs",TRUE,Disc Type,Cross Drilled,Finish,Black Hard Anodized,,,BREMBO-1N1.9078AS,25000,shopify,continue,manual,4616.92,5018.39,TRUE,TRUE,1N1.9078AS,https://racetechnologies.com/sites/default/files/content/images/brakekits/brembo-n-caliper-6-piston-2-piece-365-380mm-drilled-gt-s-med.jpg,1,Brembo 1N-.9078A (F) 6-Piston Cast Monobloc Calipers  380mm (15'') 2-Piece Discs Brake Disc,,Brembo 1N-.9078A (F) 6-Piston Cast Monobloc Calipers  380mm (15'') 2-Piece Discs Brake Disc,Get Brembo 1N-.9078A (F) 6-Piston Cast Monobloc Calipers  380mm (15'') 2-Piece Discs Brake Disc for your car to get your desired looks and performance from ML Performance at the lowest price with FREE UK shipping & next day delivery on in stock items. Very cheap prices & good service.,,,,1N1.9078AS,,,new,,,,,,,https://racetechnologies.com/sites/default/files/content/images/brakekits/brembo-n-caliper-6-piston-2-piece-365-380mm-drilled-gt-s-med.jpg,kg,8708949900,,,,,active
brembo-1n-9078a-f-6-piston-cast-monobloc-calipers-380mm-15-2-piece-discs-brake-disc,,,,,,,,,TY1,,Black Hard Anodized,,,BREMBO-1N2.9078AS,25000,shopify,continue,manual,4616.92,5018.39,TRUE,TRUE,1N2.9078AS,https://racetechnologies.com/sites/default/files/content/images/brakekits/brembo-n-caliper-6-piston-2-piece-365-380mm-slotted-type-1-gt-s-med.jpg,2,,,,,,,,1N2.9078AS,,,,,,,,,,https://racetechnologies.com/sites/default/files/content/images/brakekits/brembo-n-caliper-6-piston-2-piece-365-380mm-slotted-type-1-gt-s-med.jpg,kg,8708949900,,,,,
brembo-1n-9078a-f-6-piston-cast-monobloc-calipers-380mm-15-2-piece-discs-brake-disc,,,,,,,,,TY3,,Black Hard Anodized,,,BREMBO-1N3.9078AS,25000,shopify,continue,manual,4616.92,5018.39,TRUE,TRUE,1N3.9078AS,https://racetechnologies.com/sites/default/files/content/images/brakekits/brembo-n-caliper-6-piston-2-piece-350-380mm-slotted-type-3-gt-s-med.jpg,3,,,,,,,,1N3.9078AS,,,,,,,,,,https://racetechnologies.com/sites/default/files/content/images/brakekits/brembo-n-caliper-6-piston-2-piece-350-380mm-slotted-type-3-gt-s-med.jpg,kg,8708949900,,,,,
brembo-1t-9033a-f-6-piston-cast-monobloc-calipers-380mm-15-2-piece-discs-brake-disc,Brembo 1T-.9033A 6-Piston Cast Monobloc Calipers  380mm (15'') 2-Piece Discs Brake Disc (Front),"<h4><strong>Description</strong></h4>This is 6-Piston Cast Monobloc Calipers | 380mm (15'') 2-Piece Discs | Complete Axle Set | Pre-Assembled | All Necessary Hardware Included, Front        <p>&nbsp;</p>        <h4>Features</h4>        <p><strong>Caliper</strong></p><table><tbody>  <tr><td>Caliper Body</td><td>:</td><td>Cast Monobloc Radial Mount</td></tr>  <tr><td>Caliper Piston Configuration</td><td>:</td><td>6-Piston</td></tr>  <tr><td>Caliper Piston Design And Insert Type</td><td>:</td><td>Inner Pressure Seal / OEM Approved Dust Boot</td></tr></tbody></table><p><strong>Disc</strong></p><table><tbody>  <tr><td>Disc Material/Finish</td><td>:</td><td>Advanced High Carbon Alloy / Corrosion Resistant Plating</td></tr>  <tr><td>Disc Diameter</td><td>:</td><td>328mm</td></tr>  <tr><td>Disc Width (Measurement)</td><td>:</td><td>28mm</td></tr>  <tr><td>Disc Air Gap (Measurement)</td><td>:</td><td>17mm</td></tr>  <tr><td>Disc Annulus (Measurement)</td><td>:</td><td>54mm</td></tr>  <tr><td>Disc Construction</td><td>:</td><td>2-Piece Disc Assembly</td></tr>  <tr><td>Disc Vane Design (Measurement)</td><td>:</td><td>Vented Curved 48 Vane</td></tr>  <tr><td>Disc To Hat Mounting System</td><td>:</td><td>Floating D-Bobbin with Anti Rattle Spring</td></tr></tbody></table><p><strong>Friction Material</strong></p><table><tbody>  <tr><td>Pad Compound</td><td>:</td><td>Brembo High Performance FM1000</td></tr>  <tr><td>Pad Volume / Surface Area</td><td>:</td><td>48.2 | 53.6</td></tr></tbody></table>        <p>&nbsp;</p>        <h4>What's Included</h4><ul>  <li>Brake Lines: Proprietary Brembo Stainless Steel Braided Brake Lines by Goodridge</li>  <li>Mounting Hardware: Brembo Engineered CNC Billet Caliper Adapters - All Necessary Hardware Included For Ease of Installation</li></ul>        <p>&nbsp;</p>        <p>&nbsp;</p><h4>Compatibility</h4><div class=""compatibility-accordion-wrapper""><div class=""compatibility-tab"">                        <input name=""tabs"" type=""checkbox"" id=""compatibility-tab-1"">                        <label for=""compatibility-tab-1""><b>TESLA</b><br></label>                                                    <div class=""compatibility-tab-content""><ul><li>MODEL Y</li></ul></div></div></div><p>Feel free to contact us at info@mlperformance.co.uk should you wish to double check!</p>        <p>&nbsp;</p>        <h4>Compatibility Check</h4><p>To ensure the part(s) you have ordered fits your vehicle, we run a compatibility check prior to dispatch. We can do this either using your registration number (UK) or the last 7 digits of your VIN. Simply enter your car details prior to checkout.</p>          <p>&nbsp;</p>        <h4>Part Number</h4><p>BREMBO-1T1.9033A2 (Cross Drilled /  Red)</p>        <p>&nbsp;</p>        <h4>More Information</h4><p><strong>Manufactured by</strong></p><p>Brembo</p>",Brembo,,Brake,"Uploaded by_Muazzim, Brand_Brembo, Product Type_Brake, Category_Brake Discs",TRUE,Disc Type,Cross Drilled,Finish,Red,,,BREMBO-1T1.9033A2,25000,shopify,continue,manual,4616.92,5018.39,TRUE,TRUE,1T1.9033A2,https://racetechnologies.com/sites/default/files/content/images/brakekits/brembo-t-caliper-6-piston-2-piece-365-380mm-drilled-red-med.jpg,1,Brembo 1T-.9033A (F) 6-Piston Cast Monobloc Calipers  380mm (15'') 2-Piece Discs Brake Disc,,Brembo 1T-.9033A (F) 6-Piston Cast Monobloc Calipers  380mm (15'') 2-Piece Discs Brake Disc,Get Brembo 1T-.9033A (F) 6-Piston Cast Monobloc Calipers  380mm (15'') 2-Piece Discs Brake Disc for your car to get your desired looks and performance from ML Performance at the lowest price with FREE UK shipping & next day delivery on in stock items. Very cheap prices & good service.,,,,1T1.9033A2,,,new,,,,,,,https://racetechnologies.com/sites/default/files/content/images/brakekits/brembo-t-caliper-6-piston-2-piece-365-380mm-drilled-red-med.jpg,kg,8708949900,,,,,active
brembo-1n-9086a-f-6-piston-cast-monobloc-calipers-380mm-15-2-piece-discs-brake-disc,Brembo 1N-.9086A 6-Piston Cast Monobloc Calipers  380mm (15'') 2-Piece Discs Brake Disc (Front),"<h4><strong>Description</strong></h4>This is 6-Piston Cast Monobloc Calipers | 380mm (15'') 2-Piece Discs | Complete Axle Set | Pre-Assembled | All Necessary Hardware Included, Front        <p>&nbsp;</p>        <h4>Features</h4>        <p><strong>Caliper</strong></p><table><tbody>  <tr><td>Caliper Body</td><td>:</td><td>Cast Monobloc Radial Mount</td></tr>  <tr><td>Caliper Piston Configuration</td><td>:</td><td>6-Piston</td></tr>  <tr><td>Caliper Piston Design And Insert Type</td><td>:</td><td>Inner Pressure Seal / OEM Approved Dust Boot</td></tr></tbody></table><p><strong>Disc</strong></p><table><tbody>  <tr><td>Disc Material/Finish</td><td>:</td><td>Advanced High Carbon Alloy / Corrosion Resistant Plating</td></tr>  <tr><td>Disc Diameter</td><td>:</td><td>328mm</td></tr>  <tr><td>Disc Width (Measurement)</td><td>:</td><td>28mm</td></tr>  <tr><td>Disc Air Gap (Measurement)</td><td>:</td><td>17mm</td></tr>  <tr><td>Disc Annulus (Measurement)</td><td>:</td><td>54mm</td></tr>  <tr><td>Disc Construction</td><td>:</td><td>2-Piece Disc Assembly</td></tr>  <tr><td>Disc Vane Design (Measurement)</td><td>:</td><td>Vented Curved 48 Vane</td></tr>  <tr><td>Disc To Hat Mounting System</td><td>:</td><td>Floating D-Bobbin with Anti Rattle Spring</td></tr></tbody></table><p><strong>Friction Material</strong></p><table><tbody>  <tr><td>Pad Compound</td><td>:</td><td>Brembo High Performance FM1000</td></tr>  <tr><td>Pad Volume / Surface Area</td><td>:</td><td>48.2 | 53.6</td></tr></tbody></table>        <p>&nbsp;</p>        <h4>What's Included</h4><ul>  <li>Brake Lines: Proprietary Brembo Stainless Steel Braided Brake Lines by Goodridge</li>  <li>Mounting Hardware: Brembo Engineered CNC Billet Caliper Adapters - All Necessary Hardware Included For Ease of Installation</li></ul>        <p>&nbsp;</p>        <p>&nbsp;</p><h4>Compatibility</h4><div class=""compatibility-accordion-wrapper""><div class=""compatibility-tab"">                        <input name=""tabs"" type=""checkbox"" id=""compatibility-tab-1"">                        <label for=""compatibility-tab-1""><b>TOYOTA</b><br></label>                                                    <div class=""compatibility-tab-content""><ul><li>CROWN (S235)</li></ul></div></div></div><p>Feel free to contact us at info@mlperformance.co.uk should you wish to double check!</p>        <p>&nbsp;</p>        <h4>Compatibility Check</h4><p>To ensure the part(s) you have ordered fits your vehicle, we run a compatibility check prior to dispatch. We can do this either using your registration number (UK) or the last 7 digits of your VIN. Simply enter your car details prior to checkout.</p>          <p>&nbsp;</p>        <h4>Part Number</h4><p>BREMBO-1N1.9086A2 (Cross Drilled /  Red)</p><p>BREMBO-1N1.9086A1 (Cross Drilled /  Black)</p><p>BREMBO-1N1.9086A3 (Cross Drilled /  Silver)</p><p>BREMBO-1N1.9086A5 (Cross Drilled /  Yellow)</p><p>BREMBO-1N2.9086A2 (TY1 /  Red)</p><p>BREMBO-1N2.9086A1 (TY1 /  Black)</p><p>BREMBO-1N2.9086A3 (TY1 /  Silver)</p><p>BREMBO-1N2.9086A5 (TY1 /  Yellow)</p><p>BREMBO-1N3.9086A2 (TY3 /  Red)</p><p>BREMBO-1N3.9086A1 (TY3 /  Black)</p><p>BREMBO-1N3.9086A3 (TY3 /  Silver)</p><p>BREMBO-1N3.9086A5 (TY3 /  Yellow)</p><p>BREMBO-1N1.9086AS (Cross Drilled /  Black Hard Anodized)</p><p>BREMBO-1N2.9086AS (TY1 /  Black Hard Anodized)</p><p>BREMBO-1N3.9086AS (TY3 /  Black Hard Anodized)</p>        <p>&nbsp;</p>        <h4>More Information</h4><p><strong>Manufactured by</strong></p><p>Brembo</p>",Brembo,,Brake,"Uploaded by_Muazzim, Brand_Brembo, Product Type_Brake, Category_Brake Discs",TRUE,Disc Type,Cross Drilled,Finish,Red,,,BREMBO-1N1.9086A2,25000,shopify,continue,manual,4515.43,4908.08,TRUE,TRUE,1N1.9086A2,https://racetechnologies.com/sites/default/files/content/images/brakekits/brembo-n-caliper-6-piston-2-piece-365-380mm-drilled-red-med.jpg,1,Brembo 1N-.9086A (F) 6-Piston Cast Monobloc Calipers  380mm (15'') 2-Piece Discs Brake Disc,,Brembo 1N-.9086A (F) 6-Piston Cast Monobloc Calipers  380mm (15'') 2-Piece Discs Brake Disc,Get Brembo 1N-.9086A (F) 6-Piston Cast Monobloc Calipers  380mm (15'') 2-Piece Discs Brake Disc for your car to get your desired looks and performance from ML Performance at the lowest price with FREE UK shipping & next day delivery on in stock items. Very cheap prices & good service.,,,,1N1.9086A2,,,new,,,,,,,https://racetechnologies.com/sites/default/files/content/images/brakekits/brembo-n-caliper-6-piston-2-piece-365-380mm-drilled-red-med.jpg,kg,8708949900,,,,,active
brembo-1n-9086a-f-6-piston-cast-monobloc-calipers-380mm-15-2-piece-discs-brake-disc,,,,,,,,,Cross Drilled,,Black,,,BREMBO-1N1.9086A1,25000,shopify,continue,manual,4515.43,4908.08,TRUE,TRUE,1N1.9086A1,https://racetechnologies.com/sites/default/files/content/images/brakekits/brembo-n-caliper-6-piston-2-piece-365-380mm-drilled-black-med.jpg,2,,,,,,,,1N1.9086A1,,,,,,,,,,https://racetechnologies.com/sites/default/files/content/images/brakekits/brembo-n-caliper-6-piston-2-piece-365-380mm-drilled-black-med.jpg,kg,8708949900,,,,,
brembo-1n-9086a-f-6-piston-cast-monobloc-calipers-380mm-15-2-piece-discs-brake-disc,,,,,,,,,Cross Drilled,,Silver,,,BREMBO-1N1.9086A3,25000,shopify,continue,manual,4515.43,4908.08,TRUE,TRUE,1N1.9086A3,https://racetechnologies.com/sites/default/files/content/images/brakekits/brembo-n-caliper-6-piston-2-piece-365-380mm-drilled-silver-med.jpg,3,,,,,,,,1N1.9086A3,,,,,,,,,,https://racetechnologies.com/sites/default/files/content/images/brakekits/brembo-n-caliper-6-piston-2-piece-365-380mm-drilled-silver-med.jpg,kg,8708949900,,,,,
brembo-1n-9086a-f-6-piston-cast-monobloc-calipers-380mm-15-2-piece-discs-brake-disc,,,,,,,,,Cross Drilled,,Yellow,,,BREMBO-1N1.9086A5,25000,shopify,continue,manual,4515.43,4908.08,TRUE,TRUE,1N1.9086A5,https://racetechnologies.com/sites/default/files/content/images/brakekits/brembo-n-caliper-6-piston-2-piece-365-380mm-drilled-yellow-med.jpg,4,,,,,,,,1N1.9086A5,,,,,,,,,,https://racetechnologies.com/sites/default/files/content/images/brakekits/brembo-n-caliper-6-piston-2-piece-365-380mm-drilled-yellow-med.jpg,kg,8708949900,,,,,
brembo-1n-9086a-f-6-piston-cast-monobloc-calipers-380mm-15-2-piece-discs-brake-disc,,,,,,,,,TY1,,Red,,,BREMBO-1N2.9086A2,25000,shopify,continue,manual,4515.43,4908.08,TRUE,TRUE,1N2.9086A2,https://racetechnologies.com/sites/default/files/content/images/brakekits/brembo-n-caliper-6-piston-2-piece-365-380mm-slotted-type-1-red-med.jpg,5,,,,,,,,1N2.9086A2,,,,,,,,,,https://racetechnologies.com/sites/default/files/content/images/brakekits/brembo-n-caliper-6-piston-2-piece-365-380mm-slotted-type-1-red-med.jpg,kg,8708949900,,,,,
brembo-1n-9086a-f-6-piston-cast-monobloc-calipers-380mm-15-2-piece-discs-brake-disc,,,,,,,,,TY1,,Black,,,BREMBO-1N2.9086A1,25000,shopify,continue,manual,4515.43,4908.08,TRUE,TRUE,1N2.9086A1,https://racetechnologies.com/sites/default/files/content/images/brakekits/brembo-n-caliper-6-piston-2-piece-365-380mm-slotted-type-1-black-med.jpg,6,,,,,,,,1N2.9086A1,,,,,,,,,,https://racetechnologies.com/sites/default/files/content/images/brakekits/brembo-n-caliper-6-piston-2-piece-365-380mm-slotted-type-1-black-med.jpg,kg,8708949900,,,,,
brembo-1n-9086a-f-6-piston-cast-monobloc-calipers-380mm-15-2-piece-discs-brake-disc,,,,,,,,,TY1,,Silver,,,BREMBO-1N2.9086A3,25000,shopify,continue,manual,4515.43,4908.08,TRUE,TRUE,1N2.9086A3,https://racetechnologies.com/sites/default/files/content/images/brakekits/brembo-n-caliper-6-piston-2-piece-365-380mm-slotted-type-1-silver-med.jpg,7,,,,,,,,1N2.9086A3,,,,,,,,,,https://racetechnologies.com/sites/default/files/content/images/brakekits/brembo-n-caliper-6-piston-2-piece-365-380mm-slotted-type-1-silver-med.jpg,kg,8708949900,,,,,
brembo-1n-9086a-f-6-piston-cast-monobloc-calipers-380mm-15-2-piece-discs-brake-disc,,,,,,,,,TY1,,Yellow,,,BREMBO-1N2.9086A5,25000,shopify,continue,manual,4515.43,4908.08,TRUE,TRUE,1N2.9086A5,https://racetechnologies.com/sites/default/files/content/images/brakekits/brembo-n-caliper-6-piston-2-piece-365-380mm-slotted-type-1-yellow-med.jpg,8,,,,,,,,1N2.9086A5,,,,,,,,,,https://racetechnologies.com/sites/default/files/content/images/brakekits/brembo-n-caliper-6-piston-2-piece-365-380mm-slotted-type-1-yellow-med.jpg,kg,8708949900,,,,,
brembo-1n-9086a-f-6-piston-cast-monobloc-calipers-380mm-15-2-piece-discs-brake-disc,,,,,,,,,TY3,,Red,,,BREMBO-1N3.9086A2,25000,shopify,continue,manual,4515.43,4908.08,TRUE,TRUE,1N3.9086A2,https://racetechnologies.com/sites/default/files/content/images/brakekits/brembo-n-caliper-6-piston-2-piece-350-380mm-slotted-type-3-red-med_0.jpg,9,,,,,,,,1N3.9086A2,,,,,,,,,,https://racetechnologies.com/sites/default/files/content/images/brakekits/brembo-n-caliper-6-piston-2-piece-350-380mm-slotted-type-3-red-med_0.jpg,kg,8708949900,,,,,
brembo-1n-9086a-f-6-piston-cast-monobloc-calipers-380mm-15-2-piece-discs-brake-disc,,,,,,,,,TY3,,Black,,,BREMBO-1N3.9086A1,25000,shopify,continue,manual,4515.43,4908.08,TRUE,TRUE,1N3.9086A1,https://racetechnologies.com/sites/default/files/content/images/brakekits/brembo-n-caliper-6-piston-2-piece-350-380mm-slotted-type-3-black-med_0.jpg,10,,,,,,,,1N3.9086A1,,,,,,,,,,https://racetechnologies.com/sites/default/files/content/images/brakekits/brembo-n-caliper-6-piston-2-piece-350-380mm-slotted-type-3-black-med_0.jpg,kg,8708949900,,,,,
brembo-1n-9086a-f-6-piston-cast-monobloc-calipers-380mm-15-2-piece-discs-brake-disc,,,,,,,,,TY3,,Silver,,,BREMBO-1N3.9086A3,25000,shopify,continue,manual,4515.43,4908.08,TRUE,TRUE,1N3.9086A3,https://racetechnologies.com/sites/default/files/content/images/brakekits/brembo-n-caliper-6-piston-2-piece-350-380mm-slotted-type-3-silver-med_0.jpg,11,,,,,,,,1N3.9086A3,,,,,,,,,,https://racetechnologies.com/sites/default/files/content/images/brakekits/brembo-n-caliper-6-piston-2-piece-350-380mm-slotted-type-3-silver-med_0.jpg,kg,8708949900,,,,,
brembo-1n-9086a-f-6-piston-cast-monobloc-calipers-380mm-15-2-piece-discs-brake-disc,,,,,,,,,TY3,,Yellow,,,BREMBO-1N3.9086A5,25000,shopify,continue,manual,4515.43,4908.08,TRUE,TRUE,1N3.9086A5,https://racetechnologies.com/sites/default/files/content/images/brakekits/brembo-n-caliper-6-piston-2-piece-350-380mm-slotted-type-3-yellow-med_0.jpg,12,,,,,,,,1N3.9086A5,,,,,,,,,,https://racetechnologies.com/sites/default/files/content/images/brakekits/brembo-n-caliper-6-piston-2-piece-350-380mm-slotted-type-3-yellow-med_0.jpg,kg,8708949900,,,,,
brembo-1n-9086a-f-6-piston-billet-monobloc-calipers-380mm-15-2-piece-discs-brake-disc,Brembo 1N-.9086A 6-Piston Billet Monobloc Calipers  380mm (15'') 2-Piece Discs Brake Disc (Front),"<h4><strong>Description</strong></h4>This is 6-Piston Billet Monobloc Calipers | 380mm (15'') 2-Piece Discs | Complete Axle Set | Pre-Assembled | All Necessary Hardware Included, Front        <p>&nbsp;</p>        <h4>Features</h4>        <p><strong>Caliper</strong></p><table><tbody>  <tr><td>Caliper Body</td><td>:</td><td>Billet Monobloc Radial Mount</td></tr>  <tr><td>Caliper Piston Configuration</td><td>:</td><td>6-Piston</td></tr>  <tr><td>Caliper Piston Design And Insert Type</td><td>:</td><td>Inner Pressure Seal / Recessed Dust Boot / Ventilated Stainless Steel Insert</td></tr></tbody></table><p><strong>Disc</strong></p><table><tbody>  <tr><td>Disc Material/Finish</td><td>:</td><td>Advanced High Carbon Alloy / Corrosion Resistant Plating</td></tr>  <tr><td>Disc Diameter</td><td>:</td><td>328mm</td></tr>  <tr><td>Disc Width (Measurement)</td><td>:</td><td>28mm</td></tr>  <tr><td>Disc Air Gap (Measurement)</td><td>:</td><td>17mm</td></tr>  <tr><td>Disc Annulus (Measurement)</td><td>:</td><td>54mm</td></tr>  <tr><td>Disc Construction</td><td>:</td><td>2-Piece Disc Assembly</td></tr>  <tr><td>Disc Vane Design (Measurement)</td><td>:</td><td>Vented Curved 48 Vane</td></tr>  <tr><td>Disc To Hat Mounting System</td><td>:</td><td>Floating D-Bobbin with Anti Rattle Spring</td></tr></tbody></table><p><strong>Friction Material</strong></p><table><tbody>  <tr><td>Pad Compound</td><td>:</td><td>Brembo High Performance FM1000</td></tr>  <tr><td>Pad Volume / Surface Area</td><td>:</td><td>48.2 | 53.6</td></tr></tbody></table>        <p>&nbsp;</p>        <h4>What's Included</h4><ul>  <li>Brake Lines: Proprietary Brembo Stainless Steel Braided Brake Lines by Goodridge</li>  <li>Mounting Hardware: Brembo Engineered CNC Billet Caliper Adapters - All Necessary Hardware Included For Ease of Installation</li></ul>        <p>&nbsp;</p>        <p>&nbsp;</p><h4>Compatibility</h4><div class=""compatibility-accordion-wrapper""><div class=""compatibility-tab"">                        <input name=""tabs"" type=""checkbox"" id=""compatibility-tab-1"">                        <label for=""compatibility-tab-1""><b>TOYOTA</b><br></label>                                                    <div class=""compatibility-tab-content""><ul><li>CROWN (S235)</li></ul></div></div></div><p>Feel free to contact us at info@mlperformance.co.uk should you wish to double check!</p>        <p>&nbsp;</p>        <h4>Compatibility Check</h4><p>To ensure the part(s) you have ordered fits your vehicle, we run a compatibility check prior to dispatch. We can do this either using your registration number (UK) or the last 7 digits of your VIN. Simply enter your car details prior to checkout.</p>          <p>&nbsp;</p>        <h4>Part Number</h4><p>BREMBO-1N1.9086AR (Cross Drilled /  Nickel Plated)</p><p>BREMBO-1N2.9086AR (TY1 /  Nickel Plated)</p><p>BREMBO-1N3.9086AR (TY3 /  Nickel Plated)</p>        <p>&nbsp;</p>        <h4>More Information</h4><p><strong>Manufactured by</strong></p><p>Brembo</p>",Brembo,,Brake,"Uploaded by_Muazzim, Brand_Brembo, Product Type_Brake, Category_Brake Discs",TRUE,Disc Type,Cross Drilled,Finish,Nickel Plated,,,BREMBO-1N1.9086AR,25000,shopify,continue,manual,8625,9375,TRUE,TRUE,1N1.9086AR,https://racetechnologies.com/sites/default/files/content/images/brakekits/brembo-n-caliper-6-piston-2-piece-365-380mm-drilled-gt-r-med_0.jpg,1,Brembo 1N-.9086A (F) 6-Piston Billet Monobloc Calipers  380mm (15'') 2-Piece Discs Brake Disc,,Brembo 1N-.9086A (F) 6-Piston Billet Monobloc Calipers  380mm (15'') 2-Piece Discs Brake Disc,Get Brembo 1N-.9086A (F) 6-Piston Billet Monobloc Calipers  380mm (15'') 2-Piece Discs Brake Disc for your car to get your desired looks and performance from ML Performance at the lowest price with FREE UK shipping & next day delivery on in stock items. Very cheap prices & good service.,,,,1N1.9086AR,,,new,,,,,,,https://racetechnologies.com/sites/default/files/content/images/brakekits/brembo-n-caliper-6-piston-2-piece-365-380mm-drilled-gt-r-med_0.jpg,kg,8708949900,,,,,active
brembo-1n-9086a-f-6-piston-billet-monobloc-calipers-380mm-15-2-piece-discs-brake-disc,,,,,,,,,TY1,,Nickel Plated,,,BREMBO-1N2.9086AR,25000,shopify,continue,manual,8625,9375,TRUE,TRUE,1N2.9086AR,https://racetechnologies.com/sites/default/files/content/images/brakekits/brembo-n-caliper-6-piston-2-piece-365-380mm-slotted-type-1-gt-r-med.jpg,2,,,,,,,,1N2.9086AR,,,,,,,,,,https://racetechnologies.com/sites/default/files/content/images/brakekits/brembo-n-caliper-6-piston-2-piece-365-380mm-slotted-type-1-gt-r-med.jpg,kg,8708949900,,,,,
brembo-1n-9086a-f-6-piston-billet-monobloc-calipers-380mm-15-2-piece-discs-brake-disc,,,,,,,,,TY3,,Nickel Plated,,,BREMBO-1N3.9086AR,25000,shopify,continue,manual,8625,9375,TRUE,TRUE,1N3.9086AR,https://racetechnologies.com/sites/default/files/content/images/brakekits/brembo-n-caliper-6-piston-2-piece-350-380mm-slotted-type-3-gt-r-med_0.jpg,3,,,,,,,,1N3.9086AR,,,,,,,,,,https://racetechnologies.com/sites/default/files/content/images/brakekits/brembo-n-caliper-6-piston-2-piece-350-380mm-slotted-type-3-gt-r-med_0.jpg,kg,8708949900,,,,,
brembo-1n-9086a-f-6-piston-cast-monobloc-calipers-380mm-15-2-piece-discs-brake-disc,Brembo 1N-.9086A 6-Piston Cast Monobloc Calipers  380mm (15'') 2-Piece Discs Brake Disc (Front),"<h4><strong>Description</strong></h4>This is 6-Piston Cast Monobloc Calipers | 380mm (15'') 2-Piece Discs | Complete Axle Set | Pre-Assembled | All Necessary Hardware Included, Front        <p>&nbsp;</p>        <h4>Features</h4>        <p><strong>Caliper</strong></p><table><tbody>  <tr><td>Caliper Body</td><td>:</td><td>Cast Monobloc Radial Mount</td></tr>  <tr><td>Caliper Piston Configuration</td><td>:</td><td>6-Piston</td></tr>  <tr><td>Caliper Piston Design And Insert Type</td><td>:</td><td>Inner Pressure Seal / Recessed Dust Boot / Stainless Steel Insert</td></tr></tbody></table><p><strong>Disc</strong></p><table><tbody>  <tr><td>Disc Material/Finish</td><td>:</td><td>Advanced High Carbon Alloy / Corrosion Resistant Plating</td></tr>  <tr><td>Disc Diameter</td><td>:</td><td>328mm</td></tr>  <tr><td>Disc Width (Measurement)</td><td>:</td><td>28mm</td></tr>  <tr><td>Disc Air Gap (Measurement)</td><td>:</td><td>17mm</td></tr>  <tr><td>Disc Annulus (Measurement)</td><td>:</td><td>54mm</td></tr>  <tr><td>Disc Construction</td><td>:</td><td>2-Piece Disc Assembly</td></tr>  <tr><td>Disc Vane Design (Measurement)</td><td>:</td><td>Vented Curved 48 Vane</td></tr>  <tr><td>Disc To Hat Mounting System</td><td>:</td><td>Floating D-Bobbin with Anti Rattle Spring</td></tr></tbody></table><p><strong>Friction Material</strong></p><table><tbody>  <tr><td>Pad Compound</td><td>:</td><td>Brembo High Performance FM1000</td></tr>  <tr><td>Pad Volume / Surface Area</td><td>:</td><td>48.2 | 53.6</td></tr></tbody></table>        <p>&nbsp;</p>        <h4>What's Included</h4><ul>  <li>Brake Lines: Proprietary Brembo Stainless Steel Braided Brake Lines by Goodridge</li>  <li>Mounting Hardware: Brembo Engineered CNC Billet Caliper Adapters - All Necessary Hardware Included For Ease of Installation</li></ul>        <p>&nbsp;</p>        <p>&nbsp;</p><h4>Compatibility</h4><div class=""compatibility-accordion-wrapper""><div class=""compatibility-tab"">                        <input name=""tabs"" type=""checkbox"" id=""compatibility-tab-1"">                        <label for=""compatibility-tab-1""><b>TOYOTA</b><br></label>                                                    <div class=""compatibility-tab-content""><ul><li>CROWN (S235)</li></ul></div></div></div><p>Feel free to contact us at info@mlperformance.co.uk should you wish to double check!</p>        <p>&nbsp;</p>        <h4>Compatibility Check</h4><p>To ensure the part(s) you have ordered fits your vehicle, we run a compatibility check prior to dispatch. We can do this either using your registration number (UK) or the last 7 digits of your VIN. Simply enter your car details prior to checkout.</p>          <p>&nbsp;</p>        <h4>Part Number</h4><p>BREMBO-1N1.9086A2 (Cross Drilled /  Red)</p><p>BREMBO-1N1.9086A1 (Cross Drilled /  Black)</p><p>BREMBO-1N1.9086A3 (Cross Drilled /  Silver)</p><p>BREMBO-1N1.9086A5 (Cross Drilled /  Yellow)</p><p>BREMBO-1N2.9086A2 (TY1 /  Red)</p><p>BREMBO-1N2.9086A1 (TY1 /  Black)</p><p>BREMBO-1N2.9086A3 (TY1 /  Silver)</p><p>BREMBO-1N2.9086A5 (TY1 /  Yellow)</p><p>BREMBO-1N3.9086A2 (TY3 /  Red)</p><p>BREMBO-1N3.9086A1 (TY3 /  Black)</p><p>BREMBO-1N3.9086A3 (TY3 /  Silver)</p><p>BREMBO-1N3.9086A5 (TY3 /  Yellow)</p><p>BREMBO-1N1.9086AS (Cross Drilled /  Black Hard Anodized)</p><p>BREMBO-1N2.9086AS (TY1 /  Black Hard Anodized)</p><p>BREMBO-1N3.9086AS (TY3 /  Black Hard Anodized)</p>        <p>&nbsp;</p>        <h4>More Information</h4><p><strong>Manufactured by</strong></p><p>Brembo</p>",Brembo,,Brake,"Uploaded by_Muazzim, Brand_Brembo, Product Type_Brake, Category_Brake Discs",TRUE,Disc Type,Cross Drilled,Finish,Black Hard Anodized,,,BREMBO-1N1.9086AS,25000,shopify,continue,manual,4616.92,5018.39,TRUE,TRUE,1N1.9086AS,https://racetechnologies.com/sites/default/files/content/images/brakekits/brembo-n-caliper-6-piston-2-piece-365-380mm-drilled-gt-s-med.jpg,1,Brembo 1N-.9086A (F) 6-Piston Cast Monobloc Calipers  380mm (15'') 2-Piece Discs Brake Disc,,Brembo 1N-.9086A (F) 6-Piston Cast Monobloc Calipers  380mm (15'') 2-Piece Discs Brake Disc,Get Brembo 1N-.9086A (F) 6-Piston Cast Monobloc Calipers  380mm (15'') 2-Piece Discs Brake Disc for your car to get your desired looks and performance from ML Performance at the lowest price with FREE UK shipping & next day delivery on in stock items. Very cheap prices & good service.,,,,1N1.9086AS,,,new,,,,,,,https://racetechnologies.com/sites/default/files/content/images/brakekits/brembo-n-caliper-6-piston-2-piece-365-380mm-drilled-gt-s-med.jpg,kg,8708949900,,,,,active
brembo-1n-9086a-f-6-piston-cast-monobloc-calipers-380mm-15-2-piece-discs-brake-disc,,,,,,,,,TY1,,Black Hard Anodized,,,BREMBO-1N2.9086AS,25000,shopify,continue,manual,4616.92,5018.39,TRUE,TRUE,1N2.9086AS,https://racetechnologies.com/sites/default/files/content/images/brakekits/brembo-n-caliper-6-piston-2-piece-365-380mm-slotted-type-1-gt-s-med.jpg,2,,,,,,,,1N2.9086AS,,,,,,,,,,https://racetechnologies.com/sites/default/files/content/images/brakekits/brembo-n-caliper-6-piston-2-piece-365-380mm-slotted-type-1-gt-s-med.jpg,kg,8708949900,,,,,
brembo-1n-9086a-f-6-piston-cast-monobloc-calipers-380mm-15-2-piece-discs-brake-disc,,,,,,,,,TY3,,Black Hard Anodized,,,BREMBO-1N3.9086AS,25000,shopify,continue,manual,4616.92,5018.39,TRUE,TRUE,1N3.9086AS,https://racetechnologies.com/sites/default/files/content/images/brakekits/brembo-n-caliper-6-piston-2-piece-350-380mm-slotted-type-3-gt-s-med.jpg,3,,,,,,,,1N3.9086AS,,,,,,,,,,https://racetechnologies.com/sites/default/files/content/images/brakekits/brembo-n-caliper-6-piston-2-piece-350-380mm-slotted-type-3-gt-s-med.jpg,kg,8708949900,,,,,
brembo-1t-9037a-f-6-piston-cast-monobloc-calipers-380mm-15-2-piece-discs-brake-disc,Brembo 1T-.9037A 6-Piston Cast Monobloc Calipers  380mm (15'') 2-Piece Discs Brake Disc (Front),"<h4><strong>Description</strong></h4>This is 6-Piston Cast Monobloc Calipers | 380mm (15'') 2-Piece Discs | Complete Axle Set | Pre-Assembled | All Necessary Hardware Included, Front        <p>&nbsp;</p>        <h4>Features</h4>        <p><strong>Caliper</strong></p><table><tbody>  <tr><td>Caliper Body</td><td>:</td><td>Cast Monobloc Radial Mount</td></tr>  <tr><td>Caliper Piston Configuration</td><td>:</td><td>6-Piston</td></tr>  <tr><td>Caliper Piston Design And Insert Type</td><td>:</td><td>Inner Pressure Seal / OEM Approved Dust Boot</td></tr></tbody></table><p><strong>Disc</strong></p><table><tbody>  <tr><td>Disc Material/Finish</td><td>:</td><td>Advanced High Carbon Alloy / Corrosion Resistant Plating</td></tr>  <tr><td>Disc Diameter</td><td>:</td><td>328mm</td></tr>  <tr><td>Disc Width (Measurement)</td><td>:</td><td>28mm</td></tr>  <tr><td>Disc Air Gap (Measurement)</td><td>:</td><td>17mm</td></tr>  <tr><td>Disc Annulus (Measurement)</td><td>:</td><td>54mm</td></tr>  <tr><td>Disc Construction</td><td>:</td><td>2-Piece Disc Assembly</td></tr>  <tr><td>Disc Vane Design (Measurement)</td><td>:</td><td>Vented Curved 48 Vane</td></tr>  <tr><td>Disc To Hat Mounting System</td><td>:</td><td>Floating D-Bobbin with Anti Rattle Spring</td></tr></tbody></table><p><strong>Friction Material</strong></p><table><tbody>  <tr><td>Pad Compound</td><td>:</td><td>Brembo High Performance FM1000</td></tr>  <tr><td>Pad Volume / Surface Area</td><td>:</td><td>48.2 | 53.6</td></tr></tbody></table>        <p>&nbsp;</p>        <h4>What's Included</h4><ul>  <li>Brake Lines: Proprietary Brembo Stainless Steel Braided Brake Lines by Goodridge</li>  <li>Mounting Hardware: Brembo Engineered CNC Billet Caliper Adapters - All Necessary Hardware Included For Ease of Installation</li></ul>        <p>&nbsp;</p>        <p>&nbsp;</p><h4>Compatibility</h4><div class=""compatibility-accordion-wrapper""><div class=""compatibility-tab"">                        <input name=""tabs"" type=""checkbox"" id=""compatibility-tab-1"">                        <label for=""compatibility-tab-1""><b>TOYOTA</b><br></label>                                                    <div class=""compatibility-tab-content""><ul><li>CROWN (S235)</li></ul></div></div></div><p>Feel free to contact us at info@mlperformance.co.uk should you wish to double check!</p>        <p>&nbsp;</p>        <h4>Compatibility Check</h4><p>To ensure the part(s) you have ordered fits your vehicle, we run a compatibility check prior to dispatch. We can do this either using your registration number (UK) or the last 7 digits of your VIN. Simply enter your car details prior to checkout.</p>          <p>&nbsp;</p>        <h4>Part Number</h4><p>BREMBO-1T1.9037A2 (Cross Drilled /  Red)</p>        <p>&nbsp;</p>        <h4>More Information</h4><p><strong>Manufactured by</strong></p><p>Brembo</p>",Brembo,,Brake,"Uploaded by_Muazzim, Brand_Brembo, Product Type_Brake, Category_Brake Discs",TRUE,Disc Type,Cross Drilled,Finish,Red,,,BREMBO-1T1.9037A2,25000,shopify,continue,manual,4616.92,5018.39,TRUE,TRUE,1T1.9037A2,https://racetechnologies.com/sites/default/files/content/images/brakekits/brembo-t-caliper-6-piston-2-piece-365-380mm-drilled-red-med.jpg,1,Brembo 1T-.9037A (F) 6-Piston Cast Monobloc Calipers  380mm (15'') 2-Piece Discs Brake Disc,,Brembo 1T-.9037A (F) 6-Piston Cast Monobloc Calipers  380mm (15'') 2-Piece Discs Brake Disc,Get Brembo 1T-.9037A (F) 6-Piston Cast Monobloc Calipers  380mm (15'') 2-Piece Discs Brake Disc for your car to get your desired looks and performance from ML Performance at the lowest price with FREE UK shipping & next day delivery on in stock items. Very cheap prices & good service.,,,,1T1.9037A2,,,new,,,,,,,https://racetechnologies.com/sites/default/files/content/images/brakekits/brembo-t-caliper-6-piston-2-piece-365-380mm-drilled-red-med.jpg,kg,8708949900,,,,,active
brembo-1n-9077a-f-6-piston-cast-monobloc-calipers-380mm-15-2-piece-discs-brake-disc,Brembo 1N-.9077A 6-Piston Cast Monobloc Calipers  380mm (15'') 2-Piece Discs Brake Disc (Front),"<h4><strong>Description</strong></h4>This is 6-Piston Cast Monobloc Calipers | 380mm (15'') 2-Piece Discs | Complete Axle Set | Pre-Assembled | All Necessary Hardware Included, Front        <p>&nbsp;</p>        <h4>Features</h4>        <p><strong>Caliper</strong></p><table><tbody>  <tr><td>Caliper Body</td><td>:</td><td>Cast Monobloc Radial Mount</td></tr>  <tr><td>Caliper Piston Configuration</td><td>:</td><td>6-Piston</td></tr>  <tr><td>Caliper Piston Design And Insert Type</td><td>:</td><td>Inner Pressure Seal / OEM Approved Dust Boot</td></tr></tbody></table><p><strong>Disc</strong></p><table><tbody>  <tr><td>Disc Material/Finish</td><td>:</td><td>Advanced High Carbon Alloy / Corrosion Resistant Plating</td></tr>  <tr><td>Disc Diameter</td><td>:</td><td>328mm</td></tr>  <tr><td>Disc Width (Measurement)</td><td>:</td><td>28mm</td></tr>  <tr><td>Disc Air Gap (Measurement)</td><td>:</td><td>17mm</td></tr>  <tr><td>Disc Annulus (Measurement)</td><td>:</td><td>54mm</td></tr>  <tr><td>Disc Construction</td><td>:</td><td>2-Piece Disc Assembly</td></tr>  <tr><td>Disc Vane Design (Measurement)</td><td>:</td><td>Vented Curved 48 Vane</td></tr>  <tr><td>Disc To Hat Mounting System</td><td>:</td><td>Floating D-Bobbin with Anti Rattle Spring</td></tr></tbody></table><p><strong>Friction Material</strong></p><table><tbody>  <tr><td>Pad Compound</td><td>:</td><td>Brembo High Performance FM1000</td></tr>  <tr><td>Pad Volume / Surface Area</td><td>:</td><td>48.2 | 53.6</td></tr></tbody></table>        <p>&nbsp;</p>        <h4>What's Included</h4><ul>  <li>Brake Lines: Proprietary Brembo Stainless Steel Braided Brake Lines by Goodridge</li>  <li>Mounting Hardware: Brembo Engineered CNC Billet Caliper Adapters - All Necessary Hardware Included For Ease of Installation</li></ul>        <p>&nbsp;</p>        <p>&nbsp;</p><h4>Compatibility</h4><div class=""compatibility-accordion-wrapper""><div class=""compatibility-tab"">                        <input name=""tabs"" type=""checkbox"" id=""compatibility-tab-1"">                        <label for=""compatibility-tab-1""><b>TOYOTA</b><br></label>                                                    <div class=""compatibility-tab-content""><ul><li>SIENNA (XL40)</li></ul></div></div></div><p>Feel free to contact us at info@mlperformance.co.uk should you wish to double check!</p>        <p>&nbsp;</p>        <h4>Compatibility Check</h4><p>To ensure the part(s) you have ordered fits your vehicle, we run a compatibility check prior to dispatch. We can do this either using your registration number (UK) or the last 7 digits of your VIN. Simply enter your car details prior to checkout.</p>          <p>&nbsp;</p>        <h4>Part Number</h4><p>BREMBO-1N1.9077A2 (Cross Drilled /  Red)</p><p>BREMBO-1N1.9077A1 (Cross Drilled /  Black)</p><p>BREMBO-1N1.9077A3 (Cross Drilled /  Silver)</p><p>BREMBO-1N1.9077A5 (Cross Drilled /  Yellow)</p><p>BREMBO-1N2.9077A2 (TY1 /  Red)</p><p>BREMBO-1N2.9077A1 (TY1 /  Black)</p><p>BREMBO-1N2.9077A3 (TY1 /  Silver)</p><p>BREMBO-1N2.9077A5 (TY1 /  Yellow)</p><p>BREMBO-1N3.9077A2 (TY3 /  Red)</p><p>BREMBO-1N3.9077A1 (TY3 /  Black)</p><p>BREMBO-1N3.9077A3 (TY3 /  Silver)</p><p>BREMBO-1N3.9077A5 (TY3 /  Yellow)</p><p>BREMBO-1N1.9077AS (Cross Drilled /  Black Hard Anodized)</p><p>BREMBO-1N2.9077AS (TY1 /  Black Hard Anodized)</p><p>BREMBO-1N3.9077AS (TY3 /  Black Hard Anodized)</p>        <p>&nbsp;</p>        <h4>More Information</h4><p><strong>Manufactured by</strong></p><p>Brembo</p>",Brembo,,Brake,"Uploaded by_Muazzim, Brand_Brembo, Product Type_Brake, Category_Brake Discs",TRUE,Disc Type,Cross Drilled,Finish,Red,,,BREMBO-1N1.9077A2,25000,shopify,continue,manual,4515.43,4908.08,TRUE,TRUE,1N1.9077A2,https://racetechnologies.com/sites/default/files/content/images/brakekits/brembo-n-caliper-6-piston-2-piece-365-380mm-drilled-red-med.jpg,1,Brembo 1N-.9077A (F) 6-Piston Cast Monobloc Calipers  380mm (15'') 2-Piece Discs Brake Disc,,Brembo 1N-.9077A (F) 6-Piston Cast Monobloc Calipers  380mm (15'') 2-Piece Discs Brake Disc,Get Brembo 1N-.9077A (F) 6-Piston Cast Monobloc Calipers  380mm (15'') 2-Piece Discs Brake Disc for your car to get your desired looks and performance from ML Performance at the lowest price with FREE UK shipping & next day delivery on in stock items. Very cheap prices & good service.,,,,1N1.9077A2,,,new,,,,,,,https://racetechnologies.com/sites/default/files/content/images/brakekits/brembo-n-caliper-6-piston-2-piece-365-380mm-drilled-red-med.jpg,kg,8708949900,,,,,active
brembo-1n-9077a-f-6-piston-cast-monobloc-calipers-380mm-15-2-piece-discs-brake-disc,,,,,,,,,Cross Drilled,,Black,,,BREMBO-1N1.9077A1,25000,shopify,continue,manual,4515.43,4908.08,TRUE,TRUE,1N1.9077A1,https://racetechnologies.com/sites/default/files/content/images/brakekits/brembo-n-caliper-6-piston-2-piece-365-380mm-drilled-black-med.jpg,2,,,,,,,,1N1.9077A1,,,,,,,,,,https://racetechnologies.com/sites/default/files/content/images/brakekits/brembo-n-caliper-6-piston-2-piece-365-380mm-drilled-black-med.jpg,kg,8708949900,,,,,
brembo-1n-9077a-f-6-piston-cast-monobloc-calipers-380mm-15-2-piece-discs-brake-disc,,,,,,,,,Cross Drilled,,Silver,,,BREMBO-1N1.9077A3,25000,shopify,continue,manual,4515.43,4908.08,TRUE,TRUE,1N1.9077A3,https://racetechnologies.com/sites/default/files/content/images/brakekits/brembo-n-caliper-6-piston-2-piece-365-380mm-drilled-silver-med.jpg,3,,,,,,,,1N1.9077A3,,,,,,,,,,https://racetechnologies.com/sites/default/files/content/images/brakekits/brembo-n-caliper-6-piston-2-piece-365-380mm-drilled-silver-med.jpg,kg,8708949900,,,,,
brembo-1n-9077a-f-6-piston-cast-monobloc-calipers-380mm-15-2-piece-discs-brake-disc,,,,,,,,,Cross Drilled,,Yellow,,,BREMBO-1N1.9077A5,25000,shopify,continue,manual,4515.43,4908.08,TRUE,TRUE,1N1.9077A5,https://racetechnologies.com/sites/default/files/content/images/brakekits/brembo-n-caliper-6-piston-2-piece-365-380mm-drilled-yellow-med.jpg,4,,,,,,,,1N1.9077A5,,,,,,,,,,https://racetechnologies.com/sites/default/files/content/images/brakekits/brembo-n-caliper-6-piston-2-piece-365-380mm-drilled-yellow-med.jpg,kg,8708949900,,,,,
brembo-1n-9077a-f-6-piston-cast-monobloc-calipers-380mm-15-2-piece-discs-brake-disc,,,,,,,,,TY1,,Red,,,BREMBO-1N2.9077A2,25000,shopify,continue,manual,4515.43,4908.08,TRUE,TRUE,1N2.9077A2,https://racetechnologies.com/sites/default/files/content/images/brakekits/brembo-n-caliper-6-piston-2-piece-365-380mm-slotted-type-1-red-med.jpg,5,,,,,,,,1N2.9077A2,,,,,,,,,,https://racetechnologies.com/sites/default/files/content/images/brakekits/brembo-n-caliper-6-piston-2-piece-365-380mm-slotted-type-1-red-med.jpg,kg,8708949900,,,,,
brembo-1n-9077a-f-6-piston-cast-monobloc-calipers-380mm-15-2-piece-discs-brake-disc,,,,,,,,,TY1,,Black,,,BREMBO-1N2.9077A1,25000,shopify,continue,manual,4515.43,4908.08,TRUE,TRUE,1N2.9077A1,https://racetechnologies.com/sites/default/files/content/images/brakekits/brembo-n-caliper-6-piston-2-piece-365-380mm-slotted-type-1-black-med.jpg,6,,,,,,,,1N2.9077A1,,,,,,,,,,https://racetechnologies.com/sites/default/files/content/images/brakekits/brembo-n-caliper-6-piston-2-piece-365-380mm-slotted-type-1-black-med.jpg,kg,8708949900,,,,,
brembo-1n-9077a-f-6-piston-cast-monobloc-calipers-380mm-15-2-piece-discs-brake-disc,,,,,,,,,TY1,,Silver,,,BREMBO-1N2.9077A3,25000,shopify,continue,manual,4515.43,4908.08,TRUE,TRUE,1N2.9077A3,https://racetechnologies.com/sites/default/files/content/images/brakekits/brembo-n-caliper-6-piston-2-piece-365-380mm-slotted-type-1-silver-med.jpg,7,,,,,,,,1N2.9077A3,,,,,,,,,,https://racetechnologies.com/sites/default/files/content/images/brakekits/brembo-n-caliper-6-piston-2-piece-365-380mm-slotted-type-1-silver-med.jpg,kg,8708949900,,,,,
brembo-1n-9077a-f-6-piston-cast-monobloc-calipers-380mm-15-2-piece-discs-brake-disc,,,,,,,,,TY1,,Yellow,,,BREMBO-1N2.9077A5,25000,shopify,continue,manual,4515.43,4908.08,TRUE,TRUE,1N2.9077A5,https://racetechnologies.com/sites/default/files/content/images/brakekits/brembo-n-caliper-6-piston-2-piece-365-380mm-slotted-type-1-yellow-med.jpg,8,,,,,,,,1N2.9077A5,,,,,,,,,,https://racetechnologies.com/sites/default/files/content/images/brakekits/brembo-n-caliper-6-piston-2-piece-365-380mm-slotted-type-1-yellow-med.jpg,kg,8708949900,,,,,
brembo-1n-9077a-f-6-piston-cast-monobloc-calipers-380mm-15-2-piece-discs-brake-disc,,,,,,,,,TY3,,Red,,,BREMBO-1N3.9077A2,25000,shopify,continue,manual,4515.43,4908.08,TRUE,TRUE,1N3.9077A2,https://racetechnologies.com/sites/default/files/content/images/brakekits/brembo-n-caliper-6-piston-2-piece-350-380mm-slotted-type-3-red-med_0.jpg,9,,,,,,,,1N3.9077A2,,,,,,,,,,https://racetechnologies.com/sites/default/files/content/images/brakekits/brembo-n-caliper-6-piston-2-piece-350-380mm-slotted-type-3-red-med_0.jpg,kg,8708949900,,,,,
brembo-1n-9077a-f-6-piston-cast-monobloc-calipers-380mm-15-2-piece-discs-brake-disc,,,,,,,,,TY3,,Black,,,BREMBO-1N3.9077A1,25000,shopify,continue,manual,4515.43,4908.08,TRUE,TRUE,1N3.9077A1,https://racetechnologies.com/sites/default/files/content/images/brakekits/brembo-n-caliper-6-piston-2-piece-350-380mm-slotted-type-3-black-med_0.jpg,10,,,,,,,,1N3.9077A1,,,,,,,,,,https://racetechnologies.com/sites/default/files/content/images/brakekits/brembo-n-caliper-6-piston-2-piece-350-380mm-slotted-type-3-black-med_0.jpg,kg,8708949900,,,,,
brembo-1n-9077a-f-6-piston-cast-monobloc-calipers-380mm-15-2-piece-discs-brake-disc,,,,,,,,,TY3,,Silver,,,BREMBO-1N3.9077A3,25000,shopify,continue,manual,4515.43,4908.08,TRUE,TRUE,1N3.9077A3,https://racetechnologies.com/sites/default/files/content/images/brakekits/brembo-n-caliper-6-piston-2-piece-350-380mm-slotted-type-3-silver-med_0.jpg,11,,,,,,,,1N3.9077A3,,,,,,,,,,https://racetechnologies.com/sites/default/files/content/images/brakekits/brembo-n-caliper-6-piston-2-piece-350-380mm-slotted-type-3-silver-med_0.jpg,kg,8708949900,,,,,
brembo-1n-9077a-f-6-piston-cast-monobloc-calipers-380mm-15-2-piece-discs-brake-disc,,,,,,,,,TY3,,Yellow,,,BREMBO-1N3.9077A5,25000,shopify,continue,manual,4515.43,4908.08,TRUE,TRUE,1N3.9077A5,https://racetechnologies.com/sites/default/files/content/images/brakekits/brembo-n-caliper-6-piston-2-piece-350-380mm-slotted-type-3-yellow-med_0.jpg,12,,,,,,,,1N3.9077A5,,,,,,,,,,https://racetechnologies.com/sites/default/files/content/images/brakekits/brembo-n-caliper-6-piston-2-piece-350-380mm-slotted-type-3-yellow-med_0.jpg,kg,8708949900,,,,,
brembo-1n-9077a-f-6-piston-billet-monobloc-calipers-380mm-15-2-piece-discs-brake-disc,Brembo 1N-.9077A 6-Piston Billet Monobloc Calipers  380mm (15'') 2-Piece Discs Brake Disc (Front),"<h4><strong>Description</strong></h4>This is 6-Piston Billet Monobloc Calipers | 380mm (15'') 2-Piece Discs | Complete Axle Set | Pre-Assembled | All Necessary Hardware Included, Front        <p>&nbsp;</p>        <h4>Features</h4>        <p><strong>Caliper</strong></p><table><tbody>  <tr><td>Caliper Body</td><td>:</td><td>Billet Monobloc Radial Mount</td></tr>  <tr><td>Caliper Piston Configuration</td><td>:</td><td>6-Piston</td></tr>  <tr><td>Caliper Piston Design And Insert Type</td><td>:</td><td>Inner Pressure Seal / Recessed Dust Boot / Ventilated Stainless Steel Insert</td></tr></tbody></table><p><strong>Disc</strong></p><table><tbody>  <tr><td>Disc Material/Finish</td><td>:</td><td>Advanced High Carbon Alloy / Corrosion Resistant Plating</td></tr>  <tr><td>Disc Diameter</td><td>:</td><td>328mm</td></tr>  <tr><td>Disc Width (Measurement)</td><td>:</td><td>28mm</td></tr>  <tr><td>Disc Air Gap (Measurement)</td><td>:</td><td>17mm</td></tr>  <tr><td>Disc Annulus (Measurement)</td><td>:</td><td>54mm</td></tr>  <tr><td>Disc Construction</td><td>:</td><td>2-Piece Disc Assembly</td></tr>  <tr><td>Disc Vane Design (Measurement)</td><td>:</td><td>Vented Curved 48 Vane</td></tr>  <tr><td>Disc To Hat Mounting System</td><td>:</td><td>Floating D-Bobbin with Anti Rattle Spring</td></tr></tbody></table><p><strong>Friction Material</strong></p><table><tbody>  <tr><td>Pad Compound</td><td>:</td><td>Brembo High Performance FM1000</td></tr>  <tr><td>Pad Volume / Surface Area</td><td>:</td><td>48.2 | 53.6</td></tr></tbody></table>        <p>&nbsp;</p>        <h4>What's Included</h4><ul>  <li>Brake Lines: Proprietary Brembo Stainless Steel Braided Brake Lines by Goodridge</li>  <li>Mounting Hardware: Brembo Engineered CNC Billet Caliper Adapters - All Necessary Hardware Included For Ease of Installation</li></ul>        <p>&nbsp;</p>        <p>&nbsp;</p><h4>Compatibility</h4><div class=""compatibility-accordion-wrapper""><div class=""compatibility-tab"">                        <input name=""tabs"" type=""checkbox"" id=""compatibility-tab-1"">                        <label for=""compatibility-tab-1""><b>TOYOTA</b><br></label>                                                    <div class=""compatibility-tab-content""><ul><li>SIENNA (XL40)</li></ul></div></div></div><p>Feel free to contact us at info@mlperformance.co.uk should you wish to double check!</p>        <p>&nbsp;</p>        <h4>Compatibility Check</h4><p>To ensure the part(s) you have ordered fits your vehicle, we run a compatibility check prior to dispatch. We can do this either using your registration number (UK) or the last 7 digits of your VIN. Simply enter your car details prior to checkout.</p>          <p>&nbsp;</p>        <h4>Part Number</h4><p>BREMBO-1N1.9077AR (Cross Drilled /  Nickel Plated)</p><p>BREMBO-1N2.9077AR (TY1 /  Nickel Plated)</p><p>BREMBO-1N3.9077AR (TY3 /  Nickel Plated)</p>        <p>&nbsp;</p>        <h4>More Information</h4><p><strong>Manufactured by</strong></p><p>Brembo</p>",Brembo,,Brake,"Uploaded by_Muazzim, Brand_Brembo, Product Type_Brake, Category_Brake Discs",TRUE,Disc Type,Cross Drilled,Finish,Nickel Plated,,,BREMBO-1N1.9077AR,25000,shopify,continue,manual,8625,9375,TRUE,TRUE,1N1.9077AR,https://racetechnologies.com/sites/default/files/content/images/brakekits/brembo-n-caliper-6-piston-2-piece-365-380mm-drilled-gt-r-med_0.jpg,1,Brembo 1N-.9077A (F) 6-Piston Billet Monobloc Calipers  380mm (15'') 2-Piece Discs Brake Disc,,Brembo 1N-.9077A (F) 6-Piston Billet Monobloc Calipers  380mm (15'') 2-Piece Discs Brake Disc,Get Brembo 1N-.9077A (F) 6-Piston Billet Monobloc Calipers  380mm (15'') 2-Piece Discs Brake Disc for your car to get your desired looks and performance from ML Performance at the lowest price with FREE UK shipping & next day delivery on in stock items. Very cheap prices & good service.,,,,1N1.9077AR,,,new,,,,,,,https://racetechnologies.com/sites/default/files/content/images/brakekits/brembo-n-caliper-6-piston-2-piece-365-380mm-drilled-gt-r-med_0.jpg,kg,8708949900,,,,,active
brembo-1n-9077a-f-6-piston-billet-monobloc-calipers-380mm-15-2-piece-discs-brake-disc,,,,,,,,,TY1,,Nickel Plated,,,BREMBO-1N2.9077AR,25000,shopify,continue,manual,8625,9375,TRUE,TRUE,1N2.9077AR,https://racetechnologies.com/sites/default/files/content/images/brakekits/brembo-n-caliper-6-piston-2-piece-365-380mm-slotted-type-1-gt-r-med.jpg,2,,,,,,,,1N2.9077AR,,,,,,,,,,https://racetechnologies.com/sites/default/files/content/images/brakekits/brembo-n-caliper-6-piston-2-piece-365-380mm-slotted-type-1-gt-r-med.jpg,kg,8708949900,,,,,
brembo-1n-9077a-f-6-piston-billet-monobloc-calipers-380mm-15-2-piece-discs-brake-disc,,,,,,,,,TY3,,Nickel Plated,,,BREMBO-1N3.9077AR,25000,shopify,continue,manual,8625,9375,TRUE,TRUE,1N3.9077AR,https://racetechnologies.com/sites/default/files/content/images/brakekits/brembo-n-caliper-6-piston-2-piece-350-380mm-slotted-type-3-gt-r-med_0.jpg,3,,,,,,,,1N3.9077AR,,,,,,,,,,https://racetechnologies.com/sites/default/files/content/images/brakekits/brembo-n-caliper-6-piston-2-piece-350-380mm-slotted-type-3-gt-r-med_0.jpg,kg,8708949900,,,,,
brembo-1n-9077a-f-6-piston-cast-monobloc-calipers-380mm-15-2-piece-discs-brake-disc,Brembo 1N-.9077A 6-Piston Cast Monobloc Calipers  380mm (15'') 2-Piece Discs Brake Disc (Front),"<h4><strong>Description</strong></h4>This is 6-Piston Cast Monobloc Calipers | 380mm (15'') 2-Piece Discs | Complete Axle Set | Pre-Assembled | All Necessary Hardware Included, Front        <p>&nbsp;</p>        <h4>Features</h4>        <p><strong>Caliper</strong></p><table><tbody>  <tr><td>Caliper Body</td><td>:</td><td>Cast Monobloc Radial Mount</td></tr>  <tr><td>Caliper Piston Configuration</td><td>:</td><td>6-Piston</td></tr>  <tr><td>Caliper Piston Design And Insert Type</td><td>:</td><td>Inner Pressure Seal / Recessed Dust Boot / Stainless Steel Insert</td></tr></tbody></table><p><strong>Disc</strong></p><table><tbody>  <tr><td>Disc Material/Finish</td><td>:</td><td>Advanced High Carbon Alloy / Corrosion Resistant Plating</td></tr>  <tr><td>Disc Diameter</td><td>:</td><td>328mm</td></tr>  <tr><td>Disc Width (Measurement)</td><td>:</td><td>28mm</td></tr>  <tr><td>Disc Air Gap (Measurement)</td><td>:</td><td>17mm</td></tr>  <tr><td>Disc Annulus (Measurement)</td><td>:</td><td>54mm</td></tr>  <tr><td>Disc Construction</td><td>:</td><td>2-Piece Disc Assembly</td></tr>  <tr><td>Disc Vane Design (Measurement)</td><td>:</td><td>Vented Curved 48 Vane</td></tr>  <tr><td>Disc To Hat Mounting System</td><td>:</td><td>Floating D-Bobbin with Anti Rattle Spring</td></tr></tbody></table><p><strong>Friction Material</strong></p><table><tbody>  <tr><td>Pad Compound</td><td>:</td><td>Brembo High Performance FM1000</td></tr>  <tr><td>Pad Volume / Surface Area</td><td>:</td><td>48.2 | 53.6</td></tr></tbody></table>        <p>&nbsp;</p>        <h4>What's Included</h4><ul>  <li>Brake Lines: Proprietary Brembo Stainless Steel Braided Brake Lines by Goodridge</li>  <li>Mounting Hardware: Brembo Engineered CNC Billet Caliper Adapters - All Necessary Hardware Included For Ease of Installation</li></ul>        <p>&nbsp;</p>        <p>&nbsp;</p><h4>Compatibility</h4><div class=""compatibility-accordion-wrapper""><div class=""compatibility-tab"">                        <input name=""tabs"" type=""checkbox"" id=""compatibility-tab-1"">                        <label for=""compatibility-tab-1""><b>TOYOTA</b><br></label>                                                    <div class=""compatibility-tab-content""><ul><li>SIENNA (XL40)</li></ul></div></div></div><p>Feel free to contact us at info@mlperformance.co.uk should you wish to double check!</p>        <p>&nbsp;</p>        <h4>Compatibility Check</h4><p>To ensure the part(s) you have ordered fits your vehicle, we run a compatibility check prior to dispatch. We can do this either using your registration number (UK) or the last 7 digits of your VIN. Simply enter your car details prior to checkout.</p>          <p>&nbsp;</p>        <h4>Part Number</h4><p>BREMBO-1N1.9077A2 (Cross Drilled /  Red)</p><p>BREMBO-1N1.9077A1 (Cross Drilled /  Black)</p><p>BREMBO-1N1.9077A3 (Cross Drilled /  Silver)</p><p>BREMBO-1N1.9077A5 (Cross Drilled /  Yellow)</p><p>BREMBO-1N2.9077A2 (TY1 /  Red)</p><p>BREMBO-1N2.9077A1 (TY1 /  Black)</p><p>BREMBO-1N2.9077A3 (TY1 /  Silver)</p><p>BREMBO-1N2.9077A5 (TY1 /  Yellow)</p><p>BREMBO-1N3.9077A2 (TY3 /  Red)</p><p>BREMBO-1N3.9077A1 (TY3 /  Black)</p><p>BREMBO-1N3.9077A3 (TY3 /  Silver)</p><p>BREMBO-1N3.9077A5 (TY3 /  Yellow)</p><p>BREMBO-1N1.9077AS (Cross Drilled /  Black Hard Anodized)</p><p>BREMBO-1N2.9077AS (TY1 /  Black Hard Anodized)</p><p>BREMBO-1N3.9077AS (TY3 /  Black Hard Anodized)</p>        <p>&nbsp;</p>        <h4>More Information</h4><p><strong>Manufactured by</strong></p><p>Brembo</p>",Brembo,,Brake,"Uploaded by_Muazzim, Brand_Brembo, Product Type_Brake, Category_Brake Discs",TRUE,Disc Type,Cross Drilled,Finish,Black Hard Anodized,,,BREMBO-1N1.9077AS,25000,shopify,continue,manual,4616.92,5018.39,TRUE,TRUE,1N1.9077AS,https://racetechnologies.com/sites/default/files/content/images/brakekits/brembo-n-caliper-6-piston-2-piece-365-380mm-drilled-gt-s-med.jpg,1,Brembo 1N-.9077A (F) 6-Piston Cast Monobloc Calipers  380mm (15'') 2-Piece Discs Brake Disc,,Brembo 1N-.9077A (F) 6-Piston Cast Monobloc Calipers  380mm (15'') 2-Piece Discs Brake Disc,Get Brembo 1N-.9077A (F) 6-Piston Cast Monobloc Calipers  380mm (15'') 2-Piece Discs Brake Disc for your car to get your desired looks and performance from ML Performance at the lowest price with FREE UK shipping & next day delivery on in stock items. Very cheap prices & good service.,,,,1N1.9077AS,,,new,,,,,,,https://racetechnologies.com/sites/default/files/content/images/brakekits/brembo-n-caliper-6-piston-2-piece-365-380mm-drilled-gt-s-med.jpg,kg,8708949900,,,,,active
brembo-1n-9077a-f-6-piston-cast-monobloc-calipers-380mm-15-2-piece-discs-brake-disc,,,,,,,,,TY1,,Black Hard Anodized,,,BREMBO-1N2.9077AS,25000,shopify,continue,manual,4616.92,5018.39,TRUE,TRUE,1N2.9077AS,https://racetechnologies.com/sites/default/files/content/images/brakekits/brembo-n-caliper-6-piston-2-piece-365-380mm-slotted-type-1-gt-s-med.jpg,2,,,,,,,,1N2.9077AS,,,,,,,,,,https://racetechnologies.com/sites/default/files/content/images/brakekits/brembo-n-caliper-6-piston-2-piece-365-380mm-slotted-type-1-gt-s-med.jpg,kg,8708949900,,,,,
brembo-1n-9077a-f-6-piston-cast-monobloc-calipers-380mm-15-2-piece-discs-brake-disc,,,,,,,,,TY3,,Black Hard Anodized,,,BREMBO-1N3.9077AS,25000,shopify,continue,manual,4616.92,5018.39,TRUE,TRUE,1N3.9077AS,https://racetechnologies.com/sites/default/files/content/images/brakekits/brembo-n-caliper-6-piston-2-piece-350-380mm-slotted-type-3-gt-s-med.jpg,3,,,,,,,,1N3.9077AS,,,,,,,,,,https://racetechnologies.com/sites/default/files/content/images/brakekits/brembo-n-caliper-6-piston-2-piece-350-380mm-slotted-type-3-gt-s-med.jpg,kg,8708949900,,,,,
brembo-1t-9031a-f-6-piston-cast-monobloc-calipers-380mm-15-2-piece-discs-brake-disc,Brembo 1T-.9031A 6-Piston Cast Monobloc Calipers  380mm (15'') 2-Piece Discs Brake Disc (Front),"<h4><strong>Description</strong></h4>This is 6-Piston Cast Monobloc Calipers | 380mm (15'') 2-Piece Discs | Complete Axle Set | Pre-Assembled | All Necessary Hardware Included, Front        <p>&nbsp;</p>        <h4>Features</h4>        <p><strong>Caliper</strong></p><table><tbody>  <tr><td>Caliper Body</td><td>:</td><td>Cast Monobloc Radial Mount</td></tr>  <tr><td>Caliper Piston Configuration</td><td>:</td><td>6-Piston</td></tr>  <tr><td>Caliper Piston Design And Insert Type</td><td>:</td><td>Inner Pressure Seal / OEM Approved Dust Boot</td></tr></tbody></table><p><strong>Disc</strong></p><table><tbody>  <tr><td>Disc Material/Finish</td><td>:</td><td>Advanced High Carbon Alloy / Corrosion Resistant Plating</td></tr>  <tr><td>Disc Diameter</td><td>:</td><td>328mm</td></tr>  <tr><td>Disc Width (Measurement)</td><td>:</td><td>28mm</td></tr>  <tr><td>Disc Air Gap (Measurement)</td><td>:</td><td>17mm</td></tr>  <tr><td>Disc Annulus (Measurement)</td><td>:</td><td>54mm</td></tr>  <tr><td>Disc Construction</td><td>:</td><td>2-Piece Disc Assembly</td></tr>  <tr><td>Disc Vane Design (Measurement)</td><td>:</td><td>Vented Curved 48 Vane</td></tr>  <tr><td>Disc To Hat Mounting System</td><td>:</td><td>Floating D-Bobbin with Anti Rattle Spring</td></tr></tbody></table><p><strong>Friction Material</strong></p><table><tbody>  <tr><td>Pad Compound</td><td>:</td><td>Brembo High Performance FM1000</td></tr>  <tr><td>Pad Volume / Surface Area</td><td>:</td><td>48.2 | 53.6</td></tr></tbody></table>        <p>&nbsp;</p>        <h4>What's Included</h4><ul>  <li>Brake Lines: Proprietary Brembo Stainless Steel Braided Brake Lines by Goodridge</li>  <li>Mounting Hardware: Brembo Engineered CNC Billet Caliper Adapters - All Necessary Hardware Included For Ease of Installation</li></ul>        <p>&nbsp;</p>        <p>&nbsp;</p><h4>Compatibility</h4><div class=""compatibility-accordion-wrapper""><div class=""compatibility-tab"">                        <input name=""tabs"" type=""checkbox"" id=""compatibility-tab-1"">                        <label for=""compatibility-tab-1""><b>TOYOTA</b><br></label>                                                    <div class=""compatibility-tab-content""><ul><li>SIENNA (XL40)</li></ul></div></div></div><p>Feel free to contact us at info@mlperformance.co.uk should you wish to double check!</p>        <p>&nbsp;</p>        <h4>Compatibility Check</h4><p>To ensure the part(s) you have ordered fits your vehicle, we run a compatibility check prior to dispatch. We can do this either using your registration number (UK) or the last 7 digits of your VIN. Simply enter your car details prior to checkout.</p>          <p>&nbsp;</p>        <h4>Part Number</h4><p>BREMBO-1T1.9031A2 (Cross Drilled /  Red)</p>        <p>&nbsp;</p>        <h4>More Information</h4><p><strong>Manufactured by</strong></p><p>Brembo</p>",Brembo,,Brake,"Uploaded by_Muazzim, Brand_Brembo, Product Type_Brake, Category_Brake Discs",TRUE,Disc Type,Cross Drilled,Finish,Red,,,BREMBO-1T1.9031A2,25000,shopify,continue,manual,4616.92,5018.39,TRUE,TRUE,1T1.9031A2,https://racetechnologies.com/sites/default/files/content/images/brakekits/brembo-t-caliper-6-piston-2-piece-365-380mm-drilled-red-med.jpg,1,Brembo 1T-.9031A (F) 6-Piston Cast Monobloc Calipers  380mm (15'') 2-Piece Discs Brake Disc,,Brembo 1T-.9031A (F) 6-Piston Cast Monobloc Calipers  380mm (15'') 2-Piece Discs Brake Disc,Get Brembo 1T-.9031A (F) 6-Piston Cast Monobloc Calipers  380mm (15'') 2-Piece Discs Brake Disc for your car to get your desired looks and performance from ML Performance at the lowest price with FREE UK shipping & next day delivery on in stock items. Very cheap prices & good service.,,,,1T1.9031A2,,,new,,,,,,,https://racetechnologies.com/sites/default/files/content/images/brakekits/brembo-t-caliper-6-piston-2-piece-365-380mm-drilled-red-med.jpg,kg,8708949900,,,,,active
brembo-1m-8068a-f-4-piston-cast-monobloc-calipers-355mm-14-2-piece-discs-brake-disc,Brembo 1M-.8068A 4-Piston Cast Monobloc Calipers  355mm (14'') 2-Piece Discs Brake Disc (Front),"<h4><strong>Description</strong></h4>This is 4-Piston Cast Monobloc Calipers | 355mm (14'') 2-Piece Discs | Complete Axle Set | Pre-Assembled | All Necessary Hardware Included, Front        <p>&nbsp;</p>        <h4>Features</h4>        <p><strong>Caliper</strong></p><table><tbody>  <tr><td>Caliper Body</td><td>:</td><td>Cast Monobloc Radial Mount</td></tr>  <tr><td>Caliper Piston Configuration</td><td>:</td><td>4-Piston</td></tr>  <tr><td>Caliper Piston Design And Insert Type</td><td>:</td><td>Inner Pressure Seal / OEM Approved Dust Boot</td></tr></tbody></table><p><strong>Disc</strong></p><table><tbody>  <tr><td>Disc Material/Finish</td><td>:</td><td>Advanced High Carbon Alloy / Corrosion Resistant Plating</td></tr>  <tr><td>Disc Diameter</td><td>:</td><td>328mm</td></tr>  <tr><td>Disc Width (Measurement)</td><td>:</td><td>28mm</td></tr>  <tr><td>Disc Air Gap (Measurement)</td><td>:</td><td>17mm</td></tr>  <tr><td>Disc Annulus (Measurement)</td><td>:</td><td>54mm</td></tr>  <tr><td>Disc Construction</td><td>:</td><td>2-Piece Disc Assembly</td></tr>  <tr><td>Disc Vane Design (Measurement)</td><td>:</td><td>Vented Curved 48 Vane</td></tr>  <tr><td>Disc To Hat Mounting System</td><td>:</td><td>Floating D-Bobbin with Anti Rattle Spring</td></tr></tbody></table><p><strong>Friction Material</strong></p><table><tbody>  <tr><td>Pad Compound</td><td>:</td><td>Brembo High Performance FM1000</td></tr>  <tr><td>Pad Volume / Surface Area</td><td>:</td><td>48.2 | 53.6</td></tr></tbody></table>        <p>&nbsp;</p>        <h4>What's Included</h4><ul>  <li>Brake Lines: Proprietary Brembo Stainless Steel Braided Brake Lines by Goodridge</li>  <li>Mounting Hardware: Brembo Engineered CNC Billet Caliper Adapters - All Necessary Hardware Included For Ease of Installation</li></ul>        <p>&nbsp;</p>        <p>&nbsp;</p><h4>Compatibility</h4><div class=""compatibility-accordion-wrapper""><div class=""compatibility-tab"">                        <input name=""tabs"" type=""checkbox"" id=""compatibility-tab-1"">                        <label for=""compatibility-tab-1""><b>TOYOTA</b><br></label>                                                    <div class=""compatibility-tab-content""><ul><li>YARIS GR</li></ul></div></div></div><p>Feel free to contact us at info@mlperformance.co.uk should you wish to double check!</p>        <p>&nbsp;</p>        <h4>Compatibility Check</h4><p>To ensure the part(s) you have ordered fits your vehicle, we run a compatibility check prior to dispatch. We can do this either using your registration number (UK) or the last 7 digits of your VIN. Simply enter your car details prior to checkout.</p>          <p>&nbsp;</p>        <h4>Part Number</h4><p>BREMBO-1M1.8068A2 (Cross Drilled /  Red)</p><p>BREMBO-1M1.8068A1 (Cross Drilled /  Black)</p><p>BREMBO-1M1.8068A3 (Cross Drilled /  Silver)</p><p>BREMBO-1M1.8068A5 (Cross Drilled /  Yellow)</p><p>BREMBO-1M2.8068A2 (TY1 /  Red)</p><p>BREMBO-1M2.8068A1 (TY1 /  Black)</p><p>BREMBO-1M2.8068A3 (TY1 /  Silver)</p><p>BREMBO-1M2.8068A5 (TY1 /  Yellow)</p><p>BREMBO-1M3.8068A2 (TY3 /  Red)</p><p>BREMBO-1M3.8068A1 (TY3 /  Black)</p><p>BREMBO-1M3.8068A3 (TY3 /  Silver)</p><p>BREMBO-1M3.8068A5 (TY3 /  Yellow)</p><p>BREMBO-1M1.8068AS (Cross Drilled /  Black Hard Anodized)</p><p>BREMBO-1M2.8068AS (TY1 /  Black Hard Anodized)</p><p>BREMBO-1M3.8068AS (TY3 /  Black Hard Anodized)</p>        <p>&nbsp;</p>        <h4>More Information</h4><p><strong>Manufactured by</strong></p><p>Brembo</p>",Brembo,,Brake,"Uploaded by_Muazzim, Brand_Brembo, Product Type_Brake, Category_Brake Discs",TRUE,Disc Type,Cross Drilled,Finish,Red,,,BREMBO-1M1.8068A2,25000,shopify,continue,manual,4160.29,4522.06,TRUE,TRUE,1M1.8068A2,https://racetechnologies.com/sites/default/files/content/images/brakekits/brembo-m-caliper-6-piston-2-piece-355-380mm-drilled-red-med.jpg,1,Brembo 1M-.8068A (F) 4-Piston Cast Monobloc Calipers  355mm (14'') 2-Piece Discs Brake Disc,,Brembo 1M-.8068A (F) 4-Piston Cast Monobloc Calipers  355mm (14'') 2-Piece Discs Brake Disc,Get Brembo 1M-.8068A (F) 4-Piston Cast Monobloc Calipers  355mm (14'') 2-Piece Discs Brake Disc for your car to get your desired looks and performance from ML Performance at the lowest price with FREE UK shipping & next day delivery on in stock items. Very cheap prices & good service.,,,,1M1.8068A2,,,new,,,,,,,https://racetechnologies.com/sites/default/files/content/images/brakekits/brembo-m-caliper-6-piston-2-piece-355-380mm-drilled-red-med.jpg,kg,8708949900,,,,,active
brembo-1m-8068a-f-4-piston-cast-monobloc-calipers-355mm-14-2-piece-discs-brake-disc,,,,,,,,,Cross Drilled,,Black,,,BREMBO-1M1.8068A1,25000,shopify,continue,manual,4160.29,4522.06,TRUE,TRUE,1M1.8068A1,https://racetechnologies.com/sites/default/files/content/images/brakekits/brembo-m-caliper-6-piston-2-piece-355-380mm-drilled-black-med.jpg,2,,,,,,,,1M1.8068A1,,,,,,,,,,https://racetechnologies.com/sites/default/files/content/images/brakekits/brembo-m-caliper-6-piston-2-piece-355-380mm-drilled-black-med.jpg,kg,8708949900,,,,,
brembo-1m-8068a-f-4-piston-cast-monobloc-calipers-355mm-14-2-piece-discs-brake-disc,,,,,,,,,Cross Drilled,,Silver,,,BREMBO-1M1.8068A3,25000,shopify,continue,manual,4160.29,4522.06,TRUE,TRUE,1M1.8068A3,https://racetechnologies.com/sites/default/files/content/images/brakekits/brembo-m-caliper-6-piston-2-piece-355-380mm-drilled-silver-med.jpg,3,,,,,,,,1M1.8068A3,,,,,,,,,,https://racetechnologies.com/sites/default/files/content/images/brakekits/brembo-m-caliper-6-piston-2-piece-355-380mm-drilled-silver-med.jpg,kg,8708949900,,,,,
brembo-1m-8068a-f-4-piston-cast-monobloc-calipers-355mm-14-2-piece-discs-brake-disc,,,,,,,,,Cross Drilled,,Yellow,,,BREMBO-1M1.8068A5,25000,shopify,continue,manual,4160.29,4522.06,TRUE,TRUE,1M1.8068A5,https://racetechnologies.com/sites/default/files/content/images/brakekits/brembo-m-caliper-6-piston-2-piece-355-380mm-drilled-yellow-med.jpg,4,,,,,,,,1M1.8068A5,,,,,,,,,,https://racetechnologies.com/sites/default/files/content/images/brakekits/brembo-m-caliper-6-piston-2-piece-355-380mm-drilled-yellow-med.jpg,kg,8708949900,,,,,
brembo-1m-8068a-f-4-piston-cast-monobloc-calipers-355mm-14-2-piece-discs-brake-disc,,,,,,,,,TY1,,Red,,,BREMBO-1M2.8068A2,25000,shopify,continue,manual,4160.29,4522.06,TRUE,TRUE,1M2.8068A2,https://racetechnologies.com/sites/default/files/content/images/brakekits/brembo-m-caliper-6-piston-2-piece-355-380mm-slotted-type-1-red-med.jpg,5,,,,,,,,1M2.8068A2,,,,,,,,,,https://racetechnologies.com/sites/default/files/content/images/brakekits/brembo-m-caliper-6-piston-2-piece-355-380mm-slotted-type-1-red-med.jpg,kg,8708949900,,,,,
brembo-1m-8068a-f-4-piston-cast-monobloc-calipers-355mm-14-2-piece-discs-brake-disc,,,,,,,,,TY1,,Black,,,BREMBO-1M2.8068A1,25000,shopify,continue,manual,4160.29,4522.06,TRUE,TRUE,1M2.8068A1,https://racetechnologies.com/sites/default/files/content/images/brakekits/brembo-m-caliper-6-piston-2-piece-355-380mm-slotted-type-1-black-med.jpg,6,,,,,,,,1M2.8068A1,,,,,,,,,,https://racetechnologies.com/sites/default/files/content/images/brakekits/brembo-m-caliper-6-piston-2-piece-355-380mm-slotted-type-1-black-med.jpg,kg,8708949900,,,,,
brembo-1m-8068a-f-4-piston-cast-monobloc-calipers-355mm-14-2-piece-discs-brake-disc,,,,,,,,,TY1,,Silver,,,BREMBO-1M2.8068A3,25000,shopify,continue,manual,4160.29,4522.06,TRUE,TRUE,1M2.8068A3,https://racetechnologies.com/sites/default/files/content/images/brakekits/brembo-m-caliper-6-piston-2-piece-355-380mm-slotted-type-1-silver-med.jpg,7,,,,,,,,1M2.8068A3,,,,,,,,,,https://racetechnologies.com/sites/default/files/content/images/brakekits/brembo-m-caliper-6-piston-2-piece-355-380mm-slotted-type-1-silver-med.jpg,kg,8708949900,,,,,
brembo-1m-8068a-f-4-piston-cast-monobloc-calipers-355mm-14-2-piece-discs-brake-disc,,,,,,,,,TY1,,Yellow,,,BREMBO-1M2.8068A5,25000,shopify,continue,manual,4160.29,4522.06,TRUE,TRUE,1M2.8068A5,https://racetechnologies.com/sites/default/files/content/images/brakekits/brembo-m-caliper-6-piston-2-piece-355-380mm-slotted-type-1-yellow-med.jpg,8,,,,,,,,1M2.8068A5,,,,,,,,,,https://racetechnologies.com/sites/default/files/content/images/brakekits/brembo-m-caliper-6-piston-2-piece-355-380mm-slotted-type-1-yellow-med.jpg,kg,8708949900,,,,,
brembo-1m-8068a-f-4-piston-cast-monobloc-calipers-355mm-14-2-piece-discs-brake-disc,,,,,,,,,TY3,,Red,,,BREMBO-1M3.8068A2,25000,shopify,continue,manual,4160.29,4522.06,TRUE,TRUE,1M3.8068A2,https://racetechnologies.com/sites/default/files/content/images/brakekits/brembo-m-caliper-6-piston-2-piece-355-380mm-slotted-type-3-red-med.jpg,9,,,,,,,,1M3.8068A2,,,,,,,,,,https://racetechnologies.com/sites/default/files/content/images/brakekits/brembo-m-caliper-6-piston-2-piece-355-380mm-slotted-type-3-red-med.jpg,kg,8708949900,,,,,
brembo-1m-8068a-f-4-piston-cast-monobloc-calipers-355mm-14-2-piece-discs-brake-disc,,,,,,,,,TY3,,Black,,,BREMBO-1M3.8068A1,25000,shopify,continue,manual,4160.29,4522.06,TRUE,TRUE,1M3.8068A1,https://racetechnologies.com/sites/default/files/content/images/brakekits/brembo-m-caliper-6-piston-2-piece-355-380mm-slotted-type-3-black-med.jpg,10,,,,,,,,1M3.8068A1,,,,,,,,,,https://racetechnologies.com/sites/default/files/content/images/brakekits/brembo-m-caliper-6-piston-2-piece-355-380mm-slotted-type-3-black-med.jpg,kg,8708949900,,,,,
brembo-1m-8068a-f-4-piston-cast-monobloc-calipers-355mm-14-2-piece-discs-brake-disc,,,,,,,,,TY3,,Silver,,,BREMBO-1M3.8068A3,25000,shopify,continue,manual,4160.29,4522.06,TRUE,TRUE,1M3.8068A3,https://racetechnologies.com/sites/default/files/content/images/brakekits/brembo-m-caliper-6-piston-2-piece-355-380mm-slotted-type-3-silver-med.jpg,11,,,,,,,,1M3.8068A3,,,,,,,,,,https://racetechnologies.com/sites/default/files/content/images/brakekits/brembo-m-caliper-6-piston-2-piece-355-380mm-slotted-type-3-silver-med.jpg,kg,8708949900,,,,,
brembo-1m-8068a-f-4-piston-cast-monobloc-calipers-355mm-14-2-piece-discs-brake-disc,,,,,,,,,TY3,,Yellow,,,BREMBO-1M3.8068A5,25000,shopify,continue,manual,4160.29,4522.06,TRUE,TRUE,1M3.8068A5,https://racetechnologies.com/sites/default/files/content/images/brakekits/brembo-m-caliper-6-piston-2-piece-355-380mm-slotted-type-3-yellow-med.jpg,12,,,,,,,,1M3.8068A5,,,,,,,,,,https://racetechnologies.com/sites/default/files/content/images/brakekits/brembo-m-caliper-6-piston-2-piece-355-380mm-slotted-type-3-yellow-med.jpg,kg,8708949900,,,,,
brembo-1m-8068a-f-4-piston-billet-monobloc-calipers-355mm-14-2-piece-discs-brake-disc,Brembo 1M-.8068A 4-Piston Billet Monobloc Calipers  355mm (14'') 2-Piece Discs Brake Disc (Front),"<h4><strong>Description</strong></h4>This is 4-Piston Billet Monobloc Calipers | 355mm (14'') 2-Piece Discs | Complete Axle Set | Pre-Assembled | All Necessary Hardware Included, Front        <p>&nbsp;</p>        <h4>Features</h4>        <p><strong>Caliper</strong></p><table><tbody>  <tr><td>Caliper Body</td><td>:</td><td>Billet Monobloc Radial Mount</td></tr>  <tr><td>Caliper Piston Configuration</td><td>:</td><td>4-Piston</td></tr>  <tr><td>Caliper Piston Design And Insert Type</td><td>:</td><td>Inner Pressure Seal / Recessed Dust Boot / Ventilated Stainless Steel Insert</td></tr></tbody></table><p><strong>Disc</strong></p><table><tbody>  <tr><td>Disc Material/Finish</td><td>:</td><td>Advanced High Carbon Alloy / Corrosion Resistant Plating</td></tr>  <tr><td>Disc Diameter</td><td>:</td><td>328mm</td></tr>  <tr><td>Disc Width (Measurement)</td><td>:</td><td>28mm</td></tr>  <tr><td>Disc Air Gap (Measurement)</td><td>:</td><td>17mm</td></tr>  <tr><td>Disc Annulus (Measurement)</td><td>:</td><td>54mm</td></tr>  <tr><td>Disc Construction</td><td>:</td><td>2-Piece Disc Assembly</td></tr>  <tr><td>Disc Vane Design (Measurement)</td><td>:</td><td>Vented Curved 48 Vane</td></tr>  <tr><td>Disc To Hat Mounting System</td><td>:</td><td>Floating D-Bobbin with Anti Rattle Spring</td></tr></tbody></table><p><strong>Friction Material</strong></p><table><tbody>  <tr><td>Pad Compound</td><td>:</td><td>Brembo High Performance FM1000</td></tr>  <tr><td>Pad Volume / Surface Area</td><td>:</td><td>48.2 | 53.6</td></tr></tbody></table>        <p>&nbsp;</p>        <h4>What's Included</h4><ul>  <li>Brake Lines: Proprietary Brembo Stainless Steel Braided Brake Lines by Goodridge</li>  <li>Mounting Hardware: Brembo Engineered CNC Billet Caliper Adapters - All Necessary Hardware Included For Ease of Installation</li></ul>        <p>&nbsp;</p>        <p>&nbsp;</p><h4>Compatibility</h4><div class=""compatibility-accordion-wrapper""><div class=""compatibility-tab"">                        <input name=""tabs"" type=""checkbox"" id=""compatibility-tab-1"">                        <label for=""compatibility-tab-1""><b>TOYOTA</b><br></label>                                                    <div class=""compatibility-tab-content""><ul><li>YARIS GR</li></ul></div></div></div><p>Feel free to contact us at info@mlperformance.co.uk should you wish to double check!</p>        <p>&nbsp;</p>        <h4>Compatibility Check</h4><p>To ensure the part(s) you have ordered fits your vehicle, we run a compatibility check prior to dispatch. We can do this either using your registration number (UK) or the last 7 digits of your VIN. Simply enter your car details prior to checkout.</p>          <p>&nbsp;</p>        <h4>Part Number</h4><p>BREMBO-1M1.8068AR (Cross Drilled /  Nickel Plated)</p><p>BREMBO-1M2.8068AR (TY1 /  Nickel Plated)</p><p>BREMBO-1M3.8068AR (TY3 /  Nickel Plated)</p>        <p>&nbsp;</p>        <h4>More Information</h4><p><strong>Manufactured by</strong></p><p>Brembo</p>",Brembo,,Brake,"Uploaded by_Muazzim, Brand_Brembo, Product Type_Brake, Category_Brake Discs",TRUE,Disc Type,Cross Drilled,Finish,Nickel Plated,,,BREMBO-1M1.8068AR,25000,shopify,continue,manual,8066.92,8768.39,TRUE,TRUE,1M1.8068AR,https://racetechnologies.com/sites/default/files/content/images/brakekits/brembo-m-caliper-6-piston-2-piece-355-380mm-drilled-gt-r-med.jpg,1,Brembo 1M-.8068A (F) 4-Piston Billet Monobloc Calipers  355mm (14'') 2-Piece Discs Brake Disc,,Brembo 1M-.8068A (F) 4-Piston Billet Monobloc Calipers  355mm (14'') 2-Piece Discs Brake Disc,Get Brembo 1M-.8068A (F) 4-Piston Billet Monobloc Calipers  355mm (14'') 2-Piece Discs Brake Disc for your car to get your desired looks and performance from ML Performance at the lowest price with FREE UK shipping & next day delivery on in stock items. Very cheap prices & good service.,,,,1M1.8068AR,,,new,,,,,,,https://racetechnologies.com/sites/default/files/content/images/brakekits/brembo-m-caliper-6-piston-2-piece-355-380mm-drilled-gt-r-med.jpg,kg,8708949900,,,,,active
brembo-1m-8068a-f-4-piston-billet-monobloc-calipers-355mm-14-2-piece-discs-brake-disc,,,,,,,,,TY1,,Nickel Plated,,,BREMBO-1M2.8068AR,25000,shopify,continue,manual,8066.92,8768.39,TRUE,TRUE,1M2.8068AR,https://racetechnologies.com/sites/default/files/content/images/brakekits/brembo-m-caliper-6-piston-2-piece-355-380mm-slotted-type-1-gt-r-med.jpg,2,,,,,,,,1M2.8068AR,,,,,,,,,,https://racetechnologies.com/sites/default/files/content/images/brakekits/brembo-m-caliper-6-piston-2-piece-355-380mm-slotted-type-1-gt-r-med.jpg,kg,8708949900,,,,,
brembo-1m-8068a-f-4-piston-billet-monobloc-calipers-355mm-14-2-piece-discs-brake-disc,,,,,,,,,TY3,,Nickel Plated,,,BREMBO-1M3.8068AR,25000,shopify,continue,manual,8066.92,8768.39,TRUE,TRUE,1M3.8068AR,https://racetechnologies.com/sites/default/files/content/images/brakekits/brembo-m-caliper-6-piston-2-piece-355-380mm-slotted-type-3-gt-r-med.jpg,3,,,,,,,,1M3.8068AR,,,,,,,,,,https://racetechnologies.com/sites/default/files/content/images/brakekits/brembo-m-caliper-6-piston-2-piece-355-380mm-slotted-type-3-gt-r-med.jpg,kg,8708949900,,,,,
brembo-1m-8068a-f-4-piston-cast-monobloc-calipers-355mm-14-2-piece-discs-brake-disc,Brembo 1M-.8068A 4-Piston Cast Monobloc Calipers  355mm (14'') 2-Piece Discs Brake Disc (Front),"<h4><strong>Description</strong></h4>This is 4-Piston Cast Monobloc Calipers | 355mm (14'') 2-Piece Discs | Complete Axle Set | Pre-Assembled | All Necessary Hardware Included, Front        <p>&nbsp;</p>        <h4>Features</h4>        <p><strong>Caliper</strong></p><table><tbody>  <tr><td>Caliper Body</td><td>:</td><td>Cast Monobloc Radial Mount</td></tr>  <tr><td>Caliper Piston Configuration</td><td>:</td><td>4-Piston</td></tr>  <tr><td>Caliper Piston Design And Insert Type</td><td>:</td><td>Inner Pressure Seal / Recessed Dust Boot / Stainless Steel Insert</td></tr></tbody></table><p><strong>Disc</strong></p><table><tbody>  <tr><td>Disc Material/Finish</td><td>:</td><td>Advanced High Carbon Alloy / Corrosion Resistant Plating</td></tr>  <tr><td>Disc Diameter</td><td>:</td><td>328mm</td></tr>  <tr><td>Disc Width (Measurement)</td><td>:</td><td>28mm</td></tr>  <tr><td>Disc Air Gap (Measurement)</td><td>:</td><td>17mm</td></tr>  <tr><td>Disc Annulus (Measurement)</td><td>:</td><td>54mm</td></tr>  <tr><td>Disc Construction</td><td>:</td><td>2-Piece Disc Assembly</td></tr>  <tr><td>Disc Vane Design (Measurement)</td><td>:</td><td>Vented Curved 48 Vane</td></tr>  <tr><td>Disc To Hat Mounting System</td><td>:</td><td>Floating D-Bobbin with Anti Rattle Spring</td></tr></tbody></table><p><strong>Friction Material</strong></p><table><tbody>  <tr><td>Pad Compound</td><td>:</td><td>Brembo High Performance FM1000</td></tr>  <tr><td>Pad Volume / Surface Area</td><td>:</td><td>48.2 | 53.6</td></tr></tbody></table>        <p>&nbsp;</p>        <h4>What's Included</h4><ul>  <li>Brake Lines: Proprietary Brembo Stainless Steel Braided Brake Lines by Goodridge</li>  <li>Mounting Hardware: Brembo Engineered CNC Billet Caliper Adapters - All Necessary Hardware Included For Ease of Installation</li></ul>        <p>&nbsp;</p>        <p>&nbsp;</p><h4>Compatibility</h4><div class=""compatibility-accordion-wrapper""><div class=""compatibility-tab"">                        <input name=""tabs"" type=""checkbox"" id=""compatibility-tab-1"">                        <label for=""compatibility-tab-1""><b>TOYOTA</b><br></label>                                                    <div class=""compatibility-tab-content""><ul><li>YARIS GR</li></ul></div></div></div><p>Feel free to contact us at info@mlperformance.co.uk should you wish to double check!</p>        <p>&nbsp;</p>        <h4>Compatibility Check</h4><p>To ensure the part(s) you have ordered fits your vehicle, we run a compatibility check prior to dispatch. We can do this either using your registration number (UK) or the last 7 digits of your VIN. Simply enter your car details prior to checkout.</p>          <p>&nbsp;</p>        <h4>Part Number</h4><p>BREMBO-1M1.8068A2 (Cross Drilled /  Red)</p><p>BREMBO-1M1.8068A1 (Cross Drilled /  Black)</p><p>BREMBO-1M1.8068A3 (Cross Drilled /  Silver)</p><p>BREMBO-1M1.8068A5 (Cross Drilled /  Yellow)</p><p>BREMBO-1M2.8068A2 (TY1 /  Red)</p><p>BREMBO-1M2.8068A1 (TY1 /  Black)</p><p>BREMBO-1M2.8068A3 (TY1 /  Silver)</p><p>BREMBO-1M2.8068A5 (TY1 /  Yellow)</p><p>BREMBO-1M3.8068A2 (TY3 /  Red)</p><p>BREMBO-1M3.8068A1 (TY3 /  Black)</p><p>BREMBO-1M3.8068A3 (TY3 /  Silver)</p><p>BREMBO-1M3.8068A5 (TY3 /  Yellow)</p><p>BREMBO-1M1.8068AS (Cross Drilled /  Black Hard Anodized)</p><p>BREMBO-1M2.8068AS (TY1 /  Black Hard Anodized)</p><p>BREMBO-1M3.8068AS (TY3 /  Black Hard Anodized)</p>        <p>&nbsp;</p>        <h4>More Information</h4><p><strong>Manufactured by</strong></p><p>Brembo</p>",Brembo,,Brake,"Uploaded by_Muazzim, Brand_Brembo, Product Type_Brake, Category_Brake Discs",TRUE,Disc Type,Cross Drilled,Finish,Black Hard Anodized,,,BREMBO-1M1.8068AS,25000,shopify,continue,manual,4261.76,4632.35,TRUE,TRUE,1M1.8068AS,https://racetechnologies.com/sites/default/files/content/images/brakekits/brembo-m-caliper-6-piston-2-piece-355-380mm-drilled-gt-s-med.jpg,1,Brembo 1M-.8068A (F) 4-Piston Cast Monobloc Calipers  355mm (14'') 2-Piece Discs Brake Disc,,Brembo 1M-.8068A (F) 4-Piston Cast Monobloc Calipers  355mm (14'') 2-Piece Discs Brake Disc,Get Brembo 1M-.8068A (F) 4-Piston Cast Monobloc Calipers  355mm (14'') 2-Piece Discs Brake Disc for your car to get your desired looks and performance from ML Performance at the lowest price with FREE UK shipping & next day delivery on in stock items. Very cheap prices & good service.,,,,1M1.8068AS,,,new,,,,,,,https://racetechnologies.com/sites/default/files/content/images/brakekits/brembo-m-caliper-6-piston-2-piece-355-380mm-drilled-gt-s-med.jpg,kg,8708949900,,,,,active
brembo-1m-8068a-f-4-piston-cast-monobloc-calipers-355mm-14-2-piece-discs-brake-disc,,,,,,,,,TY1,,Black Hard Anodized,,,BREMBO-1M2.8068AS,25000,shopify,continue,manual,4261.76,4632.35,TRUE,TRUE,1M2.8068AS,https://racetechnologies.com/sites/default/files/content/images/brakekits/brembo-m-caliper-6-piston-2-piece-355-380mm-slotted-type-1-gt-s-med.jpg,2,,,,,,,,1M2.8068AS,,,,,,,,,,https://racetechnologies.com/sites/default/files/content/images/brakekits/brembo-m-caliper-6-piston-2-piece-355-380mm-slotted-type-1-gt-s-med.jpg,kg,8708949900,,,,,
brembo-1m-8068a-f-4-piston-cast-monobloc-calipers-355mm-14-2-piece-discs-brake-disc,,,,,,,,,TY3,,Black Hard Anodized,,,BREMBO-1M3.8068AS,25000,shopify,continue,manual,4261.76,4632.35,TRUE,TRUE,1M3.8068AS,https://racetechnologies.com/sites/default/files/content/images/brakekits/brembo-m-caliper-6-piston-2-piece-355-380mm-slotted-type-3-gt-s-med.jpg,3,,,,,,,,1M3.8068AS,,,,,,,,,,https://racetechnologies.com/sites/default/files/content/images/brakekits/brembo-m-caliper-6-piston-2-piece-355-380mm-slotted-type-3-gt-s-med.jpg,kg,8708949900,,,,,
brembo-2p-8062a-r-4-piston-cast-monobloc-calipers-345mm-13-6-2-piece-discs-brake-disc,Brembo 2P-.8062A 4-Piston Cast Monobloc Calipers  345mm (13.6'') 2-Piece Discs Brake Disc (Rear),"<h4><strong>Description</strong></h4>This is  4-Piston Cast Monobloc Calipers | 345mm (13.6'') 2-Piece Discs | Complete Axle Set | Pre-Assembled | All Necessary Hardware Included, Rear        <p>&nbsp;</p>        <h4>Features</h4>        <p><strong>Caliper</strong></p><table><tbody>  <tr><td>Caliper Body</td><td>:</td><td>Cast Monobloc Radial Mount</td></tr>  <tr><td>Caliper Piston Configuration</td><td>:</td><td>4-Piston</td></tr>  <tr><td>Caliper Piston Design And Insert Type</td><td>:</td><td>Inner Pressure Seal / OEM Approved Dust Boot</td></tr></tbody></table><p><strong>Disc</strong></p><table><tbody>  <tr><td>Disc Material/Finish</td><td>:</td><td>Advanced High Carbon Alloy / Corrosion Resistant Plating</td></tr>  <tr><td>Disc Diameter</td><td>:</td><td>328mm</td></tr>  <tr><td>Disc Width (Measurement)</td><td>:</td><td>28mm</td></tr>  <tr><td>Disc Air Gap (Measurement)</td><td>:</td><td>17mm</td></tr>  <tr><td>Disc Annulus (Measurement)</td><td>:</td><td>54mm</td></tr>  <tr><td>Disc Construction</td><td>:</td><td>2-Piece Disc Assembly</td></tr>  <tr><td>Disc Vane Design (Measurement)</td><td>:</td><td>Vented Curved 48 Vane</td></tr>  <tr><td>Disc To Hat Mounting System</td><td>:</td><td>Floating D-Bobbin with Anti Rattle Spring</td></tr></tbody></table><p><strong>Friction Material</strong></p><table><tbody>  <tr><td>Pad Compound</td><td>:</td><td>Brembo High Performance FM1000</td></tr>  <tr><td>Pad Volume / Surface Area</td><td>:</td><td>48.2 | 53.6</td></tr></tbody></table>        <p>&nbsp;</p>        <h4>What's Included</h4><ul>  <li>Brake Lines: Proprietary Brembo Stainless Steel Braided Brake Lines by Goodridge</li>  <li>Mounting Hardware: Brembo Engineered CNC Billet Caliper Adapters - All Necessary Hardware Included For Ease of Installation</li></ul>        <p>&nbsp;</p>        <p>&nbsp;</p><h4>Compatibility</h4><div class=""compatibility-accordion-wrapper""><div class=""compatibility-tab"">                        <input name=""tabs"" type=""checkbox"" id=""compatibility-tab-1"">                        <label for=""compatibility-tab-1""><b>TOYOTA</b><br></label>                                                    <div class=""compatibility-tab-content""><ul><li>YARIS GR</li></ul></div></div></div><p>Feel free to contact us at info@mlperformance.co.uk should you wish to double check!</p>        <p>&nbsp;</p>        <h4>Compatibility Check</h4><p>To ensure the part(s) you have ordered fits your vehicle, we run a compatibility check prior to dispatch. We can do this either using your registration number (UK) or the last 7 digits of your VIN. Simply enter your car details prior to checkout.</p>          <p>&nbsp;</p>        <h4>Part Number</h4><p>BREMBO-2P1.8062A2 (Cross Drilled /  Red)</p><p>BREMBO-2P1.8062A1 (Cross Drilled /  Black)</p><p>BREMBO-2P1.8062A3 (Cross Drilled /  Silver)</p><p>BREMBO-2P1.8062A5 (Cross Drilled /  Yellow)</p><p>BREMBO-2P2.8062A2 (TY1 /  Red)</p><p>BREMBO-2P2.8062A1 (TY1 /  Black)</p><p>BREMBO-2P2.8062A3 (TY1 /  Silver)</p><p>BREMBO-2P2.8062A5 (TY1 /  Yellow)</p><p>BREMBO-2P3.8062A2 (TY3 /  Red)</p><p>BREMBO-2P3.8062A1 (TY3 /  Black)</p><p>BREMBO-2P3.8062A3 (TY3 /  Silver)</p><p>BREMBO-2P3.8062A5 (TY3 /  Yellow)</p><p>BREMBO-2P1.8062AS (Cross Drilled /  Black Hard Anodized)</p><p>BREMBO-2P2.8062AS (TY1 /  Black Hard Anodized)</p><p>BREMBO-2P3.8062AS (TY3 /  Black Hard Anodized)</p>        <p>&nbsp;</p>        <h4>More Information</h4><p><strong>Manufactured by</strong></p><p>Brembo</p>",Brembo,,Brake,"Uploaded by_Muazzim, Brand_Brembo, Product Type_Brake, Category_Brake Discs",TRUE,Disc Type,Cross Drilled,Finish,Red,,,BREMBO-2P1.8062A2,25000,shopify,continue,manual,3805.14,4136.03,TRUE,TRUE,2P1.8062A2,https://racetechnologies.com/sites/default/files/content/images/brakekits/brembo-p-caliper-4-piston-2-piece-345-365-380mm-drilled-red-med.jpg,1,Brembo 2P-.8062A (R) 4-Piston Cast Monobloc Calipers  345mm (13.6'') 2-Piece Discs Brake Disc,,Brembo 2P-.8062A (R) 4-Piston Cast Monobloc Calipers  345mm (13.6'') 2-Piece Discs Brake Disc,Get Brembo 2P-.8062A (R) 4-Piston Cast Monobloc Calipers  345mm (13.6'') 2-Piece Discs Brake Disc for your car to get your desired looks and performance from ML Performance at the lowest price with FREE UK shipping & next day delivery on in stock items. Very cheap prices & good service.,,,,2P1.8062A2,,,new,,,,,,,https://racetechnologies.com/sites/default/files/content/images/brakekits/brembo-p-caliper-4-piston-2-piece-345-365-380mm-drilled-red-med.jpg,kg,8708949900,,,,,active
brembo-2p-8062a-r-4-piston-cast-monobloc-calipers-345mm-13-6-2-piece-discs-brake-disc,,,,,,,,,Cross Drilled,,Black,,,BREMBO-2P1.8062A1,25000,shopify,continue,manual,3805.14,4136.03,TRUE,TRUE,2P1.8062A1,https://racetechnologies.com/sites/default/files/content/images/brakekits/brembo-p-caliper-4-piston-2-piece-345-365-380mm-drilled-black-med.jpg,2,,,,,,,,2P1.8062A1,,,,,,,,,,https://racetechnologies.com/sites/default/files/content/images/brakekits/brembo-p-caliper-4-piston-2-piece-345-365-380mm-drilled-black-med.jpg,kg,8708949900,,,,,
brembo-2p-8062a-r-4-piston-cast-monobloc-calipers-345mm-13-6-2-piece-discs-brake-disc,,,,,,,,,Cross Drilled,,Silver,,,BREMBO-2P1.8062A3,25000,shopify,continue,manual,3805.14,4136.03,TRUE,TRUE,2P1.8062A3,https://racetechnologies.com/sites/default/files/content/images/brakekits/brembo-p-caliper-4-piston-2-piece-345-365-380mm-drilled-silver-med.jpg,3,,,,,,,,2P1.8062A3,,,,,,,,,,https://racetechnologies.com/sites/default/files/content/images/brakekits/brembo-p-caliper-4-piston-2-piece-345-365-380mm-drilled-silver-med.jpg,kg,8708949900,,,,,
brembo-2p-8062a-r-4-piston-cast-monobloc-calipers-345mm-13-6-2-piece-discs-brake-disc,,,,,,,,,Cross Drilled,,Yellow,,,BREMBO-2P1.8062A5,25000,shopify,continue,manual,3805.14,4136.03,TRUE,TRUE,2P1.8062A5,https://racetechnologies.com/sites/default/files/content/images/brakekits/brembo-p-caliper-4-piston-2-piece-345-365-380mm-drilled-yellow-med.jpg,4,,,,,,,,2P1.8062A5,,,,,,,,,,https://racetechnologies.com/sites/default/files/content/images/brakekits/brembo-p-caliper-4-piston-2-piece-345-365-380mm-drilled-yellow-med.jpg,kg,8708949900,,,,,
brembo-2p-8062a-r-4-piston-cast-monobloc-calipers-345mm-13-6-2-piece-discs-brake-disc,,,,,,,,,TY1,,Red,,,BREMBO-2P2.8062A2,25000,shopify,continue,manual,3805.14,4136.03,TRUE,TRUE,2P2.8062A2,https://racetechnologies.com/sites/default/files/content/images/brakekits/brembo-p-caliper-4-piston-2-piece-345-365-380mm-slotted-type-1-red-med.jpg,5,,,,,,,,2P2.8062A2,,,,,,,,,,https://racetechnologies.com/sites/default/files/content/images/brakekits/brembo-p-caliper-4-piston-2-piece-345-365-380mm-slotted-type-1-red-med.jpg,kg,8708949900,,,,,
brembo-2p-8062a-r-4-piston-cast-monobloc-calipers-345mm-13-6-2-piece-discs-brake-disc,,,,,,,,,TY1,,Black,,,BREMBO-2P2.8062A1,25000,shopify,continue,manual,3805.14,4136.03,TRUE,TRUE,2P2.8062A1,https://racetechnologies.com/sites/default/files/content/images/brakekits/brembo-p-caliper-4-piston-2-piece-345-365-380mm-slotted-type-1-black-med.jpg,6,,,,,,,,2P2.8062A1,,,,,,,,,,https://racetechnologies.com/sites/default/files/content/images/brakekits/brembo-p-caliper-4-piston-2-piece-345-365-380mm-slotted-type-1-black-med.jpg,kg,8708949900,,,,,
brembo-2p-8062a-r-4-piston-cast-monobloc-calipers-345mm-13-6-2-piece-discs-brake-disc,,,,,,,,,TY1,,Silver,,,BREMBO-2P2.8062A3,25000,shopify,continue,manual,3805.14,4136.03,TRUE,TRUE,2P2.8062A3,https://racetechnologies.com/sites/default/files/content/images/brakekits/brembo-p-caliper-4-piston-2-piece-345-365-380mm-slotted-type-1-silver-med.jpg,7,,,,,,,,2P2.8062A3,,,,,,,,,,https://racetechnologies.com/sites/default/files/content/images/brakekits/brembo-p-caliper-4-piston-2-piece-345-365-380mm-slotted-type-1-silver-med.jpg,kg,8708949900,,,,,
brembo-2p-8062a-r-4-piston-cast-monobloc-calipers-345mm-13-6-2-piece-discs-brake-disc,,,,,,,,,TY1,,Yellow,,,BREMBO-2P2.8062A5,25000,shopify,continue,manual,3805.14,4136.03,TRUE,TRUE,2P2.8062A5,https://racetechnologies.com/sites/default/files/content/images/brakekits/brembo-p-caliper-4-piston-2-piece-345-365-380mm-slotted-type-1-yellow-med.jpg,8,,,,,,,,2P2.8062A5,,,,,,,,,,https://racetechnologies.com/sites/default/files/content/images/brakekits/brembo-p-caliper-4-piston-2-piece-345-365-380mm-slotted-type-1-yellow-med.jpg,kg,8708949900,,,,,
brembo-2p-8062a-r-4-piston-cast-monobloc-calipers-345mm-13-6-2-piece-discs-brake-disc,,,,,,,,,TY3,,Red,,,BREMBO-2P3.8062A2,25000,shopify,continue,manual,3805.14,4136.03,TRUE,TRUE,2P3.8062A2,https://racetechnologies.com/sites/default/files/content/images/brakekits/brembo-p-caliper-4-piston-2-piece-345-365-380mm-slotted-type-3-red-med.jpg,9,,,,,,,,2P3.8062A2,,,,,,,,,,https://racetechnologies.com/sites/default/files/content/images/brakekits/brembo-p-caliper-4-piston-2-piece-345-365-380mm-slotted-type-3-red-med.jpg,kg,8708949900,,,,,
brembo-2p-8062a-r-4-piston-cast-monobloc-calipers-345mm-13-6-2-piece-discs-brake-disc,,,,,,,,,TY3,,Black,,,BREMBO-2P3.8062A1,25000,shopify,continue,manual,3805.14,4136.03,TRUE,TRUE,2P3.8062A1,https://racetechnologies.com/sites/default/files/content/images/brakekits/brembo-p-caliper-4-piston-2-piece-345-365-380mm-slotted-type-3-black-med.jpg,10,,,,,,,,2P3.8062A1,,,,,,,,,,https://racetechnologies.com/sites/default/files/content/images/brakekits/brembo-p-caliper-4-piston-2-piece-345-365-380mm-slotted-type-3-black-med.jpg,kg,8708949900,,,,,
brembo-2p-8062a-r-4-piston-cast-monobloc-calipers-345mm-13-6-2-piece-discs-brake-disc,,,,,,,,,TY3,,Silver,,,BREMBO-2P3.8062A3,25000,shopify,continue,manual,3805.14,4136.03,TRUE,TRUE,2P3.8062A3,https://racetechnologies.com/sites/default/files/content/images/brakekits/brembo-p-caliper-4-piston-2-piece-345-365-380mm-slotted-type-3-silver-med.jpg,11,,,,,,,,2P3.8062A3,,,,,,,,,,https://racetechnologies.com/sites/default/files/content/images/brakekits/brembo-p-caliper-4-piston-2-piece-345-365-380mm-slotted-type-3-silver-med.jpg,kg,8708949900,,,,,
brembo-2p-8062a-r-4-piston-cast-monobloc-calipers-345mm-13-6-2-piece-discs-brake-disc,,,,,,,,,TY3,,Yellow,,,BREMBO-2P3.8062A5,25000,shopify,continue,manual,3805.14,4136.03,TRUE,TRUE,2P3.8062A5,https://racetechnologies.com/sites/default/files/content/images/brakekits/brembo-p-caliper-4-piston-2-piece-345-365-380mm-slotted-type-3-yellow-med.jpg,12,,,,,,,,2P3.8062A5,,,,,,,,,,https://racetechnologies.com/sites/default/files/content/images/brakekits/brembo-p-caliper-4-piston-2-piece-345-365-380mm-slotted-type-3-yellow-med.jpg,kg,8708949900,,,,,
brembo-2p-8062a-r-4-piston-billet-monobloc-calipers-345mm-13-6-2-piece-discs-brake-disc,Brembo 2P-.8062A 4-Piston Billet Monobloc Calipers  345mm (13.6'') 2-Piece Discs Brake Disc (Rear),"<h4><strong>Description</strong></h4>This is  4-Piston Billet Monobloc Calipers | 345mm (13.6'') 2-Piece Discs | Complete Axle Set | Pre-Assembled | All Necessary Hardware Included, Rear        <p>&nbsp;</p>        <h4>Features</h4>        <p><strong>Caliper</strong></p><table><tbody>  <tr><td>Caliper Body</td><td>:</td><td>Billet Monobloc Radial Mount</td></tr>  <tr><td>Caliper Piston Configuration</td><td>:</td><td>4-Piston</td></tr>  <tr><td>Caliper Piston Design And Insert Type</td><td>:</td><td>Inner Pressure Seal / Recessed Dust Boot / Ventilated Stainless Steel Insert</td></tr></tbody></table><p><strong>Disc</strong></p><table><tbody>  <tr><td>Disc Material/Finish</td><td>:</td><td>Advanced High Carbon Alloy / Corrosion Resistant Plating</td></tr>  <tr><td>Disc Diameter</td><td>:</td><td>328mm</td></tr>  <tr><td>Disc Width (Measurement)</td><td>:</td><td>28mm</td></tr>  <tr><td>Disc Air Gap (Measurement)</td><td>:</td><td>17mm</td></tr>  <tr><td>Disc Annulus (Measurement)</td><td>:</td><td>54mm</td></tr>  <tr><td>Disc Construction</td><td>:</td><td>2-Piece Disc Assembly</td></tr>  <tr><td>Disc Vane Design (Measurement)</td><td>:</td><td>Vented Curved 48 Vane</td></tr>  <tr><td>Disc To Hat Mounting System</td><td>:</td><td>Floating D-Bobbin with Anti Rattle Spring</td></tr></tbody></table><p><strong>Friction Material</strong></p><table><tbody>  <tr><td>Pad Compound</td><td>:</td><td>Brembo High Performance FM1000</td></tr>  <tr><td>Pad Volume / Surface Area</td><td>:</td><td>48.2 | 53.6</td></tr></tbody></table>        <p>&nbsp;</p>        <h4>What's Included</h4><ul>  <li>Brake Lines: Proprietary Brembo Stainless Steel Braided Brake Lines by Goodridge</li>  <li>Mounting Hardware: Brembo Engineered CNC Billet Caliper Adapters - All Necessary Hardware Included For Ease of Installation</li></ul>        <p>&nbsp;</p>        <p>&nbsp;</p><h4>Compatibility</h4><div class=""compatibility-accordion-wrapper""><div class=""compatibility-tab"">                        <input name=""tabs"" type=""checkbox"" id=""compatibility-tab-1"">                        <label for=""compatibility-tab-1""><b>TOYOTA</b><br></label>                                                    <div class=""compatibility-tab-content""><ul><li>YARIS GR</li></ul></div></div></div><p>Feel free to contact us at info@mlperformance.co.uk should you wish to double check!</p>        <p>&nbsp;</p>        <h4>Compatibility Check</h4><p>To ensure the part(s) you have ordered fits your vehicle, we run a compatibility check prior to dispatch. We can do this either using your registration number (UK) or the last 7 digits of your VIN. Simply enter your car details prior to checkout.</p>          <p>&nbsp;</p>        <h4>Part Number</h4><p>BREMBO-2P1.8062AR (Cross Drilled /  Nickel Plated)</p><p>BREMBO-2P2.8062AR (TY1 /  Nickel Plated)</p><p>BREMBO-2P3.8062AR (TY3 /  Nickel Plated)</p>        <p>&nbsp;</p>        <h4>More Information</h4><p><strong>Manufactured by</strong></p><p>Brembo</p>",Brembo,,Brake,"Uploaded by_Muazzim, Brand_Brembo, Product Type_Brake, Category_Brake Discs",TRUE,Disc Type,Cross Drilled,Finish,Nickel Plated,,,BREMBO-2P1.8062AR,25000,shopify,continue,manual,7204.42,7830.89,TRUE,TRUE,2P1.8062AR,https://racetechnologies.com/sites/default/files/content/images/brakekits/brembo-p-caliper-4-piston-2-piece-345-365-380mm-drilled-gt-r-med.jpg,1,Brembo 2P-.8062A (R) 4-Piston Billet Monobloc Calipers  345mm (13.6'') 2-Piece Discs Brake Disc,,Brembo 2P-.8062A (R) 4-Piston Billet Monobloc Calipers  345mm (13.6'') 2-Piece Discs Brake Disc,Get Brembo 2P-.8062A (R) 4-Piston Billet Monobloc Calipers  345mm (13.6'') 2-Piece Discs Brake Disc for your car to get your desired looks and performance from ML Performance at the lowest price with FREE UK shipping & next day delivery on in stock items. Very cheap prices & good service.,,,,2P1.8062AR,,,new,,,,,,,https://racetechnologies.com/sites/default/files/content/images/brakekits/brembo-p-caliper-4-piston-2-piece-345-365-380mm-drilled-gt-r-med.jpg,kg,8708949900,,,,,active
brembo-2p-8062a-r-4-piston-billet-monobloc-calipers-345mm-13-6-2-piece-discs-brake-disc,,,,,,,,,TY1,,Nickel Plated,,,BREMBO-2P2.8062AR,25000,shopify,continue,manual,7204.42,7830.89,TRUE,TRUE,2P2.8062AR,https://racetechnologies.com/sites/default/files/content/images/brakekits/brembo-p-caliper-4-piston-2-piece-345-365-380mm-slotted-type-1-gt-r-med.jpg,2,,,,,,,,2P2.8062AR,,,,,,,,,,https://racetechnologies.com/sites/default/files/content/images/brakekits/brembo-p-caliper-4-piston-2-piece-345-365-380mm-slotted-type-1-gt-r-med.jpg,kg,8708949900,,,,,
brembo-2p-8062a-r-4-piston-billet-monobloc-calipers-345mm-13-6-2-piece-discs-brake-disc,,,,,,,,,TY3,,Nickel Plated,,,BREMBO-2P3.8062AR,25000,shopify,continue,manual,7204.42,7830.89,TRUE,TRUE,2P3.8062AR,https://racetechnologies.com/sites/default/files/content/images/brakekits/brembo-p-caliper-4-piston-2-piece-345-365-380mm-slotted-type-3-gt-r-med.jpg,3,,,,,,,,2P3.8062AR,,,,,,,,,,https://racetechnologies.com/sites/default/files/content/images/brakekits/brembo-p-caliper-4-piston-2-piece-345-365-380mm-slotted-type-3-gt-r-med.jpg,kg,8708949900,,,,,
brembo-2p-8062a-r-4-piston-cast-monobloc-calipers-345mm-13-6-2-piece-discs-brake-disc,Brembo 2P-.8062A 4-Piston Cast Monobloc Calipers  345mm (13.6'') 2-Piece Discs Brake Disc (Rear),"<h4><strong>Description</strong></h4>This is  4-Piston Cast Monobloc Calipers | 345mm (13.6'') 2-Piece Discs | Complete Axle Set | Pre-Assembled | All Necessary Hardware Included, Rear        <p>&nbsp;</p>        <h4>Features</h4>        <p><strong>Caliper</strong></p><table><tbody>  <tr><td>Caliper Body</td><td>:</td><td>Cast Monobloc Radial Mount</td></tr>  <tr><td>Caliper Piston Configuration</td><td>:</td><td>4-Piston</td></tr>  <tr><td>Caliper Piston Design And Insert Type</td><td>:</td><td>Inner Pressure Seal / Recessed Dust Boot / Stainless Steel Insert</td></tr></tbody></table><p><strong>Disc</strong></p><table><tbody>  <tr><td>Disc Material/Finish</td><td>:</td><td>Advanced High Carbon Alloy / Corrosion Resistant Plating</td></tr>  <tr><td>Disc Diameter</td><td>:</td><td>328mm</td></tr>  <tr><td>Disc Width (Measurement)</td><td>:</td><td>28mm</td></tr>  <tr><td>Disc Air Gap (Measurement)</td><td>:</td><td>17mm</td></tr>  <tr><td>Disc Annulus (Measurement)</td><td>:</td><td>54mm</td></tr>  <tr><td>Disc Construction</td><td>:</td><td>2-Piece Disc Assembly</td></tr>  <tr><td>Disc Vane Design (Measurement)</td><td>:</td><td>Vented Curved 48 Vane</td></tr>  <tr><td>Disc To Hat Mounting System</td><td>:</td><td>Floating D-Bobbin with Anti Rattle Spring</td></tr></tbody></table><p><strong>Friction Material</strong></p><table><tbody>  <tr><td>Pad Compound</td><td>:</td><td>Brembo High Performance FM1000</td></tr>  <tr><td>Pad Volume / Surface Area</td><td>:</td><td>48.2 | 53.6</td></tr></tbody></table>        <p>&nbsp;</p>        <h4>What's Included</h4><ul>  <li>Brake Lines: Proprietary Brembo Stainless Steel Braided Brake Lines by Goodridge</li>  <li>Mounting Hardware: Brembo Engineered CNC Billet Caliper Adapters - All Necessary Hardware Included For Ease of Installation</li></ul>        <p>&nbsp;</p>        <p>&nbsp;</p><h4>Compatibility</h4><div class=""compatibility-accordion-wrapper""><div class=""compatibility-tab"">                        <input name=""tabs"" type=""checkbox"" id=""compatibility-tab-1"">                        <label for=""compatibility-tab-1""><b>TOYOTA</b><br></label>                                                    <div class=""compatibility-tab-content""><ul><li>YARIS GR</li></ul></div></div></div><p>Feel free to contact us at info@mlperformance.co.uk should you wish to double check!</p>        <p>&nbsp;</p>        <h4>Compatibility Check</h4><p>To ensure the part(s) you have ordered fits your vehicle, we run a compatibility check prior to dispatch. We can do this either using your registration number (UK) or the last 7 digits of your VIN. Simply enter your car details prior to checkout.</p>          <p>&nbsp;</p>        <h4>Part Number</h4><p>BREMBO-2P1.8062A2 (Cross Drilled /  Red)</p><p>BREMBO-2P1.8062A1 (Cross Drilled /  Black)</p><p>BREMBO-2P1.8062A3 (Cross Drilled /  Silver)</p><p>BREMBO-2P1.8062A5 (Cross Drilled /  Yellow)</p><p>BREMBO-2P2.8062A2 (TY1 /  Red)</p><p>BREMBO-2P2.8062A1 (TY1 /  Black)</p><p>BREMBO-2P2.8062A3 (TY1 /  Silver)</p><p>BREMBO-2P2.8062A5 (TY1 /  Yellow)</p><p>BREMBO-2P3.8062A2 (TY3 /  Red)</p><p>BREMBO-2P3.8062A1 (TY3 /  Black)</p><p>BREMBO-2P3.8062A3 (TY3 /  Silver)</p><p>BREMBO-2P3.8062A5 (TY3 /  Yellow)</p><p>BREMBO-2P1.8062AS (Cross Drilled /  Black Hard Anodized)</p><p>BREMBO-2P2.8062AS (TY1 /  Black Hard Anodized)</p><p>BREMBO-2P3.8062AS (TY3 /  Black Hard Anodized)</p>        <p>&nbsp;</p>        <h4>More Information</h4><p><strong>Manufactured by</strong></p><p>Brembo</p>",Brembo,,Brake,"Uploaded by_Muazzim, Brand_Brembo, Product Type_Brake, Category_Brake Discs",TRUE,Disc Type,Cross Drilled,Finish,Black Hard Anodized,,,BREMBO-2P1.8062AS,25000,shopify,continue,manual,3906.61,4246.32,TRUE,TRUE,2P1.8062AS,https://racetechnologies.com/sites/default/files/content/images/brakekits/brembo-p-caliper-4-piston-2-piece-345-365-380mm-drilled-gt-s-med.jpg,1,Brembo 2P-.8062A (R) 4-Piston Cast Monobloc Calipers  345mm (13.6'') 2-Piece Discs Brake Disc,,Brembo 2P-.8062A (R) 4-Piston Cast Monobloc Calipers  345mm (13.6'') 2-Piece Discs Brake Disc,Get Brembo 2P-.8062A (R) 4-Piston Cast Monobloc Calipers  345mm (13.6'') 2-Piece Discs Brake Disc for your car to get your desired looks and performance from ML Performance at the lowest price with FREE UK shipping & next day delivery on in stock items. Very cheap prices & good service.,,,,2P1.8062AS,,,new,,,,,,,https://racetechnologies.com/sites/default/files/content/images/brakekits/brembo-p-caliper-4-piston-2-piece-345-365-380mm-drilled-gt-s-med.jpg,kg,8708949900,,,,,active
brembo-2p-8062a-r-4-piston-cast-monobloc-calipers-345mm-13-6-2-piece-discs-brake-disc,,,,,,,,,TY1,,Black Hard Anodized,,,BREMBO-2P2.8062AS,25000,shopify,continue,manual,3906.61,4246.32,TRUE,TRUE,2P2.8062AS,https://racetechnologies.com/sites/default/files/content/images/brakekits/brembo-p-caliper-4-piston-2-piece-345-365-380mm-slotted-type-1-gt-s-med.jpg,2,,,,,,,,2P2.8062AS,,,,,,,,,,https://racetechnologies.com/sites/default/files/content/images/brakekits/brembo-p-caliper-4-piston-2-piece-345-365-380mm-slotted-type-1-gt-s-med.jpg,kg,8708949900,,,,,
brembo-2p-8062a-r-4-piston-cast-monobloc-calipers-345mm-13-6-2-piece-discs-brake-disc,,,,,,,,,TY3,,Black Hard Anodized,,,BREMBO-2P3.8062AS,25000,shopify,continue,manual,3906.61,4246.32,TRUE,TRUE,2P3.8062AS,https://racetechnologies.com/sites/default/files/content/images/brakekits/brembo-p-caliper-4-piston-2-piece-345-365-380mm-slotted-type-3-gt-s-med.jpg,3,,,,,,,,2P3.8062AS,,,,,,,,,,https://racetechnologies.com/sites/default/files/content/images/brakekits/brembo-p-caliper-4-piston-2-piece-345-365-380mm-slotted-type-3-gt-s-med.jpg,kg,8708949900,,,,,
brembo-1n-9548a-f-6-piston-cast-monobloc-calipers-405mm-15-9-2-piece-discs-brake-disc,Brembo 1N-.9548A 6-Piston Cast Monobloc Calipers  405mm (15.9'') 2-Piece Discs Brake Disc (Front),"<h4><strong>Description</strong></h4>This is 6-Piston Cast Monobloc Calipers | 405mm (15.9'') 2-Piece Discs | Complete Axle Set | Pre-Assembled | All Necessary Hardware Included, Front        <p>&nbsp;</p>        <h4>Features</h4>        <p><strong>Caliper</strong></p><table><tbody>  <tr><td>Caliper Body</td><td>:</td><td>Cast Monobloc Radial Mount</td></tr>  <tr><td>Caliper Piston Configuration</td><td>:</td><td>6-Piston</td></tr>  <tr><td>Caliper Piston Design And Insert Type</td><td>:</td><td>Inner Pressure Seal / OEM Approved Dust Boot</td></tr></tbody></table><p><strong>Disc</strong></p><table><tbody>  <tr><td>Disc Material/Finish</td><td>:</td><td>Advanced High Carbon Alloy / Corrosion Resistant Plating</td></tr>  <tr><td>Disc Diameter</td><td>:</td><td>328mm</td></tr>  <tr><td>Disc Width (Measurement)</td><td>:</td><td>28mm</td></tr>  <tr><td>Disc Air Gap (Measurement)</td><td>:</td><td>17mm</td></tr>  <tr><td>Disc Annulus (Measurement)</td><td>:</td><td>54mm</td></tr>  <tr><td>Disc Construction</td><td>:</td><td>2-Piece Disc Assembly</td></tr>  <tr><td>Disc Vane Design (Measurement)</td><td>:</td><td>Vented Curved 48 Vane</td></tr>  <tr><td>Disc To Hat Mounting System</td><td>:</td><td>Floating D-Bobbin with Anti Rattle Spring</td></tr></tbody></table><p><strong>Friction Material</strong></p><table><tbody>  <tr><td>Pad Compound</td><td>:</td><td>Brembo High Performance FM1000</td></tr>  <tr><td>Pad Volume / Surface Area</td><td>:</td><td>48.2 | 53.6</td></tr></tbody></table>        <p>&nbsp;</p>        <h4>What's Included</h4><ul>  <li>Brake Lines: Proprietary Brembo Stainless Steel Braided Brake Lines by Goodridge</li>  <li>Mounting Hardware: Brembo Engineered CNC Billet Caliper Adapters - All Necessary Hardware Included For Ease of Installation</li></ul>        <p>&nbsp;</p>        <p>&nbsp;</p><h4>Compatibility</h4><div class=""compatibility-accordion-wrapper""><div class=""compatibility-tab"">                        <input name=""tabs"" type=""checkbox"" id=""compatibility-tab-1"">                        <label for=""compatibility-tab-1""><b>VOLKSWAGEN</b><br></label>                                                    <div class=""compatibility-tab-content""><ul><li>TIGUAN R (MK2)</li></ul></div></div></div><p>Feel free to contact us at info@mlperformance.co.uk should you wish to double check!</p>        <p>&nbsp;</p>        <h4>Compatibility Check</h4><p>To ensure the part(s) you have ordered fits your vehicle, we run a compatibility check prior to dispatch. We can do this either using your registration number (UK) or the last 7 digits of your VIN. Simply enter your car details prior to checkout.</p>          <p>&nbsp;</p>        <h4>Part Number</h4><p>BREMBO-1N1.9548A2 (Cross Drilled /  Red)</p><p>BREMBO-1N1.9548A1 (Cross Drilled /  Black)</p><p>BREMBO-1N1.9548A3 (Cross Drilled /  Silver)</p><p>BREMBO-1N1.9548A5 (Cross Drilled /  Yellow)</p><p>BREMBO-1N2.9548A2 (TY1 /  Red)</p><p>BREMBO-1N2.9548A1 (TY1 /  Black)</p><p>BREMBO-1N2.9548A3 (TY1 /  Silver)</p><p>BREMBO-1N2.9548A5 (TY1 /  Yellow)</p><p>BREMBO-1N3.9548A2 (TY3 /  Red)</p><p>BREMBO-1N3.9548A1 (TY3 /  Black)</p><p>BREMBO-1N3.9548A3 (TY3 /  Silver)</p><p>BREMBO-1N3.9548A5 (TY3 /  Yellow)</p><p>BREMBO-1N1.9548AS (Cross Drilled /  Black Hard Anodized)</p><p>BREMBO-1N2.9548AS (TY1 /  Black Hard Anodized)</p><p>BREMBO-1N3.9548AS (TY3 /  Black Hard Anodized)</p>        <p>&nbsp;</p>        <h4>More Information</h4><p><strong>Manufactured by</strong></p><p>Brembo</p>",Brembo,,Brake,"Uploaded by_Muazzim, Brand_Brembo, Product Type_Brake, Category_Brake Discs",TRUE,Disc Type,Cross Drilled,Finish,Red,,,BREMBO-1N1.9548A2,25000,shopify,continue,manual,4972.07,5404.42,TRUE,TRUE,1N1.9548A2,https://racetechnologies.com/sites/default/files/content/images/brakekits/brembo-n-caliper-6-piston-2-piece-405mm-drilled-red-med.jpg,1,Brembo 1N-.9548A (F) 6-Piston Cast Monobloc Calipers  405mm (15.9'') 2-Piece Discs Brake Disc,,Brembo 1N-.9548A (F) 6-Piston Cast Monobloc Calipers  405mm (15.9'') 2-Piece Discs Brake Disc,Get Brembo 1N-.9548A (F) 6-Piston Cast Monobloc Calipers  405mm (15.9'') 2-Piece Discs Brake Disc for your car to get your desired looks and performance from ML Performance at the lowest price with FREE UK shipping & next day delivery on in stock items. Very cheap prices & good service.,,,,1N1.9548A2,,,new,,,,,,,https://racetechnologies.com/sites/default/files/content/images/brakekits/brembo-n-caliper-6-piston-2-piece-405mm-drilled-red-med.jpg,kg,8708949900,,,,,active
brembo-1n-9548a-f-6-piston-cast-monobloc-calipers-405mm-15-9-2-piece-discs-brake-disc,,,,,,,,,Cross Drilled,,Black,,,BREMBO-1N1.9548A1,25000,shopify,continue,manual,4972.07,5404.42,TRUE,TRUE,1N1.9548A1,https://racetechnologies.com/sites/default/files/content/images/brakekits/brembo-n-caliper-6-piston-2-piece-405mm-drilled-black-med.jpg,2,,,,,,,,1N1.9548A1,,,,,,,,,,https://racetechnologies.com/sites/default/files/content/images/brakekits/brembo-n-caliper-6-piston-2-piece-405mm-drilled-black-med.jpg,kg,8708949900,,,,,
brembo-1n-9548a-f-6-piston-cast-monobloc-calipers-405mm-15-9-2-piece-discs-brake-disc,,,,,,,,,Cross Drilled,,Silver,,,BREMBO-1N1.9548A3,25000,shopify,continue,manual,4972.07,5404.42,TRUE,TRUE,1N1.9548A3,https://racetechnologies.com/sites/default/files/content/images/brakekits/brembo-n-caliper-6-piston-2-piece-405mm-drilled-silver-med.jpg,3,,,,,,,,1N1.9548A3,,,,,,,,,,https://racetechnologies.com/sites/default/files/content/images/brakekits/brembo-n-caliper-6-piston-2-piece-405mm-drilled-silver-med.jpg,kg,8708949900,,,,,
brembo-1n-9548a-f-6-piston-cast-monobloc-calipers-405mm-15-9-2-piece-discs-brake-disc,,,,,,,,,Cross Drilled,,Yellow,,,BREMBO-1N1.9548A5,25000,shopify,continue,manual,4972.07,5404.42,TRUE,TRUE,1N1.9548A5,https://racetechnologies.com/sites/default/files/content/images/brakekits/brembo-n-caliper-6-piston-2-piece-405mm-drilled-yellow-med.jpg,4,,,,,,,,1N1.9548A5,,,,,,,,,,https://racetechnologies.com/sites/default/files/content/images/brakekits/brembo-n-caliper-6-piston-2-piece-405mm-drilled-yellow-med.jpg,kg,8708949900,,,,,
brembo-1n-9548a-f-6-piston-cast-monobloc-calipers-405mm-15-9-2-piece-discs-brake-disc,,,,,,,,,TY1,,Red,,,BREMBO-1N2.9548A2,25000,shopify,continue,manual,4972.07,5404.42,TRUE,TRUE,1N2.9548A2,https://racetechnologies.com/sites/default/files/content/images/brakekits/brembo-n-caliper-6-piston-2-piece-405mm-slotted-type-1-red-med.jpg,5,,,,,,,,1N2.9548A2,,,,,,,,,,https://racetechnologies.com/sites/default/files/content/images/brakekits/brembo-n-caliper-6-piston-2-piece-405mm-slotted-type-1-red-med.jpg,kg,8708949900,,,,,
brembo-1n-9548a-f-6-piston-cast-monobloc-calipers-405mm-15-9-2-piece-discs-brake-disc,,,,,,,,,TY1,,Black,,,BREMBO-1N2.9548A1,25000,shopify,continue,manual,4972.07,5404.42,TRUE,TRUE,1N2.9548A1,https://racetechnologies.com/sites/default/files/content/images/brakekits/brembo-n-caliper-6-piston-2-piece-405mm-slotted-type-1-black-med.jpg,6,,,,,,,,1N2.9548A1,,,,,,,,,,https://racetechnologies.com/sites/default/files/content/images/brakekits/brembo-n-caliper-6-piston-2-piece-405mm-slotted-type-1-black-med.jpg,kg,8708949900,,,,,
brembo-1n-9548a-f-6-piston-cast-monobloc-calipers-405mm-15-9-2-piece-discs-brake-disc,,,,,,,,,TY1,,Silver,,,BREMBO-1N2.9548A3,25000,shopify,continue,manual,4972.07,5404.42,TRUE,TRUE,1N2.9548A3,https://racetechnologies.com/sites/default/files/content/images/brakekits/brembo-n-caliper-6-piston-2-piece-405mm-slotted-type-1-silver-med.jpg,7,,,,,,,,1N2.9548A3,,,,,,,,,,https://racetechnologies.com/sites/default/files/content/images/brakekits/brembo-n-caliper-6-piston-2-piece-405mm-slotted-type-1-silver-med.jpg,kg,8708949900,,,,,
brembo-1n-9548a-f-6-piston-cast-monobloc-calipers-405mm-15-9-2-piece-discs-brake-disc,,,,,,,,,TY1,,Yellow,,,BREMBO-1N2.9548A5,25000,shopify,continue,manual,4972.07,5404.42,TRUE,TRUE,1N2.9548A5,https://racetechnologies.com/sites/default/files/content/images/brakekits/brembo-n-caliper-6-piston-2-piece-405mm-slotted-type-1-yellow-med.jpg,8,,,,,,,,1N2.9548A5,,,,,,,,,,https://racetechnologies.com/sites/default/files/content/images/brakekits/brembo-n-caliper-6-piston-2-piece-405mm-slotted-type-1-yellow-med.jpg,kg,8708949900,,,,,
brembo-1n-9548a-f-6-piston-cast-monobloc-calipers-405mm-15-9-2-piece-discs-brake-disc,,,,,,,,,TY3,,Red,,,BREMBO-1N3.9548A2,25000,shopify,continue,manual,4972.07,5404.42,TRUE,TRUE,1N3.9548A2,https://racetechnologies.com/sites/default/files/content/images/brakekits/brembo-n-caliper-6-piston-2-piece-350-380mm-slotted-type-3-red-med_0.jpg,9,,,,,,,,1N3.9548A2,,,,,,,,,,https://racetechnologies.com/sites/default/files/content/images/brakekits/brembo-n-caliper-6-piston-2-piece-350-380mm-slotted-type-3-red-med_0.jpg,kg,8708949900,,,,,
brembo-1n-9548a-f-6-piston-cast-monobloc-calipers-405mm-15-9-2-piece-discs-brake-disc,,,,,,,,,TY3,,Black,,,BREMBO-1N3.9548A1,25000,shopify,continue,manual,4972.07,5404.42,TRUE,TRUE,1N3.9548A1,https://racetechnologies.com/sites/default/files/content/images/brakekits/brembo-n-caliper-6-piston-2-piece-350-380mm-slotted-type-3-black-med_0.jpg,10,,,,,,,,1N3.9548A1,,,,,,,,,,https://racetechnologies.com/sites/default/files/content/images/brakekits/brembo-n-caliper-6-piston-2-piece-350-380mm-slotted-type-3-black-med_0.jpg,kg,8708949900,,,,,
brembo-1n-9548a-f-6-piston-cast-monobloc-calipers-405mm-15-9-2-piece-discs-brake-disc,,,,,,,,,TY3,,Silver,,,BREMBO-1N3.9548A3,25000,shopify,continue,manual,4972.07,5404.42,TRUE,TRUE,1N3.9548A3,https://racetechnologies.com/sites/default/files/content/images/brakekits/brembo-n-caliper-6-piston-2-piece-350-380mm-slotted-type-3-silver-med_0.jpg,11,,,,,,,,1N3.9548A3,,,,,,,,,,https://racetechnologies.com/sites/default/files/content/images/brakekits/brembo-n-caliper-6-piston-2-piece-350-380mm-slotted-type-3-silver-med_0.jpg,kg,8708949900,,,,,
brembo-1n-9548a-f-6-piston-cast-monobloc-calipers-405mm-15-9-2-piece-discs-brake-disc,,,,,,,,,TY3,,Yellow,,,BREMBO-1N3.9548A5,25000,shopify,continue,manual,4972.07,5404.42,TRUE,TRUE,1N3.9548A5,https://racetechnologies.com/sites/default/files/content/images/brakekits/brembo-n-caliper-6-piston-2-piece-350-380mm-slotted-type-3-yellow-med_0.jpg,12,,,,,,,,1N3.9548A5,,,,,,,,,,https://racetechnologies.com/sites/default/files/content/images/brakekits/brembo-n-caliper-6-piston-2-piece-350-380mm-slotted-type-3-yellow-med_0.jpg,kg,8708949900,,,,,
brembo-1n-9548a-f-6-piston-billet-monobloc-calipers-405mm-15-9-2-piece-discs-brake-disc,Brembo 1N-.9548A 6-Piston Billet Monobloc Calipers  405mm (15.9'') 2-Piece Discs Brake Disc (Front),"<h4><strong>Description</strong></h4>This is 6-Piston Billet Monobloc Calipers | 405mm (15.9'') 2-Piece Discs | Complete Axle Set | Pre-Assembled | All Necessary Hardware Included, Front        <p>&nbsp;</p>        <h4>Features</h4>        <p><strong>Caliper</strong></p><table><tbody>  <tr><td>Caliper Body</td><td>:</td><td>Billet Monobloc Radial Mount</td></tr>  <tr><td>Caliper Piston Configuration</td><td>:</td><td>6-Piston</td></tr>  <tr><td>Caliper Piston Design And Insert Type</td><td>:</td><td>Inner Pressure Seal / Recessed Dust Boot / Ventilated Stainless Steel Insert</td></tr></tbody></table><p><strong>Disc</strong></p><table><tbody>  <tr><td>Disc Material/Finish</td><td>:</td><td>Advanced High Carbon Alloy / Corrosion Resistant Plating</td></tr>  <tr><td>Disc Diameter</td><td>:</td><td>328mm</td></tr>  <tr><td>Disc Width (Measurement)</td><td>:</td><td>28mm</td></tr>  <tr><td>Disc Air Gap (Measurement)</td><td>:</td><td>17mm</td></tr>  <tr><td>Disc Annulus (Measurement)</td><td>:</td><td>54mm</td></tr>  <tr><td>Disc Construction</td><td>:</td><td>2-Piece Disc Assembly</td></tr>  <tr><td>Disc Vane Design (Measurement)</td><td>:</td><td>Vented Curved 48 Vane</td></tr>  <tr><td>Disc To Hat Mounting System</td><td>:</td><td>Floating D-Bobbin with Anti Rattle Spring</td></tr></tbody></table><p><strong>Friction Material</strong></p><table><tbody>  <tr><td>Pad Compound</td><td>:</td><td>Brembo High Performance FM1000</td></tr>  <tr><td>Pad Volume / Surface Area</td><td>:</td><td>48.2 | 53.6</td></tr></tbody></table>        <p>&nbsp;</p>        <h4>What's Included</h4><ul>  <li>Brake Lines: Proprietary Brembo Stainless Steel Braided Brake Lines by Goodridge</li>  <li>Mounting Hardware: Brembo Engineered CNC Billet Caliper Adapters - All Necessary Hardware Included For Ease of Installation</li></ul>        <p>&nbsp;</p>        <p>&nbsp;</p><h4>Compatibility</h4><div class=""compatibility-accordion-wrapper""><div class=""compatibility-tab"">                        <input name=""tabs"" type=""checkbox"" id=""compatibility-tab-1"">                        <label for=""compatibility-tab-1""><b>VOLKSWAGEN</b><br></label>                                                    <div class=""compatibility-tab-content""><ul><li>TIGUAN R (MK2)</li></ul></div></div></div><p>Feel free to contact us at info@mlperformance.co.uk should you wish to double check!</p>        <p>&nbsp;</p>        <h4>Compatibility Check</h4><p>To ensure the part(s) you have ordered fits your vehicle, we run a compatibility check prior to dispatch. We can do this either using your registration number (UK) or the last 7 digits of your VIN. Simply enter your car details prior to checkout.</p>          <p>&nbsp;</p>        <h4>Part Number</h4><p>BREMBO-1N1.9548AR (Cross Drilled /  Nickel Plated)</p><p>BREMBO-1N2.9548AR (TY1 /  Nickel Plated)</p><p>BREMBO-1N3.9548AR (TY3 /  Nickel Plated)</p>        <p>&nbsp;</p>        <h4>More Information</h4><p><strong>Manufactured by</strong></p><p>Brembo</p>",Brembo,,Brake,"Uploaded by_Muazzim, Brand_Brembo, Product Type_Brake, Category_Brake Discs",TRUE,Disc Type,Cross Drilled,Finish,Nickel Plated,,,BREMBO-1N1.9548AR,25000,shopify,continue,manual,9127.27,9920.95,TRUE,TRUE,1N1.9548AR,https://racetechnologies.com/sites/default/files/content/images/brakekits/brembo-n-caliper-6-piston-2-piece-405mm-drilled-gt-r-med.jpg,1,Brembo 1N-.9548A (F) 6-Piston Billet Monobloc Calipers  405mm (15.9'') 2-Piece Discs Brake Disc,,Brembo 1N-.9548A (F) 6-Piston Billet Monobloc Calipers  405mm (15.9'') 2-Piece Discs Brake Disc,Get Brembo 1N-.9548A (F) 6-Piston Billet Monobloc Calipers  405mm (15.9'') 2-Piece Discs Brake Disc for your car to get your desired looks and performance from ML Performance at the lowest price with FREE UK shipping & next day delivery on in stock items. Very cheap prices & good service.,,,,1N1.9548AR,,,new,,,,,,,https://racetechnologies.com/sites/default/files/content/images/brakekits/brembo-n-caliper-6-piston-2-piece-405mm-drilled-gt-r-med.jpg,kg,8708949900,,,,,active
brembo-1n-9548a-f-6-piston-billet-monobloc-calipers-405mm-15-9-2-piece-discs-brake-disc,,,,,,,,,TY1,,Nickel Plated,,,BREMBO-1N2.9548AR,25000,shopify,continue,manual,9127.27,9920.95,TRUE,TRUE,1N2.9548AR,https://racetechnologies.com/sites/default/files/content/images/brakekits/brembo-n-caliper-6-piston-2-piece-405mm-slotted-type-1-gt-r-med.jpg,2,,,,,,,,1N2.9548AR,,,,,,,,,,https://racetechnologies.com/sites/default/files/content/images/brakekits/brembo-n-caliper-6-piston-2-piece-405mm-slotted-type-1-gt-r-med.jpg,kg,8708949900,,,,,
brembo-1n-9548a-f-6-piston-billet-monobloc-calipers-405mm-15-9-2-piece-discs-brake-disc,,,,,,,,,TY3,,Nickel Plated,,,BREMBO-1N3.9548AR,25000,shopify,continue,manual,9127.27,9920.95,TRUE,TRUE,1N3.9548AR,https://racetechnologies.com/sites/default/files/content/images/brakekits/brembo-n-caliper-6-piston-2-piece-350-380mm-slotted-type-3-gt-r-med_0.jpg,3,,,,,,,,1N3.9548AR,,,,,,,,,,https://racetechnologies.com/sites/default/files/content/images/brakekits/brembo-n-caliper-6-piston-2-piece-350-380mm-slotted-type-3-gt-r-med_0.jpg,kg,8708949900,,,,,
brembo-1n-9548a-f-6-piston-cast-monobloc-calipers-405mm-15-9-2-piece-discs-brake-disc,Brembo 1N-.9548A 6-Piston Cast Monobloc Calipers  405mm (15.9'') 2-Piece Discs Brake Disc (Front),"<h4><strong>Description</strong></h4>This is 6-Piston Cast Monobloc Calipers | 405mm (15.9'') 2-Piece Discs | Complete Axle Set | Pre-Assembled | All Necessary Hardware Included, Front        <p>&nbsp;</p>        <h4>Features</h4>        <p><strong>Caliper</strong></p><table><tbody>  <tr><td>Caliper Body</td><td>:</td><td>Cast Monobloc Radial Mount</td></tr>  <tr><td>Caliper Piston Configuration</td><td>:</td><td>6-Piston</td></tr>  <tr><td>Caliper Piston Design And Insert Type</td><td>:</td><td>Inner Pressure Seal / Recessed Dust Boot / Stainless Steel Insert</td></tr></tbody></table><p><strong>Disc</strong></p><table><tbody>  <tr><td>Disc Material/Finish</td><td>:</td><td>Advanced High Carbon Alloy / Corrosion Resistant Plating</td></tr>  <tr><td>Disc Diameter</td><td>:</td><td>328mm</td></tr>  <tr><td>Disc Width (Measurement)</td><td>:</td><td>28mm</td></tr>  <tr><td>Disc Air Gap (Measurement)</td><td>:</td><td>17mm</td></tr>  <tr><td>Disc Annulus (Measurement)</td><td>:</td><td>54mm</td></tr>  <tr><td>Disc Construction</td><td>:</td><td>2-Piece Disc Assembly</td></tr>  <tr><td>Disc Vane Design (Measurement)</td><td>:</td><td>Vented Curved 48 Vane</td></tr>  <tr><td>Disc To Hat Mounting System</td><td>:</td><td>Floating D-Bobbin with Anti Rattle Spring</td></tr></tbody></table><p><strong>Friction Material</strong></p><table><tbody>  <tr><td>Pad Compound</td><td>:</td><td>Brembo High Performance FM1000</td></tr>  <tr><td>Pad Volume / Surface Area</td><td>:</td><td>48.2 | 53.6</td></tr></tbody></table>        <p>&nbsp;</p>        <h4>What's Included</h4><ul>  <li>Brake Lines: Proprietary Brembo Stainless Steel Braided Brake Lines by Goodridge</li>  <li>Mounting Hardware: Brembo Engineered CNC Billet Caliper Adapters - All Necessary Hardware Included For Ease of Installation</li></ul>        <p>&nbsp;</p>        <p>&nbsp;</p><h4>Compatibility</h4><div class=""compatibility-accordion-wrapper""><div class=""compatibility-tab"">                        <input name=""tabs"" type=""checkbox"" id=""compatibility-tab-1"">                        <label for=""compatibility-tab-1""><b>VOLKSWAGEN</b><br></label>                                                    <div class=""compatibility-tab-content""><ul><li>TIGUAN R (MK2)</li></ul></div></div></div><p>Feel free to contact us at info@mlperformance.co.uk should you wish to double check!</p>        <p>&nbsp;</p>        <h4>Compatibility Check</h4><p>To ensure the part(s) you have ordered fits your vehicle, we run a compatibility check prior to dispatch. We can do this either using your registration number (UK) or the last 7 digits of your VIN. Simply enter your car details prior to checkout.</p>          <p>&nbsp;</p>        <h4>Part Number</h4><p>BREMBO-1N1.9548A2 (Cross Drilled /  Red)</p><p>BREMBO-1N1.9548A1 (Cross Drilled /  Black)</p><p>BREMBO-1N1.9548A3 (Cross Drilled /  Silver)</p><p>BREMBO-1N1.9548A5 (Cross Drilled /  Yellow)</p><p>BREMBO-1N2.9548A2 (TY1 /  Red)</p><p>BREMBO-1N2.9548A1 (TY1 /  Black)</p><p>BREMBO-1N2.9548A3 (TY1 /  Silver)</p><p>BREMBO-1N2.9548A5 (TY1 /  Yellow)</p><p>BREMBO-1N3.9548A2 (TY3 /  Red)</p><p>BREMBO-1N3.9548A1 (TY3 /  Black)</p><p>BREMBO-1N3.9548A3 (TY3 /  Silver)</p><p>BREMBO-1N3.9548A5 (TY3 /  Yellow)</p><p>BREMBO-1N1.9548AS (Cross Drilled /  Black Hard Anodized)</p><p>BREMBO-1N2.9548AS (TY1 /  Black Hard Anodized)</p><p>BREMBO-1N3.9548AS (TY3 /  Black Hard Anodized)</p>        <p>&nbsp;</p>        <h4>More Information</h4><p><strong>Manufactured by</strong></p><p>Brembo</p>",Brembo,,Brake,"Uploaded by_Muazzim, Brand_Brembo, Product Type_Brake, Category_Brake Discs",TRUE,Disc Type,Cross Drilled,Finish,Black Hard Anodized,,,BREMBO-1N1.9548AS,25000,shopify,continue,manual,5175,5625,TRUE,TRUE,1N1.9548AS,https://racetechnologies.com/sites/default/files/content/images/brakekits/brembo-n-caliper-6-piston-2-piece-405mm-drilled-gt-s-med.jpg,1,Brembo 1N-.9548A (F) 6-Piston Cast Monobloc Calipers  405mm (15.9'') 2-Piece Discs Brake Disc,,Brembo 1N-.9548A (F) 6-Piston Cast Monobloc Calipers  405mm (15.9'') 2-Piece Discs Brake Disc,Get Brembo 1N-.9548A (F) 6-Piston Cast Monobloc Calipers  405mm (15.9'') 2-Piece Discs Brake Disc for your car to get your desired looks and performance from ML Performance at the lowest price with FREE UK shipping & next day delivery on in stock items. Very cheap prices & good service.,,,,1N1.9548AS,,,new,,,,,,,https://racetechnologies.com/sites/default/files/content/images/brakekits/brembo-n-caliper-6-piston-2-piece-405mm-drilled-gt-s-med.jpg,kg,8708949900,,,,,active
brembo-1n-9548a-f-6-piston-cast-monobloc-calipers-405mm-15-9-2-piece-discs-brake-disc,,,,,,,,,TY1,,Black Hard Anodized,,,BREMBO-1N2.9548AS,25000,shopify,continue,manual,5175,5625,TRUE,TRUE,1N2.9548AS,https://racetechnologies.com/sites/default/files/content/images/brakekits/brembo-n-caliper-6-piston-2-piece-405mm-slotted-type-1-gt-s-med.jpg,2,,,,,,,,1N2.9548AS,,,,,,,,,,https://racetechnologies.com/sites/default/files/content/images/brakekits/brembo-n-caliper-6-piston-2-piece-405mm-slotted-type-1-gt-s-med.jpg,kg,8708949900,,,,,
brembo-1n-9548a-f-6-piston-cast-monobloc-calipers-405mm-15-9-2-piece-discs-brake-disc,,,,,,,,,TY3,,Black Hard Anodized,,,BREMBO-1N3.9548AS,25000,shopify,continue,manual,5175,5625,TRUE,TRUE,1N3.9548AS,https://racetechnologies.com/sites/default/files/content/images/brakekits/brembo-n-caliper-6-piston-2-piece-350-380mm-slotted-type-3-gt-s-med.jpg,3,,,,,,,,1N3.9548AS,,,,,,,,,,https://racetechnologies.com/sites/default/files/content/images/brakekits/brembo-n-caliper-6-piston-2-piece-350-380mm-slotted-type-3-gt-s-med.jpg,kg,8708949900,,,,,
brembo-1e-6001a-f-4-piston-calipers-330x28mm-13-1-piece-discs-brake-disc,,,,,,,,,TY1,,Black,,,BREMBO-1E5.6001A1,25000,shopify,continue,manual,1775.74,1930.15,TRUE,TRUE,1E5.6001A1,https://racetechnologies.com/sites/default/files/content/images/brakekits/brembo-e-caliper-4-piston-1-piece-326mm-slotted-type-1-black-med.jpg,2,,,,,,,,1E5.6001A1,,,,,,,,,,https://racetechnologies.com/sites/default/files/content/images/brakekits/brembo-e-caliper-4-piston-1-piece-326mm-slotted-type-1-black-med.jpg,kg,8708949900,,,,,
brembo-1n-8022a-f-380x34mm-15-2-piece-discs-brake-disc,"Brembo 1N-.8022A  380x34mm (15"") 2-Piece Discs Brake Disc (Front)","<h4><strong>Description</strong></h4>This is  380x34mm (15"") 2-Piece Discs | Complete Axle Set | Pre-Assembled | All Necessary Hardware Included, Front        <p>&nbsp;</p>        <h4>Features</h4>        <p><strong>Disc</strong></p><table><tbody>  <tr><td>Disc Material/Finish</td><td>:</td><td>Advanced High Carbon Alloy / Corrosion Resistant Plating</td></tr>  <tr><td>Disc Diameter</td><td>:</td><td>380mm</td></tr>  <tr><td>Disc Width (Measurement)</td><td>:</td><td>34mm</td></tr>  <tr><td>Disc Air Gap (Measurement)</td><td>:</td><td>20mm</td></tr>  <tr><td>Disc Annulus (Measurement)</td><td>:</td><td>65mm</td></tr>  <tr><td>Disc Construction</td><td>:</td><td>2-Piece Disc Assembly</td></tr>  <tr><td>Disc Vane Design (Measurement)</td><td>:</td><td>Vented Curved 72 Vane</td></tr>  <tr><td>Disc To Hat Mounting System</td><td>:</td><td>Floating D-Bobbin with Anti Rattle Spring</td></tr></tbody></table><p><strong>Friction Material</strong></p><table><tbody>  <tr><td>Pad Compound</td><td>:</td><td>Brembo High Performance FM1000</td></tr>  <tr><td>Pad Volume / Surface Area</td><td>:</td><td>48.2 | 53.6</td></tr></tbody></table>        <p>&nbsp;</p>        <h4>What's Included</h4><ul>  <li>Brake Lines: Proprietary Brembo Stainless Steel Braided Brake Lines by Goodridge</li>  <li>Mounting Hardware: Brembo Engineered CNC Billet Caliper Adapters - All Necessary Hardware Included For Ease of Installation</li></ul>        <p>&nbsp;</p>        <p>Feel free to contact us at info@mlperformance.co.uk should you wish to double check!</p>        <p>&nbsp;</p>        <h4>Compatibility Check</h4><p>To ensure the part(s) you have ordered fits your vehicle, we run a compatibility check prior to dispatch. We can do this either using your registration number (UK) or the last 7 digits of your VIN. Simply enter your car details prior to checkout.</p>          <p>&nbsp;</p>        <h4>Part Number</h4><p>BREMBO-103.9011A (TY3)</p>        <p>&nbsp;</p>        <h4>More Information</h4><p><strong>Manufactured by</strong></p><p>Brembo</p>",Brembo,,Brake,"Uploaded by_Muazzim, Brand_Brembo, Product Type_Brake, Category_Brake Discs",TRUE,Disc Type,TY3,,,,,BREMBO-103.9011A,25000,shopify,continue,manual,1978.68,2150.74,TRUE,TRUE,103.9011A,https://racetechnologies.com/sites/default/files/content/images/brakekits/brembo-2-piece-disc-380x34mm-slotted-type-3-med.jpg,1,"Brembo 1N-.8022A (F)  380x34mm (15"") 2-Piece Discs Brake Disc",,"Brembo 1N-.8022A (F)  380x34mm (15"") 2-Piece Discs Brake Disc","Get Brembo 1N-.8022A (F)  380x34mm (15"") 2-Piece Discs Brake Disc for your car to get your desired looks and performance from ML Performance at the lowest price with FREE UK shipping & next day delivery on in stock items. Very cheap prices & good service.",,,,103.9011A,,,new,,,,,,,https://racetechnologies.com/sites/default/files/content/images/brakekits/brembo-2-piece-disc-380x34mm-slotted-type-3-med.jpg,kg,8708949900,,,,,active
brembo-1n-8022a-r-350x34mm-13-8-2-piece-discs-brake-disc,"Brembo 1N-.8022A  350x34mm (13.8"") 2-Piece Discs Brake Disc (Rear)","<h4><strong>Description</strong></h4>This is  350x34mm (13.8"") 2-Piece Discs | Complete Axle Set | Pre-Assembled | All Necessary Hardware Included, Rear        <p>&nbsp;</p>        <h4>Features</h4>        <p><strong>Disc</strong></p><table><tbody>  <tr><td>Disc Material/Finish</td><td>:</td><td>Advanced High Carbon Alloy / Corrosion Resistant Plating</td></tr>  <tr><td>Disc Diameter</td><td>:</td><td>350mm</td></tr>  <tr><td>Disc Width (Measurement)</td><td>:</td><td>34mm</td></tr>  <tr><td>Disc Air Gap (Measurement)</td><td>:</td><td>17mm</td></tr>  <tr><td>Disc Annulus (Measurement)</td><td>:</td><td>68mm</td></tr>  <tr><td>Disc Construction</td><td>:</td><td>2-Piece Disc Assembly</td></tr>  <tr><td>Disc Vane Design (Measurement)</td><td>:</td><td>Vented Curved 72 Vane</td></tr>  <tr><td>Disc To Hat Mounting System</td><td>:</td><td>Floating D-Bobbin with Anti Rattle Spring</td></tr></tbody></table><p><strong>Friction Material</strong></p><table><tbody>  <tr><td>Pad Compound</td><td>:</td><td>Brembo High Performance FM1000</td></tr>  <tr><td>Pad Volume / Surface Area</td><td>:</td><td>48.2 | 53.6</td></tr></tbody></table>        <p>&nbsp;</p>        <h4>What's Included</h4><ul>  <li>Brake Lines: Proprietary Brembo Stainless Steel Braided Brake Lines by Goodridge</li>  <li>Mounting Hardware: Brembo Engineered CNC Billet Caliper Adapters - All Necessary Hardware Included For Ease of Installation</li></ul>        <p>&nbsp;</p>        <p>Feel free to contact us at info@mlperformance.co.uk should you wish to double check!</p>        <p>&nbsp;</p>        <h4>Compatibility Check</h4><p>To ensure the part(s) you have ordered fits your vehicle, we run a compatibility check prior to dispatch. We can do this either using your registration number (UK) or the last 7 digits of your VIN. Simply enter your car details prior to checkout.</p>          <p>&nbsp;</p>        <h4>Part Number</h4><p>BREMBO-203.8005A (TY3)</p>        <p>&nbsp;</p>        <h4>More Information</h4><p><strong>Manufactured by</strong></p><p>Brembo</p>",Brembo,,Brake,"Uploaded by_Muazzim, Brand_Brembo, Product Type_Brake, Category_Brake Discs",TRUE,Disc Type,TY3,,,,,BREMBO-203.8005A,25000,shopify,continue,manual,1877.21,2040.44,TRUE,TRUE,203.8005A,https://racetechnologies.com/sites/default/files/content/images/brakekits/brembo-2-piece-disc-328-332-345-355mm-slotted-type-3-med.jpg,1,"Brembo 1N-.8022A (R)  350x34mm (13.8"") 2-Piece Discs Brake Disc",,"Brembo 1N-.8022A (R)  350x34mm (13.8"") 2-Piece Discs Brake Disc","Get Brembo 1N-.8022A (R)  350x34mm (13.8"") 2-Piece Discs Brake Disc for your car to get your desired looks and performance from ML Performance at the lowest price with FREE UK shipping & next day delivery on in stock items. Very cheap prices & good service.",,,,203.8005A,,,new,,,,,,,https://racetechnologies.com/sites/default/files/content/images/brakekits/brembo-2-piece-disc-328-332-345-355mm-slotted-type-3-med.jpg,kg,8708949900,,,,,active
brembo-1n-8024a-f-6-piston-cast-monobloc-calipers-350mm-13-8-2-piece-discs-brake-disc,Brembo 1N-.8024A 6-Piston Cast Monobloc Calipers  350mm (13.8'') 2-Piece Discs Brake Disc (Front),"<h4><strong>Description</strong></h4>This is 6-Piston Cast Monobloc Calipers | 350mm (13.8'') 2-Piece Discs | Complete Axle Set | Pre-Assembled | All Necessary Hardware Included, Front        <p>&nbsp;</p>        <h4>Features</h4>        <p><strong>Caliper</strong></p><table><tbody>  <tr><td>Caliper Body</td><td>:</td><td>Cast Monobloc Radial Mount</td></tr>  <tr><td>Caliper Piston Configuration</td><td>:</td><td>6-Piston</td></tr>  <tr><td>Caliper Piston Design And Insert Type</td><td>:</td><td>Inner Pressure Seal / OEM Approved Dust Boot</td></tr></tbody></table><p><strong>Disc</strong></p><table><tbody>  <tr><td>Disc Material/Finish</td><td>:</td><td>Advanced High Carbon Alloy / Corrosion Resistant Plating</td></tr>  <tr><td>Disc Diameter</td><td>:</td><td>328mm</td></tr>  <tr><td>Disc Width (Measurement)</td><td>:</td><td>28mm</td></tr>  <tr><td>Disc Air Gap (Measurement)</td><td>:</td><td>17mm</td></tr>  <tr><td>Disc Annulus (Measurement)</td><td>:</td><td>54mm</td></tr>  <tr><td>Disc Construction</td><td>:</td><td>2-Piece Disc Assembly</td></tr>  <tr><td>Disc Vane Design (Measurement)</td><td>:</td><td>Vented Curved 48 Vane</td></tr>  <tr><td>Disc To Hat Mounting System</td><td>:</td><td>Floating D-Bobbin with Anti Rattle Spring</td></tr></tbody></table><p><strong>Friction Material</strong></p><table><tbody>  <tr><td>Pad Compound</td><td>:</td><td>Brembo High Performance FM1000</td></tr>  <tr><td>Pad Volume / Surface Area</td><td>:</td><td>48.2 | 53.6</td></tr></tbody></table>        <p>&nbsp;</p>        <h4>What's Included</h4><ul>  <li>Brake Lines: Proprietary Brembo Stainless Steel Braided Brake Lines by Goodridge</li>  <li>Mounting Hardware: Brembo Engineered CNC Billet Caliper Adapters - All Necessary Hardware Included For Ease of Installation</li></ul>        <p>&nbsp;</p>        <p>&nbsp;</p><h4>Compatibility</h4><div class=""compatibility-accordion-wrapper""><div class=""compatibility-tab"">                        <input name=""tabs"" type=""checkbox"" id=""compatibility-tab-1"">                        <label for=""compatibility-tab-1""><b>HYUNDAI</b><br></label>                                                    <div class=""compatibility-tab-content""><ul><li>VELOSTER N</li></ul></div></div></div><p>Feel free to contact us at info@mlperformance.co.uk should you wish to double check!</p>        <p>&nbsp;</p>        <h4>Compatibility Check</h4><p>To ensure the part(s) you have ordered fits your vehicle, we run a compatibility check prior to dispatch. We can do this either using your registration number (UK) or the last 7 digits of your VIN. Simply enter your car details prior to checkout.</p>          <p>&nbsp;</p>        <h4>Part Number</h4><p>BREMBO-1N3.8024A2 (TY3 /  Red)</p><p>BREMBO-1N3.8024A1 (TY3 /  Black)</p><p>BREMBO-1N3.8024A3 (TY3 /  Silver)</p><p>BREMBO-1N3.8024A5 (TY3 /  Yellow)</p><p>BREMBO-1N3.8024AS (TY3 /  Black Hard Anodized)</p>        <p>&nbsp;</p>        <h4>More Information</h4><p><strong>Manufactured by</strong></p><p>Brembo</p>",Brembo,,Brake,"Uploaded by_Muazzim, Brand_Brembo, Product Type_Brake, Category_Brake Discs",TRUE,Disc Type,TY3,Finish,Red,,,BREMBO-1N3.8024A2,25000,shopify,continue,manual,4160.29,4522.06,TRUE,TRUE,1N3.8024A2,https://racetechnologies.com/sites/default/files/content/images/brakekits/brembo-l-caliper-6-piston-2-piece-350mm-slotted-type-3-red-med.jpg,1,Brembo 1N-.8024A (F) 6-Piston Cast Monobloc Calipers  350mm (13.8'') 2-Piece Discs Brake Disc,,Brembo 1N-.8024A (F) 6-Piston Cast Monobloc Calipers  350mm (13.8'') 2-Piece Discs Brake Disc,Get Brembo 1N-.8024A (F) 6-Piston Cast Monobloc Calipers  350mm (13.8'') 2-Piece Discs Brake Disc for your car to get your desired looks and performance from ML Performance at the lowest price with FREE UK shipping & next day delivery on in stock items. Very cheap prices & good service.,,,,1N3.8024A2,,,new,,,,,,,https://racetechnologies.com/sites/default/files/content/images/brakekits/brembo-l-caliper-6-piston-2-piece-350mm-slotted-type-3-red-med.jpg,kg,8708949900,,,,,active
brembo-1n-8024a-f-6-piston-cast-monobloc-calipers-350mm-13-8-2-piece-discs-brake-disc,,,,,,,,,TY3,,Black,,,BREMBO-1N3.8024A1,25000,shopify,continue,manual,4160.29,4522.06,TRUE,TRUE,1N3.8024A1,https://racetechnologies.com/sites/default/files/content/images/brakekits/brembo-l-caliper-6-piston-2-piece-350mm-slotted-type-3-black-med.jpg,2,,,,,,,,1N3.8024A1,,,,,,,,,,https://racetechnologies.com/sites/default/files/content/images/brakekits/brembo-l-caliper-6-piston-2-piece-350mm-slotted-type-3-black-med.jpg,kg,8708949900,,,,,
brembo-1n-8024a-f-6-piston-cast-monobloc-calipers-350mm-13-8-2-piece-discs-brake-disc,,,,,,,,,TY3,,Silver,,,BREMBO-1N3.8024A3,25000,shopify,continue,manual,4160.29,4522.06,TRUE,TRUE,1N3.8024A3,https://racetechnologies.com/sites/default/files/content/images/brakekits/brembo-l-caliper-6-piston-2-piece-350mm-slotted-type-3-silver-med.jpg,3,,,,,,,,1N3.8024A3,,,,,,,,,,https://racetechnologies.com/sites/default/files/content/images/brakekits/brembo-l-caliper-6-piston-2-piece-350mm-slotted-type-3-silver-med.jpg,kg,8708949900,,,,,
brembo-1n-8024a-f-6-piston-cast-monobloc-calipers-350mm-13-8-2-piece-discs-brake-disc,,,,,,,,,TY3,,Yellow,,,BREMBO-1N3.8024A5,25000,shopify,continue,manual,4160.29,4522.06,TRUE,TRUE,1N3.8024A5,https://racetechnologies.com/sites/default/files/content/images/brakekits/brembo-l-caliper-6-piston-2-piece-350mm-slotted-type-3-yellow-med.jpg,4,,,,,,,,1N3.8024A5,,,,,,,,,,https://racetechnologies.com/sites/default/files/content/images/brakekits/brembo-l-caliper-6-piston-2-piece-350mm-slotted-type-3-yellow-med.jpg,kg,8708949900,,,,,
brembo-1n-8024a-f-6-piston-billet-monobloc-calipers-350mm-13-8-2-piece-discs-brake-disc,Brembo 1N-.8024A 6-Piston Billet Monobloc Calipers  350mm (13.8'') 2-Piece Discs Brake Disc (Front),"<h4><strong>Description</strong></h4>This is 6-Piston Billet Monobloc Calipers | 350mm (13.8'') 2-Piece Discs | Complete Axle Set | Pre-Assembled | All Necessary Hardware Included, Front        <p>&nbsp;</p>        <h4>Features</h4>        <p><strong>Caliper</strong></p><table><tbody>  <tr><td>Caliper Body</td><td>:</td><td>Billet Monobloc Radial Mount</td></tr>  <tr><td>Caliper Piston Configuration</td><td>:</td><td>6-Piston</td></tr>  <tr><td>Caliper Piston Design And Insert Type</td><td>:</td><td>Inner Pressure Seal / Recessed Dust Boot / Ventilated Stainless Steel Insert</td></tr></tbody></table><p><strong>Disc</strong></p><table><tbody>  <tr><td>Disc Material/Finish</td><td>:</td><td>Advanced High Carbon Alloy / Corrosion Resistant Plating</td></tr>  <tr><td>Disc Diameter</td><td>:</td><td>328mm</td></tr>  <tr><td>Disc Width (Measurement)</td><td>:</td><td>28mm</td></tr>  <tr><td>Disc Air Gap (Measurement)</td><td>:</td><td>17mm</td></tr>  <tr><td>Disc Annulus (Measurement)</td><td>:</td><td>54mm</td></tr>  <tr><td>Disc Construction</td><td>:</td><td>2-Piece Disc Assembly</td></tr>  <tr><td>Disc Vane Design (Measurement)</td><td>:</td><td>Vented Curved 48 Vane</td></tr>  <tr><td>Disc To Hat Mounting System</td><td>:</td><td>Floating D-Bobbin with Anti Rattle Spring</td></tr></tbody></table><p><strong>Friction Material</strong></p><table><tbody>  <tr><td>Pad Compound</td><td>:</td><td>Brembo High Performance FM1000</td></tr>  <tr><td>Pad Volume / Surface Area</td><td>:</td><td>48.2 | 53.6</td></tr></tbody></table>        <p>&nbsp;</p>        <h4>What's Included</h4><ul>  <li>Brake Lines: Proprietary Brembo Stainless Steel Braided Brake Lines by Goodridge</li>  <li>Mounting Hardware: Brembo Engineered CNC Billet Caliper Adapters - All Necessary Hardware Included For Ease of Installation</li></ul>        <p>&nbsp;</p>        <p>&nbsp;</p><h4>Compatibility</h4><div class=""compatibility-accordion-wrapper""><div class=""compatibility-tab"">                        <input name=""tabs"" type=""checkbox"" id=""compatibility-tab-1"">                        <label for=""compatibility-tab-1""><b>HYUNDAI</b><br></label>                                                    <div class=""compatibility-tab-content""><ul><li>VELOSTER N</li></ul></div></div></div><p>Feel free to contact us at info@mlperformance.co.uk should you wish to double check!</p>        <p>&nbsp;</p>        <h4>Compatibility Check</h4><p>To ensure the part(s) you have ordered fits your vehicle, we run a compatibility check prior to dispatch. We can do this either using your registration number (UK) or the last 7 digits of your VIN. Simply enter your car details prior to checkout.</p>          <p>&nbsp;</p>        <h4>Part Number</h4><p>BREMBO-1N3.8024AR (TY3 /  Nickel Plated)</p>        <p>&nbsp;</p>        <h4>More Information</h4><p><strong>Manufactured by</strong></p><p>Brembo</p>",Brembo,,Brake,"Uploaded by_Muazzim, Brand_Brembo, Product Type_Brake, Category_Brake Discs",TRUE,Disc Type,TY3,Finish,Nickel Plated,,,BREMBO-1N3.8024AR,25000,shopify,continue,manual,8066.92,8768.39,TRUE,TRUE,1N3.8024AR,https://racetechnologies.com/sites/default/files/content/images/brakekits/brembo-l-caliper-6-piston-2-piece-350mm-slotted-type-3-gt-r-med.jpg,1,Brembo 1N-.8024A (F) 6-Piston Billet Monobloc Calipers  350mm (13.8'') 2-Piece Discs Brake Disc,,Brembo 1N-.8024A (F) 6-Piston Billet Monobloc Calipers  350mm (13.8'') 2-Piece Discs Brake Disc,Get Brembo 1N-.8024A (F) 6-Piston Billet Monobloc Calipers  350mm (13.8'') 2-Piece Discs Brake Disc for your car to get your desired looks and performance from ML Performance at the lowest price with FREE UK shipping & next day delivery on in stock items. Very cheap prices & good service.,,,,1N3.8024AR,,,new,,,,,,,https://racetechnologies.com/sites/default/files/content/images/brakekits/brembo-l-caliper-6-piston-2-piece-350mm-slotted-type-3-gt-r-med.jpg,kg,8708949900,,,,,active
brembo-1n-8024a-f-6-piston-cast-monobloc-calipers-350mm-13-8-2-piece-discs-brake-disc,Brembo 1N-.8024A 6-Piston Cast Monobloc Calipers  350mm (13.8'') 2-Piece Discs Brake Disc (Front),"<h4><strong>Description</strong></h4>This is 6-Piston Cast Monobloc Calipers | 350mm (13.8'') 2-Piece Discs | Complete Axle Set | Pre-Assembled | All Necessary Hardware Included, Front        <p>&nbsp;</p>        <h4>Features</h4>        <p><strong>Caliper</strong></p><table><tbody>  <tr><td>Caliper Body</td><td>:</td><td>Cast Monobloc Radial Mount</td></tr>  <tr><td>Caliper Piston Configuration</td><td>:</td><td>6-Piston</td></tr>  <tr><td>Caliper Piston Design And Insert Type</td><td>:</td><td>Inner Pressure Seal / Recessed Dust Boot / Stainless Steel Insert</td></tr></tbody></table><p><strong>Disc</strong></p><table><tbody>  <tr><td>Disc Material/Finish</td><td>:</td><td>Advanced High Carbon Alloy / Corrosion Resistant Plating</td></tr>  <tr><td>Disc Diameter</td><td>:</td><td>328mm</td></tr>  <tr><td>Disc Width (Measurement)</td><td>:</td><td>28mm</td></tr>  <tr><td>Disc Air Gap (Measurement)</td><td>:</td><td>17mm</td></tr>  <tr><td>Disc Annulus (Measurement)</td><td>:</td><td>54mm</td></tr>  <tr><td>Disc Construction</td><td>:</td><td>2-Piece Disc Assembly</td></tr>  <tr><td>Disc Vane Design (Measurement)</td><td>:</td><td>Vented Curved 48 Vane</td></tr>  <tr><td>Disc To Hat Mounting System</td><td>:</td><td>Floating D-Bobbin with Anti Rattle Spring</td></tr></tbody></table><p><strong>Friction Material</strong></p><table><tbody>  <tr><td>Pad Compound</td><td>:</td><td>Brembo High Performance FM1000</td></tr>  <tr><td>Pad Volume / Surface Area</td><td>:</td><td>48.2 | 53.6</td></tr></tbody></table>        <p>&nbsp;</p>        <h4>What's Included</h4><ul>  <li>Brake Lines: Proprietary Brembo Stainless Steel Braided Brake Lines by Goodridge</li>  <li>Mounting Hardware: Brembo Engineered CNC Billet Caliper Adapters - All Necessary Hardware Included For Ease of Installation</li></ul>        <p>&nbsp;</p>        <p>&nbsp;</p><h4>Compatibility</h4><div class=""compatibility-accordion-wrapper""><div class=""compatibility-tab"">                        <input name=""tabs"" type=""checkbox"" id=""compatibility-tab-1"">                        <label for=""compatibility-tab-1""><b>HYUNDAI</b><br></label>                                                    <div class=""compatibility-tab-content""><ul><li>VELOSTER N</li></ul></div></div></div><p>Feel free to contact us at info@mlperformance.co.uk should you wish to double check!</p>        <p>&nbsp;</p>        <h4>Compatibility Check</h4><p>To ensure the part(s) you have ordered fits your vehicle, we run a compatibility check prior to dispatch. We can do this either using your registration number (UK) or the last 7 digits of your VIN. Simply enter your car details prior to checkout.</p>          <p>&nbsp;</p>        <h4>Part Number</h4><p>BREMBO-1N3.8024A2 (TY3 /  Red)</p><p>BREMBO-1N3.8024A1 (TY3 /  Black)</p><p>BREMBO-1N3.8024A3 (TY3 /  Silver)</p><p>BREMBO-1N3.8024A5 (TY3 /  Yellow)</p><p>BREMBO-1N3.8024AS (TY3 /  Black Hard Anodized)</p>        <p>&nbsp;</p>        <h4>More Information</h4><p><strong>Manufactured by</strong></p><p>Brembo</p>",Brembo,,Brake,"Uploaded by_Muazzim, Brand_Brembo, Product Type_Brake, Category_Brake Discs",TRUE,Disc Type,TY3,Finish,Black Hard Anodized,,,BREMBO-1N3.8024AS,25000,shopify,continue,manual,4261.76,4632.35,TRUE,TRUE,1N3.8024AS,https://racetechnologies.com/sites/default/files/content/images/brakekits/brembo-l-caliper-6-piston-2-piece-350mm-slotted-type-3-med_1.jpg,1,Brembo 1N-.8024A (F) 6-Piston Cast Monobloc Calipers  350mm (13.8'') 2-Piece Discs Brake Disc,,Brembo 1N-.8024A (F) 6-Piston Cast Monobloc Calipers  350mm (13.8'') 2-Piece Discs Brake Disc,Get Brembo 1N-.8024A (F) 6-Piston Cast Monobloc Calipers  350mm (13.8'') 2-Piece Discs Brake Disc for your car to get your desired looks and performance from ML Performance at the lowest price with FREE UK shipping & next day delivery on in stock items. Very cheap prices & good service.,,,,1N3.8024AS,,,new,,,,,,,https://racetechnologies.com/sites/default/files/content/images/brakekits/brembo-l-caliper-6-piston-2-piece-350mm-slotted-type-3-med_1.jpg,kg,8708949900,,,,,active
brembo-1n-8024a-f-380x34mm-15-2-piece-discs-brake-disc,"Brembo 1N-.8024A  380x34mm (15"") 2-Piece Discs Brake Disc (Front)","<h4><strong>Description</strong></h4>This is  380x34mm (15"") 2-Piece Discs | Complete Axle Set | Pre-Assembled | All Necessary Hardware Included, Front        <p>&nbsp;</p>        <h4>Features</h4>        <p><strong>Disc</strong></p><table><tbody>  <tr><td>Disc Material/Finish</td><td>:</td><td>Advanced High Carbon Alloy / Corrosion Resistant Plating</td></tr>  <tr><td>Disc Diameter</td><td>:</td><td>380mm</td></tr>  <tr><td>Disc Width (Measurement)</td><td>:</td><td>34mm</td></tr>  <tr><td>Disc Air Gap (Measurement)</td><td>:</td><td>17mm</td></tr>  <tr><td>Disc Annulus (Measurement)</td><td>:</td><td>65mm</td></tr>  <tr><td>Disc Construction</td><td>:</td><td>2-Piece Disc Assembly</td></tr>  <tr><td>Disc Vane Design (Measurement)</td><td>:</td><td>Vented Curved 72 Vane</td></tr>  <tr><td>Disc To Hat Mounting System</td><td>:</td><td>Floating D-Bobbin with Anti Rattle Spring</td></tr></tbody></table><p><strong>Friction Material</strong></p><table><tbody>  <tr><td>Pad Compound</td><td>:</td><td>Brembo High Performance FM1000</td></tr>  <tr><td>Pad Volume / Surface Area</td><td>:</td><td>48.2 | 53.6</td></tr></tbody></table>        <p>&nbsp;</p>        <h4>What's Included</h4><ul>  <li>Brake Lines: Proprietary Brembo Stainless Steel Braided Brake Lines by Goodridge</li>  <li>Mounting Hardware: Brembo Engineered CNC Billet Caliper Adapters - All Necessary Hardware Included For Ease of Installation</li></ul>        <p>&nbsp;</p>        <p>Feel free to contact us at info@mlperformance.co.uk should you wish to double check!</p>        <p>&nbsp;</p>        <h4>Compatibility Check</h4><p>To ensure the part(s) you have ordered fits your vehicle, we run a compatibility check prior to dispatch. We can do this either using your registration number (UK) or the last 7 digits of your VIN. Simply enter your car details prior to checkout.</p>          <p>&nbsp;</p>        <h4>Part Number</h4><p>BREMBO-102.9019A (TY5)</p>        <p>&nbsp;</p>        <h4>More Information</h4><p><strong>Manufactured by</strong></p><p>Brembo</p>",Brembo,,Brake,"Uploaded by_Muazzim, Brand_Brembo, Product Type_Brake, Category_Brake Discs",TRUE,Disc Type,TY5,,,,,BREMBO-102.9019A,25000,shopify,continue,manual,1978.68,2150.74,TRUE,TRUE,102.9019A,https://racetechnologies.com/sites/default/files/content/images/brakekits/brembo-2-piece-disc-328-332-345-355mm-slotted-type-5-med.jpg,1,"Brembo 1N-.8024A (F)  380x34mm (15"") 2-Piece Discs Brake Disc",,"Brembo 1N-.8024A (F)  380x34mm (15"") 2-Piece Discs Brake Disc","Get Brembo 1N-.8024A (F)  380x34mm (15"") 2-Piece Discs Brake Disc for your car to get your desired looks and performance from ML Performance at the lowest price with FREE UK shipping & next day delivery on in stock items. Very cheap prices & good service.",,,,102.9019A,,,new,,,,,,,https://racetechnologies.com/sites/default/files/content/images/brakekits/brembo-2-piece-disc-328-332-345-355mm-slotted-type-5-med.jpg,kg,8708949900,,,,,active
brembo-1n-8024a-r-355x32mm-14-2-piece-discs-brake-disc,"Brembo 1N-.8024A  355x32mm (14"") 2-Piece Discs Brake Disc (Rear)","<h4><strong>Description</strong></h4>This is  355x32mm (14"") 2-Piece Discs | Complete Axle Set | Pre-Assembled | All Necessary Hardware Included, Rear        <p>&nbsp;</p>        <h4>Features</h4>        <p><strong>Disc</strong></p><table><tbody>  <tr><td>Disc Material/Finish</td><td>:</td><td>Advanced High Carbon Alloy / Corrosion Resistant Plating</td></tr>  <tr><td>Disc Diameter</td><td>:</td><td>355mm</td></tr>  <tr><td>Disc Width (Measurement)</td><td>:</td><td>32mm</td></tr>  <tr><td>Disc Construction</td><td>:</td><td>2-Piece Disc Assembly</td></tr>  <tr><td>Disc Vane Design (Measurement)</td><td>:</td><td>Vented Curved 48 Vane</td></tr>  <tr><td>Disc To Hat Mounting System</td><td>:</td><td>Floating D-Bobbin with Anti Rattle Spring</td></tr></tbody></table><p><strong>Friction Material</strong></p><table><tbody>  <tr><td>Pad Compound</td><td>:</td><td>Brembo High Performance FM1000</td></tr>  <tr><td>Pad Volume / Surface Area</td><td>:</td><td>48.2 | 53.6</td></tr></tbody></table>        <p>&nbsp;</p>        <h4>What's Included</h4><ul>  <li>Brake Lines: Proprietary Brembo Stainless Steel Braided Brake Lines by Goodridge</li>  <li>Mounting Hardware: Brembo Engineered CNC Billet Caliper Adapters - All Necessary Hardware Included For Ease of Installation</li></ul>        <p>&nbsp;</p>        <p>Feel free to contact us at info@mlperformance.co.uk should you wish to double check!</p>        <p>&nbsp;</p>        <h4>Compatibility Check</h4><p>To ensure the part(s) you have ordered fits your vehicle, we run a compatibility check prior to dispatch. We can do this either using your registration number (UK) or the last 7 digits of your VIN. Simply enter your car details prior to checkout.</p>          <p>&nbsp;</p>        <h4>Part Number</h4><p>BREMBO-202.8010A (TY5)</p>        <p>&nbsp;</p>        <h4>More Information</h4><p><strong>Manufactured by</strong></p><p>Brembo</p>",Brembo,,Brake,"Uploaded by_Muazzim, Brand_Brembo, Product Type_Brake, Category_Brake Discs",TRUE,Disc Type,TY5,,,,,BREMBO-202.8010A,25000,shopify,continue,manual,1877.21,2040.44,TRUE,TRUE,202.8010A,https://racetechnologies.com/sites/default/files/content/images/brakekits/brembo-2-piece-disc-328-332-345-355mm-slotted-type-5-med.jpg,1,"Brembo 1N-.8024A (R)  355x32mm (14"") 2-Piece Discs Brake Disc",,"Brembo 1N-.8024A (R)  355x32mm (14"") 2-Piece Discs Brake Disc","Get Brembo 1N-.8024A (R)  355x32mm (14"") 2-Piece Discs Brake Disc for your car to get your desired looks and performance from ML Performance at the lowest price with FREE UK shipping & next day delivery on in stock items. Very cheap prices & good service.",,,,202.8010A,,,new,,,,,,,https://racetechnologies.com/sites/default/files/content/images/brakekits/brembo-2-piece-disc-328-332-345-355mm-slotted-type-5-med.jpg,kg,8708949900,,,,,active
brembo-1n-8019a-r-380x30mm-15-2-piece-discs-complete-axle-set-brake-disc,Brembo 1N-.8019A 380x30mm (15'') 2-Piece Discs  Complete Axle Set Brake Disc (Rear),"<h4><strong>Description</strong></h4>This is  380x30mm (15'') 2-Piece Discs | Complete Axle Set | Pre-Assembled | All Necessary Hardware Included, Rear        <p>&nbsp;</p>        <h4>Features</h4>        <p><strong>Disc</strong></p><table><tbody>  <tr><td>Disc Material/Finish</td><td>:</td><td>Advanced High Carbon Alloy / Corrosion Resistant Plating</td></tr>  <tr><td>Disc Diameter</td><td>:</td><td>380mm</td></tr>  <tr><td>Disc Width (Measurement)</td><td>:</td><td>30mm</td></tr>  <tr><td>Disc Air Gap (Measurement)</td><td>:</td><td>15mm</td></tr>  <tr><td>Disc Annulus (Measurement)</td><td>:</td><td>69mm</td></tr>  <tr><td>Disc Construction</td><td>:</td><td>2-Piece Disc Assembly</td></tr>  <tr><td>Disc Vane Design (Measurement)</td><td>:</td><td>Vented Curved 48 Vane</td></tr>  <tr><td>Disc To Hat Mounting System</td><td>:</td><td>Floating D-Bobbin with Anti Rattle Spring</td></tr></tbody></table><p><strong>Friction Material</strong></p><table><tbody>  <tr><td>Pad Compound</td><td>:</td><td>Brembo High Performance FM1000</td></tr>  <tr><td>Pad Volume / Surface Area</td><td>:</td><td>48.2 | 53.6</td></tr></tbody></table>        <p>&nbsp;</p>        <h4>What's Included</h4><ul>  <li>Brake Lines: Proprietary Brembo Stainless Steel Braided Brake Lines by Goodridge</li>  <li>Mounting Hardware: Brembo Engineered CNC Billet Caliper Adapters - All Necessary Hardware Included For Ease of Installation</li></ul>        <p>&nbsp;</p>        <p>Feel free to contact us at info@mlperformance.co.uk should you wish to double check!</p>        <p>&nbsp;</p>        <h4>Compatibility Check</h4><p>To ensure the part(s) you have ordered fits your vehicle, we run a compatibility check prior to dispatch. We can do this either using your registration number (UK) or the last 7 digits of your VIN. Simply enter your car details prior to checkout.</p>          <p>&nbsp;</p>        <h4>Part Number</h4><p>BREMBO-203.9008A (TY3)</p>        <p>&nbsp;</p>        <h4>More Information</h4><p><strong>Manufactured by</strong></p><p>Brembo</p>",Brembo,,Brake,"Uploaded by_Muazzim, Brand_Brembo, Product Type_Brake, Category_Brake Discs",TRUE,Disc Type,TY3,,,,,BREMBO-203.9008A,25000,shopify,continue,manual,1978.68,2150.74,TRUE,TRUE,203.9008A,https://racetechnologies.com/sites/default/files/content/images/brakekits/brembo-2-piece-disc-380x34mm-slotted-type-3-med.jpg,1,Brembo 1N-.8019A (R) 380x30mm (15'') 2-Piece Discs  Complete Axle Set Brake Disc,,Brembo 1N-.8019A (R) 380x30mm (15'') 2-Piece Discs  Complete Axle Set Brake Disc,Get Brembo 1N-.8019A (R) 380x30mm (15'') 2-Piece Discs  Complete Axle Set Brake Disc for your car to get your desired looks and performance from ML Performance at the lowest price with FREE UK shipping & next day delivery on in stock items. Very cheap prices & good service.,,,,203.9008A,,,new,,,,,,,https://racetechnologies.com/sites/default/files/content/images/brakekits/brembo-2-piece-disc-380x34mm-slotted-type-3-med.jpg,kg,8708949900,,,,,active
brembo-1n-8021a-f-350x34mm-13-8-2-piece-discs-brake-disc,"Brembo 1N-.8021A  350x34mm (13.8"") 2-Piece Discs Brake Disc (Front)","<h4><strong>Description</strong></h4>This is  350x34mm (13.8"") 2-Piece Discs | Complete Axle Set | Pre-Assembled | All Necessary Hardware Included, Front        <p>&nbsp;</p>        <h4>Features</h4>        <p><strong>Disc</strong></p><table><tbody>  <tr><td>Disc Material/Finish</td><td>:</td><td>Advanced High Carbon Alloy / Corrosion Resistant Plating</td></tr>  <tr><td>Disc Diameter</td><td>:</td><td>350mm</td></tr>  <tr><td>Disc Width (Measurement)</td><td>:</td><td>34mm</td></tr>  <tr><td>Disc Air Gap (Measurement)</td><td>:</td><td>17mm</td></tr>  <tr><td>Disc Annulus (Measurement)</td><td>:</td><td>68mm</td></tr>  <tr><td>Disc Construction</td><td>:</td><td>2-Piece Disc Assembly</td></tr>  <tr><td>Disc Vane Design (Measurement)</td><td>:</td><td>Vented Curved 72 Vane</td></tr>  <tr><td>Disc To Hat Mounting System</td><td>:</td><td>Floating D-Bobbin with Anti Rattle Spring</td></tr></tbody></table><p><strong>Friction Material</strong></p><table><tbody>  <tr><td>Pad Compound</td><td>:</td><td>Brembo High Performance FM1000</td></tr>  <tr><td>Pad Volume / Surface Area</td><td>:</td><td>48.2 | 53.6</td></tr></tbody></table>        <p>&nbsp;</p>        <h4>What's Included</h4><ul>  <li>Brake Lines: Proprietary Brembo Stainless Steel Braided Brake Lines by Goodridge</li>  <li>Mounting Hardware: Brembo Engineered CNC Billet Caliper Adapters - All Necessary Hardware Included For Ease of Installation</li></ul>        <p>&nbsp;</p>        <p>Feel free to contact us at info@mlperformance.co.uk should you wish to double check!</p>        <p>&nbsp;</p>        <h4>Compatibility Check</h4><p>To ensure the part(s) you have ordered fits your vehicle, we run a compatibility check prior to dispatch. We can do this either using your registration number (UK) or the last 7 digits of your VIN. Simply enter your car details prior to checkout.</p>          <p>&nbsp;</p>        <h4>Part Number</h4><p>Brembo-103.8006</p>        <p>&nbsp;</p>        <h4>More Information</h4><p><strong>Manufactured by</strong></p><p>Brembo</p>",Brembo,,Brake,"Uploaded by_Muazzim, Brand_Brembo, Product Type_Brake, Category_Brake Discs",TRUE,Disc Type,TY3,,,,,BREMBO-103.8006A,25000,shopify,continue,manual,1877.21,2040.44,TRUE,TRUE,103.8006A,https://racetechnologies.com/sites/default/files/content/images/brakekits/brembo-2-piece-disc-350x34mm-slotted-type-3-med.jpg,1,"Brembo 1N-.8021A (F)  350x34mm (13.8"") 2-Piece Discs Brake Disc",,"Brembo 1N-.8021A (F)  350x34mm (13.8"") 2-Piece Discs Brake Disc","Get Brembo 1N-.8021A (F)  350x34mm (13.8"") 2-Piece Discs Brake Disc for your car to get your desired looks and performance from ML Performance at the lowest price with FREE UK shipping & next day delivery on in stock items. Very cheap prices & good service.",,,,103.8006A,,,new,,,,,,,https://racetechnologies.com/sites/default/files/content/images/brakekits/brembo-2-piece-disc-350x34mm-slotted-type-3-med.jpg,kg,8708949900,,,,,active
brembo-1n-8021a-r-350x28mm-13-8-2-piece-discs-brake-disc,"Brembo 1N-.8021A  350x28mm (13.8"") 2-Piece Discs Brake Disc (Rear)","<h4><strong>Description</strong></h4>This is  350x28mm (13.8"") 2-Piece Discs | Complete Axle Set | Pre-Assembled | All Necessary Hardware Included, Rear        <p>&nbsp;</p>        <h4>Features</h4>        <p><strong>Disc</strong></p><table><tbody>  <tr><td>Disc Material/Finish</td><td>:</td><td>Advanced High Carbon Alloy / Corrosion Resistant Plating</td></tr>  <tr><td>Disc Diameter</td><td>:</td><td>350mm</td></tr>  <tr><td>Disc Width (Measurement)</td><td>:</td><td>28mm</td></tr>  <tr><td>Disc Air Gap (Measurement)</td><td>:</td><td>17mm</td></tr>  <tr><td>Disc Annulus (Measurement)</td><td>:</td><td>63mm</td></tr>  <tr><td>Disc Construction</td><td>:</td><td>2-Piece Disc Assembly</td></tr>  <tr><td>Disc Vane Design (Measurement)</td><td>:</td><td>Vented Curved 72 Vane</td></tr>  <tr><td>Disc To Hat Mounting System</td><td>:</td><td>Floating D-Bobbin with Anti Rattle Spring</td></tr></tbody></table><p><strong>Friction Material</strong></p><table><tbody>  <tr><td>Pad Compound</td><td>:</td><td>Brembo High Performance FM1000</td></tr>  <tr><td>Pad Volume / Surface Area</td><td>:</td><td>48.2 | 53.6</td></tr></tbody></table>        <p>&nbsp;</p>        <h4>What's Included</h4><ul>  <li>Brake Lines: Proprietary Brembo Stainless Steel Braided Brake Lines by Goodridge</li>  <li>Mounting Hardware: Brembo Engineered CNC Billet Caliper Adapters - All Necessary Hardware Included For Ease of Installation</li></ul>        <p>&nbsp;</p>        <p>Feel free to contact us at info@mlperformance.co.uk should you wish to double check!</p>        <p>&nbsp;</p>        <h4>Compatibility Check</h4><p>To ensure the part(s) you have ordered fits your vehicle, we run a compatibility check prior to dispatch. We can do this either using your registration number (UK) or the last 7 digits of your VIN. Simply enter your car details prior to checkout.</p>          <p>&nbsp;</p>        <h4>Part Number</h4><p>Brembo-203.8007</p>        <p>&nbsp;</p>        <h4>More Information</h4><p><strong>Manufactured by</strong></p><p>Brembo</p>",Brembo,,Brake,"Uploaded by_Muazzim, Brand_Brembo, Product Type_Brake, Category_Brake Discs",TRUE,Disc Type,TY3,,,,,BREMBO-203.8007A,25000,shopify,continue,manual,1877.21,2040.44,TRUE,TRUE,203.8007A,https://racetechnologies.com/sites/default/files/content/images/brakekits/brembo-2-piece-disc-328-332-345-355mm-slotted-type-3-med.jpg,1,"Brembo 1N-.8021A (R)  350x28mm (13.8"") 2-Piece Discs Brake Disc",,"Brembo 1N-.8021A (R)  350x28mm (13.8"") 2-Piece Discs Brake Disc","Get Brembo 1N-.8021A (R)  350x28mm (13.8"") 2-Piece Discs Brake Disc for your car to get your desired looks and performance from ML Performance at the lowest price with FREE UK shipping & next day delivery on in stock items. Very cheap prices & good service.",,,,203.8007A,,,new,,,,,,,https://racetechnologies.com/sites/default/files/content/images/brakekits/brembo-2-piece-disc-328-332-345-355mm-slotted-type-3-med.jpg,kg,8708949900,,,,,active
brembo-1n-8021a-f-350x34mm-13-8-2-piece-discs-brake-disc,"Brembo 1N-.8021A  350x34mm (13.8"") 2-Piece Discs Brake Disc (Front)","<h4><strong>Description</strong></h4>This is  350x34mm (13.8"") 2-Piece Discs | Complete Axle Set | Pre-Assembled | All Necessary Hardware Included, Front        <p>&nbsp;</p>        <h4>Features</h4>        <p><strong>Disc</strong></p><table><tbody>  <tr><td>Disc Material/Finish</td><td>:</td><td>Advanced High Carbon Alloy / Corrosion Resistant Plating</td></tr>  <tr><td>Disc Diameter</td><td>:</td><td>350mm</td></tr>  <tr><td>Disc Width (Measurement)</td><td>:</td><td>34mm</td></tr>  <tr><td>Disc Air Gap (Measurement)</td><td>:</td><td>17mm</td></tr>  <tr><td>Disc Annulus (Measurement)</td><td>:</td><td>68mm</td></tr>  <tr><td>Disc Construction</td><td>:</td><td>2-Piece Disc Assembly</td></tr>  <tr><td>Disc Vane Design (Measurement)</td><td>:</td><td>Vented Curved 72 Vane</td></tr>  <tr><td>Disc To Hat Mounting System</td><td>:</td><td>Floating D-Bobbin with Anti Rattle Spring</td></tr></tbody></table><p><strong>Friction Material</strong></p><table><tbody>  <tr><td>Pad Compound</td><td>:</td><td>Brembo High Performance FM1000</td></tr>  <tr><td>Pad Volume / Surface Area</td><td>:</td><td>48.2 | 53.6</td></tr></tbody></table>        <p>&nbsp;</p>        <h4>What's Included</h4><ul>  <li>Brake Lines: Proprietary Brembo Stainless Steel Braided Brake Lines by Goodridge</li>  <li>Mounting Hardware: Brembo Engineered CNC Billet Caliper Adapters - All Necessary Hardware Included For Ease of Installation</li></ul>        <p>&nbsp;</p>        <p>Feel free to contact us at info@mlperformance.co.uk should you wish to double check!</p>        <p>&nbsp;</p>        <h4>Compatibility Check</h4><p>To ensure the part(s) you have ordered fits your vehicle, we run a compatibility check prior to dispatch. We can do this either using your registration number (UK) or the last 7 digits of your VIN. Simply enter your car details prior to checkout.</p>          <p>&nbsp;</p>        <h4>Part Number</h4><p>Brembo-103.8010</p>        <p>&nbsp;</p>        <h4>More Information</h4><p><strong>Manufactured by</strong></p><p>Brembo</p>",Brembo,,Brake,"Uploaded by_Muazzim, Brand_Brembo, Product Type_Brake, Category_Brake Discs",TRUE,Disc Type,TY3,,,,,BREMBO-103.8010A,25000,shopify,continue,manual,1877.21,2040.44,TRUE,TRUE,103.8010A,https://racetechnologies.com/sites/default/files/content/images/brakekits/brembo-2-piece-disc-350x34mm-slotted-type-3-med.jpg,1,"Brembo 1N-.8021A (F)  350x34mm (13.8"") 2-Piece Discs Brake Disc",,"Brembo 1N-.8021A (F)  350x34mm (13.8"") 2-Piece Discs Brake Disc","Get Brembo 1N-.8021A (F)  350x34mm (13.8"") 2-Piece Discs Brake Disc for your car to get your desired looks and performance from ML Performance at the lowest price with FREE UK shipping & next day delivery on in stock items. Very cheap prices & good service.",,,,103.8010A,,,new,,,,,,,https://racetechnologies.com/sites/default/files/content/images/brakekits/brembo-2-piece-disc-350x34mm-slotted-type-3-med.jpg,kg,8708949900,,,,,active
brembo-1n-8021a-f-380x34mm-15-2-piece-discs-brake-disc,"Brembo 1N-.8021A  380x34mm (15"") 2-Piece Discs Brake Disc (Front)","<h4><strong>Description</strong></h4>This is  380x34mm (15"") 2-Piece Discs | Complete Axle Set | Pre-Assembled | All Necessary Hardware Included, Front        <p>&nbsp;</p>        <h4>Features</h4>        <p><strong>Disc</strong></p><table><tbody>  <tr><td>Disc Material/Finish</td><td>:</td><td>Advanced High Carbon Alloy / Corrosion Resistant Plating</td></tr>  <tr><td>Disc Diameter</td><td>:</td><td>380mm</td></tr>  <tr><td>Disc Width (Measurement)</td><td>:</td><td>34mm</td></tr>  <tr><td>Disc Air Gap (Measurement)</td><td>:</td><td>20mm</td></tr>  <tr><td>Disc Annulus (Measurement)</td><td>:</td><td>65mm</td></tr>  <tr><td>Disc Construction</td><td>:</td><td>2-Piece Disc Assembly</td></tr>  <tr><td>Disc Vane Design (Measurement)</td><td>:</td><td>Vented Curved 72 Vane</td></tr>  <tr><td>Disc To Hat Mounting System</td><td>:</td><td>Floating D-Bobbin with Anti Rattle Spring</td></tr></tbody></table><p><strong>Friction Material</strong></p><table><tbody>  <tr><td>Pad Compound</td><td>:</td><td>Brembo High Performance FM1000</td></tr>  <tr><td>Pad Volume / Surface Area</td><td>:</td><td>48.2 | 53.6</td></tr></tbody></table>        <p>&nbsp;</p>        <h4>What's Included</h4><ul>  <li>Brake Lines: Proprietary Brembo Stainless Steel Braided Brake Lines by Goodridge</li>  <li>Mounting Hardware: Brembo Engineered CNC Billet Caliper Adapters - All Necessary Hardware Included For Ease of Installation</li></ul>        <p>&nbsp;</p>        <p>Feel free to contact us at info@mlperformance.co.uk should you wish to double check!</p>        <p>&nbsp;</p>        <h4>Compatibility Check</h4><p>To ensure the part(s) you have ordered fits your vehicle, we run a compatibility check prior to dispatch. We can do this either using your registration number (UK) or the last 7 digits of your VIN. Simply enter your car details prior to checkout.</p>          <p>&nbsp;</p>        <h4>Part Number</h4><p>Brembo-103.9026A</p>        <p>&nbsp;</p>        <h4>More Information</h4><p><strong>Manufactured by</strong></p><p>Brembo</p>",Brembo,,Brake,"Uploaded by_Muazzim, Brand_Brembo, Product Type_Brake, Category_Brake Discs",TRUE,Disc Type,TY3,,,,,BREMBO-103.9026A,25000,shopify,continue,manual,1978.68,2150.74,TRUE,TRUE,103.9026A,https://racetechnologies.com/sites/default/files/content/images/brakekits/brembo-2-piece-disc-380x34mm-slotted-type-3-med.jpg,1,"Brembo 1N-.8021A (F)  380x34mm (15"") 2-Piece Discs Brake Disc",,"Brembo 1N-.8021A (F)  380x34mm (15"") 2-Piece Discs Brake Disc","Get Brembo 1N-.8021A (F)  380x34mm (15"") 2-Piece Discs Brake Disc for your car to get your desired looks and performance from ML Performance at the lowest price with FREE UK shipping & next day delivery on in stock items. Very cheap prices & good service.",,,,103.9026A,,,new,,,,,,,https://racetechnologies.com/sites/default/files/content/images/brakekits/brembo-2-piece-disc-380x34mm-slotted-type-3-med.jpg,kg,8708949900,,,,,active
brembo-1n-8021a-f-380x34mm-15-2-piece-discs-brake-disc,"Brembo 1N-.8021A (F)  380x34mm (15"") 2-Piece Discs Brake Disc","<h4><strong>Description</strong></h4>This is  380x34mm (15"") 2-Piece Discs | Complete Axle Set | Pre-Assembled | All Necessary Hardware Included, Front        <p>&nbsp;</p>        <h4>Features</h4>        <p><strong>Disc</strong></p><table><tbody>  <tr><td>Disc Material/Finish</td><td>:</td><td>Advanced High Carbon Alloy / Corrosion Resistant Plating</td></tr>  <tr><td>Disc Diameter</td><td>:</td><td>380mm</td></tr>  <tr><td>Disc Width (Measurement)</td><td>:</td><td>34mm</td></tr>  <tr><td>Disc Air Gap (Measurement)</td><td>:</td><td>17mm</td></tr>  <tr><td>Disc Annulus (Measurement)</td><td>:</td><td>65mm</td></tr>  <tr><td>Disc Construction</td><td>:</td><td>2-Piece Disc Assembly</td></tr>  <tr><td>Disc Vane Design (Measurement)</td><td>:</td><td>Vented Curved 72 Vane</td></tr>  <tr><td>Disc To Hat Mounting System</td><td>:</td><td>Floating D-Bobbin with Anti Rattle Spring</td></tr></tbody></table><p><strong>Friction Material</strong></p><table><tbody>  <tr><td>Pad Compound</td><td>:</td><td>Brembo High Performance FM1000</td></tr>  <tr><td>Pad Volume / Surface Area</td><td>:</td><td>48.2 | 53.6</td></tr></tbody></table>        <p>&nbsp;</p>        <h4>What's Included</h4><ul>  <li>Brake Lines: Proprietary Brembo Stainless Steel Braided Brake Lines by Goodridge</li>  <li>Mounting Hardware: Brembo Engineered CNC Billet Caliper Adapters - All Necessary Hardware Included For Ease of Installation</li></ul>        <p>&nbsp;</p>        <p>Feel free to contact us at info@mlperformance.co.uk should you wish to double check!</p>        <p>&nbsp;</p>        <h4>Compatibility Check</h4><p>To ensure the part(s) you have ordered fits your vehicle, we run a compatibility check prior to dispatch. We can do this either using your registration number (UK) or the last 7 digits of your VIN. Simply enter your car details prior to checkout.</p>          <p>&nbsp;</p>        <h4>Part Number</h4><p>Brembo-103.9022A</p>        <p>&nbsp;</p>        <h4>More Information</h4><p><strong>Manufactured by</strong></p><p>Brembo</p>",Brembo,,Brake,"Uploaded by_Muazzim, Brand_Brembo, Product Type_Brake, Category_Brake Discs",TRUE,Disc Type,TY3,,,,,BREMBO-103.9022A,25000,shopify,continue,manual,1978.68,2150.74,TRUE,TRUE,103.9022A,https://racetechnologies.com/sites/default/files/content/images/brakekits/brembo-2-piece-disc-380x34mm-slotted-type-3-med.jpg,1,"Brembo 1N-.8021A (F)  380x34mm (15"") 2-Piece Discs Brake Disc",,"Brembo 1N-.8021A (F)  380x34mm (15"") 2-Piece Discs Brake Disc","Get Brembo 1N-.8021A (F)  380x34mm (15"") 2-Piece Discs Brake Disc for your car to get your desired looks and performance from ML Performance at the lowest price with FREE UK shipping & next day delivery on in stock items. Very cheap prices & good service.",,,,103.9022A,,,new,,,,,,,https://racetechnologies.com/sites/default/files/content/images/brakekits/brembo-2-piece-disc-380x34mm-slotted-type-3-med.jpg,kg,8708949900,,,,,active
brembo-1n-8021a-r-380x30mm-15-2-piece-discs-brake-disc,"Brembo 1N-.8021A  380x30mm (15"") 2-Piece Discs Brake Disc (Rear)","<h4><strong>Description</strong></h4>This is  380x30mm (15"") 2-Piece Discs | Complete Axle Set | Pre-Assembled | All Necessary Hardware Included, Rear        <p>&nbsp;</p>        <h4>Features</h4>        <p><strong>Disc</strong></p><table><tbody>  <tr><td>Disc Material/Finish</td><td>:</td><td>Advanced High Carbon Alloy / Corrosion Resistant Plating</td></tr>  <tr><td>Disc Diameter</td><td>:</td><td>380mm</td></tr>  <tr><td>Disc Width (Measurement)</td><td>:</td><td>30mm</td></tr>  <tr><td>Disc Air Gap (Measurement)</td><td>:</td><td>15mm</td></tr>  <tr><td>Disc Annulus (Measurement)</td><td>:</td><td>69mm</td></tr>  <tr><td>Disc Construction</td><td>:</td><td>2-Piece Disc Assembly</td></tr>  <tr><td>Disc Vane Design (Measurement)</td><td>:</td><td>Vented Curved 48 Vane</td></tr>  <tr><td>Disc To Hat Mounting System</td><td>:</td><td>Floating D-Bobbin with Anti Rattle Spring</td></tr></tbody></table><p><strong>Friction Material</strong></p><table><tbody>  <tr><td>Pad Compound</td><td>:</td><td>Brembo High Performance FM1000</td></tr>  <tr><td>Pad Volume / Surface Area</td><td>:</td><td>48.2 | 53.6</td></tr></tbody></table>        <p>&nbsp;</p>        <h4>What's Included</h4><ul>  <li>Brake Lines: Proprietary Brembo Stainless Steel Braided Brake Lines by Goodridge</li>  <li>Mounting Hardware: Brembo Engineered CNC Billet Caliper Adapters - All Necessary Hardware Included For Ease of Installation</li></ul>        <p>&nbsp;</p>        <p>Feel free to contact us at info@mlperformance.co.uk should you wish to double check!</p>        <p>&nbsp;</p>        <h4>Compatibility Check</h4><p>To ensure the part(s) you have ordered fits your vehicle, we run a compatibility check prior to dispatch. We can do this either using your registration number (UK) or the last 7 digits of your VIN. Simply enter your car details prior to checkout.</p>          <p>&nbsp;</p>        <h4>Part Number</h4><p>Brembo-203.9002A</p>        <p>&nbsp;</p>        <h4>More Information</h4><p><strong>Manufactured by</strong></p><p>Brembo</p>",Brembo,,Brake,"Uploaded by_Muazzim, Brand_Brembo, Product Type_Brake, Category_Brake Discs",TRUE,Disc Type,TY3,,,,,BREMBO-203.9002A,25000,shopify,continue,manual,1978.68,2150.74,TRUE,TRUE,203.9002A,https://racetechnologies.com/sites/default/files/content/images/brakekits/brembo-2-piece-disc-380x34mm-slotted-type-3-med.jpg,1,"Brembo 1N-.8021A (R)  380x30mm (15"") 2-Piece Discs Brake Disc",,"Brembo 1N-.8021A (R)  380x30mm (15"") 2-Piece Discs Brake Disc","Get Brembo 1N-.8021A (R)  380x30mm (15"") 2-Piece Discs Brake Disc for your car to get your desired looks and performance from ML Performance at the lowest price with FREE UK shipping & next day delivery on in stock items. Very cheap prices & good service.",,,,203.9002A,,,new,,,,,,,https://racetechnologies.com/sites/default/files/content/images/brakekits/brembo-2-piece-disc-380x34mm-slotted-type-3-med.jpg,kg,8708949900,,,,,active
brembo-1n-8021a-f-380x34mm-15-2-piece-discs-brake-disc,"Brembo 1N-.8021A  380x34mm (15"") 2-Piece Discs Brake Disc (Front)","<h4><strong>Description</strong></h4>This is  380x34mm (15"") 2-Piece Discs | Complete Axle Set | Pre-Assembled | All Necessary Hardware Included, Front        <p>&nbsp;</p>        <h4>Features</h4>        <p><strong>Disc</strong></p><table><tbody>  <tr><td>Disc Material/Finish</td><td>:</td><td>Advanced High Carbon Alloy / Corrosion Resistant Plating</td></tr>  <tr><td>Disc Diameter</td><td>:</td><td>380mm</td></tr>  <tr><td>Disc Width (Measurement)</td><td>:</td><td>34mm</td></tr>  <tr><td>Disc Air Gap (Measurement)</td><td>:</td><td>20mm</td></tr>  <tr><td>Disc Annulus (Measurement)</td><td>:</td><td>65mm</td></tr>  <tr><td>Disc Construction</td><td>:</td><td>2-Piece Disc Assembly</td></tr>  <tr><td>Disc Vane Design (Measurement)</td><td>:</td><td>Vented Curved 72 Vane</td></tr>  <tr><td>Disc To Hat Mounting System</td><td>:</td><td>Floating D-Bobbin with Anti Rattle Spring</td></tr></tbody></table><p><strong>Friction Material</strong></p><table><tbody>  <tr><td>Pad Compound</td><td>:</td><td>Brembo High Performance FM1000</td></tr>  <tr><td>Pad Volume / Surface Area</td><td>:</td><td>48.2 | 53.6</td></tr></tbody></table>        <p>&nbsp;</p>        <h4>What's Included</h4><ul>  <li>Brake Lines: Proprietary Brembo Stainless Steel Braided Brake Lines by Goodridge</li>  <li>Mounting Hardware: Brembo Engineered CNC Billet Caliper Adapters - All Necessary Hardware Included For Ease of Installation</li></ul>        <p>&nbsp;</p>        <p>Feel free to contact us at info@mlperformance.co.uk should you wish to double check!</p>        <p>&nbsp;</p>        <h4>Compatibility Check</h4><p>To ensure the part(s) you have ordered fits your vehicle, we run a compatibility check prior to dispatch. We can do this either using your registration number (UK) or the last 7 digits of your VIN. Simply enter your car details prior to checkout.</p>          <p>&nbsp;</p>        <h4>Part Number</h4><p>Brembo-103.9020A</p>        <p>&nbsp;</p>        <h4>More Information</h4><p><strong>Manufactured by</strong></p><p>Brembo</p>",Brembo,,Brake,"Uploaded by_Muazzim, Brand_Brembo, Product Type_Brake, Category_Brake Discs",TRUE,Disc Type,TY3,,,,,BREMBO-103.9020A,25000,shopify,continue,manual,1978.68,2150.74,TRUE,TRUE,103.9020A,https://racetechnologies.com/sites/default/files/content/images/brakekits/brembo-2-piece-disc-380x34mm-slotted-type-3-med.jpg,1,"Brembo 1N-.8021A (F)  380x34mm (15"") 2-Piece Discs Brake Disc",,"Brembo 1N-.8021A (F)  380x34mm (15"") 2-Piece Discs Brake Disc","Get Brembo 1N-.8021A (F)  380x34mm (15"") 2-Piece Discs Brake Disc for your car to get your desired looks and performance from ML Performance at the lowest price with FREE UK shipping & next day delivery on in stock items. Very cheap prices & good service.",,,,103.9020A,,,new,,,,,,,https://racetechnologies.com/sites/default/files/content/images/brakekits/brembo-2-piece-disc-380x34mm-slotted-type-3-med.jpg,kg,8708949900,,,,,active
brembo-1n-8021a-f-380x34mm-15-2-piece-discs-brake-disc,"Brembo 1N-.8021A (F)  380x34mm (15"") 2-Piece Discs Brake Disc","<h4><strong>Description</strong></h4>This is  380x34mm (15"") 2-Piece Discs | Complete Axle Set | Pre-Assembled | All Necessary Hardware Included, Front        <p>&nbsp;</p>        <h4>Features</h4>        <p><strong>Disc</strong></p><table><tbody>  <tr><td>Disc Material/Finish</td><td>:</td><td>Advanced High Carbon Alloy / Corrosion Resistant Plating</td></tr>  <tr><td>Disc Diameter</td><td>:</td><td>380mm</td></tr>  <tr><td>Disc Width (Measurement)</td><td>:</td><td>34mm</td></tr>  <tr><td>Disc Air Gap (Measurement)</td><td>:</td><td>17mm</td></tr>  <tr><td>Disc Annulus (Measurement)</td><td>:</td><td>65mm</td></tr>  <tr><td>Disc Construction</td><td>:</td><td>2-Piece Disc Assembly</td></tr>  <tr><td>Disc Vane Design (Measurement)</td><td>:</td><td>Vented Curved 72 Vane</td></tr>  <tr><td>Disc To Hat Mounting System</td><td>:</td><td>Floating D-Bobbin with Anti Rattle Spring</td></tr></tbody></table><p><strong>Friction Material</strong></p><table><tbody>  <tr><td>Pad Compound</td><td>:</td><td>Brembo High Performance FM1000</td></tr>  <tr><td>Pad Volume / Surface Area</td><td>:</td><td>48.2 | 53.6</td></tr></tbody></table>        <p>&nbsp;</p>        <h4>What's Included</h4><ul>  <li>Brake Lines: Proprietary Brembo Stainless Steel Braided Brake Lines by Goodridge</li>  <li>Mounting Hardware: Brembo Engineered CNC Billet Caliper Adapters - All Necessary Hardware Included For Ease of Installation</li></ul>        <p>&nbsp;</p>        <p>Feel free to contact us at info@mlperformance.co.uk should you wish to double check!</p>        <p>&nbsp;</p>        <h4>Compatibility Check</h4><p>To ensure the part(s) you have ordered fits your vehicle, we run a compatibility check prior to dispatch. We can do this either using your registration number (UK) or the last 7 digits of your VIN. Simply enter your car details prior to checkout.</p>          <p>&nbsp;</p>        <h4>Part Number</h4><p>Brembo-103.9021A</p>        <p>&nbsp;</p>        <h4>More Information</h4><p><strong>Manufactured by</strong></p><p>Brembo</p>",Brembo,,Brake,"Uploaded by_Muazzim, Brand_Brembo, Product Type_Brake, Category_Brake Discs",TRUE,Disc Type,TY3,,,,,BREMBO-103.9021A,25000,shopify,continue,manual,1978.68,2150.74,TRUE,TRUE,103.9021A,https://racetechnologies.com/sites/default/files/content/images/brakekits/brembo-2-piece-disc-380x34mm-slotted-type-3-med.jpg,1,"Brembo 1N-.8021A (F)  380x34mm (15"") 2-Piece Discs Brake Disc",,"Brembo 1N-.8021A (F)  380x34mm (15"") 2-Piece Discs Brake Disc","Get Brembo 1N-.8021A (F)  380x34mm (15"") 2-Piece Discs Brake Disc for your car to get your desired looks and performance from ML Performance at the lowest price with FREE UK shipping & next day delivery on in stock items. Very cheap prices & good service.",,,,103.9021A,,,new,,,,,,,https://racetechnologies.com/sites/default/files/content/images/brakekits/brembo-2-piece-disc-380x34mm-slotted-type-3-med.jpg,kg,8708949900,,,,,active
brembo-1n-8021a-r-380x30mm-15-2-piece-discs-brake-disc,"Brembo 1N-.8021A  380x30mm (15"") 2-Piece Discs Brake Disc (Rear)","<h4><strong>Description</strong></h4>This is  380x30mm (15"") 2-Piece Discs | Complete Axle Set | Pre-Assembled | All Necessary Hardware Included, Rear        <p>&nbsp;</p>        <h4>Features</h4>        <p><strong>Disc</strong></p><table><tbody>  <tr><td>Disc Material/Finish</td><td>:</td><td>Advanced High Carbon Alloy / Corrosion Resistant Plating</td></tr>  <tr><td>Disc Diameter</td><td>:</td><td>380mm</td></tr>  <tr><td>Disc Width (Measurement)</td><td>:</td><td>30mm</td></tr>  <tr><td>Disc Air Gap (Measurement)</td><td>:</td><td>15mm</td></tr>  <tr><td>Disc Annulus (Measurement)</td><td>:</td><td>69mm</td></tr>  <tr><td>Disc Construction</td><td>:</td><td>2-Piece Disc Assembly</td></tr>  <tr><td>Disc Vane Design (Measurement)</td><td>:</td><td>Vented Curved 48 Vane</td></tr>  <tr><td>Disc To Hat Mounting System</td><td>:</td><td>Floating D-Bobbin with Anti Rattle Spring</td></tr></tbody></table><p><strong>Friction Material</strong></p><table><tbody>  <tr><td>Pad Compound</td><td>:</td><td>Brembo High Performance FM1000</td></tr>  <tr><td>Pad Volume / Surface Area</td><td>:</td><td>48.2 | 53.6</td></tr></tbody></table>        <p>&nbsp;</p>        <h4>What's Included</h4><ul>  <li>Brake Lines: Proprietary Brembo Stainless Steel Braided Brake Lines by Goodridge</li>  <li>Mounting Hardware: Brembo Engineered CNC Billet Caliper Adapters - All Necessary Hardware Included For Ease of Installation</li></ul>        <p>&nbsp;</p>        <p>Feel free to contact us at info@mlperformance.co.uk should you wish to double check!</p>        <p>&nbsp;</p>        <h4>Compatibility Check</h4><p>To ensure the part(s) you have ordered fits your vehicle, we run a compatibility check prior to dispatch. We can do this either using your registration number (UK) or the last 7 digits of your VIN. Simply enter your car details prior to checkout.</p>          <p>&nbsp;</p>        <h4>Part Number</h4><p>Brembo-203.9003A</p>        <p>&nbsp;</p>        <h4>More Information</h4><p><strong>Manufactured by</strong></p><p>Brembo</p>",Brembo,,Brake,"Uploaded by_Muazzim, Brand_Brembo, Product Type_Brake, Category_Brake Discs",TRUE,Disc Type,TY3,,,,,BREMBO-203.9003A,25000,shopify,continue,manual,1978.68,2150.74,TRUE,TRUE,203.9003A,https://racetechnologies.com/sites/default/files/content/images/brakekits/brembo-2-piece-disc-380x34mm-slotted-type-3-med.jpg,1,"Brembo 1N-.8021A (R)  380x30mm (15"") 2-Piece Discs Brake Disc",,"Brembo 1N-.8021A (R)  380x30mm (15"") 2-Piece Discs Brake Disc","Get Brembo 1N-.8021A (R)  380x30mm (15"") 2-Piece Discs Brake Disc for your car to get your desired looks and performance from ML Performance at the lowest price with FREE UK shipping & next day delivery on in stock items. Very cheap prices & good service.",,,,203.9003A,,,new,,,,,,,https://racetechnologies.com/sites/default/files/content/images/brakekits/brembo-2-piece-disc-380x34mm-slotted-type-3-med.jpg,kg,8708949900,,,,,active
brembo-1n-8021a-f-380x34mm-15-2-piece-discs-brake-disc,"Brembo 1N-.8021A  380x34mm (15"") 2-Piece Discs Brake Disc (Front)","<h4><strong>Description</strong></h4>This is  380x34mm (15"") 2-Piece Discs | Complete Axle Set | Pre-Assembled | All Necessary Hardware Included, Front        <p>&nbsp;</p>        <h4>Features</h4>        <p><strong>Disc</strong></p><table><tbody>  <tr><td>Disc Material/Finish</td><td>:</td><td>Advanced High Carbon Alloy / Corrosion Resistant Plating</td></tr>  <tr><td>Disc Diameter</td><td>:</td><td>380mm</td></tr>  <tr><td>Disc Width (Measurement)</td><td>:</td><td>34mm</td></tr>  <tr><td>Disc Air Gap (Measurement)</td><td>:</td><td>17mm</td></tr>  <tr><td>Disc Annulus (Measurement)</td><td>:</td><td>65mm</td></tr>  <tr><td>Disc Construction</td><td>:</td><td>2-Piece Disc Assembly</td></tr>  <tr><td>Disc Vane Design (Measurement)</td><td>:</td><td>Vented Curved 72 Vane</td></tr>  <tr><td>Disc To Hat Mounting System</td><td>:</td><td>Floating D-Bobbin with Anti Rattle Spring</td></tr></tbody></table><p><strong>Friction Material</strong></p><table><tbody>  <tr><td>Pad Compound</td><td>:</td><td>Brembo High Performance FM1000</td></tr>  <tr><td>Pad Volume / Surface Area</td><td>:</td><td>48.2 | 53.6</td></tr></tbody></table>        <p>&nbsp;</p>        <h4>What's Included</h4><ul>  <li>Brake Lines: Proprietary Brembo Stainless Steel Braided Brake Lines by Goodridge</li>  <li>Mounting Hardware: Brembo Engineered CNC Billet Caliper Adapters - All Necessary Hardware Included For Ease of Installation</li></ul>        <p>&nbsp;</p>        <p>Feel free to contact us at info@mlperformance.co.uk should you wish to double check!</p>        <p>&nbsp;</p>        <h4>Compatibility Check</h4><p>To ensure the part(s) you have ordered fits your vehicle, we run a compatibility check prior to dispatch. We can do this either using your registration number (UK) or the last 7 digits of your VIN. Simply enter your car details prior to checkout.</p>          <p>&nbsp;</p>        <h4>Part Number</h4><p>Brembo-103.9030A</p>        <p>&nbsp;</p>        <h4>More Information</h4><p><strong>Manufactured by</strong></p><p>Brembo</p>",Brembo,,Brake,"Uploaded by_Muazzim, Brand_Brembo, Product Type_Brake, Category_Brake Discs",TRUE,Disc Type,TY3,,,,,BREMBO-103.9030A,25000,shopify,continue,manual,2486.03,2702.21,TRUE,TRUE,103.9030A,https://racetechnologies.com/sites/default/files/content/images/brakekits/brembo-2-piece-disc-350x34mm-slotted-type-3-med.jpg,1,"Brembo 1N-.8021A (F)  380x34mm (15"") 2-Piece Discs Brake Disc",,"Brembo 1N-.8021A (F)  380x34mm (15"") 2-Piece Discs Brake Disc","Get Brembo 1N-.8021A (F)  380x34mm (15"") 2-Piece Discs Brake Disc for your car to get your desired looks and performance from ML Performance at the lowest price with FREE UK shipping & next day delivery on in stock items. Very cheap prices & good service.",,,,103.9030A,,,new,,,,,,,https://racetechnologies.com/sites/default/files/content/images/brakekits/brembo-2-piece-disc-350x34mm-slotted-type-3-med.jpg,kg,8708949900,,,,,active
brembo-1n-8021a-r-350x28mm-13-8-2-piece-discs-brake-disc,"Brembo 1N-.8021A  350x28mm (13.8"") 2-Piece Discs Brake Disc (Rear)","<h4><strong>Description</strong></h4>This is  350x28mm (13.8"") 2-Piece Discs | Complete Axle Set | Pre-Assembled | All Necessary Hardware Included, Rear        <p>&nbsp;</p>        <h4>Features</h4>        <p><strong>Disc</strong></p><table><tbody>  <tr><td>Disc Material/Finish</td><td>:</td><td>Advanced High Carbon Alloy / Corrosion Resistant Plating</td></tr>  <tr><td>Disc Diameter</td><td>:</td><td>350mm</td></tr>  <tr><td>Disc Width (Measurement)</td><td>:</td><td>28mm</td></tr>  <tr><td>Disc Air Gap (Measurement)</td><td>:</td><td>17mm</td></tr>  <tr><td>Disc Annulus (Measurement)</td><td>:</td><td>63mm</td></tr>  <tr><td>Disc Construction</td><td>:</td><td>2-Piece Disc Assembly</td></tr>  <tr><td>Disc Vane Design (Measurement)</td><td>:</td><td>Vented Curved 72 Vane</td></tr>  <tr><td>Disc To Hat Mounting System</td><td>:</td><td>Floating D-Bobbin with Anti Rattle Spring</td></tr></tbody></table><p><strong>Friction Material</strong></p><table><tbody>  <tr><td>Pad Compound</td><td>:</td><td>Brembo High Performance FM1000</td></tr>  <tr><td>Pad Volume / Surface Area</td><td>:</td><td>48.2 | 53.6</td></tr></tbody></table>        <p>&nbsp;</p>        <h4>What's Included</h4><ul>  <li>Brake Lines: Proprietary Brembo Stainless Steel Braided Brake Lines by Goodridge</li>  <li>Mounting Hardware: Brembo Engineered CNC Billet Caliper Adapters - All Necessary Hardware Included For Ease of Installation</li></ul>        <p>&nbsp;</p>        <p>Feel free to contact us at info@mlperformance.co.uk should you wish to double check!</p>        <p>&nbsp;</p>        <h4>Compatibility Check</h4><p>To ensure the part(s) you have ordered fits your vehicle, we run a compatibility check prior to dispatch. We can do this either using your registration number (UK) or the last 7 digits of your VIN. Simply enter your car details prior to checkout.</p>          <p>&nbsp;</p>        <h4>Part Number</h4><p>Brembo-203.8009A</p>        <p>&nbsp;</p>        <h4>More Information</h4><p><strong>Manufactured by</strong></p><p>Brembo</p>",Brembo,,Brake,"Uploaded by_Muazzim, Brand_Brembo, Product Type_Brake, Category_Brake Discs",TRUE,Disc Type,TY3,,,,,BREMBO-203.8009A,25000,shopify,continue,manual,2232.36,2426.47,TRUE,TRUE,203.8009A,https://racetechnologies.com/sites/default/files/content/images/brakekits/brembo-2-piece-disc-328-332-345-355mm-slotted-type-3-med.jpg,1,"Brembo 1N-.8021A (R)  350x28mm (13.8"") 2-Piece Discs Brake Disc",,"Brembo 1N-.8021A (R)  350x28mm (13.8"") 2-Piece Discs Brake Disc","Get Brembo 1N-.8021A (R)  350x28mm (13.8"") 2-Piece Discs Brake Disc for your car to get your desired looks and performance from ML Performance at the lowest price with FREE UK shipping & next day delivery on in stock items. Very cheap prices & good service.",,,,203.8009A,,,new,,,,,,,https://racetechnologies.com/sites/default/files/content/images/brakekits/brembo-2-piece-disc-328-332-345-355mm-slotted-type-3-med.jpg,kg,8708949900,,,,,active
brembo-1n-8021a-r-350x28mm-13-8-2-piece-discs-brake-disc,"Brembo 1N-.8021A (R)  350x28mm (13.8"") 2-Piece Discs Brake Disc","<h4><strong>Description</strong></h4>This is  350x28mm (13.8"") 2-Piece Discs | Complete Axle Set | Pre-Assembled | All Necessary Hardware Included, Rear        <p>&nbsp;</p>        <h4>Features</h4>        <p><strong>Disc</strong></p><table><tbody>  <tr><td>Disc Material/Finish</td><td>:</td><td>Advanced High Carbon Alloy / Corrosion Resistant Plating</td></tr>  <tr><td>Disc Diameter</td><td>:</td><td>350mm</td></tr>  <tr><td>Disc Width (Measurement)</td><td>:</td><td>28mm</td></tr>  <tr><td>Disc Air Gap (Measurement)</td><td>:</td><td>17mm</td></tr>  <tr><td>Disc Annulus (Measurement)</td><td>:</td><td>63mm</td></tr>  <tr><td>Disc Construction</td><td>:</td><td>2-Piece Disc Assembly</td></tr>  <tr><td>Disc Vane Design (Measurement)</td><td>:</td><td>Vented Curved 72 Vane</td></tr>  <tr><td>Disc To Hat Mounting System</td><td>:</td><td>Floating D-Bobbin with Anti Rattle Spring</td></tr></tbody></table><p><strong>Friction Material</strong></p><table><tbody>  <tr><td>Pad Compound</td><td>:</td><td>Brembo High Performance FM1000</td></tr>  <tr><td>Pad Volume / Surface Area</td><td>:</td><td>48.2 | 53.6</td></tr></tbody></table>        <p>&nbsp;</p>        <h4>What's Included</h4><ul>  <li>Brake Lines: Proprietary Brembo Stainless Steel Braided Brake Lines by Goodridge</li>  <li>Mounting Hardware: Brembo Engineered CNC Billet Caliper Adapters - All Necessary Hardware Included For Ease of Installation</li></ul>        <p>&nbsp;</p>        <p>Feel free to contact us at info@mlperformance.co.uk should you wish to double check!</p>        <p>&nbsp;</p>        <h4>Compatibility Check</h4><p>To ensure the part(s) you have ordered fits your vehicle, we run a compatibility check prior to dispatch. We can do this either using your registration number (UK) or the last 7 digits of your VIN. Simply enter your car details prior to checkout.</p>          <p>&nbsp;</p>        <h4>Part Number</h4><p>Brembo-203.8004A</p>        <p>&nbsp;</p>        <h4>More Information</h4><p><strong>Manufactured by</strong></p><p>Brembo</p>",Brembo,,Brake,"Uploaded by_Muazzim, Brand_Brembo, Product Type_Brake, Category_Brake Discs",TRUE,Disc Type,TY3,,,,,BREMBO-203.8004A,25000,shopify,continue,manual,1877.21,2040.44,TRUE,TRUE,203.8004A,https://racetechnologies.com/sites/default/files/content/images/brakekits/brembo-2-piece-disc-328-332-345-355mm-slotted-type-3-med.jpg,1,"Brembo 1N-.8021A (R)  350x28mm (13.8"") 2-Piece Discs Brake Disc",,"Brembo 1N-.8021A (R)  350x28mm (13.8"") 2-Piece Discs Brake Disc","Get Brembo 1N-.8021A (R)  350x28mm (13.8"") 2-Piece Discs Brake Disc for your car to get your desired looks and performance from ML Performance at the lowest price with FREE UK shipping & next day delivery on in stock items. Very cheap prices & good service.",,,,203.8004A,,,new,,,,,,,https://racetechnologies.com/sites/default/files/content/images/brakekits/brembo-2-piece-disc-328-332-345-355mm-slotted-type-3-med.jpg,kg,8708949900,,,,,active
brembo-1n-8021a-f-350x34mm-13-8-2-piece-discs-brake-disc,"Brembo 1N-.8021A  350x34mm (13.8"") 2-Piece Discs Brake Disc (Front)","<h4><strong>Description</strong></h4>This is  350x34mm (13.8"") 2-Piece Discs | Complete Axle Set | Pre-Assembled | All Necessary Hardware Included, Front        <p>&nbsp;</p>        <h4>Features</h4>        <p><strong>Disc</strong></p><table><tbody>  <tr><td>Disc Material/Finish</td><td>:</td><td>Advanced High Carbon Alloy / Corrosion Resistant Plating</td></tr>  <tr><td>Disc Diameter</td><td>:</td><td>350mm</td></tr>  <tr><td>Disc Width (Measurement)</td><td>:</td><td>34mm</td></tr>  <tr><td>Disc Air Gap (Measurement)</td><td>:</td><td>17mm</td></tr>  <tr><td>Disc Annulus (Measurement)</td><td>:</td><td>68mm</td></tr>  <tr><td>Disc Construction</td><td>:</td><td>2-Piece Disc Assembly</td></tr>  <tr><td>Disc Vane Design (Measurement)</td><td>:</td><td>Vented Curved 72 Vane</td></tr>  <tr><td>Disc To Hat Mounting System</td><td>:</td><td>Floating D-Bobbin with Anti Rattle Spring</td></tr></tbody></table><p><strong>Friction Material</strong></p><table><tbody>  <tr><td>Pad Compound</td><td>:</td><td>Brembo High Performance FM1000</td></tr>  <tr><td>Pad Volume / Surface Area</td><td>:</td><td>48.2 | 53.6</td></tr></tbody></table>        <p>&nbsp;</p>        <h4>What's Included</h4><ul>  <li>Brake Lines: Proprietary Brembo Stainless Steel Braided Brake Lines by Goodridge</li>  <li>Mounting Hardware: Brembo Engineered CNC Billet Caliper Adapters - All Necessary Hardware Included For Ease of Installation</li></ul>        <p>&nbsp;</p>        <p>Feel free to contact us at info@mlperformance.co.uk should you wish to double check!</p>        <p>&nbsp;</p>        <h4>Compatibility Check</h4><p>To ensure the part(s) you have ordered fits your vehicle, we run a compatibility check prior to dispatch. We can do this either using your registration number (UK) or the last 7 digits of your VIN. Simply enter your car details prior to checkout.</p>          <p>&nbsp;</p>        <h4>Part Number</h4><p>Brembo-103.8007</p>        <p>&nbsp;</p>        <h4>More Information</h4><p><strong>Manufactured by</strong></p><p>Brembo</p>",Brembo,,Brake,"Uploaded by_Muazzim, Brand_Brembo, Product Type_Brake, Category_Brake Discs",TRUE,Disc Type,TY3,,,,,BREMBO-103.8007A,25000,shopify,continue,manual,1877.21,2040.44,TRUE,TRUE,103.8007A,https://racetechnologies.com/sites/default/files/content/images/brakekits/brembo-2-piece-disc-350x34mm-slotted-type-3-med.jpg,1,"Brembo 1N-.8021A (F)  350x34mm (13.8"") 2-Piece Discs Brake Disc",,"Brembo 1N-.8021A (F)  350x34mm (13.8"") 2-Piece Discs Brake Disc","Get Brembo 1N-.8021A (F)  350x34mm (13.8"") 2-Piece Discs Brake Disc for your car to get your desired looks and performance from ML Performance at the lowest price with FREE UK shipping & next day delivery on in stock items. Very cheap prices & good service.",,,,103.8007A,,,new,,,,,,,https://racetechnologies.com/sites/default/files/content/images/brakekits/brembo-2-piece-disc-350x34mm-slotted-type-3-med.jpg,kg,8708949900,,,,,active
brembo-1n-8021a-f-350x34mm-13-8-2-piece-discs-brake-disc,"Brembo 1N-.8021A (F)  350x34mm (13.8"") 2-Piece Discs Brake Disc","<h4><strong>Description</strong></h4>This is  350x34mm (13.8"") 2-Piece Discs | Complete Axle Set | Pre-Assembled | All Necessary Hardware Included, Front        <p>&nbsp;</p>        <h4>Features</h4>        <p><strong>Disc</strong></p><table><tbody>  <tr><td>Disc Material/Finish</td><td>:</td><td>Advanced High Carbon Alloy / Corrosion Resistant Plating</td></tr>  <tr><td>Disc Diameter</td><td>:</td><td>350mm</td></tr>  <tr><td>Disc Width (Measurement)</td><td>:</td><td>34mm</td></tr>  <tr><td>Disc Air Gap (Measurement)</td><td>:</td><td>17mm</td></tr>  <tr><td>Disc Annulus (Measurement)</td><td>:</td><td>68mm</td></tr>  <tr><td>Disc Construction</td><td>:</td><td>2-Piece Disc Assembly</td></tr>  <tr><td>Disc Vane Design (Measurement)</td><td>:</td><td>Vented Curved 48 Vane</td></tr>  <tr><td>Disc To Hat Mounting System</td><td>:</td><td>Floating D-Bobbin with Anti Rattle Spring</td></tr></tbody></table><p><strong>Friction Material</strong></p><table><tbody>  <tr><td>Pad Compound</td><td>:</td><td>Brembo High Performance FM1000</td></tr>  <tr><td>Pad Volume / Surface Area</td><td>:</td><td>48.2 | 53.6</td></tr></tbody></table>        <p>&nbsp;</p>        <h4>What's Included</h4><ul>  <li>Brake Lines: Proprietary Brembo Stainless Steel Braided Brake Lines by Goodridge</li>  <li>Mounting Hardware: Brembo Engineered CNC Billet Caliper Adapters - All Necessary Hardware Included For Ease of Installation</li></ul>        <p>&nbsp;</p>        <p>Feel free to contact us at info@mlperformance.co.uk should you wish to double check!</p>        <p>&nbsp;</p>        <h4>Compatibility Check</h4><p>To ensure the part(s) you have ordered fits your vehicle, we run a compatibility check prior to dispatch. We can do this either using your registration number (UK) or the last 7 digits of your VIN. Simply enter your car details prior to checkout.</p>          <p>&nbsp;</p>        <h4>Part Number</h4><p>Brembo-103.8011A</p>        <p>&nbsp;</p>        <h4>More Information</h4><p><strong>Manufactured by</strong></p><p>Brembo</p>",Brembo,,Brake,"Uploaded by_Muazzim, Brand_Brembo, Product Type_Brake, Category_Brake Discs",TRUE,Disc Type,TY3,,,,,BREMBO-103.8011A,25000,shopify,continue,manual,1877.21,2040.44,TRUE,TRUE,103.8011A,https://racetechnologies.com/sites/default/files/content/images/brakekits/brembo-2-piece-disc-350x34mm-slotted-type-3-med.jpg,1,"Brembo 1N-.8021A (F)  350x34mm (13.8"") 2-Piece Discs Brake Disc",,"Brembo 1N-.8021A (F)  350x34mm (13.8"") 2-Piece Discs Brake Disc","Get Brembo 1N-.8021A (F)  350x34mm (13.8"") 2-Piece Discs Brake Disc for your car to get your desired looks and performance from ML Performance at the lowest price with FREE UK shipping & next day delivery on in stock items. Very cheap prices & good service.",,,,103.8011A,,,new,,,,,,,https://racetechnologies.com/sites/default/files/content/images/brakekits/brembo-2-piece-disc-350x34mm-slotted-type-3-med.jpg,kg,8708949900,,,,,active
brembo-1n-8021a-f-380x34mm-15-2-piece-discs-brake-disc,"Brembo 1N-.8021A  380x34mm (15"") 2-Piece Discs Brake Disc (Front)","<h4><strong>Description</strong></h4>This is  380x34mm (15"") 2-Piece Discs | Complete Axle Set | Pre-Assembled | All Necessary Hardware Included, Front        <p>&nbsp;</p>        <h4>Features</h4>        <p><strong>Disc</strong></p><table><tbody>  <tr><td>Disc Material/Finish</td><td>:</td><td>Advanced High Carbon Alloy / Corrosion Resistant Plating</td></tr>  <tr><td>Disc Diameter</td><td>:</td><td>380mm</td></tr>  <tr><td>Disc Width (Measurement)</td><td>:</td><td>34mm</td></tr>  <tr><td>Disc Air Gap (Measurement)</td><td>:</td><td>20mm</td></tr>  <tr><td>Disc Annulus (Measurement)</td><td>:</td><td>65mm</td></tr>  <tr><td>Disc Construction</td><td>:</td><td>2-Piece Disc Assembly</td></tr>  <tr><td>Disc Vane Design (Measurement)</td><td>:</td><td>Vented Curved 72 Vane</td></tr>  <tr><td>Disc To Hat Mounting System</td><td>:</td><td>Floating D-Bobbin with Anti Rattle Spring</td></tr></tbody></table><p><strong>Friction Material</strong></p><table><tbody>  <tr><td>Pad Compound</td><td>:</td><td>Brembo High Performance FM1000</td></tr>  <tr><td>Pad Volume / Surface Area</td><td>:</td><td>48.2 | 53.6</td></tr></tbody></table>        <p>&nbsp;</p>        <h4>What's Included</h4><ul>  <li>Brake Lines: Proprietary Brembo Stainless Steel Braided Brake Lines by Goodridge</li>  <li>Mounting Hardware: Brembo Engineered CNC Billet Caliper Adapters - All Necessary Hardware Included For Ease of Installation</li></ul>        <p>&nbsp;</p>        <p>Feel free to contact us at info@mlperformance.co.uk should you wish to double check!</p>        <p>&nbsp;</p>        <h4>Compatibility Check</h4><p>To ensure the part(s) you have ordered fits your vehicle, we run a compatibility check prior to dispatch. We can do this either using your registration number (UK) or the last 7 digits of your VIN. Simply enter your car details prior to checkout.</p>          <p>&nbsp;</p>        <h4>Part Number</h4><p>Brembo-103.9009A</p>        <p>&nbsp;</p>        <h4>More Information</h4><p><strong>Manufactured by</strong></p><p>Brembo</p>",Brembo,,Brake,"Uploaded by_Muazzim, Brand_Brembo, Product Type_Brake, Category_Brake Discs",TRUE,Disc Type,TY3,,,,,BREMBO-103.9009A,25000,shopify,continue,manual,1978.68,2150.74,TRUE,TRUE,103.9009A,https://racetechnologies.com/sites/default/files/content/images/brakekits/brembo-2-piece-disc-380x34mm-slotted-type-3-med.jpg,1,"Brembo 1N-.8021A (F)  380x34mm (15"") 2-Piece Discs Brake Disc",,"Brembo 1N-.8021A (F)  380x34mm (15"") 2-Piece Discs Brake Disc","Get Brembo 1N-.8021A (F)  380x34mm (15"") 2-Piece Discs Brake Disc for your car to get your desired looks and performance from ML Performance at the lowest price with FREE UK shipping & next day delivery on in stock items. Very cheap prices & good service.",,,,103.9009A,,,new,,,,,,,https://racetechnologies.com/sites/default/files/content/images/brakekits/brembo-2-piece-disc-380x34mm-slotted-type-3-med.jpg,kg,8708949900,,,,,active
brembo-1n-8021a-f-380x34mm-15-2-piece-discs-brake-disc,"Brembo 1N-.8021A (F)  380x34mm (15"") 2-Piece Discs Brake Disc","<h4><strong>Description</strong></h4>This is  380x34mm (15"") 2-Piece Discs | Complete Axle Set | Pre-Assembled | All Necessary Hardware Included, Front        <p>&nbsp;</p>        <h4>Features</h4>        <p><strong>Disc</strong></p><table><tbody>  <tr><td>Disc Material/Finish</td><td>:</td><td>Advanced High Carbon Alloy / Corrosion Resistant Plating</td></tr>  <tr><td>Disc Diameter</td><td>:</td><td>380mm</td></tr>  <tr><td>Disc Width (Measurement)</td><td>:</td><td>34mm</td></tr>  <tr><td>Disc Air Gap (Measurement)</td><td>:</td><td>17mm</td></tr>  <tr><td>Disc Annulus (Measurement)</td><td>:</td><td>65mm</td></tr>  <tr><td>Disc Construction</td><td>:</td><td>2-Piece Disc Assembly</td></tr>  <tr><td>Disc Vane Design (Measurement)</td><td>:</td><td>Vented Curved 72 Vane</td></tr>  <tr><td>Disc To Hat Mounting System</td><td>:</td><td>Floating D-Bobbin with Anti Rattle Spring</td></tr></tbody></table><p><strong>Friction Material</strong></p><table><tbody>  <tr><td>Pad Compound</td><td>:</td><td>Brembo High Performance FM1000</td></tr>  <tr><td>Pad Volume / Surface Area</td><td>:</td><td>48.2 | 53.6</td></tr></tbody></table>        <p>&nbsp;</p>        <h4>What's Included</h4><ul>  <li>Brake Lines: Proprietary Brembo Stainless Steel Braided Brake Lines by Goodridge</li>  <li>Mounting Hardware: Brembo Engineered CNC Billet Caliper Adapters - All Necessary Hardware Included For Ease of Installation</li></ul>        <p>&nbsp;</p>        <p>Feel free to contact us at info@mlperformance.co.uk should you wish to double check!</p>        <p>&nbsp;</p>        <h4>Compatibility Check</h4><p>To ensure the part(s) you have ordered fits your vehicle, we run a compatibility check prior to dispatch. We can do this either using your registration number (UK) or the last 7 digits of your VIN. Simply enter your car details prior to checkout.</p>          <p>&nbsp;</p>        <h4>Part Number</h4><p>Brembo-103.9017A</p>        <p>&nbsp;</p>        <h4>More Information</h4><p><strong>Manufactured by</strong></p><p>Brembo</p>",Brembo,,Brake,"Uploaded by_Muazzim, Brand_Brembo, Product Type_Brake, Category_Brake Discs",TRUE,Disc Type,TY3,,,,,BREMBO-103.9017A,25000,shopify,continue,manual,1978.68,2150.74,TRUE,TRUE,103.9017A,https://racetechnologies.com/sites/default/files/content/images/brakekits/brembo-2-piece-disc-380x34mm-slotted-type-3-med.jpg,1,"Brembo 1N-.8021A (F)  380x34mm (15"") 2-Piece Discs Brake Disc",,"Brembo 1N-.8021A (F)  380x34mm (15"") 2-Piece Discs Brake Disc","Get Brembo 1N-.8021A (F)  380x34mm (15"") 2-Piece Discs Brake Disc for your car to get your desired looks and performance from ML Performance at the lowest price with FREE UK shipping & next day delivery on in stock items. Very cheap prices & good service.",,,,103.9017A,,,new,,,,,,,https://racetechnologies.com/sites/default/files/content/images/brakekits/brembo-2-piece-disc-380x34mm-slotted-type-3-med.jpg,kg,8708949900,,,,,active
brembo-1t-9015a-f-380x34mm-15-2-piece-discs-brake-disc,"Brembo 1T-.9015A  380x34mm (15"") 2-Piece Discs Brake Disc (Front)","<h4><strong>Description</strong></h4>This is  380x34mm (15"") 2-Piece Discs | Complete Axle Set | Pre-Assembled | All Necessary Hardware Included, Front        <p>&nbsp;</p>        <h4>Features</h4>        <p><strong>Disc</strong></p><table><tbody>  <tr><td>Disc Material/Finish</td><td>:</td><td>Advanced High Carbon Alloy / Corrosion Resistant Plating</td></tr>  <tr><td>Disc Diameter</td><td>:</td><td>380mm</td></tr>  <tr><td>Disc Width (Measurement)</td><td>:</td><td>34mm</td></tr>  <tr><td>Disc Air Gap (Measurement)</td><td>:</td><td>17mm</td></tr>  <tr><td>Disc Annulus (Measurement)</td><td>:</td><td>65mm</td></tr>  <tr><td>Disc Construction</td><td>:</td><td>2-Piece Disc Assembly</td></tr>  <tr><td>Disc Vane Design (Measurement)</td><td>:</td><td>Vented Curved 72 Vane</td></tr>  <tr><td>Disc To Hat Mounting System</td><td>:</td><td>Floating D-Bobbin with Anti Rattle Spring</td></tr></tbody></table><p><strong>Friction Material</strong></p><table><tbody>  <tr><td>Pad Compound</td><td>:</td><td>Brembo High Performance FM1000</td></tr>  <tr><td>Pad Volume / Surface Area</td><td>:</td><td>48.2 | 53.6</td></tr></tbody></table>        <p>&nbsp;</p>        <h4>What's Included</h4><ul>  <li>Brake Lines: Proprietary Brembo Stainless Steel Braided Brake Lines by Goodridge</li>  <li>Mounting Hardware: Brembo Engineered CNC Billet Caliper Adapters - All Necessary Hardware Included For Ease of Installation</li></ul>        <p>&nbsp;</p>        <p>Feel free to contact us at info@mlperformance.co.uk should you wish to double check!</p>        <p>&nbsp;</p>        <h4>Compatibility Check</h4><p>To ensure the part(s) you have ordered fits your vehicle, we run a compatibility check prior to dispatch. We can do this either using your registration number (UK) or the last 7 digits of your VIN. Simply enter your car details prior to checkout.</p>          <p>&nbsp;</p>        <h4>Part Number</h4><p>Brembo-103.9018A</p>        <p>&nbsp;</p>        <h4>More Information</h4><p><strong>Manufactured by</strong></p><p>Brembo</p>",Brembo,,Brake,"Uploaded by_Muazzim, Brand_Brembo, Product Type_Brake, Category_Brake Discs",TRUE,Disc Type,TY3,,,,,BREMBO-103.9018A,25000,shopify,continue,manual,1978.68,2150.74,TRUE,TRUE,103.9018A,https://racetechnologies.com/sites/default/files/content/images/brakekits/brembo-2-piece-disc-380x34mm-slotted-type-3-med.jpg,1,"Brembo 1T-.9015A (F)  380x34mm (15"") 2-Piece Discs Brake Disc",,"Brembo 1T-.9015A (F)  380x34mm (15"") 2-Piece Discs Brake Disc","Get Brembo 1T-.9015A (F)  380x34mm (15"") 2-Piece Discs Brake Disc for your car to get your desired looks and performance from ML Performance at the lowest price with FREE UK shipping & next day delivery on in stock items. Very cheap prices & good service.",,,,103.9018A,,,new,,,,,,,https://racetechnologies.com/sites/default/files/content/images/brakekits/brembo-2-piece-disc-380x34mm-slotted-type-3-med.jpg,kg,8708949900,,,,,active
brembo-1t-9015a-f-380x34mm-15-2-piece-discs-brake-disc,"Brembo 1T-.9015A (F)  380x34mm (15"") 2-Piece Discs Brake Disc","<h4><strong>Description</strong></h4>This is  380x34mm (15"") 2-Piece Discs | Complete Axle Set | Pre-Assembled | All Necessary Hardware Included, Front        <p>&nbsp;</p>        <h4>Features</h4>        <p><strong>Disc</strong></p><table><tbody>  <tr><td>Disc Material/Finish</td><td>:</td><td>Advanced High Carbon Alloy / Corrosion Resistant Plating</td></tr>  <tr><td>Disc Diameter</td><td>:</td><td>380mm</td></tr>  <tr><td>Disc Width (Measurement)</td><td>:</td><td>34mm</td></tr>  <tr><td>Disc Air Gap (Measurement)</td><td>:</td><td>17mm</td></tr>  <tr><td>Disc Annulus (Measurement)</td><td>:</td><td>65mm</td></tr>  <tr><td>Disc Construction</td><td>:</td><td>2-Piece Disc Assembly</td></tr>  <tr><td>Disc Vane Design (Measurement)</td><td>:</td><td>Vented Curved 72 Vane</td></tr>  <tr><td>Disc To Hat Mounting System</td><td>:</td><td>Floating D-Bobbin with Anti Rattle Spring</td></tr></tbody></table><p><strong>Friction Material</strong></p><table><tbody>  <tr><td>Pad Compound</td><td>:</td><td>Brembo High Performance FM1000</td></tr>  <tr><td>Pad Volume / Surface Area</td><td>:</td><td>48.2 | 53.6</td></tr></tbody></table>        <p>&nbsp;</p>        <h4>What's Included</h4><ul>  <li>Brake Lines: Proprietary Brembo Stainless Steel Braided Brake Lines by Goodridge</li>  <li>Mounting Hardware: Brembo Engineered CNC Billet Caliper Adapters - All Necessary Hardware Included For Ease of Installation</li></ul>        <p>&nbsp;</p>        <p>Feel free to contact us at info@mlperformance.co.uk should you wish to double check!</p>        <p>&nbsp;</p>        <h4>Compatibility Check</h4><p>To ensure the part(s) you have ordered fits your vehicle, we run a compatibility check prior to dispatch. We can do this either using your registration number (UK) or the last 7 digits of your VIN. Simply enter your car details prior to checkout.</p>          <p>&nbsp;</p>        <h4>Part Number</h4><p>Brembo-103.9024A</p>        <p>&nbsp;</p>        <h4>More Information</h4><p><strong>Manufactured by</strong></p><p>Brembo</p>",Brembo,,Brake,"Uploaded by_Muazzim, Brand_Brembo, Product Type_Brake, Category_Brake Discs",TRUE,Disc Type,TY3,,,,,BREMBO-103.9024A,25000,shopify,continue,manual,1978.68,2150.74,TRUE,TRUE,103.9024A,https://racetechnologies.com/sites/default/files/content/images/brakekits/brembo-2-piece-disc-380x34mm-slotted-type-3-med.jpg,1,"Brembo 1T-.9015A (F)  380x34mm (15"") 2-Piece Discs Brake Disc",,"Brembo 1T-.9015A (F)  380x34mm (15"") 2-Piece Discs Brake Disc","Get Brembo 1T-.9015A (F)  380x34mm (15"") 2-Piece Discs Brake Disc for your car to get your desired looks and performance from ML Performance at the lowest price with FREE UK shipping & next day delivery on in stock items. Very cheap prices & good service.",,,,103.9024A,,,new,,,,,,,https://racetechnologies.com/sites/default/files/content/images/brakekits/brembo-2-piece-disc-380x34mm-slotted-type-3-med.jpg,kg,8708949900,,,,,active
brembo-1t-9016a-r-350x28mm-13-8-2-piece-discs-brake-disc,"Brembo 1T-.9016A  350x28mm (13.8"") 2-Piece Discs Brake Disc (Rear)","<h4><strong>Description</strong></h4>This is  350x28mm (13.8"") 2-Piece Discs | Complete Axle Set | Pre-Assembled | All Necessary Hardware Included, Rear        <p>&nbsp;</p>        <h4>Features</h4>        <p><strong>Disc</strong></p><table><tbody>  <tr><td>Disc Material/Finish</td><td>:</td><td>Advanced High Carbon Alloy / Corrosion Resistant Plating</td></tr>  <tr><td>Disc Diameter</td><td>:</td><td>350mm</td></tr>  <tr><td>Disc Width (Measurement)</td><td>:</td><td>28mm</td></tr>  <tr><td>Disc Air Gap (Measurement)</td><td>:</td><td>17mm</td></tr>  <tr><td>Disc Annulus (Measurement)</td><td>:</td><td>63mm</td></tr>  <tr><td>Disc Construction</td><td>:</td><td>2-Piece Disc Assembly</td></tr>  <tr><td>Disc Vane Design (Measurement)</td><td>:</td><td>Vented Curved 72 Vane</td></tr>  <tr><td>Disc To Hat Mounting System</td><td>:</td><td>Floating D-Bobbin with Anti Rattle Spring</td></tr></tbody></table><p><strong>Friction Material</strong></p><table><tbody>  <tr><td>Pad Compound</td><td>:</td><td>Brembo High Performance FM1000</td></tr>  <tr><td>Pad Volume / Surface Area</td><td>:</td><td>48.2 | 53.6</td></tr></tbody></table>        <p>&nbsp;</p>        <h4>What's Included</h4><ul>  <li>Brake Lines: Proprietary Brembo Stainless Steel Braided Brake Lines by Goodridge</li>  <li>Mounting Hardware: Brembo Engineered CNC Billet Caliper Adapters - All Necessary Hardware Included For Ease of Installation</li></ul>        <p>&nbsp;</p>        <p>Feel free to contact us at info@mlperformance.co.uk should you wish to double check!</p>        <p>&nbsp;</p>        <h4>Compatibility Check</h4><p>To ensure the part(s) you have ordered fits your vehicle, we run a compatibility check prior to dispatch. We can do this either using your registration number (UK) or the last 7 digits of your VIN. Simply enter your car details prior to checkout.</p>          <p>&nbsp;</p>        <h4>Part Number</h4><p>BREMBO-203.8006A (TY3)</p><p>BREMBO-203.8008A (TY3)</p>        <p>&nbsp;</p>        <h4>More Information</h4><p><strong>Manufactured by</strong></p><p>Brembo</p>",Brembo,,Brake,"Uploaded by_Muazzim, Brand_Brembo, Product Type_Brake, Category_Brake Discs",TRUE,Disc Type,TY3,,,,,BREMBO-203.8006A,25000,shopify,continue,manual,1877.21,2040.44,TRUE,TRUE,203.8006A,https://racetechnologies.com/sites/default/files/content/images/brakekits/brembo-2-piece-disc-328-332-345-355mm-slotted-type-3-med.jpg,1,"Brembo 1T-.9016A (R)  350x28mm (13.8"") 2-Piece Discs Brake Disc",,"Brembo 1T-.9016A (R)  350x28mm (13.8"") 2-Piece Discs Brake Disc","Get Brembo 1T-.9016A (R)  350x28mm (13.8"") 2-Piece Discs Brake Disc for your car to get your desired looks and performance from ML Performance at the lowest price with FREE UK shipping & next day delivery on in stock items. Very cheap prices & good service.",,,,203.8006A,,,new,,,,,,,https://racetechnologies.com/sites/default/files/content/images/brakekits/brembo-2-piece-disc-328-332-345-355mm-slotted-type-3-med.jpg,kg,8708949900,,,,,active
brembo-1t-9016a-f-380x34mm-15-2-piece-discs-brake-disc,"Brembo 1T-.9016A  380x34mm (15"") 2-Piece Discs Brake Disc (Front)","<h4><strong>Description</strong></h4>This is  380x34mm (15"") 2-Piece Discs | Complete Axle Set | Pre-Assembled | All Necessary Hardware Included, Front        <p>&nbsp;</p>        <h4>Features</h4>        <p><strong>Disc</strong></p><table><tbody>  <tr><td>Disc Material/Finish</td><td>:</td><td>Advanced High Carbon Alloy / Unplated</td></tr>  <tr><td>Disc Diameter</td><td>:</td><td>380mm</td></tr>  <tr><td>Disc Width (Measurement)</td><td>:</td><td>34mm</td></tr>  <tr><td>Disc Air Gap (Measurement)</td><td>:</td><td>20mm</td></tr>  <tr><td>Disc Annulus (Measurement)</td><td>:</td><td>65mm</td></tr>  <tr><td>Disc Construction</td><td>:</td><td>2-Piece Disc Assembly</td></tr>  <tr><td>Disc Vane Design (Measurement)</td><td>:</td><td>Vented Curved 48 Vane</td></tr>  <tr><td>Disc To Hat Mounting System</td><td>:</td><td>Floating D-Bobbin with Anti Rattle Spring</td></tr></tbody></table><p><strong>Friction Material</strong></p><table><tbody>  <tr><td>Pad Compound</td><td>:</td><td>Brembo High Performance FM1000</td></tr>  <tr><td>Pad Volume / Surface Area</td><td>:</td><td>48.2 | 53.6</td></tr></tbody></table>        <p>&nbsp;</p>        <h4>What's Included</h4><ul>  <li>Brake Lines: Proprietary Brembo Stainless Steel Braided Brake Lines by Goodridge</li>  <li>Mounting Hardware: Brembo Engineered CNC Billet Caliper Adapters - All Necessary Hardware Included For Ease of Installation</li></ul>        <p>&nbsp;</p>        <p>Feel free to contact us at info@mlperformance.co.uk should you wish to double check!</p>        <p>&nbsp;</p>        <h4>Compatibility Check</h4><p>To ensure the part(s) you have ordered fits your vehicle, we run a compatibility check prior to dispatch. We can do this either using your registration number (UK) or the last 7 digits of your VIN. Simply enter your car details prior to checkout.</p>          <p>&nbsp;</p>        <h4>Part Number</h4><p>Brembo-103.9014</p>        <p>&nbsp;</p>        <h4>More Information</h4><p><strong>Manufactured by</strong></p><p>Brembo</p>",Brembo,,Brake,"Uploaded by_Muazzim, Brand_Brembo, Product Type_Brake, Category_Brake Discs",TRUE,Disc Type,TY3,,,,,BREMBO-103.9014A,25000,shopify,continue,manual,1978.68,2150.74,TRUE,TRUE,103.9014A,https://racetechnologies.com/sites/default/files/content/images/brakekits/brembo-2-piece-disc-380x34mm-slotted-type-3-med.jpg,1,"Brembo 1T-.9016A (F)  380x34mm (15"") 2-Piece Discs Brake Disc",,"Brembo 1T-.9016A (F)  380x34mm (15"") 2-Piece Discs Brake Disc","Get Brembo 1T-.9016A (F)  380x34mm (15"") 2-Piece Discs Brake Disc for your car to get your desired looks and performance from ML Performance at the lowest price with FREE UK shipping & next day delivery on in stock items. Very cheap prices & good service.",,,,103.9014A,,,new,,,,,,,https://racetechnologies.com/sites/default/files/content/images/brakekits/brembo-2-piece-disc-380x34mm-slotted-type-3-med.jpg,kg,8708949900,,,,,active
brembo-1t-9016a-r-350x28mm-13-8-2-piece-discs-brake-disc,"Brembo 1T-.9016A  350x28mm (13.8"") 2-Piece Discs Brake Disc (Rear)","<h4><strong>Description</strong></h4>This is  350x28mm (13.8"") 2-Piece Discs | Complete Axle Set | Pre-Assembled | All Necessary Hardware Included, Rear        <p>&nbsp;</p>        <h4>Features</h4>        <p><strong>Disc</strong></p><table><tbody>  <tr><td>Disc Material/Finish</td><td>:</td><td>Advanced High Carbon Alloy / Unplated</td></tr>  <tr><td>Disc Diameter</td><td>:</td><td>350mm</td></tr>  <tr><td>Disc Width (Measurement)</td><td>:</td><td>28mm</td></tr>  <tr><td>Disc Air Gap (Measurement)</td><td>:</td><td>17mm</td></tr>  <tr><td>Disc Annulus (Measurement)</td><td>:</td><td>63mm</td></tr>  <tr><td>Disc Construction</td><td>:</td><td>2-Piece Disc Assembly</td></tr>  <tr><td>Disc Vane Design (Measurement)</td><td>:</td><td>Vented Curved 48 Vane</td></tr>  <tr><td>Disc To Hat Mounting System</td><td>:</td><td>Floating D-Bobbin with Anti Rattle Spring</td></tr></tbody></table><p><strong>Friction Material</strong></p><table><tbody>  <tr><td>Pad Compound</td><td>:</td><td>Brembo High Performance FM1000</td></tr>  <tr><td>Pad Volume / Surface Area</td><td>:</td><td>48.2 | 53.6</td></tr></tbody></table>        <p>&nbsp;</p>        <h4>What's Included</h4><ul>  <li>Brake Lines: Proprietary Brembo Stainless Steel Braided Brake Lines by Goodridge</li>  <li>Mounting Hardware: Brembo Engineered CNC Billet Caliper Adapters - All Necessary Hardware Included For Ease of Installation</li></ul>        <p>&nbsp;</p>        <p>Feel free to contact us at info@mlperformance.co.uk should you wish to double check!</p>        <p>&nbsp;</p>        <h4>Compatibility Check</h4><p>To ensure the part(s) you have ordered fits your vehicle, we run a compatibility check prior to dispatch. We can do this either using your registration number (UK) or the last 7 digits of your VIN. Simply enter your car details prior to checkout.</p>          <p>&nbsp;</p>        <h4>Part Number</h4><p>BREMBO-203.8006A (TY3)</p><p>BREMBO-203.8008A (TY3)</p>        <p>&nbsp;</p>        <h4>More Information</h4><p><strong>Manufactured by</strong></p><p>Brembo</p>",Brembo,,Brake,"Uploaded by_Muazzim, Brand_Brembo, Product Type_Brake, Category_Brake Discs",TRUE,Disc Type,TY3,,,,,BREMBO-203.8008A,25000,shopify,continue,manual,1877.21,2040.44,TRUE,TRUE,203.8008A,https://racetechnologies.com/sites/default/files/content/images/brakekits/brembo-2-piece-disc-328-332-345-355mm-slotted-type-3-med.jpg,1,"Brembo 1T-.9016A (R)  350x28mm (13.8"") 2-Piece Discs Brake Disc",,"Brembo 1T-.9016A (R)  350x28mm (13.8"") 2-Piece Discs Brake Disc","Get Brembo 1T-.9016A (R)  350x28mm (13.8"") 2-Piece Discs Brake Disc for your car to get your desired looks and performance from ML Performance at the lowest price with FREE UK shipping & next day delivery on in stock items. Very cheap prices & good service.",,,,203.8008A,,,new,,,,,,,https://racetechnologies.com/sites/default/files/content/images/brakekits/brembo-2-piece-disc-328-332-345-355mm-slotted-type-3-med.jpg,kg,8708949900,,,,,active
brembo-1t-9016a-f-380x34mm-15-2-piece-discs-brake-disc,"Brembo 1T-.9016A  380x34mm (15"") 2-Piece Discs Brake Disc (Front)","<h4><strong>Description</strong></h4>This is  380x34mm (15"") 2-Piece Discs | Complete Axle Set | Pre-Assembled | All Necessary Hardware Included, Front        <p>&nbsp;</p>        <h4>Features</h4>        <p><strong>Disc</strong></p><table><tbody>  <tr><td>Disc Material/Finish</td><td>:</td><td>Advanced High Carbon Alloy / Corrosion Resistant Plating</td></tr>  <tr><td>Disc Diameter</td><td>:</td><td>380mm</td></tr>  <tr><td>Disc Width (Measurement)</td><td>:</td><td>34mm</td></tr>  <tr><td>Disc Air Gap (Measurement)</td><td>:</td><td>20mm</td></tr>  <tr><td>Disc Annulus (Measurement)</td><td>:</td><td>65mm</td></tr>  <tr><td>Disc Construction</td><td>:</td><td>2-Piece Disc Assembly</td></tr>  <tr><td>Disc Vane Design (Measurement)</td><td>:</td><td>Vented Curved 72 Vane</td></tr>  <tr><td>Disc To Hat Mounting System</td><td>:</td><td>Floating D-Bobbin with Anti Rattle Spring</td></tr></tbody></table><p><strong>Friction Material</strong></p><table><tbody>  <tr><td>Pad Compound</td><td>:</td><td>Brembo High Performance FM1000</td></tr>  <tr><td>Pad Volume / Surface Area</td><td>:</td><td>48.2 | 53.6</td></tr></tbody></table>        <p>&nbsp;</p>        <h4>What's Included</h4><ul>  <li>Brake Lines: Proprietary Brembo Stainless Steel Braided Brake Lines by Goodridge</li>  <li>Mounting Hardware: Brembo Engineered CNC Billet Caliper Adapters - All Necessary Hardware Included For Ease of Installation</li></ul>        <p>&nbsp;</p>        <p>Feel free to contact us at info@mlperformance.co.uk should you wish to double check!</p>        <p>&nbsp;</p>        <h4>Compatibility Check</h4><p>To ensure the part(s) you have ordered fits your vehicle, we run a compatibility check prior to dispatch. We can do this either using your registration number (UK) or the last 7 digits of your VIN. Simply enter your car details prior to checkout.</p>          <p>&nbsp;</p>        <h4>Part Number</h4><p>Brembo-103.9008</p>        <p>&nbsp;</p>        <h4>More Information</h4><p><strong>Manufactured by</strong></p><p>Brembo</p>",Brembo,,Brake,"Uploaded by_Muazzim, Brand_Brembo, Product Type_Brake, Category_Brake Discs",TRUE,Disc Type,TY3,,,,,BREMBO-103.9008A,25000,shopify,continue,manual,1978.68,2150.74,TRUE,TRUE,103.9008A,https://racetechnologies.com/sites/default/files/content/images/brakekits/brembo-2-piece-disc-380x34mm-slotted-type-3-med.jpg,1,"Brembo 1T-.9016A (F)  380x34mm (15"") 2-Piece Discs Brake Disc",,"Brembo 1T-.9016A (F)  380x34mm (15"") 2-Piece Discs Brake Disc","Get Brembo 1T-.9016A (F)  380x34mm (15"") 2-Piece Discs Brake Disc for your car to get your desired looks and performance from ML Performance at the lowest price with FREE UK shipping & next day delivery on in stock items. Very cheap prices & good service.",,,,103.9008A,,,new,,,,,,,https://racetechnologies.com/sites/default/files/content/images/brakekits/brembo-2-piece-disc-380x34mm-slotted-type-3-med.jpg,kg,8708949900,,,,,active
brembo-1t-9016a-f-380x34mm-15-2-piece-discs-brake-disc,"Brembo 1T-.9016A (F)  380x34mm (15"") 2-Piece Discs Brake Disc","<h4><strong>Description</strong></h4>This is  380x34mm (15"") 2-Piece Discs | Complete Axle Set | Pre-Assembled | All Necessary Hardware Included, Front        <p>&nbsp;</p>        <h4>Features</h4>        <p><strong>Disc</strong></p><table><tbody>  <tr><td>Disc Material/Finish</td><td>:</td><td>Advanced High Carbon Alloy / Corrosion Resistant Plating</td></tr>  <tr><td>Disc Diameter</td><td>:</td><td>380mm</td></tr>  <tr><td>Disc Width (Measurement)</td><td>:</td><td>34mm</td></tr>  <tr><td>Disc Air Gap (Measurement)</td><td>:</td><td>17mm</td></tr>  <tr><td>Disc Annulus (Measurement)</td><td>:</td><td>65mm</td></tr>  <tr><td>Disc Construction</td><td>:</td><td>2-Piece Disc Assembly</td></tr>  <tr><td>Disc Vane Design (Measurement)</td><td>:</td><td>Vented Curved 72 Vane</td></tr>  <tr><td>Disc To Hat Mounting System</td><td>:</td><td>Floating D-Bobbin with Anti Rattle Spring</td></tr></tbody></table><p><strong>Friction Material</strong></p><table><tbody>  <tr><td>Pad Compound</td><td>:</td><td>Brembo High Performance FM1000</td></tr>  <tr><td>Pad Volume / Surface Area</td><td>:</td><td>48.2 | 53.6</td></tr></tbody></table>        <p>&nbsp;</p>        <h4>What's Included</h4><ul>  <li>Brake Lines: Proprietary Brembo Stainless Steel Braided Brake Lines by Goodridge</li>  <li>Mounting Hardware: Brembo Engineered CNC Billet Caliper Adapters - All Necessary Hardware Included For Ease of Installation</li></ul>        <p>&nbsp;</p>        <p>Feel free to contact us at info@mlperformance.co.uk should you wish to double check!</p>        <p>&nbsp;</p>        <h4>Compatibility Check</h4><p>To ensure the part(s) you have ordered fits your vehicle, we run a compatibility check prior to dispatch. We can do this either using your registration number (UK) or the last 7 digits of your VIN. Simply enter your car details prior to checkout.</p>          <p>&nbsp;</p>        <h4>Part Number</h4><p>Brembo-103.9016A</p>        <p>&nbsp;</p>        <h4>More Information</h4><p><strong>Manufactured by</strong></p><p>Brembo</p>",Brembo,,Brake,"Uploaded by_Muazzim, Brand_Brembo, Product Type_Brake, Category_Brake Discs",TRUE,Disc Type,TY3,,,,,BREMBO-103.9016A,25000,shopify,continue,manual,1978.68,2150.74,TRUE,TRUE,103.9016A,https://racetechnologies.com/sites/default/files/content/images/brakekits/brembo-2-piece-disc-380x34mm-slotted-type-3-med.jpg,2,"Brembo 1T-.9016A (F)  380x34mm (15"") 2-Piece Discs Brake Disc",,"Brembo 1T-.9016A (F)  380x34mm (15"") 2-Piece Discs Brake Disc","Get Brembo 1T-.9016A (F)  380x34mm (15"") 2-Piece Discs Brake Disc for your car to get your desired looks and performance from ML Performance at the lowest price with FREE UK shipping & next day delivery on in stock items. Very cheap prices & good service.",,,,103.9016A,,,new,,,,,,,https://racetechnologies.com/sites/default/files/content/images/brakekits/brembo-2-piece-disc-380x34mm-slotted-type-3-med.jpg,kg,8708949900,,,,,active
brembo-1t-9016a-f-380x34mm-15-2-piece-discs-brake-disc,"Brembo 1T-.9016A (F)  380x34mm (15"") 2-Piece Discs Brake Disc","<h4><strong>Description</strong></h4>This is  380x34mm (15"") 2-Piece Discs | Complete Axle Set | Pre-Assembled | All Necessary Hardware Included, Front        <p>&nbsp;</p>        <h4>Features</h4>        <p><strong>Disc</strong></p><table><tbody>  <tr><td>Disc Material/Finish</td><td>:</td><td>Advanced High Carbon Alloy / Corrosion Resistant Plating</td></tr>  <tr><td>Disc Diameter</td><td>:</td><td>380mm</td></tr>  <tr><td>Disc Width (Measurement)</td><td>:</td><td>34mm</td></tr>  <tr><td>Disc Air Gap (Measurement)</td><td>:</td><td>20mm</td></tr>  <tr><td>Disc Annulus (Measurement)</td><td>:</td><td>65mm</td></tr>  <tr><td>Disc Construction</td><td>:</td><td>2-Piece Disc Assembly</td></tr>  <tr><td>Disc Vane Design (Measurement)</td><td>:</td><td>Vented Curved 72 Vane</td></tr>  <tr><td>Disc To Hat Mounting System</td><td>:</td><td>Floating D-Bobbin with Anti Rattle Spring</td></tr></tbody></table><p><strong>Friction Material</strong></p><table><tbody>  <tr><td>Pad Compound</td><td>:</td><td>Brembo High Performance FM1000</td></tr>  <tr><td>Pad Volume / Surface Area</td><td>:</td><td>48.2 | 53.6</td></tr></tbody></table>        <p>&nbsp;</p>        <h4>What's Included</h4><ul>  <li>Brake Lines: Proprietary Brembo Stainless Steel Braided Brake Lines by Goodridge</li>  <li>Mounting Hardware: Brembo Engineered CNC Billet Caliper Adapters - All Necessary Hardware Included For Ease of Installation</li></ul>        <p>&nbsp;</p>        <p>Feel free to contact us at info@mlperformance.co.uk should you wish to double check!</p>        <p>&nbsp;</p>        <h4>Compatibility Check</h4><p>To ensure the part(s) you have ordered fits your vehicle, we run a compatibility check prior to dispatch. We can do this either using your registration number (UK) or the last 7 digits of your VIN. Simply enter your car details prior to checkout.</p>          <p>&nbsp;</p>        <h4>Part Number</h4><p>Brembo-103.9023A</p>        <p>&nbsp;</p>        <h4>More Information</h4><p><strong>Manufactured by</strong></p><p>Brembo</p>",Brembo,,Brake,"Uploaded by_Muazzim, Brand_Brembo, Product Type_Brake, Category_Brake Discs",TRUE,Disc Type,TY3,,,,,BREMBO-103.9023A,25000,shopify,continue,manual,1978.68,2150.74,TRUE,TRUE,103.9023A,https://racetechnologies.com/sites/default/files/content/images/brakekits/brembo-2-piece-disc-380x34mm-slotted-type-3-med.jpg,3,"Brembo 1T-.9016A (F)  380x34mm (15"") 2-Piece Discs Brake Disc",,"Brembo 1T-.9016A (F)  380x34mm (15"") 2-Piece Discs Brake Disc","Get Brembo 1T-.9016A (F)  380x34mm (15"") 2-Piece Discs Brake Disc for your car to get your desired looks and performance from ML Performance at the lowest price with FREE UK shipping & next day delivery on in stock items. Very cheap prices & good service.",,,,103.9023A,,,new,,,,,,,https://racetechnologies.com/sites/default/files/content/images/brakekits/brembo-2-piece-disc-380x34mm-slotted-type-3-med.jpg,kg,8708949900,,,,,active
brembo-1t-9016a-f-380x34mm-15-2-piece-discs-brake-disc,"Brembo 1T-.9016A (F)  380x34mm (15"") 2-Piece Discs Brake Disc","<h4><strong>Description</strong></h4>This is  380x34mm (15"") 2-Piece Discs | Complete Axle Set | Pre-Assembled | All Necessary Hardware Included, Front        <p>&nbsp;</p>        <h4>Features</h4>        <p><strong>Disc</strong></p><table><tbody>  <tr><td>Disc Material/Finish</td><td>:</td><td>Advanced High Carbon Alloy / Corrosion Resistant Plating</td></tr>  <tr><td>Disc Diameter</td><td>:</td><td>380mm</td></tr>  <tr><td>Disc Width (Measurement)</td><td>:</td><td>34mm</td></tr>  <tr><td>Disc Air Gap (Measurement)</td><td>:</td><td>20mm</td></tr>  <tr><td>Disc Annulus (Measurement)</td><td>:</td><td>65mm</td></tr>  <tr><td>Disc Construction</td><td>:</td><td>2-Piece Disc Assembly</td></tr>  <tr><td>Disc Vane Design (Measurement)</td><td>:</td><td>Vented Curved 72 Vane</td></tr>  <tr><td>Disc To Hat Mounting System</td><td>:</td><td>Floating D-Bobbin with Anti Rattle Spring</td></tr></tbody></table><p><strong>Friction Material</strong></p><table><tbody>  <tr><td>Pad Compound</td><td>:</td><td>Brembo High Performance FM1000</td></tr>  <tr><td>Pad Volume / Surface Area</td><td>:</td><td>48.2 | 53.6</td></tr></tbody></table>        <p>&nbsp;</p>        <h4>What's Included</h4><ul>  <li>Brake Lines: Proprietary Brembo Stainless Steel Braided Brake Lines by Goodridge</li>  <li>Mounting Hardware: Brembo Engineered CNC Billet Caliper Adapters - All Necessary Hardware Included For Ease of Installation</li></ul>        <p>&nbsp;</p>        <p>Feel free to contact us at info@mlperformance.co.uk should you wish to double check!</p>        <p>&nbsp;</p>        <h4>Compatibility Check</h4><p>To ensure the part(s) you have ordered fits your vehicle, we run a compatibility check prior to dispatch. We can do this either using your registration number (UK) or the last 7 digits of your VIN. Simply enter your car details prior to checkout.</p>          <p>&nbsp;</p>        <h4>Part Number</h4><p>Brembo-103.9012A</p>        <p>&nbsp;</p>        <h4>More Information</h4><p><strong>Manufactured by</strong></p><p>Brembo</p>",Brembo,,Brake,"Uploaded by_Muazzim, Brand_Brembo, Product Type_Brake, Category_Brake Discs",TRUE,Disc Type,TY3,,,,,BREMBO-103.9012A,25000,shopify,continue,manual,1978.68,2150.74,TRUE,TRUE,103.9012A,https://racetechnologies.com/sites/default/files/content/images/brakekits/brembo-2-piece-disc-380x34mm-slotted-type-3-med.jpg,4,"Brembo 1T-.9016A (F)  380x34mm (15"") 2-Piece Discs Brake Disc",,"Brembo 1T-.9016A (F)  380x34mm (15"") 2-Piece Discs Brake Disc","Get Brembo 1T-.9016A (F)  380x34mm (15"") 2-Piece Discs Brake Disc for your car to get your desired looks and performance from ML Performance at the lowest price with FREE UK shipping & next day delivery on in stock items. Very cheap prices & good service.",,,,103.9012A,,,new,,,,,,,https://racetechnologies.com/sites/default/files/content/images/brakekits/brembo-2-piece-disc-380x34mm-slotted-type-3-med.jpg,kg,8708949900,,,,,active
brembo-1t-9016a-f-380x34mm-15-2-piece-discs-brake-disc,"Brembo 1T-.9016A (F)  380x34mm (15"") 2-Piece Discs Brake Disc","<h4><strong>Description</strong></h4>This is  380x34mm (15"") 2-Piece Discs | Complete Axle Set | Pre-Assembled | All Necessary Hardware Included, Front        <p>&nbsp;</p>        <h4>Features</h4>        <p><strong>Disc</strong></p><table><tbody>  <tr><td>Disc Material/Finish</td><td>:</td><td>Advanced High Carbon Alloy / Corrosion Resistant Plating</td></tr>  <tr><td>Disc Diameter</td><td>:</td><td>380mm</td></tr>  <tr><td>Disc Width (Measurement)</td><td>:</td><td>34mm</td></tr>  <tr><td>Disc Air Gap (Measurement)</td><td>:</td><td>20mm</td></tr>  <tr><td>Disc Annulus (Measurement)</td><td>:</td><td>65mm</td></tr>  <tr><td>Disc Construction</td><td>:</td><td>2-Piece Disc Assembly</td></tr>  <tr><td>Disc Vane Design (Measurement)</td><td>:</td><td>Vented Curved 72 Vane</td></tr>  <tr><td>Disc To Hat Mounting System</td><td>:</td><td>Floating D-Bobbin with Anti Rattle Spring</td></tr></tbody></table><p><strong>Friction Material</strong></p><table><tbody>  <tr><td>Pad Compound</td><td>:</td><td>Brembo High Performance FM1000</td></tr>  <tr><td>Pad Volume / Surface Area</td><td>:</td><td>48.2 | 53.6</td></tr></tbody></table>        <p>&nbsp;</p>        <h4>What's Included</h4><ul>  <li>Brake Lines: Proprietary Brembo Stainless Steel Braided Brake Lines by Goodridge</li>  <li>Mounting Hardware: Brembo Engineered CNC Billet Caliper Adapters - All Necessary Hardware Included For Ease of Installation</li></ul>        <p>&nbsp;</p>        <p>Feel free to contact us at info@mlperformance.co.uk should you wish to double check!</p>        <p>&nbsp;</p>        <h4>Compatibility Check</h4><p>To ensure the part(s) you have ordered fits your vehicle, we run a compatibility check prior to dispatch. We can do this either using your registration number (UK) or the last 7 digits of your VIN. Simply enter your car details prior to checkout.</p>          <p>&nbsp;</p>        <h4>Part Number</h4><p>Brembo-103.9013A</p>        <p>&nbsp;</p>        <h4>More Information</h4><p><strong>Manufactured by</strong></p><p>Brembo</p>",Brembo,,Brake,"Uploaded by_Muazzim, Brand_Brembo, Product Type_Brake, Category_Brake Discs",TRUE,Disc Type,TY3,,,,,BREMBO-103.9013A,25000,shopify,continue,manual,1978.68,2150.74,TRUE,TRUE,103.9013A,https://racetechnologies.com/sites/default/files/content/images/brakekits/brembo-2-piece-disc-380x34mm-slotted-type-3-med.jpg,5,"Brembo 1T-.9016A (F)  380x34mm (15"") 2-Piece Discs Brake Disc",,"Brembo 1T-.9016A (F)  380x34mm (15"") 2-Piece Discs Brake Disc","Get Brembo 1T-.9016A (F)  380x34mm (15"") 2-Piece Discs Brake Disc for your car to get your desired looks and performance from ML Performance at the lowest price with FREE UK shipping & next day delivery on in stock items. Very cheap prices & good service.",,,,103.9013A,,,new,,,,,,,https://racetechnologies.com/sites/default/files/content/images/brakekits/brembo-2-piece-disc-380x34mm-slotted-type-3-med.jpg,kg,8708949900,,,,,active
brembo-1t-9016a-r-380x34mm-15-2-piece-discs-brake-disc,"Brembo 1T-.9016A  380x34mm (15"") 2-Piece Discs Brake Disc (Rear)","<h4><strong>Description</strong></h4>This is  380x34mm (15"") 2-Piece Discs | Complete Axle Set | Pre-Assembled | All Necessary Hardware Included, Rear        <p>&nbsp;</p>        <h4>Features</h4>        <p><strong>Disc</strong></p><table><tbody>  <tr><td>Disc Material/Finish</td><td>:</td><td>Advanced High Carbon Alloy / Corrosion Resistant Plating</td></tr>  <tr><td>Disc Diameter</td><td>:</td><td>380mm</td></tr>  <tr><td>Disc Width (Measurement)</td><td>:</td><td>34mm</td></tr>  <tr><td>Disc Air Gap (Measurement)</td><td>:</td><td>20mm</td></tr>  <tr><td>Disc Annulus (Measurement)</td><td>:</td><td>65mm</td></tr>  <tr><td>Disc Construction</td><td>:</td><td>2-Piece Disc Assembly</td></tr>  <tr><td>Disc Vane Design (Measurement)</td><td>:</td><td>Vented Curved 72 Vane</td></tr>  <tr><td>Disc To Hat Mounting System</td><td>:</td><td>Floating D-Bobbin with Anti Rattle Spring</td></tr></tbody></table><p><strong>Friction Material</strong></p><table><tbody>  <tr><td>Pad Compound</td><td>:</td><td>Brembo High Performance FM1000</td></tr>  <tr><td>Pad Volume / Surface Area</td><td>:</td><td>48.2 | 53.6</td></tr></tbody></table>        <p>&nbsp;</p>        <h4>What's Included</h4><ul>  <li>Brake Lines: Proprietary Brembo Stainless Steel Braided Brake Lines by Goodridge</li>  <li>Mounting Hardware: Brembo Engineered CNC Billet Caliper Adapters - All Necessary Hardware Included For Ease of Installation</li></ul>        <p>&nbsp;</p>        <p>Feel free to contact us at info@mlperformance.co.uk should you wish to double check!</p>        <p>&nbsp;</p>        <h4>Compatibility Check</h4><p>To ensure the part(s) you have ordered fits your vehicle, we run a compatibility check prior to dispatch. We can do this either using your registration number (UK) or the last 7 digits of your VIN. Simply enter your car details prior to checkout.</p>          <p>&nbsp;</p>        <h4>Part Number</h4><p>BREMBO-203.9001A (TY3)</p>        <p>&nbsp;</p>        <h4>More Information</h4><p><strong>Manufactured by</strong></p><p>Brembo</p>",Brembo,,Brake,"Uploaded by_Muazzim, Brand_Brembo, Product Type_Brake, Category_Brake Discs",TRUE,Disc Type,TY3,,,,,BREMBO-203.9001A,25000,shopify,continue,manual,1978.68,2150.74,TRUE,TRUE,203.9001A,https://racetechnologies.com/sites/default/files/content/images/brakekits/brembo-2-piece-disc-380x34mm-slotted-type-3-med.jpg,1,"Brembo 1T-.9016A (R)  380x34mm (15"") 2-Piece Discs Brake Disc",,"Brembo 1T-.9016A (R)  380x34mm (15"") 2-Piece Discs Brake Disc","Get Brembo 1T-.9016A (R)  380x34mm (15"") 2-Piece Discs Brake Disc for your car to get your desired looks and performance from ML Performance at the lowest price with FREE UK shipping & next day delivery on in stock items. Very cheap prices & good service.",,,,203.9001A,,,new,,,,,,,https://racetechnologies.com/sites/default/files/content/images/brakekits/brembo-2-piece-disc-380x34mm-slotted-type-3-med.jpg,kg,8708949900,,,,,active
brembo-2p-8065a-r-4-piston-cast-monobloc-calipers-345mm-13-6-2-piece-discs-brake-disc,Brembo 2P-.8065A 4-Piston Cast Monobloc Calipers  345mm (13.6'') 2-Piece Discs Brake Disc (Rear),"<h4><strong>Description</strong></h4>This is  4-Piston Cast Monobloc Calipers | 345mm (13.6'') 2-Piece Discs | Complete Axle Set | Pre-Assembled | All Necessary Hardware Included, Rear        <p>&nbsp;</p>        <h4>Features</h4>        <p><strong>Caliper</strong></p><table><tbody>  <tr><td>Caliper Body</td><td>:</td><td>Cast Monobloc Radial Mount</td></tr>  <tr><td>Caliper Piston Configuration</td><td>:</td><td>4-Piston</td></tr>  <tr><td>Caliper Piston Design And Insert Type</td><td>:</td><td>Inner Pressure Seal / OEM Approved Dust Boot</td></tr></tbody></table><p><strong>Disc</strong></p><table><tbody>  <tr><td>Disc Material/Finish</td><td>:</td><td>Advanced High Carbon Alloy / Corrosion Resistant Plating</td></tr>  <tr><td>Disc Diameter</td><td>:</td><td>328mm</td></tr>  <tr><td>Disc Width (Measurement)</td><td>:</td><td>28mm</td></tr>  <tr><td>Disc Air Gap (Measurement)</td><td>:</td><td>17mm</td></tr>  <tr><td>Disc Annulus (Measurement)</td><td>:</td><td>54mm</td></tr>  <tr><td>Disc Construction</td><td>:</td><td>2-Piece Disc Assembly</td></tr>  <tr><td>Disc Vane Design (Measurement)</td><td>:</td><td>Vented Curved 48 Vane</td></tr>  <tr><td>Disc To Hat Mounting System</td><td>:</td><td>Floating D-Bobbin with Anti Rattle Spring</td></tr></tbody></table><p><strong>Friction Material</strong></p><table><tbody>  <tr><td>Pad Compound</td><td>:</td><td>Brembo High Performance FM1000</td></tr>  <tr><td>Pad Volume / Surface Area</td><td>:</td><td>48.2 | 53.6</td></tr></tbody></table>        <p>&nbsp;</p>        <h4>What's Included</h4><ul>  <li>Brake Lines: Proprietary Brembo Stainless Steel Braided Brake Lines by Goodridge</li>  <li>Mounting Hardware: Brembo Engineered CNC Billet Caliper Adapters - All Necessary Hardware Included For Ease of Installation</li></ul>        <p>&nbsp;</p>        <p>&nbsp;</p><h4>Compatibility</h4><div class=""compatibility-accordion-wrapper""><div class=""compatibility-tab"">                        <input name=""tabs"" type=""checkbox"" id=""compatibility-tab-1"">                        <label for=""compatibility-tab-1""><b>SUBARU</b><br></label>                                                    <div class=""compatibility-tab-content""><ul><li>WRX (EXCLUIDING EYESIGHT) (VB)</li></ul></div></div></div><p>Feel free to contact us at info@mlperformance.co.uk should you wish to double check!</p>        <p>&nbsp;</p>        <h4>Compatibility Check</h4><p>To ensure the part(s) you have ordered fits your vehicle, we run a compatibility check prior to dispatch. We can do this either using your registration number (UK) or the last 7 digits of your VIN. Simply enter your car details prior to checkout.</p>          <p>&nbsp;</p>        <h4>Part Number</h4><p>BREMBO-2P3.8065A2 (TY3 /  Red)</p><p>BREMBO-2P3.8065A1 (TY3 /  Black)</p><p>BREMBO-2P3.8065A3 (TY3 /  Silver)</p><p>BREMBO-2P3.8065A5 (TY3 /  Yellow)</p><p>BREMBO-2P3.8065AS (TY3 /  Black Hard Anodized)</p>        <p>&nbsp;</p>        <h4>More Information</h4><p><strong>Manufactured by</strong></p><p>Brembo</p>",Brembo,,Brake,"Uploaded by_Muazzim, Brand_Brembo, Product Type_Brake, Category_Brake Discs",TRUE,Disc Type,TY3,Finish,Red,,,BREMBO-2P3.8065A2,25000,shopify,continue,manual,3805.14,4136.03,TRUE,TRUE,2P3.8065A2,https://racetechnologies.com/sites/default/files/content/images/brakekits/brembo-p-caliper-4-piston-2-piece-345-365-380mm-slotted-type-3-red-med.jpg,1,Brembo 2P-.8065A (R) 4-Piston Cast Monobloc Calipers  345mm (13.6'') 2-Piece Discs Brake Disc,,Brembo 2P-.8065A (R) 4-Piston Cast Monobloc Calipers  345mm (13.6'') 2-Piece Discs Brake Disc,Get Brembo 2P-.8065A (R) 4-Piston Cast Monobloc Calipers  345mm (13.6'') 2-Piece Discs Brake Disc for your car to get your desired looks and performance from ML Performance at the lowest price with FREE UK shipping & next day delivery on in stock items. Very cheap prices & good service.,,,,2P3.8065A2,,,new,,,,,,,https://racetechnologies.com/sites/default/files/content/images/brakekits/brembo-p-caliper-4-piston-2-piece-345-365-380mm-slotted-type-3-red-med.jpg,kg,8708949900,,,,,active
brembo-2p-8065a-r-4-piston-cast-monobloc-calipers-345mm-13-6-2-piece-discs-brake-disc,,,,,,,,,TY3,,Black,,,BREMBO-2P3.8065A1,25000,shopify,continue,manual,3805.14,4136.03,TRUE,TRUE,2P3.8065A1,https://racetechnologies.com/sites/default/files/content/images/brakekits/brembo-p-caliper-4-piston-2-piece-345-365-380mm-slotted-type-3-black-med.jpg,2,,,,,,,,2P3.8065A1,,,,,,,,,,https://racetechnologies.com/sites/default/files/content/images/brakekits/brembo-p-caliper-4-piston-2-piece-345-365-380mm-slotted-type-3-black-med.jpg,kg,8708949900,,,,,
brembo-2p-8065a-r-4-piston-cast-monobloc-calipers-345mm-13-6-2-piece-discs-brake-disc,,,,,,,,,TY3,,Silver,,,BREMBO-2P3.8065A3,25000,shopify,continue,manual,3805.14,4136.03,TRUE,TRUE,2P3.8065A3,https://racetechnologies.com/sites/default/files/content/images/brakekits/brembo-p-caliper-4-piston-2-piece-345-365-380mm-slotted-type-3-silver-med.jpg,3,,,,,,,,2P3.8065A3,,,,,,,,,,https://racetechnologies.com/sites/default/files/content/images/brakekits/brembo-p-caliper-4-piston-2-piece-345-365-380mm-slotted-type-3-silver-med.jpg,kg,8708949900,,,,,
brembo-2p-8065a-r-4-piston-cast-monobloc-calipers-345mm-13-6-2-piece-discs-brake-disc,,,,,,,,,TY3,,Yellow,,,BREMBO-2P3.8065A5,25000,shopify,continue,manual,3805.14,4136.03,TRUE,TRUE,2P3.8065A5,https://racetechnologies.com/sites/default/files/content/images/brakekits/brembo-p-caliper-4-piston-2-piece-345-365-380mm-slotted-type-3-yellow-med.jpg,4,,,,,,,,2P3.8065A5,,,,,,,,,,https://racetechnologies.com/sites/default/files/content/images/brakekits/brembo-p-caliper-4-piston-2-piece-345-365-380mm-slotted-type-3-yellow-med.jpg,kg,8708949900,,,,,
brembo-2p-8065a-r-4-piston-billet-monobloc-calipers-345mm-13-6-2-piece-discs-brake-disc,Brembo 2P-.8065A 4-Piston Billet Monobloc Calipers  345mm (13.6'') 2-Piece Discs Brake Disc (Rear),"<h4><strong>Description</strong></h4>This is  4-Piston Billet Monobloc Calipers | 345mm (13.6'') 2-Piece Discs | Complete Axle Set | Pre-Assembled | All Necessary Hardware Included, Rear        <p>&nbsp;</p>        <h4>Features</h4>        <p><strong>Caliper</strong></p><table><tbody>  <tr><td>Caliper Body</td><td>:</td><td>Billet Monobloc Radial Mount</td></tr>  <tr><td>Caliper Piston Configuration</td><td>:</td><td>4-Piston</td></tr>  <tr><td>Caliper Piston Design And Insert Type</td><td>:</td><td>Inner Pressure Seal / Recessed Dust Boot / Ventilated Stainless Steel Insert</td></tr></tbody></table><p><strong>Disc</strong></p><table><tbody>  <tr><td>Disc Material/Finish</td><td>:</td><td>Advanced High Carbon Alloy / Corrosion Resistant Plating</td></tr>  <tr><td>Disc Diameter</td><td>:</td><td>328mm</td></tr>  <tr><td>Disc Width (Measurement)</td><td>:</td><td>28mm</td></tr>  <tr><td>Disc Air Gap (Measurement)</td><td>:</td><td>17mm</td></tr>  <tr><td>Disc Annulus (Measurement)</td><td>:</td><td>54mm</td></tr>  <tr><td>Disc Construction</td><td>:</td><td>2-Piece Disc Assembly</td></tr>  <tr><td>Disc Vane Design (Measurement)</td><td>:</td><td>Vented Curved 48 Vane</td></tr>  <tr><td>Disc To Hat Mounting System</td><td>:</td><td>Floating D-Bobbin with Anti Rattle Spring</td></tr></tbody></table><p><strong>Friction Material</strong></p><table><tbody>  <tr><td>Pad Compound</td><td>:</td><td>Brembo High Performance FM1000</td></tr>  <tr><td>Pad Volume / Surface Area</td><td>:</td><td>48.2 | 53.6</td></tr></tbody></table>        <p>&nbsp;</p>        <h4>What's Included</h4><ul>  <li>Brake Lines: Proprietary Brembo Stainless Steel Braided Brake Lines by Goodridge</li>  <li>Mounting Hardware: Brembo Engineered CNC Billet Caliper Adapters - All Necessary Hardware Included For Ease of Installation</li></ul>        <p>&nbsp;</p>        <p>&nbsp;</p><h4>Compatibility</h4><div class=""compatibility-accordion-wrapper""><div class=""compatibility-tab"">                        <input name=""tabs"" type=""checkbox"" id=""compatibility-tab-1"">                        <label for=""compatibility-tab-1""><b>SUBARU</b><br></label>                                                    <div class=""compatibility-tab-content""><ul><li>WRX (EXCLUIDING EYESIGHT) (VB)</li></ul></div></div></div><p>Feel free to contact us at info@mlperformance.co.uk should you wish to double check!</p>        <p>&nbsp;</p>        <h4>Compatibility Check</h4><p>To ensure the part(s) you have ordered fits your vehicle, we run a compatibility check prior to dispatch. We can do this either using your registration number (UK) or the last 7 digits of your VIN. Simply enter your car details prior to checkout.</p>          <p>&nbsp;</p>        <h4>Part Number</h4><p>BREMBO-2P3.8065AR (TY3 /  Nickel Plated)</p>        <p>&nbsp;</p>        <h4>More Information</h4><p><strong>Manufactured by</strong></p><p>Brembo</p>",Brembo,,Brake,"Uploaded by_Muazzim, Brand_Brembo, Product Type_Brake, Category_Brake Discs",TRUE,Disc Type,TY3,Finish,Nickel Plated,,,BREMBO-2P3.8065AR,25000,shopify,continue,manual,7204.42,7830.89,TRUE,TRUE,2P3.8065AR,https://racetechnologies.com/sites/default/files/content/images/brakekits/brembo-p-caliper-4-piston-2-piece-345-365-380mm-slotted-type-3-gt-r-med.jpg,1,Brembo 2P-.8065A (R) 4-Piston Billet Monobloc Calipers  345mm (13.6'') 2-Piece Discs Brake Disc,,Brembo 2P-.8065A (R) 4-Piston Billet Monobloc Calipers  345mm (13.6'') 2-Piece Discs Brake Disc,Get Brembo 2P-.8065A (R) 4-Piston Billet Monobloc Calipers  345mm (13.6'') 2-Piece Discs Brake Disc for your car to get your desired looks and performance from ML Performance at the lowest price with FREE UK shipping & next day delivery on in stock items. Very cheap prices & good service.,,,,2P3.8065AR,,,new,,,,,,,https://racetechnologies.com/sites/default/files/content/images/brakekits/brembo-p-caliper-4-piston-2-piece-345-365-380mm-slotted-type-3-gt-r-med.jpg,kg,8708949900,,,,,active
brembo-2p-8065a-r-4-piston-cast-monobloc-calipers-345mm-13-6-2-piece-discs-brake-disc,Brembo 2P-.8065A 4-Piston Cast Monobloc Calipers  345mm (13.6'') 2-Piece Discs Brake Disc (Rear),"<h4><strong>Description</strong></h4>This is  4-Piston Cast Monobloc Calipers | 345mm (13.6'') 2-Piece Discs | Complete Axle Set | Pre-Assembled | All Necessary Hardware Included, Rear        <p>&nbsp;</p>        <h4>Features</h4>        <p><strong>Caliper</strong></p><table><tbody>  <tr><td>Caliper Body</td><td>:</td><td>Cast Monobloc Radial Mount</td></tr>  <tr><td>Caliper Piston Configuration</td><td>:</td><td>4-Piston</td></tr>  <tr><td>Caliper Piston Design And Insert Type</td><td>:</td><td>Inner Pressure Seal / Recessed Dust Boot / Stainless Steel Insert</td></tr></tbody></table><p><strong>Disc</strong></p><table><tbody>  <tr><td>Disc Material/Finish</td><td>:</td><td>Advanced High Carbon Alloy / Corrosion Resistant Plating</td></tr>  <tr><td>Disc Diameter</td><td>:</td><td>328mm</td></tr>  <tr><td>Disc Width (Measurement)</td><td>:</td><td>28mm</td></tr>  <tr><td>Disc Air Gap (Measurement)</td><td>:</td><td>17mm</td></tr>  <tr><td>Disc Annulus (Measurement)</td><td>:</td><td>54mm</td></tr>  <tr><td>Disc Construction</td><td>:</td><td>2-Piece Disc Assembly</td></tr>  <tr><td>Disc Vane Design (Measurement)</td><td>:</td><td>Vented Curved 48 Vane</td></tr>  <tr><td>Disc To Hat Mounting System</td><td>:</td><td>Floating D-Bobbin with Anti Rattle Spring</td></tr></tbody></table><p><strong>Friction Material</strong></p><table><tbody>  <tr><td>Pad Compound</td><td>:</td><td>Brembo High Performance FM1000</td></tr>  <tr><td>Pad Volume / Surface Area</td><td>:</td><td>48.2 | 53.6</td></tr></tbody></table>        <p>&nbsp;</p>        <h4>What's Included</h4><ul>  <li>Brake Lines: Proprietary Brembo Stainless Steel Braided Brake Lines by Goodridge</li>  <li>Mounting Hardware: Brembo Engineered CNC Billet Caliper Adapters - All Necessary Hardware Included For Ease of Installation</li></ul>        <p>&nbsp;</p>        <p>&nbsp;</p><h4>Compatibility</h4><div class=""compatibility-accordion-wrapper""><div class=""compatibility-tab"">                        <input name=""tabs"" type=""checkbox"" id=""compatibility-tab-1"">                        <label for=""compatibility-tab-1""><b>SUBARU</b><br></label>                                                    <div class=""compatibility-tab-content""><ul><li>WRX (EXCLUIDING EYESIGHT) (VB)</li></ul></div></div></div><p>Feel free to contact us at info@mlperformance.co.uk should you wish to double check!</p>        <p>&nbsp;</p>        <h4>Compatibility Check</h4><p>To ensure the part(s) you have ordered fits your vehicle, we run a compatibility check prior to dispatch. We can do this either using your registration number (UK) or the last 7 digits of your VIN. Simply enter your car details prior to checkout.</p>          <p>&nbsp;</p>        <h4>Part Number</h4><p>BREMBO-2P3.8065A2 (TY3 /  Red)</p><p>BREMBO-2P3.8065A1 (TY3 /  Black)</p><p>BREMBO-2P3.8065A3 (TY3 /  Silver)</p><p>BREMBO-2P3.8065A5 (TY3 /  Yellow)</p><p>BREMBO-2P3.8065AS (TY3 /  Black Hard Anodized)</p>        <p>&nbsp;</p>        <h4>More Information</h4><p><strong>Manufactured by</strong></p><p>Brembo</p>",Brembo,,Brake,"Uploaded by_Muazzim, Brand_Brembo, Product Type_Brake, Category_Brake Discs",TRUE,Disc Type,TY3,Finish,Black Hard Anodized,,,BREMBO-2P3.8065AS,25000,shopify,continue,manual,3906.61,4246.32,TRUE,TRUE,2P3.8065AS,https://racetechnologies.com/sites/default/files/content/images/brakekits/brembo-p-caliper-4-piston-2-piece-345-365-380mm-slotted-type-3-gt-s-med.jpg,1,Brembo 2P-.8065A (R) 4-Piston Cast Monobloc Calipers  345mm (13.6'') 2-Piece Discs Brake Disc,,Brembo 2P-.8065A (R) 4-Piston Cast Monobloc Calipers  345mm (13.6'') 2-Piece Discs Brake Disc,Get Brembo 2P-.8065A (R) 4-Piston Cast Monobloc Calipers  345mm (13.6'') 2-Piece Discs Brake Disc for your car to get your desired looks and performance from ML Performance at the lowest price with FREE UK shipping & next day delivery on in stock items. Very cheap prices & good service.,,,,2P3.8065AS,,,new,,,,,,,https://racetechnologies.com/sites/default/files/content/images/brakekits/brembo-p-caliper-4-piston-2-piece-345-365-380mm-slotted-type-3-gt-s-med.jpg,kg,8708949900,,,,,active
brembo-1n-8023a-f-6-piston-cast-monobloc-calipers-350mm-13-8-2-piece-discs-brake-disc,Brembo 1N-.8023A 6-Piston Cast Monobloc Calipers  350mm (13.8'') 2-Piece Discs Brake Disc (Front),"<h4><strong>Description</strong></h4>This is 6-Piston Cast Monobloc Calipers | 350mm (13.8'') 2-Piece Discs | Complete Axle Set | Pre-Assembled | All Necessary Hardware Included, Front        <p>&nbsp;</p>        <h4>Features</h4>        <p><strong>Caliper</strong></p><table><tbody>  <tr><td>Caliper Body</td><td>:</td><td>Cast Monobloc Radial Mount</td></tr>  <tr><td>Caliper Piston Configuration</td><td>:</td><td>6-Piston</td></tr>  <tr><td>Caliper Piston Design And Insert Type</td><td>:</td><td>Inner Pressure Seal / OEM Approved Dust Boot</td></tr></tbody></table><p><strong>Disc</strong></p><table><tbody>  <tr><td>Disc Material/Finish</td><td>:</td><td>Advanced High Carbon Alloy / Corrosion Resistant Plating</td></tr>  <tr><td>Disc Diameter</td><td>:</td><td>328mm</td></tr>  <tr><td>Disc Width (Measurement)</td><td>:</td><td>28mm</td></tr>  <tr><td>Disc Air Gap (Measurement)</td><td>:</td><td>17mm</td></tr>  <tr><td>Disc Annulus (Measurement)</td><td>:</td><td>54mm</td></tr>  <tr><td>Disc Construction</td><td>:</td><td>2-Piece Disc Assembly</td></tr>  <tr><td>Disc Vane Design (Measurement)</td><td>:</td><td>Vented Curved 48 Vane</td></tr>  <tr><td>Disc To Hat Mounting System</td><td>:</td><td>Floating D-Bobbin with Anti Rattle Spring</td></tr></tbody></table><p><strong>Friction Material</strong></p><table><tbody>  <tr><td>Pad Compound</td><td>:</td><td>Brembo High Performance FM1000</td></tr>  <tr><td>Pad Volume / Surface Area</td><td>:</td><td>48.2 | 53.6</td></tr></tbody></table>        <p>&nbsp;</p>        <h4>What's Included</h4><ul>  <li>Brake Lines: Proprietary Brembo Stainless Steel Braided Brake Lines by Goodridge</li>  <li>Mounting Hardware: Brembo Engineered CNC Billet Caliper Adapters - All Necessary Hardware Included For Ease of Installation</li></ul>        <p>&nbsp;</p>        <p>&nbsp;</p><h4>Compatibility</h4><div class=""compatibility-accordion-wrapper""><div class=""compatibility-tab"">                        <input name=""tabs"" type=""checkbox"" id=""compatibility-tab-1"">                        <label for=""compatibility-tab-1""><b>SUBARU</b><br></label>                                                    <div class=""compatibility-tab-content""><ul><li>WRX (VB)</li></ul></div></div></div><p>Feel free to contact us at info@mlperformance.co.uk should you wish to double check!</p>        <p>&nbsp;</p>        <h4>Compatibility Check</h4><p>To ensure the part(s) you have ordered fits your vehicle, we run a compatibility check prior to dispatch. We can do this either using your registration number (UK) or the last 7 digits of your VIN. Simply enter your car details prior to checkout.</p>          <p>&nbsp;</p>        <h4>Part Number</h4><p>BREMBO-1N3.8023A2 (TY3 /  Red)</p><p>BREMBO-1N3.8023A1 (TY3 /  Black)</p><p>BREMBO-1N3.8023A3 (TY3 /  Silver)</p><p>BREMBO-1N3.8023A5 (TY3 /  Yellow)</p><p>BREMBO-1N3.8023AS (TY3 /  Black Hard Anodized)</p>        <p>&nbsp;</p>        <h4>More Information</h4><p><strong>Manufactured by</strong></p><p>Brembo</p>",Brembo,,Brake,"Uploaded by_Muazzim, Brand_Brembo, Product Type_Brake, Category_Brake Discs",TRUE,Disc Type,TY3,Finish,Red,,,BREMBO-1N3.8023A2,25000,shopify,continue,manual,4058.82,4411.76,TRUE,TRUE,1N3.8023A2,https://racetechnologies.com/sites/default/files/content/images/brakekits/brembo-l-caliper-6-piston-2-piece-350mm-slotted-type-3-red-med.jpg,1,Brembo 1N-.8023A (F) 6-Piston Cast Monobloc Calipers  350mm (13.8'') 2-Piece Discs Brake Disc,,Brembo 1N-.8023A (F) 6-Piston Cast Monobloc Calipers  350mm (13.8'') 2-Piece Discs Brake Disc,Get Brembo 1N-.8023A (F) 6-Piston Cast Monobloc Calipers  350mm (13.8'') 2-Piece Discs Brake Disc for your car to get your desired looks and performance from ML Performance at the lowest price with FREE UK shipping & next day delivery on in stock items. Very cheap prices & good service.,,,,1N3.8023A2,,,new,,,,,,,https://racetechnologies.com/sites/default/files/content/images/brakekits/brembo-l-caliper-6-piston-2-piece-350mm-slotted-type-3-red-med.jpg,kg,8708949900,,,,,active
brembo-1n-8023a-f-6-piston-cast-monobloc-calipers-350mm-13-8-2-piece-discs-brake-disc,,,,,,,,,TY3,,Black,,,BREMBO-1N3.8023A1,25000,shopify,continue,manual,4058.82,4411.76,TRUE,TRUE,1N3.8023A1,https://racetechnologies.com/sites/default/files/content/images/brakekits/brembo-l-caliper-6-piston-2-piece-350mm-slotted-type-3-black-med.jpg,2,,,,,,,,1N3.8023A1,,,,,,,,,,https://racetechnologies.com/sites/default/files/content/images/brakekits/brembo-l-caliper-6-piston-2-piece-350mm-slotted-type-3-black-med.jpg,kg,8708949900,,,,,
brembo-1n-8023a-f-6-piston-cast-monobloc-calipers-350mm-13-8-2-piece-discs-brake-disc,,,,,,,,,TY3,,Silver,,,BREMBO-1N3.8023A3,25000,shopify,continue,manual,4058.82,4411.76,TRUE,TRUE,1N3.8023A3,https://racetechnologies.com/sites/default/files/content/images/brakekits/brembo-l-caliper-6-piston-2-piece-350mm-slotted-type-3-silver-med.jpg,3,,,,,,,,1N3.8023A3,,,,,,,,,,https://racetechnologies.com/sites/default/files/content/images/brakekits/brembo-l-caliper-6-piston-2-piece-350mm-slotted-type-3-silver-med.jpg,kg,8708949900,,,,,
brembo-1n-8023a-f-6-piston-cast-monobloc-calipers-350mm-13-8-2-piece-discs-brake-disc,,,,,,,,,TY3,,Yellow,,,BREMBO-1N3.8023A5,25000,shopify,continue,manual,4058.82,4411.76,TRUE,TRUE,1N3.8023A5,https://racetechnologies.com/sites/default/files/content/images/brakekits/brembo-l-caliper-6-piston-2-piece-350mm-slotted-type-3-yellow-med.jpg,4,,,,,,,,1N3.8023A5,,,,,,,,,,https://racetechnologies.com/sites/default/files/content/images/brakekits/brembo-l-caliper-6-piston-2-piece-350mm-slotted-type-3-yellow-med.jpg,kg,8708949900,,,,,
brembo-1n-8023a-f-6-piston-billet-monobloc-calipers-350mm-13-8-2-piece-discs-brake-disc,Brembo 1N-.8023A 6-Piston Billet Monobloc Calipers  350mm (13.8'') 2-Piece Discs Brake Disc (Front),"<h4><strong>Description</strong></h4>This is 6-Piston Billet Monobloc Calipers | 350mm (13.8'') 2-Piece Discs | Complete Axle Set | Pre-Assembled | All Necessary Hardware Included, Front        <p>&nbsp;</p>        <h4>Features</h4>        <p><strong>Caliper</strong></p><table><tbody>  <tr><td>Caliper Body</td><td>:</td><td>Billet Monobloc Radial Mount</td></tr>  <tr><td>Caliper Piston Configuration</td><td>:</td><td>6-Piston</td></tr>  <tr><td>Caliper Piston Design And Insert Type</td><td>:</td><td>Inner Pressure Seal / Recessed Dust Boot / Ventilated Stainless Steel Insert</td></tr></tbody></table><p><strong>Disc</strong></p><table><tbody>  <tr><td>Disc Material/Finish</td><td>:</td><td>Advanced High Carbon Alloy / Corrosion Resistant Plating</td></tr>  <tr><td>Disc Diameter</td><td>:</td><td>328mm</td></tr>  <tr><td>Disc Width (Measurement)</td><td>:</td><td>28mm</td></tr>  <tr><td>Disc Air Gap (Measurement)</td><td>:</td><td>17mm</td></tr>  <tr><td>Disc Annulus (Measurement)</td><td>:</td><td>54mm</td></tr>  <tr><td>Disc Construction</td><td>:</td><td>2-Piece Disc Assembly</td></tr>  <tr><td>Disc Vane Design (Measurement)</td><td>:</td><td>Vented Curved 48 Vane</td></tr>  <tr><td>Disc To Hat Mounting System</td><td>:</td><td>Floating D-Bobbin with Anti Rattle Spring</td></tr></tbody></table><p><strong>Friction Material</strong></p><table><tbody>  <tr><td>Pad Compound</td><td>:</td><td>Brembo High Performance FM1000</td></tr>  <tr><td>Pad Volume / Surface Area</td><td>:</td><td>48.2 | 53.6</td></tr></tbody></table>        <p>&nbsp;</p>        <h4>What's Included</h4><ul>  <li>Brake Lines: Proprietary Brembo Stainless Steel Braided Brake Lines by Goodridge</li>  <li>Mounting Hardware: Brembo Engineered CNC Billet Caliper Adapters - All Necessary Hardware Included For Ease of Installation</li></ul>        <p>&nbsp;</p>        <p>&nbsp;</p><h4>Compatibility</h4><div class=""compatibility-accordion-wrapper""><div class=""compatibility-tab"">                        <input name=""tabs"" type=""checkbox"" id=""compatibility-tab-1"">                        <label for=""compatibility-tab-1""><b>SUBARU</b><br></label>                                                    <div class=""compatibility-tab-content""><ul><li>WRX (VB)</li></ul></div></div></div><p>Feel free to contact us at info@mlperformance.co.uk should you wish to double check!</p>        <p>&nbsp;</p>        <h4>Compatibility Check</h4><p>To ensure the part(s) you have ordered fits your vehicle, we run a compatibility check prior to dispatch. We can do this either using your registration number (UK) or the last 7 digits of your VIN. Simply enter your car details prior to checkout.</p>          <p>&nbsp;</p>        <h4>Part Number</h4><p>BREMBO-1N3.8023AR (TY3 /  Nickel Plated)</p>        <p>&nbsp;</p>        <h4>More Information</h4><p><strong>Manufactured by</strong></p><p>Brembo</p>",Brembo,,Brake,"Uploaded by_Muazzim, Brand_Brembo, Product Type_Brake, Category_Brake Discs",TRUE,Disc Type,TY3,Finish,Nickel Plated,,,BREMBO-1N3.8023AR,25000,shopify,continue,manual,8066.92,8768.39,TRUE,TRUE,1N3.8023AR,https://racetechnologies.com/sites/default/files/content/images/brakekits/brembo-l-caliper-6-piston-2-piece-350mm-slotted-type-3-gt-r-med.jpg,1,Brembo 1N-.8023A (F) 6-Piston Billet Monobloc Calipers  350mm (13.8'') 2-Piece Discs Brake Disc,,Brembo 1N-.8023A (F) 6-Piston Billet Monobloc Calipers  350mm (13.8'') 2-Piece Discs Brake Disc,Get Brembo 1N-.8023A (F) 6-Piston Billet Monobloc Calipers  350mm (13.8'') 2-Piece Discs Brake Disc for your car to get your desired looks and performance from ML Performance at the lowest price with FREE UK shipping & next day delivery on in stock items. Very cheap prices & good service.,,,,1N3.8023AR,,,new,,,,,,,https://racetechnologies.com/sites/default/files/content/images/brakekits/brembo-l-caliper-6-piston-2-piece-350mm-slotted-type-3-gt-r-med.jpg,kg,8708949900,,,,,active
brembo-1n-8023a-f-6-piston-cast-monobloc-calipers-350mm-13-8-2-piece-discs-brake-disc,Brembo 1N-.8023A 6-Piston Cast Monobloc Calipers  350mm (13.8'') 2-Piece Discs Brake Disc (Front),"<h4><strong>Description</strong></h4>This is 6-Piston Cast Monobloc Calipers | 350mm (13.8'') 2-Piece Discs | Complete Axle Set | Pre-Assembled | All Necessary Hardware Included, Front        <p>&nbsp;</p>        <h4>Features</h4>        <p><strong>Caliper</strong></p><table><tbody>  <tr><td>Caliper Body</td><td>:</td><td>Cast Monobloc Radial Mount</td></tr>  <tr><td>Caliper Piston Configuration</td><td>:</td><td>6-Piston</td></tr>  <tr><td>Caliper Piston Design And Insert Type</td><td>:</td><td>Inner Pressure Seal / Recessed Dust Boot / Stainless Steel Insert</td></tr></tbody></table><p><strong>Disc</strong></p><table><tbody>  <tr><td>Disc Material/Finish</td><td>:</td><td>Advanced High Carbon Alloy / Corrosion Resistant Plating</td></tr>  <tr><td>Disc Diameter</td><td>:</td><td>328mm</td></tr>  <tr><td>Disc Width (Measurement)</td><td>:</td><td>28mm</td></tr>  <tr><td>Disc Air Gap (Measurement)</td><td>:</td><td>17mm</td></tr>  <tr><td>Disc Annulus (Measurement)</td><td>:</td><td>54mm</td></tr>  <tr><td>Disc Construction</td><td>:</td><td>2-Piece Disc Assembly</td></tr>  <tr><td>Disc Vane Design (Measurement)</td><td>:</td><td>Vented Curved 48 Vane</td></tr>  <tr><td>Disc To Hat Mounting System</td><td>:</td><td>Floating D-Bobbin with Anti Rattle Spring</td></tr></tbody></table><p><strong>Friction Material</strong></p><table><tbody>  <tr><td>Pad Compound</td><td>:</td><td>Brembo High Performance FM1000</td></tr>  <tr><td>Pad Volume / Surface Area</td><td>:</td><td>48.2 | 53.6</td></tr></tbody></table>        <p>&nbsp;</p>        <h4>What's Included</h4><ul>  <li>Brake Lines: Proprietary Brembo Stainless Steel Braided Brake Lines by Goodridge</li>  <li>Mounting Hardware: Brembo Engineered CNC Billet Caliper Adapters - All Necessary Hardware Included For Ease of Installation</li></ul>        <p>&nbsp;</p>        <p>&nbsp;</p><h4>Compatibility</h4><div class=""compatibility-accordion-wrapper""><div class=""compatibility-tab"">                        <input name=""tabs"" type=""checkbox"" id=""compatibility-tab-1"">                        <label for=""compatibility-tab-1""><b>SUBARU</b><br></label>                                                    <div class=""compatibility-tab-content""><ul><li>WRX (VB)</li></ul></div></div></div><p>Feel free to contact us at info@mlperformance.co.uk should you wish to double check!</p>        <p>&nbsp;</p>        <h4>Compatibility Check</h4><p>To ensure the part(s) you have ordered fits your vehicle, we run a compatibility check prior to dispatch. We can do this either using your registration number (UK) or the last 7 digits of your VIN. Simply enter your car details prior to checkout.</p>          <p>&nbsp;</p>        <h4>Part Number</h4><p>BREMBO-1N3.8023A2 (TY3 /  Red)</p><p>BREMBO-1N3.8023A1 (TY3 /  Black)</p><p>BREMBO-1N3.8023A3 (TY3 /  Silver)</p><p>BREMBO-1N3.8023A5 (TY3 /  Yellow)</p><p>BREMBO-1N3.8023AS (TY3 /  Black Hard Anodized)</p>        <p>&nbsp;</p>        <h4>More Information</h4><p><strong>Manufactured by</strong></p><p>Brembo</p>",Brembo,,Brake,"Uploaded by_Muazzim, Brand_Brembo, Product Type_Brake, Category_Brake Discs",TRUE,Disc Type,TY3,Finish,Black Hard Anodized,,,BREMBO-1N3.8023AS,25000,shopify,continue,manual,4160.29,4522.06,TRUE,TRUE,1N3.8023AS,https://racetechnologies.com/sites/default/files/content/images/brakekits/brembo-l-caliper-6-piston-2-piece-350mm-slotted-type-3-med_1.jpg,1,Brembo 1N-.8023A (F) 6-Piston Cast Monobloc Calipers  350mm (13.8'') 2-Piece Discs Brake Disc,,Brembo 1N-.8023A (F) 6-Piston Cast Monobloc Calipers  350mm (13.8'') 2-Piece Discs Brake Disc,Get Brembo 1N-.8023A (F) 6-Piston Cast Monobloc Calipers  350mm (13.8'') 2-Piece Discs Brake Disc for your car to get your desired looks and performance from ML Performance at the lowest price with FREE UK shipping & next day delivery on in stock items. Very cheap prices & good service.,,,,1N3.8023AS,,,new,,,,,,,https://racetechnologies.com/sites/default/files/content/images/brakekits/brembo-l-caliper-6-piston-2-piece-350mm-slotted-type-3-med_1.jpg,kg,8708949900,,,,,active
brembo-07-b314-58sport-hp2-brake-pads-07-b314-58,Brembo 07.B314.58-HP2 | HP2 Brake Pads,"<h4><strong>Description</strong></h4><p>HP2 brake pads offer outstanding cold performance a good bite, superior fading resistance, and friction stability in all conditions and low dust levels.  Thanks to the friction material, they provide significant advantages over their competitors.  Designed to be interchangeable with original equipment brake pads (OE), they are approved to ECE-R90.</p>        <p>&nbsp;</p>        <h4>Features</h4>        <table><tbody><tr><td><strong>Width</strong></td><td>:</td><td>190mm</td></tr><tr><td><strong>Thickness</strong></td><td>:</td><td>17mm</td></tr><tr><td><strong>Wear indicator</strong></td><td>:</td><td>Prepared for wear indicator</td></tr><tr><td><strong>EAN code</strong></td><td>:</td><td>8020584602478</td></tr></tbody></table>        <p>&nbsp;</p>        <h4>Compatibility</h4><p>Feel free to contact us at info@mlperformance.co.uk should you wish to double check!</p>        <p>&nbsp;</p>        <h4>Compatibility Check</h4><p>To ensure the part(s) you have ordered fits your vehicle, we run a compatibility check prior to dispatch. We can do this either using your registration number (UK) or the last 7 digits of your VIN. Simply enter your car details prior to checkout.</p>          <p>&nbsp;</p>        £        <p>&nbsp;</p>        <h4>More Information</h4><p><strong>Manufactured by</strong></p><p>Brembo</p>",Brembo,,Brake,"Uploaded by_Muazzim, Brand_Brembo, Product Type_Brake, Category_Brake Pads",TRUE,Title,Default Title,,,,,BREMBO-07.B314.58-HP2,5000,shopify,continue,manual,251.87,273.77,TRUE,TRUE,8020584602478,https://www.bremboparts.com/en/media/product/images/1920-1920-Fix/280289b6-5fc7-4fdc-b8bd-18148ca2ddd3,1,Brembo 07.B314.58SPORT | HP2 brake pads 07.B314.58,,Brembo 07.B314.58SPORT | HP2 brake pads 07.B314.58,Get Brembo 07.B314.58SPORT | HP2 brake pads 07.B314.58 for your car to get your desired looks and performance from ML Performance at the lowest price with FREE UK shipping & next day delivery on in stock items. Very cheap prices & good service.,,,,07.B314.58-HP2,,,new,,,,,,,,kg,8708949900,159.7,,,,active
brembo-07-b314-58sport-hp2-brake-pads-07-b314-58,,,,,,,,,,,,,,,,,,,,,,,,https://www.bremboparts.com/en/media/product/images/1920-1920-Fix/61e1042e-5b7c-4e6e-aa21-0d0f64316667,2,,,,,,,,,,,,,,,,,,,,,,,,,
brembo-07-b314-58sport-hp2-brake-pads-07-b314-58,,,,,,,,,,,,,,,,,,,,,,,,https://www.bremboparts.com/en/media/product/images/1920-1920-Fix/4fc03cad-4214-433b-b743-8f80be22fb25,3,,,,,,,,,,,,,,,,,,,,,,,,,
brembo-07-b314-58sport-hp2-brake-pads-07-b314-58,,,,,,,,,,,,,,,,,,,,,,,,https://www.bremboparts.com/en/media/product/images/1920-1920-Fix/2e218572-5c38-4210-b4e7-ab0c2e9d576f,4,,,,,,,,,,,,,,,,,,,,,,,,,
brembo-07-b314-59sport-hp2-brake-pads-07-b314-59,Brembo 07.B314.59-HP2 | HP2 Brake Pads,"<h4><strong>Description</strong></h4><p>HP2 brake pads offer outstanding cold performance a good bite, superior fading resistance, and friction stability in all conditions and low dust levels.  Thanks to the friction material, they provide significant advantages over their competitors.  Designed to be interchangeable with original equipment brake pads (OE), they are approved to ECE-R90.</p>        <p>&nbsp;</p>        <h4>Features</h4>        <table><tbody><tr><td><strong>Width</strong></td><td>:</td><td>190mm</td></tr><tr><td><strong>Thickness</strong></td><td>:</td><td>17mm</td></tr><tr><td><strong>Wear indicator</strong></td><td>:</td><td>Prepared for wear indicator</td></tr><tr><td><strong>EAN code</strong></td><td>:</td><td>8020584602485</td></tr></tbody></table>        <p>&nbsp;</p>        <h4>Compatibility</h4><p>Feel free to contact us at info@mlperformance.co.uk should you wish to double check!</p>        <p>&nbsp;</p>        <h4>Compatibility Check</h4><p>To ensure the part(s) you have ordered fits your vehicle, we run a compatibility check prior to dispatch. We can do this either using your registration number (UK) or the last 7 digits of your VIN. Simply enter your car details prior to checkout.</p>          <p>&nbsp;</p>        <h4>Part Number</h4><p>BREMBO-07.B314.59-HP2</p>        <p>&nbsp;</p>        <h4>More Information</h4><p><strong>Manufactured by</strong></p><p>Brembo</p>",Brembo,,Brake,"Uploaded by_Muazzim, Brand_Brembo, Product Type_Brake, Category_Brake Pads",TRUE,Title,Default Title,,,,,BREMBO-07.B314.59-HP2,5000,shopify,continue,manual,272.01,295.66,TRUE,TRUE,8020584602485,https://www.bremboparts.com/en/media/product/images/1920-1920-Fix/d2234434-18c4-4a35-9b9d-bc06971ecafd,1,Brembo 07.B314.59SPORT | HP2 brake pads 07.B314.59,,Brembo 07.B314.59SPORT | HP2 brake pads 07.B314.59,Get Brembo 07.B314.59SPORT | HP2 brake pads 07.B314.59 for your car to get your desired looks and performance from ML Performance at the lowest price with FREE UK shipping & next day delivery on in stock items. Very cheap prices & good service.,,,,07.B314.59-HP2,,,new,,,,,,,,kg,8708949900,172.47,,,,active
brembo-07-b314-59sport-hp2-brake-pads-07-b314-59,,,,,,,,,,,,,,,,,,,,,,,,https://www.bremboparts.com/en/media/product/images/1920-1920-Fix/aa7eed8a-a8d5-423c-8011-9f01ca8195f1,2,,,,,,,,,,,,,,,,,,,,,,,,,
brembo-07-b314-59sport-hp2-brake-pads-07-b314-59,,,,,,,,,,,,,,,,,,,,,,,,https://www.bremboparts.com/en/media/product/images/1920-1920-Fix/dd3a0713-fd09-4be3-bb29-61dc438def6d,3,,,,,,,,,,,,,,,,,,,,,,,,,
brembo-07-b314-59sport-hp2-brake-pads-07-b314-59,,,,,,,,,,,,,,,,,,,,,,,,https://www.bremboparts.com/en/media/product/images/1920-1920-Fix/ff882a7f-8850-45dd-96fd-16a6a9eb42ac,4,,,,,,,,,,,,,,,,,,,,,,,,,
brembo-07-b314-61sport-hp2-brake-pads-07-b314-61,Brembo 07.B314.61-HP2 | HP2 Brake Pads,"<h4><strong>Description</strong></h4><p>HP2 brake pads offer outstanding cold performance a good bite, superior fading resistance, and friction stability in all conditions and low dust levels.  Thanks to the friction material, they provide significant advantages over their competitors.  Designed to be interchangeable with original equipment brake pads (OE), they are approved to ECE-R90.</p>        <p>&nbsp;</p>        <h4>Features</h4>        <table><tbody><tr><td><strong>Width</strong></td><td>:</td><td>149mm</td></tr><tr><td><strong>Thickness</strong></td><td>:</td><td>17mm</td></tr><tr><td><strong>WVA number</strong></td><td>:</td><td>20346</td></tr><tr><td><strong>EAN code</strong></td><td>:</td><td>8020584602508</td></tr></tbody></table>        <p>&nbsp;</p>        <h4>Compatibility</h4><p>Feel free to contact us at info@mlperformance.co.uk should you wish to double check!</p>        <p>&nbsp;</p>        <h4>Compatibility Check</h4><p>To ensure the part(s) you have ordered fits your vehicle, we run a compatibility check prior to dispatch. We can do this either using your registration number (UK) or the last 7 digits of your VIN. Simply enter your car details prior to checkout.</p>          <p>&nbsp;</p>        <h4>Part Number</h4><p>BREMBO-07.B314.61-HP2</p>        <p>&nbsp;</p>        <h4>More Information</h4><p><strong>Manufactured by</strong></p><p>Brembo</p>",Brembo,,Brake,"Uploaded by_Muazzim, Brand_Brembo, Product Type_Brake, Category_Brake Pads",TRUE,Title,Default Title,,,,,BREMBO-07.B314.61-HP2,5000,shopify,continue,manual,160.74,174.72,TRUE,TRUE,8020584602508,https://www.bremboparts.com/en/media/product/images/1920-1920-Fix/97c369e0-66cb-414b-bf2c-18dddbdbca34,1,Brembo 07.B314.61SPORT | HP2 brake pads 07.B314.61,,Brembo 07.B314.61SPORT | HP2 brake pads 07.B314.61,Get Brembo 07.B314.61SPORT | HP2 brake pads 07.B314.61 for your car to get your desired looks and performance from ML Performance at the lowest price with FREE UK shipping & next day delivery on in stock items. Very cheap prices & good service.,,,,07.B314.61-HP2,,,new,,,,,,,,kg,8708949900,101.92,,,,active
brembo-07-b314-61sport-hp2-brake-pads-07-b314-61,,,,,,,,,,,,,,,,,,,,,,,,https://www.bremboparts.com/en/media/product/images/1920-1920-Fix/71e513e1-7d2c-453e-bb24-02086ff9323b,2,,,,,,,,,,,,,,,,,,,,,,,,,
brembo-07-b314-61sport-hp2-brake-pads-07-b314-61,,,,,,,,,,,,,,,,,,,,,,,,https://www.bremboparts.com/en/media/product/images/1920-1920-Fix/1248666b-3efa-4e42-ab4d-cb6b5ef8a8bf,3,,,,,,,,,,,,,,,,,,,,,,,,,
brembo-07-b314-61sport-hp2-brake-pads-07-b314-61,,,,,,,,,,,,,,,,,,,,,,,,https://www.bremboparts.com/en/media/product/images/1920-1920-Fix/dde319cf-02f1-42ae-91d2-bf506f913319,4,,,,,,,,,,,,,,,,,,,,,,,,,
brembo-07-b314-63sport-hp2-brake-pads-07-b314-63,Brembo 07.B314.63-HP2 | HP2 Brake Pads,"<h4><strong>Description</strong></h4><p>HP2 brake pads offer outstanding cold performance a good bite, superior fading resistance, and friction stability in all conditions and low dust levels.  Thanks to the friction material, they provide significant advantages over their competitors.  Designed to be interchangeable with original equipment brake pads (OE), they are approved to ECE-R90.</p>        <p>&nbsp;</p>        <h4>Features</h4>        <table><tbody><tr><td><strong>Width</strong></td><td>:</td><td>165mm</td></tr><tr><td><strong>Thickness</strong></td><td>:</td><td>16mm</td></tr><tr><td><strong>WVA number</strong></td><td>:</td><td>25659</td></tr><tr><td><strong>EAN code</strong></td><td>:</td><td>8020584603239</td></tr></tbody></table>        <p>&nbsp;</p>        <h4>Compatibility</h4><p>Feel free to contact us at info@mlperformance.co.uk should you wish to double check!</p>        <p>&nbsp;</p>        <h4>Compatibility Check</h4><p>To ensure the part(s) you have ordered fits your vehicle, we run a compatibility check prior to dispatch. We can do this either using your registration number (UK) or the last 7 digits of your VIN. Simply enter your car details prior to checkout.</p>          <p>&nbsp;</p>        <h4>Part Number</h4><p>BREMBO-07.B314.63-HP2</p>        <p>&nbsp;</p>        <h4>More Information</h4><p><strong>Manufactured by</strong></p><p>Brembo</p>",Brembo,,Brake,"Uploaded by_Muazzim, Brand_Brembo, Product Type_Brake, Category_Brake Pads",TRUE,Title,Default Title,,,,,BREMBO-07.B314.63-HP2,5000,shopify,continue,manual,228.97,248.88,TRUE,TRUE,8020584603239,https://www.bremboparts.com/en/media/product/images/1920-1920-Fix/cf096b6d-9b33-4e3d-9f20-c09f4e7c15f5,1,Brembo 07.B314.63SPORT | HP2 brake pads 07.B314.63,,Brembo 07.B314.63SPORT | HP2 brake pads 07.B314.63,Get Brembo 07.B314.63SPORT | HP2 brake pads 07.B314.63 for your car to get your desired looks and performance from ML Performance at the lowest price with FREE UK shipping & next day delivery on in stock items. Very cheap prices & good service.,,,,07.B314.63-HP2,,,new,,,,,,,,kg,8708949900,145.18,,,,active
brembo-07-b314-63sport-hp2-brake-pads-07-b314-63,,,,,,,,,,,,,,,,,,,,,,,,https://www.bremboparts.com/en/media/product/images/1920-1920-Fix/afc10e59-d2aa-4c21-a1df-bb24dd1b4eb9,2,,,,,,,,,,,,,,,,,,,,,,,,,
brembo-07-b314-63sport-hp2-brake-pads-07-b314-63,,,,,,,,,,,,,,,,,,,,,,,,https://www.bremboparts.com/en/media/product/images/1920-1920-Fix/5c9e65ff-d826-41f0-b0a6-8cad7bbb978d,3,,,,,,,,,,,,,,,,,,,,,,,,,
brembo-07-b314-63sport-hp2-brake-pads-07-b314-63,,,,,,,,,,,,,,,,,,,,,,,,https://www.bremboparts.com/en/media/product/images/1920-1920-Fix/df0da4b1-74e8-4cfb-8dd7-c089ae76b34e,4,,,,,,,,,,,,,,,,,,,,,,,,,
brembo-07-b314-91sport-hp2-brake-pads-07-b314-91,Brembo 07.B314.91-HP2 | HP2 Brake Pads,"<h4><strong>Description</strong></h4><p>HP2 brake pads offer outstanding cold performance a good bite, superior fading resistance, and friction stability in all conditions and low dust levels.  Thanks to the friction material, they provide significant advantages over their competitors.  Designed to be interchangeable with original equipment brake pads (OE), they are approved to ECE-R90.</p>        <p>&nbsp;</p>        <h4>Features</h4>        <table><tbody><tr><td><strong>Width</strong></td><td>:</td><td>152mm</td></tr><tr><td><strong>Thickness</strong></td><td>:</td><td>18mm</td></tr><tr><td><strong>EAN code</strong></td><td>:</td><td>8020584602706</td></tr></tbody></table>        <p>&nbsp;</p>        <h4>Compatibility</h4><p>Feel free to contact us at info@mlperformance.co.uk should you wish to double check!</p>        <p>&nbsp;</p>        <h4>Compatibility Check</h4><p>To ensure the part(s) you have ordered fits your vehicle, we run a compatibility check prior to dispatch. We can do this either using your registration number (UK) or the last 7 digits of your VIN. Simply enter your car details prior to checkout.</p>          <p>&nbsp;</p>        <h4>Part Number</h4><p>BREMBO-07.B314.91-HP2</p>        <p>&nbsp;</p>        <h4>More Information</h4><p><strong>Manufactured by</strong></p><p>Brembo</p>",Brembo,,Brake,"Uploaded by_Muazzim, Brand_Brembo, Product Type_Brake, Category_Brake Pads",TRUE,Title,Default Title,,,,,BREMBO-07.B314.91-HP2,5000,shopify,continue,manual,176.07,191.38,TRUE,TRUE,8020584602706,https://www.bremboparts.com/en/media/product/images/1920-1920-Fix/f620015f-9a14-4891-924c-8b91042cf965,1,Brembo 07.B314.91SPORT | HP2 brake pads 07.B314.91,,Brembo 07.B314.91SPORT | HP2 brake pads 07.B314.91,Get Brembo 07.B314.91SPORT | HP2 brake pads 07.B314.91 for your car to get your desired looks and performance from ML Performance at the lowest price with FREE UK shipping & next day delivery on in stock items. Very cheap prices & good service.,,,,07.B314.91-HP2,,,new,,,,,,,,kg,8708949900,111.64,,,,active
brembo-07-b314-91sport-hp2-brake-pads-07-b314-91,,,,,,,,,,,,,,,,,,,,,,,,https://www.bremboparts.com/en/media/product/images/1920-1920-Fix/772846bb-1b8c-41d9-bd79-766d59679c30,2,,,,,,,,,,,,,,,,,,,,,,,,,
brembo-07-b314-91sport-hp2-brake-pads-07-b314-91,,,,,,,,,,,,,,,,,,,,,,,,https://www.bremboparts.com/en/media/product/images/1920-1920-Fix/31e9f4e9-1a43-42df-87db-37978574498b,3,,,,,,,,,,,,,,,,,,,,,,,,,
brembo-07-b314-91sport-hp2-brake-pads-07-b314-91,,,,,,,,,,,,,,,,,,,,,,,,https://www.bremboparts.com/en/media/product/images/1920-1920-Fix/3a88e8f0-6eeb-4e4d-9d95-4a859ca37f82,4,,,,,,,,,,,,,,,,,,,,,,,,,
brembo-07-b314-99sport-hp2-brake-pads-07-b314-99,Brembo 07.B314.99-HP2 | HP2 Brake Pads,"<h4><strong>Description</strong></h4><p>HP2 brake pads offer outstanding cold performance a good bite, superior fading resistance, and friction stability in all conditions and low dust levels.  Thanks to the friction material, they provide significant advantages over their competitors.  Designed to be interchangeable with original equipment brake pads (OE), they are approved to ECE-R90.</p>        <p>&nbsp;</p>        <h4>Features</h4>        <table><tbody><tr><td><strong>Width</strong></td><td>:</td><td>155mm</td></tr><tr><td><strong>Thickness</strong></td><td>:</td><td>20mm</td></tr><tr><td><strong>Wear indicator</strong></td><td>:</td><td>Electric</td></tr><tr><td><strong>WVA number</strong></td><td>:</td><td>23313,24255</td></tr><tr><td><strong>EAN code</strong></td><td>:</td><td>8020584603574</td></tr></tbody></table>        <p>&nbsp;</p>        <h4>Compatibility</h4><p>Feel free to contact us at info@mlperformance.co.uk should you wish to double check!</p>        <p>&nbsp;</p>        <h4>Compatibility Check</h4><p>To ensure the part(s) you have ordered fits your vehicle, we run a compatibility check prior to dispatch. We can do this either using your registration number (UK) or the last 7 digits of your VIN. Simply enter your car details prior to checkout.</p>          <p>&nbsp;</p>        <h4>Part Number</h4><p>BREMBO-07.B314.99-HP2</p>        <p>&nbsp;</p>        <h4>More Information</h4><p><strong>Manufactured by</strong></p><p>Brembo</p>",Brembo,,Brake,"Uploaded by_Muazzim, Brand_Brembo, Product Type_Brake, Category_Brake Pads",TRUE,Title,Default Title,,,,,BREMBO-07.B314.99-HP2,5000,shopify,continue,manual,148.83,161.77,TRUE,TRUE,8020584603574,https://www.bremboparts.com/en/media/product/images/1920-1920-Fix/c2a72e1f-8d0d-4d4d-be25-7e22e38000a8,1,Brembo 07.B314.99SPORT | HP2 brake pads 07.B314.99,,Brembo 07.B314.99SPORT | HP2 brake pads 07.B314.99,Get Brembo 07.B314.99SPORT | HP2 brake pads 07.B314.99 for your car to get your desired looks and performance from ML Performance at the lowest price with FREE UK shipping & next day delivery on in stock items. Very cheap prices & good service.,,,,07.B314.99-HP2,,,new,,,,,,,,kg,8708949900,94.37,,,,active
brembo-07-b314-99sport-hp2-brake-pads-07-b314-99,,,,,,,,,,,,,,,,,,,,,,,,https://www.bremboparts.com/en/media/product/images/1920-1920-Fix/844c9281-3fa1-43c4-a3c6-7b8dded5e4e3,2,,,,,,,,,,,,,,,,,,,,,,,,,
brembo-07-b314-99sport-hp2-brake-pads-07-b314-99,,,,,,,,,,,,,,,,,,,,,,,,https://www.bremboparts.com/en/media/product/images/1920-1920-Fix/d9b3f10f-ca78-4612-8c20-78854aef932a,3,,,,,,,,,,,,,,,,,,,,,,,,,
brembo-07-b314-99sport-hp2-brake-pads-07-b314-99,,,,,,,,,,,,,,,,,,,,,,,,https://www.bremboparts.com/en/media/product/images/1920-1920-Fix/2329cb04-baf0-4211-948b-34c0c9c9ef7b,4,,,,,,,,,,,,,,,,,,,,,,,,,
brembo-07-b315-32sport-hp2-brake-pads-07-b315-32,Brembo 07.B315.32-HP2 | HP2 Brake Pads,"<h4><strong>Description</strong></h4><p>HP2 brake pads offer outstanding cold performance a good bite, superior fading resistance, and friction stability in all conditions and low dust levels.  Thanks to the friction material, they provide significant advantages over their competitors.  Designed to be interchangeable with original equipment brake pads (OE), they are approved to ECE-R90.</p>        <p>&nbsp;</p>        <h4>Features</h4>        <table><tbody><tr><td><strong>Width</strong></td><td>:</td><td>114mm</td></tr><tr><td><strong>Thickness</strong></td><td>:</td><td>16mm</td></tr><tr><td><strong>WVA number</strong></td><td>:</td><td>20349</td></tr><tr><td><strong>EAN code</strong></td><td>:</td><td>8020584603031</td></tr></tbody></table>        <p>&nbsp;</p>        <h4>Compatibility</h4><p>Feel free to contact us at info@mlperformance.co.uk should you wish to double check!</p>        <p>&nbsp;</p>        <h4>Compatibility Check</h4><p>To ensure the part(s) you have ordered fits your vehicle, we run a compatibility check prior to dispatch. We can do this either using your registration number (UK) or the last 7 digits of your VIN. Simply enter your car details prior to checkout.</p>          <p>&nbsp;</p>        <h4>Part Number</h4><p>BREMBO-07.B315.32-HP2</p>        <p>&nbsp;</p>        <h4>More Information</h4><p><strong>Manufactured by</strong></p><p>Brembo</p>",Brembo,,Brake,"Uploaded by_Muazzim, Brand_Brembo, Product Type_Brake, Category_Brake Pads",TRUE,Title,Default Title,,,,,BREMBO-07.B315.32-HP2,5000,shopify,continue,manual,123.65,134.4,TRUE,TRUE,8020584603031,https://www.bremboparts.com/en/media/product/images/1920-1920-Fix/b9f75555-e424-4c19-8302-7fb18e4bf0c3,1,Brembo 07.B315.32SPORT | HP2 brake pads 07.B315.32,,Brembo 07.B315.32SPORT | HP2 brake pads 07.B315.32,Get Brembo 07.B315.32SPORT | HP2 brake pads 07.B315.32 for your car to get your desired looks and performance from ML Performance at the lowest price with FREE UK shipping & next day delivery on in stock items. Very cheap prices & good service.,,,,07.B315.32-HP2,,,new,,,,,,,,kg,8708949900,78.4,,,,active
brembo-07-b315-32sport-hp2-brake-pads-07-b315-32,,,,,,,,,,,,,,,,,,,,,,,,https://www.bremboparts.com/en/media/product/images/1920-1920-Fix/01acd181-873a-497a-90a1-79f828c7a345,2,,,,,,,,,,,,,,,,,,,,,,,,,
brembo-07-b315-32sport-hp2-brake-pads-07-b315-32,,,,,,,,,,,,,,,,,,,,,,,,https://www.bremboparts.com/en/media/product/images/1920-1920-Fix/f3352c66-1824-4be5-88b5-0a9ed4228377,3,,,,,,,,,,,,,,,,,,,,,,,,,
brembo-07-b315-32sport-hp2-brake-pads-07-b315-32,,,,,,,,,,,,,,,,,,,,,,,,https://www.bremboparts.com/en/media/product/images/1920-1920-Fix/c71b7117-d457-4204-9fac-a562615c0375,4,,,,,,,,,,,,,,,,,,,,,,,,,
brembo-07-b315-45sport-hp2-brake-pads-07-b315-45,Brembo 07.B315.45-HP2 | HP2 Brake Pads,"<h4><strong>Description</strong></h4><p>HP2 brake pads offer outstanding cold performance a good bite, superior fading resistance, and friction stability in all conditions and low dust levels.  Thanks to the friction material, they provide significant advantages over their competitors.  Designed to be interchangeable with original equipment brake pads (OE), they are approved to ECE-R90.</p>        <p>&nbsp;</p>        <h4>Features</h4>        <table><tbody><tr><td><strong>Width</strong></td><td>:</td><td>110mm</td></tr><tr><td><strong>Thickness</strong></td><td>:</td><td>15mm</td></tr><tr><td><strong>WVA number</strong></td><td>:</td><td>21382</td></tr><tr><td><strong>EAN code</strong></td><td>:</td><td>8020584603260</td></tr></tbody></table>        <p>&nbsp;</p>        <h4>Compatibility</h4><p>Feel free to contact us at info@mlperformance.co.uk should you wish to double check!</p>        <p>&nbsp;</p>        <h4>Compatibility Check</h4><p>To ensure the part(s) you have ordered fits your vehicle, we run a compatibility check prior to dispatch. We can do this either using your registration number (UK) or the last 7 digits of your VIN. Simply enter your car details prior to checkout.</p>          <p>&nbsp;</p>        <h4>Part Number</h4><p>BREMBO-07.B315.45-HP2</p>        <p>&nbsp;</p>        <h4>More Information</h4><p><strong>Manufactured by</strong></p><p>Brembo</p>",Brembo,,Brake,"Uploaded by_Muazzim, Brand_Brembo, Product Type_Brake, Category_Brake Pads",TRUE,Title,Default Title,,,,,BREMBO-07.B315.45-HP2,5000,shopify,continue,manual,133.57,145.18,TRUE,TRUE,8020584603260,https://www.bremboparts.com/en/media/product/images/1920-1920-Fix/17c161e2-9c3e-40d9-93c6-20bc00728af4,1,Brembo 07.B315.45SPORT | HP2 brake pads 07.B315.45,,Brembo 07.B315.45SPORT | HP2 brake pads 07.B315.45,Get Brembo 07.B315.45SPORT | HP2 brake pads 07.B315.45 for your car to get your desired looks and performance from ML Performance at the lowest price with FREE UK shipping & next day delivery on in stock items. Very cheap prices & good service.,,,,07.B315.45-HP2,,,new,,,,,,,,kg,8708949900,84.69,,,,active
brembo-07-b315-45sport-hp2-brake-pads-07-b315-45,,,,,,,,,,,,,,,,,,,,,,,,https://www.bremboparts.com/en/media/product/images/1920-1920-Fix/217f1a73-8567-4387-bf20-685a1ccb3bbb,2,,,,,,,,,,,,,,,,,,,,,,,,,
brembo-07-b315-45sport-hp2-brake-pads-07-b315-45,,,,,,,,,,,,,,,,,,,,,,,,https://www.bremboparts.com/en/media/product/images/1920-1920-Fix/7a33cfc1-78bc-4ebc-a8b0-2672a0281cd4,3,,,,,,,,,,,,,,,,,,,,,,,,,
brembo-07-b315-45sport-hp2-brake-pads-07-b315-45,,,,,,,,,,,,,,,,,,,,,,,,https://www.bremboparts.com/en/media/product/images/1920-1920-Fix/52c41a89-13a8-4a86-837f-c9f1622db0ab,4,,,,,,,,,,,,,,,,,,,,,,,,,
brembo-07-b315-46sport-hp2-brake-pads-07-b315-46,Brembo 07.B315.46-HP2 | HP2 Brake Pads,"<h4><strong>Description</strong></h4><p>HP2 brake pads offer outstanding cold performance a good bite, superior fading resistance, and friction stability in all conditions and low dust levels.  Thanks to the friction material, they provide significant advantages over their competitors.  Designed to be interchangeable with original equipment brake pads (OE), they are approved to ECE-R90.</p>        <p>&nbsp;</p>        <h4>Features</h4>        <table><tbody><tr><td><strong>Thickness</strong></td><td>:</td><td>15mm</td></tr><tr><td><strong>WVA number</strong></td><td>:</td><td>21382</td></tr><tr><td><strong>EAN code</strong></td><td>:</td><td>-</td></tr></tbody></table>        <p>&nbsp;</p>        <h4>Compatibility</h4><p>Feel free to contact us at info@mlperformance.co.uk should you wish to double check!</p>        <p>&nbsp;</p>        <h4>Compatibility Check</h4><p>To ensure the part(s) you have ordered fits your vehicle, we run a compatibility check prior to dispatch. We can do this either using your registration number (UK) or the last 7 digits of your VIN. Simply enter your car details prior to checkout.</p>          <p>&nbsp;</p>        <h4>Part Number</h4><p>BREMBO-07.B315.46-HP2</p>        <p>&nbsp;</p>        <h4>More Information</h4><p><strong>Manufactured by</strong></p><p>Brembo</p>",Brembo,,Brake,"Uploaded by_Muazzim, Brand_Brembo, Product Type_Brake, Category_Brake Pads",TRUE,Title,Default Title,,,,,BREMBO-07.B315.46-HP2,5000,shopify,continue,manual,133.57,145.18,TRUE,TRUE,07.B315.46-HP2,https://www.bremboparts.com/en/media/product/images/1920-1920-Fix/85053a4e-f75d-4cef-9707-d68fa418a491,1,Brembo 07.B315.46SPORT | HP2 brake pads 07.B315.46,,Brembo 07.B315.46SPORT | HP2 brake pads 07.B315.46,Get Brembo 07.B315.46SPORT | HP2 brake pads 07.B315.46 for your car to get your desired looks and performance from ML Performance at the lowest price with FREE UK shipping & next day delivery on in stock items. Very cheap prices & good service.,,,,07.B315.46-HP2,,,new,,,,,,,,kg,8708949900,84.69,,,,active
brembo-07-b315-46sport-hp2-brake-pads-07-b315-46,,,,,,,,,,,,,,,,,,,,,,,,https://www.bremboparts.com/en/media/product/images/1920-1920-Fix/ab5a4232-2130-4071-b158-eb9d307bf609,2,,,,,,,,,,,,,,,,,,,,,,,,,
brembo-07-b315-46sport-hp2-brake-pads-07-b315-46,,,,,,,,,,,,,,,,,,,,,,,,https://www.bremboparts.com/en/media/product/images/1920-1920-Fix/6ef65d3e-a534-4968-b5f0-4793de15e852,3,,,,,,,,,,,,,,,,,,,,,,,,,
brembo-07-b315-46sport-hp2-brake-pads-07-b315-46,,,,,,,,,,,,,,,,,,,,,,,,https://www.bremboparts.com/en/media/product/images/1920-1920-Fix/40e0e946-fe28-4e9e-9210-c7bd91eb90a6,4,,,,,,,,,,,,,,,,,,,,,,,,,
brembo-07-b315-67sport-hp2-brake-pads-07-b315-67,Brembo 07.B315.67-HP2 | HP2 Brake Pads,"<h4><strong>Description</strong></h4><p>HP2 brake pads offer outstanding cold performance a good bite, superior fading resistance, and friction stability in all conditions and low dust levels.  Thanks to the friction material, they provide significant advantages over their competitors.  Designed to be interchangeable with original equipment brake pads (OE), they are approved to ECE-R90.</p>        <p>&nbsp;</p>        <h4>Features</h4>        <table><tbody><tr><td><strong>Width</strong></td><td>:</td><td>119mm</td></tr><tr><td><strong>Thickness</strong></td><td>:</td><td>17mm</td></tr><tr><td><strong>EAN code</strong></td><td>:</td><td>8020584603673</td></tr></tbody></table>        <p>&nbsp;</p>        <h4>Compatibility</h4><p>Feel free to contact us at info@mlperformance.co.uk should you wish to double check!</p>        <p>&nbsp;</p>        <h4>Compatibility Check</h4><p>To ensure the part(s) you have ordered fits your vehicle, we run a compatibility check prior to dispatch. We can do this either using your registration number (UK) or the last 7 digits of your VIN. Simply enter your car details prior to checkout.</p>          <p>&nbsp;</p>        <h4>Part Number</h4><p>BREMBO-07.B315.67-HP2</p>        <p>&nbsp;</p>        <h4>More Information</h4><p><strong>Manufactured by</strong></p><p>Brembo</p>",Brembo,,Brake,"Uploaded by_Muazzim, Brand_Brembo, Product Type_Brake, Category_Brake Pads",TRUE,Title,Default Title,,,,,BREMBO-07.B315.67-HP2,5000,shopify,continue,manual,131.41,142.84,TRUE,TRUE,8020584603673,https://www.bremboparts.com/en/media/product/images/1920-1920-Fix/1ed35a3b-db0a-4ddf-83e5-4894e8e2ac40,1,Brembo 07.B315.67SPORT | HP2 brake pads 07.B315.67,,Brembo 07.B315.67SPORT | HP2 brake pads 07.B315.67,Get Brembo 07.B315.67SPORT | HP2 brake pads 07.B315.67 for your car to get your desired looks and performance from ML Performance at the lowest price with FREE UK shipping & next day delivery on in stock items. Very cheap prices & good service.,,,,07.B315.67-HP2,,,new,,,,,,,,kg,8708949900,83.32,,,,active
brembo-07-b315-67sport-hp2-brake-pads-07-b315-67,,,,,,,,,,,,,,,,,,,,,,,,https://www.bremboparts.com/en/media/product/images/1920-1920-Fix/46ff83d4-1f89-42da-af2f-9819bf0ddfdf,2,,,,,,,,,,,,,,,,,,,,,,,,,
brembo-07-b315-67sport-hp2-brake-pads-07-b315-67,,,,,,,,,,,,,,,,,,,,,,,,https://www.bremboparts.com/en/media/product/images/1920-1920-Fix/0f039355-073c-4fee-999d-29be88097ddf,3,,,,,,,,,,,,,,,,,,,,,,,,,
brembo-07-b315-67sport-hp2-brake-pads-07-b315-67,,,,,,,,,,,,,,,,,,,,,,,,https://www.bremboparts.com/en/media/product/images/1920-1920-Fix/61621f6d-5fae-40d1-a9f0-607642080641,4,,,,,,,,,,,,,,,,,,,,,,,,,
brembo-07-b315-70sport-hp2-brake-pads-07-b315-70,Brembo 07.B315.70-HP2 | HP2 Brake Pads,"<h4><strong>Description</strong></h4><p>HP2 brake pads offer outstanding cold performance a good bite, superior fading resistance, and friction stability in all conditions and low dust levels.  Thanks to the friction material, they provide significant advantages over their competitors.  Designed to be interchangeable with original equipment brake pads (OE), they are approved to ECE-R90.</p>        <p>&nbsp;</p>        <h4>Features</h4>        <table><tbody><tr><td><strong>Width</strong></td><td>:</td><td>117mm</td></tr><tr><td><strong>Thickness</strong></td><td>:</td><td>16mm</td></tr><tr><td><strong>WVA number</strong></td><td>:</td><td>23694</td></tr><tr><td><strong>EAN code</strong></td><td>:</td><td>8020584603703</td></tr></tbody></table>        <p>&nbsp;</p>        <h4>Compatibility</h4><p>Feel free to contact us at info@mlperformance.co.uk should you wish to double check!</p>        <p>&nbsp;</p>        <h4>Compatibility Check</h4><p>To ensure the part(s) you have ordered fits your vehicle, we run a compatibility check prior to dispatch. We can do this either using your registration number (UK) or the last 7 digits of your VIN. Simply enter your car details prior to checkout.</p>          <p>&nbsp;</p>        <h4>Part Number</h4><p>BREMBO-07.B315.70-HP2</p>        <p>&nbsp;</p>        <h4>More Information</h4><p><strong>Manufactured by</strong></p><p>Brembo</p>",Brembo,,Brake,"Uploaded by_Muazzim, Brand_Brembo, Product Type_Brake, Category_Brake Pads",TRUE,Title,Default Title,,,,,BREMBO-07.B315.70-HP2,5000,shopify,continue,manual,141.2,153.48,TRUE,TRUE,8020584603703,https://www.bremboparts.com/en/media/product/images/1920-1920-Fix/fd543802-9988-489c-996d-16ac85c97310,1,Brembo 07.B315.70SPORT | HP2 brake pads 07.B315.70,,Brembo 07.B315.70SPORT | HP2 brake pads 07.B315.70,Get Brembo 07.B315.70SPORT | HP2 brake pads 07.B315.70 for your car to get your desired looks and performance from ML Performance at the lowest price with FREE UK shipping & next day delivery on in stock items. Very cheap prices & good service.,,,,07.B315.70-HP2,,,new,,,,,,,,kg,8708949900,89.53,,,,active
brembo-07-b315-70sport-hp2-brake-pads-07-b315-70,,,,,,,,,,,,,,,,,,,,,,,,https://www.bremboparts.com/en/media/product/images/1920-1920-Fix/9bae52dd-d8d9-4828-ae8e-5fd4667304f7,2,,,,,,,,,,,,,,,,,,,,,,,,,
brembo-07-d435-27sport-hp2-brake-pads-07-d435-27,Brembo 07.D435.27-HP2 | HP2 Brake Pads,"<h4><strong>Description</strong></h4><p>HP2 brake pads offer outstanding cold performance a good bite, superior fading resistance, and friction stability in all conditions and low dust levels.  Thanks to the friction material, they provide significant advantages over their competitors.  Designed to be interchangeable with original equipment brake pads (OE), they are approved to ECE-R90.</p>        <p>&nbsp;</p>        <h4>Features</h4>        <table><tbody><tr><td><strong>Width</strong></td><td>:</td><td>132mm</td></tr><tr><td><strong>Thickness</strong></td><td>:</td><td>17mm</td></tr><tr><td><strong>EAN code</strong></td><td>:</td><td>8020584603949</td></tr></tbody></table>        <p>&nbsp;</p>        <h4>Compatibility</h4><p>Feel free to contact us at info@mlperformance.co.uk should you wish to double check!</p>        <p>&nbsp;</p>        <h4>Compatibility Check</h4><p>To ensure the part(s) you have ordered fits your vehicle, we run a compatibility check prior to dispatch. We can do this either using your registration number (UK) or the last 7 digits of your VIN. Simply enter your car details prior to checkout.</p>          <p>&nbsp;</p>        <h4>Part Number</h4><p>BREMBO-07.D435.27-HP2</p>        <p>&nbsp;</p>        <h4>More Information</h4><p><strong>Manufactured by</strong></p><p>Brembo</p>",Brembo,,Brake,"Uploaded by_Muazzim, Brand_Brembo, Product Type_Brake, Category_Brake Pads",TRUE,Title,Default Title,,,,,BREMBO-07.D435.27-HP2,5000,shopify,continue,manual,146.55,159.29,TRUE,TRUE,8020584603949,https://www.bremboparts.com/en/media/product/images/1920-1920-Fix/29914229-e3bf-4c99-b557-49990f1bb74d,1,Brembo 07.D435.27SPORT | HP2 brake pads 07.D435.27,,Brembo 07.D435.27SPORT | HP2 brake pads 07.D435.27,Get Brembo 07.D435.27SPORT | HP2 brake pads 07.D435.27 for your car to get your desired looks and performance from ML Performance at the lowest price with FREE UK shipping & next day delivery on in stock items. Very cheap prices & good service.,,,,07.D435.27-HP2,,,new,,,,,,,,kg,8708949900,92.92,,,,active
brembo-07-d435-27sport-hp2-brake-pads-07-d435-27,,,,,,,,,,,,,,,,,,,,,,,,https://www.bremboparts.com/en/media/product/images/1920-1920-Fix/73ddb7dc-976d-4ecc-8d6e-47db3acb0d09,2,,,,,,,,,,,,,,,,,,,,,,,,,
brembo-07-d435-27sport-hp2-brake-pads-07-d435-27,,,,,,,,,,,,,,,,,,,,,,,,https://www.bremboparts.com/en/media/product/images/1920-1920-Fix/712431cf-73d4-4f8e-b86d-bd2bc5a5ad73,3,,,,,,,,,,,,,,,,,,,,,,,,,
brembo-07-d435-28sport-hp2-brake-pads-07-d435-28,Brembo 07.D435.28-HP2 | HP2 Brake Pads,"<h4><strong>Description</strong></h4><p>HP2 brake pads offer outstanding cold performance a good bite, superior fading resistance, and friction stability in all conditions and low dust levels.  Thanks to the friction material, they provide significant advantages over their competitors.  Designed to be interchangeable with original equipment brake pads (OE), they are approved to ECE-R90.</p>        <p>&nbsp;</p>        <h4>Features</h4>        <table><tbody><tr><td><strong>Width</strong></td><td>:</td><td>149mm</td></tr><tr><td><strong>Thickness</strong></td><td>:</td><td>17mm</td></tr><tr><td><strong>EAN code</strong></td><td>:</td><td>8020584603956</td></tr></tbody></table>        <p>&nbsp;</p>        <h4>Compatibility</h4><p>Feel free to contact us at info@mlperformance.co.uk should you wish to double check!</p>        <p>&nbsp;</p>        <h4>Compatibility Check</h4><p>To ensure the part(s) you have ordered fits your vehicle, we run a compatibility check prior to dispatch. We can do this either using your registration number (UK) or the last 7 digits of your VIN. Simply enter your car details prior to checkout.</p>          <p>&nbsp;</p>        <h4>Part Number</h4><p>BREMBO-07.D435.28-HP2</p>        <p>&nbsp;</p>        <h4>More Information</h4><p><strong>Manufactured by</strong></p><p>Brembo</p>",Brembo,,Brake,"Uploaded by_Muazzim, Brand_Brembo, Product Type_Brake, Category_Brake Pads",TRUE,Title,Default Title,,,,,BREMBO-07.D435.28-HP2,5000,shopify,continue,manual,143.75,156.25,TRUE,TRUE,8020584603956,https://www.bremboparts.com/en/media/product/images/1920-1920-Fix/73e3ffc4-1188-43ff-8aa9-5611ff420c1f,1,Brembo 07.D435.28SPORT | HP2 brake pads 07.D435.28,,Brembo 07.D435.28SPORT | HP2 brake pads 07.D435.28,Get Brembo 07.D435.28SPORT | HP2 brake pads 07.D435.28 for your car to get your desired looks and performance from ML Performance at the lowest price with FREE UK shipping & next day delivery on in stock items. Very cheap prices & good service.,,,,07.D435.28-HP2,,,new,,,,,,,,kg,8708949900,91.15,,,,active
brembo-07-d435-28sport-hp2-brake-pads-07-d435-28,,,,,,,,,,,,,,,,,,,,,,,,https://www.bremboparts.com/en/media/product/images/1920-1920-Fix/ca4b6392-638d-4caa-a967-6523acdc7883,2,,,,,,,,,,,,,,,,,,,,,,,,,
brembo-07-d435-28sport-hp2-brake-pads-07-d435-28,,,,,,,,,,,,,,,,,,,,,,,,https://www.bremboparts.com/en/media/product/images/1920-1920-Fix/8b94bca5-6c79-485d-9352-dcedb5bc2502,3,,,,,,,,,,,,,,,,,,,,,,,,,
brembo-07-d435-29sport-hp2-brake-pads-07-d435-29,Brembo 07.D435.29-HP2 | HP2 Brake Pads,"<h4><strong>Description</strong></h4><p>HP2 brake pads offer outstanding cold performance a good bite, superior fading resistance, and friction stability in all conditions and low dust levels.  Thanks to the friction material, they provide significant advantages over their competitors.  Designed to be interchangeable with original equipment brake pads (OE), they are approved to ECE-R90.</p>        <p>&nbsp;</p>        <h4>Features</h4>        <table><tbody><tr><td><strong>Width</strong></td><td>:</td><td>175mm</td></tr><tr><td><strong>Thickness</strong></td><td>:</td><td>16mm</td></tr><tr><td><strong>EAN code</strong></td><td>:</td><td>8020584603963</td></tr></tbody></table>        <p>&nbsp;</p>        <h4>Compatibility</h4><p>Feel free to contact us at info@mlperformance.co.uk should you wish to double check!</p>        <p>&nbsp;</p>        <h4>Compatibility Check</h4><p>To ensure the part(s) you have ordered fits your vehicle, we run a compatibility check prior to dispatch. We can do this either using your registration number (UK) or the last 7 digits of your VIN. Simply enter your car details prior to checkout.</p>          <p>&nbsp;</p>        <h4>Part Number</h4><p>BREMBO-07.D435.29-HP2</p>        <p>&nbsp;</p>        <h4>More Information</h4><p><strong>Manufactured by</strong></p><p>Brembo</p>",Brembo,,Brake,"Uploaded by_Muazzim, Brand_Brembo, Product Type_Brake, Category_Brake Pads",TRUE,Title,Default Title,,,,,BREMBO-07.D435.29-HP2,5000,shopify,continue,manual,215.3,234.02,TRUE,TRUE,8020584603963,https://www.bremboparts.com/en/media/product/images/1920-1920-Fix/0ad5dfae-397f-4bbd-930b-d4c9f8854933,1,Brembo 07.D435.29SPORT | HP2 brake pads 07.D435.29,,Brembo 07.D435.29SPORT | HP2 brake pads 07.D435.29,Get Brembo 07.D435.29SPORT | HP2 brake pads 07.D435.29 for your car to get your desired looks and performance from ML Performance at the lowest price with FREE UK shipping & next day delivery on in stock items. Very cheap prices & good service.,,,,07.D435.29-HP2,,,new,,,,,,,,kg,8708949900,136.51,,,,active
brembo-07-d435-29sport-hp2-brake-pads-07-d435-29,,,,,,,,,,,,,,,,,,,,,,,,https://www.bremboparts.com/en/media/product/images/1920-1920-Fix/c2343828-5bab-4d5f-a287-5f9df1d917ac,2,,,,,,,,,,,,,,,,,,,,,,,,,
brembo-07-d435-29sport-hp2-brake-pads-07-d435-29,,,,,,,,,,,,,,,,,,,,,,,,https://www.bremboparts.com/en/media/product/images/1920-1920-Fix/63219a4d-ddd5-44d9-83ff-8985c474cfe5,3,,,,,,,,,,,,,,,,,,,,,,,,,
brembo-07-d435-33sport-hp2-brake-pads-07-d435-33,Brembo 07.D435.33-HP2 | HP2 Brake Pads,"<h4><strong>Description</strong></h4><p>HP2 brake pads offer outstanding cold performance a good bite, superior fading resistance, and friction stability in all conditions and low dust levels.  Thanks to the friction material, they provide significant advantages over their competitors.  Designed to be interchangeable with original equipment brake pads (OE), they are approved to ECE-R90.</p>        <p>&nbsp;</p>        <h4>Features</h4>        <table><tbody><tr><td><strong>Width</strong></td><td>:</td><td>190mm</td></tr><tr><td><strong>Thickness</strong></td><td>:</td><td>17mm</td></tr><tr><td><strong>EAN code</strong></td><td>:</td><td>8020584604007</td></tr></tbody></table>        <p>&nbsp;</p>        <h4>Compatibility</h4><p>Feel free to contact us at info@mlperformance.co.uk should you wish to double check!</p>        <p>&nbsp;</p>        <h4>Compatibility Check</h4><p>To ensure the part(s) you have ordered fits your vehicle, we run a compatibility check prior to dispatch. We can do this either using your registration number (UK) or the last 7 digits of your VIN. Simply enter your car details prior to checkout.</p>          <p>&nbsp;</p>        <h4>Part Number</h4><p>BREMBO-07.D435.33-HP2</p>        <p>&nbsp;</p>        <h4>More Information</h4><p><strong>Manufactured by</strong></p><p>Brembo</p>",Brembo,,Brake,"Uploaded by_Muazzim, Brand_Brembo, Product Type_Brake, Category_Brake Pads",TRUE,Title,Default Title,,,,,BREMBO-07.D435.33-HP2,5000,shopify,continue,manual,223.35,242.77,TRUE,TRUE,8020584604007,https://www.bremboparts.com/en/media/product/images/1920-1920-Fix/38a578a0-f056-4e56-84a6-9af93d5544d7,1,Brembo 07.D435.33SPORT | HP2 brake pads 07.D435.33,,Brembo 07.D435.33SPORT | HP2 brake pads 07.D435.33,Get Brembo 07.D435.33SPORT | HP2 brake pads 07.D435.33 for your car to get your desired looks and performance from ML Performance at the lowest price with FREE UK shipping & next day delivery on in stock items. Very cheap prices & good service.,,,,07.D435.33-HP2,,,new,,,,,,,,kg,8708949900,141.62,,,,active
brembo-07-d435-33sport-hp2-brake-pads-07-d435-33,,,,,,,,,,,,,,,,,,,,,,,,https://www.bremboparts.com/en/media/product/images/1920-1920-Fix/f92ebb07-ef2d-459d-8520-72eeb553ded3,2,,,,,,,,,,,,,,,,,,,,,,,,,
brembo-07-d435-33sport-hp2-brake-pads-07-d435-33,,,,,,,,,,,,,,,,,,,,,,,,https://www.bremboparts.com/en/media/product/images/1920-1920-Fix/a522c997-466d-489c-8f42-420910773b78,3,,,,,,,,,,,,,,,,,,,,,,,,,
brembo-07-d435-33sport-hp2-brake-pads-07-d435-33,,,,,,,,,,,,,,,,,,,,,,,,https://www.bremboparts.com/en/media/product/images/1920-1920-Fix/666f8875-73e0-4664-b407-315073037fd1,4,,,,,,,,,,,,,,,,,,,,,,,,,
brembo-07-d435-36sport-hp2-brake-pads-07-d435-36,Brembo 07.D435.36-HP2 | HP2 Brake Pads,"<h4><strong>Description</strong></h4><p>HP2 brake pads offer outstanding cold performance a good bite, superior fading resistance, and friction stability in all conditions and low dust levels.  Thanks to the friction material, they provide significant advantages over their competitors.  Designed to be interchangeable with original equipment brake pads (OE), they are approved to ECE-R90.</p>        <p>&nbsp;</p>        <h4>Features</h4>        <table><tbody><tr><td><strong>Width</strong></td><td>:</td><td>190mm</td></tr><tr><td><strong>Thickness</strong></td><td>:</td><td>17mm</td></tr><tr><td><strong>WVA number</strong></td><td>:</td><td>23693</td></tr><tr><td><strong>EAN code</strong></td><td>:</td><td>8020584604038</td></tr></tbody></table>        <p>&nbsp;</p>        <h4>Compatibility</h4><p>Feel free to contact us at info@mlperformance.co.uk should you wish to double check!</p>        <p>&nbsp;</p>        <h4>Compatibility Check</h4><p>To ensure the part(s) you have ordered fits your vehicle, we run a compatibility check prior to dispatch. We can do this either using your registration number (UK) or the last 7 digits of your VIN. Simply enter your car details prior to checkout.</p>          <p>&nbsp;</p>        <h4>Part Number</h4><p>BREMBO-07.D435.36-HP2</p>        <p>&nbsp;</p>        <h4>More Information</h4><p><strong>Manufactured by</strong></p><p>Brembo</p>",Brembo,,Brake,"Uploaded by_Muazzim, Brand_Brembo, Product Type_Brake, Category_Brake Pads",TRUE,Title,Default Title,,,,,BREMBO-07.D435.36-HP2,5000,shopify,continue,manual,273.4,297.17,TRUE,TRUE,8020584604038,https://www.bremboparts.com/en/media/product/images/1920-1920-Fix/207c0d76-165f-492b-9a43-29a99c17533f,1,Brembo 07.D435.36SPORT | HP2 brake pads 07.D435.36,,Brembo 07.D435.36SPORT | HP2 brake pads 07.D435.36,Get Brembo 07.D435.36SPORT | HP2 brake pads 07.D435.36 for your car to get your desired looks and performance from ML Performance at the lowest price with FREE UK shipping & next day delivery on in stock items. Very cheap prices & good service.,,,,07.D435.36-HP2,,,new,,,,,,,,kg,8708949900,173.35,,,,active
brembo-07-d435-36sport-hp2-brake-pads-07-d435-36,,,,,,,,,,,,,,,,,,,,,,,,https://www.bremboparts.com/en/media/product/images/1920-1920-Fix/fd1529f2-7763-456f-a0a9-b9ad9167934f,2,,,,,,,,,,,,,,,,,,,,,,,,,
brembo-07-d435-60sport-hp2-brake-pads-07-d435-60,Brembo 07.D435.60-HP2 | HP2 Brake Pads,"<h4><strong>Description</strong></h4><p>HP2 brake pads offer outstanding cold performance a good bite, superior fading resistance, and friction stability in all conditions and low dust levels.  Thanks to the friction material, they provide significant advantages over their competitors.  Designed to be interchangeable with original equipment brake pads (OE), they are approved to ECE-R90.</p>        <p>&nbsp;</p>        <h4>Features</h4>        <table><tbody><tr><td><strong>Width</strong></td><td>:</td><td>152mm</td></tr><tr><td><strong>Thickness</strong></td><td>:</td><td>16mm</td></tr><tr><td><strong>EAN code</strong></td><td>:</td><td>8020584604380</td></tr></tbody></table>        <p>&nbsp;</p>        <h4>Compatibility</h4><p>Feel free to contact us at info@mlperformance.co.uk should you wish to double check!</p>        <p>&nbsp;</p>        <h4>Compatibility Check</h4><p>To ensure the part(s) you have ordered fits your vehicle, we run a compatibility check prior to dispatch. We can do this either using your registration number (UK) or the last 7 digits of your VIN. Simply enter your car details prior to checkout.</p>          <p>&nbsp;</p>        <h4>Part Number</h4><p>BREMBO-07.D435.60-HP2</p>        <p>&nbsp;</p>        <h4>More Information</h4><p><strong>Manufactured by</strong></p><p>Brembo</p>",Brembo,,Brake,"Uploaded by_Muazzim, Brand_Brembo, Product Type_Brake, Category_Brake Pads",TRUE,Title,Default Title,,,,,BREMBO-07.D435.60-HP2,5000,shopify,continue,manual,173.34,188.41,TRUE,TRUE,8020584604380,https://www.bremboparts.com/en/media/product/images/1920-1920-Fix/5a0aa737-f1d2-45e1-9467-f4f4d4dcd85e,1,Brembo 07.D435.60SPORT | HP2 brake pads 07.D435.60,,Brembo 07.D435.60SPORT | HP2 brake pads 07.D435.60,Get Brembo 07.D435.60SPORT | HP2 brake pads 07.D435.60 for your car to get your desired looks and performance from ML Performance at the lowest price with FREE UK shipping & next day delivery on in stock items. Very cheap prices & good service.,,,,07.D435.60-HP2,,,new,,,,,,,,kg,8708949900,109.91,,,,active
brembo-07-d435-60sport-hp2-brake-pads-07-d435-60,,,,,,,,,,,,,,,,,,,,,,,,https://www.bremboparts.com/en/media/product/images/1920-1920-Fix/53c9a91c-0baf-4c91-ada3-09567c6a003c,2,,,,,,,,,,,,,,,,,,,,,,,,,
brembo-07-d435-60sport-hp2-brake-pads-07-d435-60,,,,,,,,,,,,,,,,,,,,,,,,https://www.bremboparts.com/en/media/product/images/1920-1920-Fix/7d127058-acce-4165-8fb4-ee236412b9de,3,,,,,,,,,,,,,,,,,,,,,,,,,
