Handle,Title,Body (HTML),Vendor,Standardized Product Type,Custom Product Type,Tags,Published,Option1 Name,Option1 Value,Option2 Name,Option2 Value,Option3 Name,Option3 Value,Variant SKU,Variant Grams,Variant Inventory Tracker,Variant Inventory Policy,Variant Fulfillment Service,Variant Price,Variant Compare At Price,Variant Requires Shipping,Variant Taxable,Variant Barcode,Image Src,Image Position,Image Alt Text,Gift Card,SEO Title,SEO Description,Google Shopping / Google Product Category,Google Shopping / Gender,Google Shopping / Age Group,Google Shopping / MPN,Google Shopping / AdWords Grouping,Google Shopping / AdWords Labels,Google Shopping / Condition,Google Shopping / Custom Product,Google Shopping / Custom Label 0,Google Shopping / Custom Label 1,Google Shopping / Custom Label 2,Google Shopping / Custom Label 3,Google Shopping / Custom Label 4,Variant Image,Variant Weight Unit,Variant Tax Code,Cost per item,Margins,Price / International,Compare At Price / International,Status
adro-ad-pgt3bk-porsche-992-1-gt3-pre-preg-carbon-fibre-full-body-kit,Adro AD-PGT3BK Porsche 992.1 GT3 Pre-Preg Carbon Fibre Full Body Kit,"<h4><strong>Description</strong></h4><b>Transform Your Ride with the Porsche 992.1 GT3 Pre-Preg Carbon Fibre Full Body Kit by Adro</b><p>Unleash the full potential of your Porsche 992.1 GT3 with this exclusive and meticulously crafted full body kit by Adro. Designed for enthusiasts who demand nothing less than perfection, this body kit combines advanced engineering with stunning aesthetics to redefine your vehicle's presence on the road.</p><p>This kit comes with every part from the Adro body kit.</p><b><strong>Key Features:</strong></b><ul><li><strong>Precision Engineering:</strong> Utilizing pre-preg carbon fiber technology, this body kit ensures an exceptional fit and finish, enhancing both style and aerodynamic performance.</li><li><strong>Lightweight and Strong:</strong> The use of high-quality carbon fiber makes the kit incredibly lightweight yet robust, improving the overall agility and handling of your GT3.</li><li><strong>Complete Transformation:</strong> This full body kit includes components that seamlessly replace original parts, offering a comprehensive makeover that captures attention at every turn.</li></ul><p><strong>Unmatched Design and Style</strong></p><p>The Adro body kit doesn't just fit your Porsche; it elevates it to a new echelon of design. The sleek lines and aerodynamic contours work harmoniously with your vehicle's natural shape, enhancing its sporty demeanor while optimizing downforce.</p><b><strong>Why Choose Adro?</strong></b><ul><li><strong>Expert Craftsmanship:</strong> With a reputation for excellence, Adro brings precision and innovation to the table, ensuring that every component meets the highest standards of quality and durability.</li><li><strong>Tailored for Performance:</strong> Designed specifically for the Porsche 992.1 GT3, this kit is engineered to boost performance without compromising on style.</li><li><strong>Visual Appeal:</strong> Turn heads and make a statement with a bold yet sophisticated look that only Adro can offer.</li></ul><p>&nbsp;</p><h4>Compatibility</h4><p>Feel free to contact us at info@mlperformance.co.uk should you wish to double check!</p><p>&nbsp;</p><h4>Compatibility Check</h4><p>To ensure the part(s) you have ordered fits your vehicle, we run a compatibility check prior to dispatch. We can do this either using your registration number (UK) or the last 7 digits of your VIN. Simply enter your car details prior to checkout.</p><p>&nbsp;</p><h4>Part Number</h4><p>ADRO-AD-PGT3BK</p><p>&nbsp;</p><h4>More Information</h4><p><strong>Manufactured by</strong></p><p>Adro</p>",Adro,,Exterior,"Uploaded by_Muazzim, MLP Discount 2025, Brand_Adro, 2025_New Products, Product Type_Exterior, Category_Body Kits",TRUE,Title,Default Title,,,,,ADRO-AD-PGT3BK,150000,shopify,continue,manual,21999,21999,TRUE,TRUE,AD-PGT3BK,https://autoid.co/cdn/shop/files/porsche-9921-gt3-pre-preg-carbon-fibre-full-body-kit-by-adro-adro-111969.webp?v=1736460221&width=1200,1,Adro AD-PGT3BK PORSCHE 992.1 GT3 PRE-PREG CARBON FIBRE FULL BODY KIT,,Adro AD-PGT3BK PORSCHE 992.1 GT3 PRE-PREG CARBON FIBRE FULL BODY KIT,Get Adro AD-PGT3BK PORSCHE 992.1 GT3 PRE-PREG CARBON FIBRE FULL BODY KIT for your car to get your desired looks and performance from ML Performance at the lowest price with FREE UK shipping & next day delivery on in stock items. Very cheap prices & good service.,,,,AD-PGT3BK,,,new,,,,,,,,kg,8708949900,,,,,draft
adro-ad-pgt3bk-porsche-992-1-gt3-pre-preg-carbon-fibre-full-body-kit,,,,,,,,,,,,,,,,,,,,,,,,https://autoid.co/cdn/shop/files/porsche-9921-gt3-pre-preg-carbon-fibre-full-body-kit-by-adro-adro-729932.webp?v=1736460221&width=1200,2,Adro AD-PGT3BK PORSCHE 992.1 GT3 PRE-PREG CARBON FIBRE FULL BODY KIT,,,,,,,,,,,,,,,,,,,,,,,,
adro-ad-pgt3bk-porsche-992-1-gt3-pre-preg-carbon-fibre-full-body-kit,,,,,,,,,,,,,,,,,,,,,,,,https://autoid.co/cdn/shop/files/porsche-9921-gt3-pre-preg-carbon-fibre-full-body-kit-by-adro-adro-720612.webp?v=1736460221&width=1200,3,Adro AD-PGT3BK PORSCHE 992.1 GT3 PRE-PREG CARBON FIBRE FULL BODY KIT,,,,,,,,,,,,,,,,,,,,,,,,
adro-ad-pgt3bk-porsche-992-1-gt3-pre-preg-carbon-fibre-full-body-kit,,,,,,,,,,,,,,,,,,,,,,,,https://autoid.co/cdn/shop/files/porsche-9921-gt3-pre-preg-carbon-fibre-full-body-kit-by-adro-adro-523734.webp?v=1736460221&width=1200,4,Adro AD-PGT3BK PORSCHE 992.1 GT3 PRE-PREG CARBON FIBRE FULL BODY KIT,,,,,,,,,,,,,,,,,,,,,,,,
adro-ad-pgt3bk-porsche-992-1-gt3-pre-preg-carbon-fibre-full-body-kit,,,,,,,,,,,,,,,,,,,,,,,,https://autoid.co/cdn/shop/files/porsche-9921-gt3-pre-preg-carbon-fibre-full-body-kit-by-adro-adro-542567.webp?v=1736460221&width=1200,5,Adro AD-PGT3BK PORSCHE 992.1 GT3 PRE-PREG CARBON FIBRE FULL BODY KIT,,,,,,,,,,,,,,,,,,,,,,,,
adro-ad-pgt3bk-porsche-992-1-gt3-pre-preg-carbon-fibre-full-body-kit,,,,,,,,,,,,,,,,,,,,,,,,https://autoid.co/cdn/shop/files/porsche-9921-gt3-pre-preg-carbon-fibre-full-body-kit-by-adro-adro-921052.webp?v=1736460221&width=1200,6,Adro AD-PGT3BK PORSCHE 992.1 GT3 PRE-PREG CARBON FIBRE FULL BODY KIT,,,,,,,,,,,,,,,,,,,,,,,,
adro-ad-pgt3bk-porsche-992-1-gt3-pre-preg-carbon-fibre-full-body-kit,,,,,,,,,,,,,,,,,,,,,,,,https://autoid.co/cdn/shop/files/porsche-9921-gt3-pre-preg-carbon-fibre-full-body-kit-by-adro-adro-373703.webp?v=1736460221&width=1200,7,Adro AD-PGT3BK PORSCHE 992.1 GT3 PRE-PREG CARBON FIBRE FULL BODY KIT,,,,,,,,,,,,,,,,,,,,,,,,
adro-ad-pgt3bk-porsche-992-1-gt3-pre-preg-carbon-fibre-full-body-kit,,,,,,,,,,,,,,,,,,,,,,,,https://autoid.co/cdn/shop/files/porsche-9921-gt3-pre-preg-carbon-fibre-full-body-kit-by-adro-adro-105567.webp?v=1736460221&width=1200,8,Adro AD-PGT3BK PORSCHE 992.1 GT3 PRE-PREG CARBON FIBRE FULL BODY KIT,,,,,,,,,,,,,,,,,,,,,,,,
adro-ad-pgt3bk-porsche-992-1-gt3-pre-preg-carbon-fibre-full-body-kit,,,,,,,,,,,,,,,,,,,,,,,,https://autoid.co/cdn/shop/files/porsche-9921-gt3-pre-preg-carbon-fibre-full-body-kit-by-adro-adro-460530.webp?v=1736460221&width=1200,9,Adro AD-PGT3BK PORSCHE 992.1 GT3 PRE-PREG CARBON FIBRE FULL BODY KIT,,,,,,,,,,,,,,,,,,,,,,,,
adro-ad-pgt3bk-porsche-992-1-gt3-pre-preg-carbon-fibre-full-body-kit,,,,,,,,,,,,,,,,,,,,,,,,https://autoid.co/cdn/shop/files/porsche-9921-gt3-pre-preg-carbon-fibre-full-body-kit-by-adro-adro-690984.webp?v=1736460221&width=1200,10,Adro AD-PGT3BK PORSCHE 992.1 GT3 PRE-PREG CARBON FIBRE FULL BODY KIT,,,,,,,,,,,,,,,,,,,,,,,,
adro-ad-pgt3bk-porsche-992-1-gt3-pre-preg-carbon-fibre-full-body-kit,,,,,,,,,,,,,,,,,,,,,,,,https://autoid.co/cdn/shop/files/porsche-9921-gt3-pre-preg-carbon-fibre-full-body-kit-by-adro-adro-151632.webp?v=1736460221&width=1200,11,Adro AD-PGT3BK PORSCHE 992.1 GT3 PRE-PREG CARBON FIBRE FULL BODY KIT,,,,,,,,,,,,,,,,,,,,,,,,
adro-ad-pgt3bk-porsche-992-1-gt3-pre-preg-carbon-fibre-full-body-kit,,,,,,,,,,,,,,,,,,,,,,,,https://autoid.co/cdn/shop/files/porsche-9921-gt3-pre-preg-carbon-fibre-full-body-kit-by-adro-adro-463116.webp?v=1736460221&width=1200,12,Adro AD-PGT3BK PORSCHE 992.1 GT3 PRE-PREG CARBON FIBRE FULL BODY KIT,,,,,,,,,,,,,,,,,,,,,,,,
adro-ad-pgt3bk-porsche-992-1-gt3-pre-preg-carbon-fibre-full-body-kit,,,,,,,,,,,,,,,,,,,,,,,,https://autoid.co/cdn/shop/files/porsche-9921-gt3-pre-preg-carbon-fibre-full-body-kit-by-adro-adro-928975.webp?v=1736460221&width=1200,13,Adro AD-PGT3BK PORSCHE 992.1 GT3 PRE-PREG CARBON FIBRE FULL BODY KIT,,,,,,,,,,,,,,,,,,,,,,,,
adro-ad-pgt3bk-porsche-992-1-gt3-pre-preg-carbon-fibre-full-body-kit,,,,,,,,,,,,,,,,,,,,,,,,https://autoid.co/cdn/shop/files/porsche-9921-gt3-pre-preg-carbon-fibre-full-body-kit-by-adro-adro-848375.webp?v=1736460221&width=1200,14,Adro AD-PGT3BK PORSCHE 992.1 GT3 PRE-PREG CARBON FIBRE FULL BODY KIT,,,,,,,,,,,,,,,,,,,,,,,,
adro-ad-pgt3bk-porsche-992-1-gt3-pre-preg-carbon-fibre-full-body-kit,,,,,,,,,,,,,,,,,,,,,,,,https://autoid.co/cdn/shop/files/porsche-9921-gt3-pre-preg-carbon-fibre-full-body-kit-by-adro-adro-140126.webp?v=1736460221&width=1200,15,Adro AD-PGT3BK PORSCHE 992.1 GT3 PRE-PREG CARBON FIBRE FULL BODY KIT,,,,,,,,,,,,,,,,,,,,,,,,
adro-ad-pgt3bk-porsche-992-1-gt3-pre-preg-carbon-fibre-full-body-kit,,,,,,,,,,,,,,,,,,,,,,,,https://autoid.co/cdn/shop/files/porsche-9921-gt3-pre-preg-carbon-fibre-full-body-kit-by-adro-adro-408072.webp?v=1736460221&width=1200,16,Adro AD-PGT3BK PORSCHE 992.1 GT3 PRE-PREG CARBON FIBRE FULL BODY KIT,,,,,,,,,,,,,,,,,,,,,,,,
adro-ad-pgt3bk-porsche-992-1-gt3-pre-preg-carbon-fibre-full-body-kit,,,,,,,,,,,,,,,,,,,,,,,,https://autoid.co/cdn/shop/files/porsche-9921-gt3-pre-preg-carbon-fibre-full-body-kit-by-adro-adro-187298.webp?v=1736460221&width=1200,17,Adro AD-PGT3BK PORSCHE 992.1 GT3 PRE-PREG CARBON FIBRE FULL BODY KIT,,,,,,,,,,,,,,,,,,,,,,,,
adro-ad-pgt3bk-porsche-992-1-gt3-pre-preg-carbon-fibre-full-body-kit,,,,,,,,,,,,,,,,,,,,,,,,https://autoid.co/cdn/shop/files/porsche-9921-gt3-pre-preg-carbon-fibre-full-body-kit-by-adro-adro-954830.webp?v=1736460221&width=1200,18,Adro AD-PGT3BK PORSCHE 992.1 GT3 PRE-PREG CARBON FIBRE FULL BODY KIT,,,,,,,,,,,,,,,,,,,,,,,,
adro-a23a10-1501-porsche-992-1-gt3-pre-preg-carbon-fibre-at-p-swan-neck-rear-wing,Adro A23A10-1501 Porsche 992.1 GT3 Pre-Preg Carbon Fibre AT-P Swan Neck Rear Wing,"<h4><strong>Description</strong></h4><b>Porsche 992.1 GT3 Pre-Preg Carbon Fibre AT-P Swan Neck Rear Wing by Adro</b><p>Elevate your Porsche 992.1 GT3 to new heights with the exquisite engineering of the Pre-Preg Carbon Fibre AT-P Swan Neck Rear Wing by Adro. Designed for those who crave both performance and aesthetics, this rear wing is the ultimate accessory to accentuate your vehicle's dynamic capabilities.</p><p><strong>Key Features:</strong></p><ul><li><strong>Superior Aerodynamics:</strong> Experience enhanced downforce and stability at high speeds, ensuring a thrilling yet controlled driving experience.</li><li><strong>Pre-Preg Carbon Fibre Construction:</strong> Crafted from high-quality pre-preg carbon fibre, this rear wing offers unmatched strength and lightweight properties, optimizing your car's performance without compromising its agility.</li><li><strong>Swan Neck Design:</strong> The innovative swan neck design not only provides an aggressive and sporty look but also optimizes airflow, reducing drag and increasing efficiency.</li><li><strong>Precision Fit:</strong> Engineered to seamlessly integrate with the Porsche 992.1 GT3, this rear wing ensures a perfect fit and easy installation, maintaining the vehicle's sleek lines.</li></ul><p>&nbsp;</p><h4>What's Included</h4><ul><li>1 x Adro Carbon Fibre (2x2 weave) AT-P Dual Element Wing Assembley<br></li><li>2 x Adro Aluminium Uprights</li></ul><p>&nbsp;</p><h4>Compatibility</h4><p>Feel free to contact us at info@mlperformance.co.uk should you wish to double check!</p><p>&nbsp;</p><h4>Compatibility Check</h4><p>To ensure the part(s) you have ordered fits your vehicle, we run a compatibility check prior to dispatch. We can do this either using your registration number (UK) or the last 7 digits of your VIN. Simply enter your car details prior to checkout.</p><p>&nbsp;</p><h4>Part Number</h4><p>ADRO-A23A10-1501</p><p>&nbsp;</p><h4>More Information</h4><p><strong>Manufactured by</strong></p><p>Adro</p>",Adro,,Exterior,"Uploaded by_Muazzim, MLP Discount 2025, Brand_Adro, 2025_New Products, Product Type_Exterior, Category_Rear Wings",TRUE,Title,Default Title,,,,,ADRO-A23A10-1501,90000,shopify,continue,manual,5899,5899,TRUE,TRUE,A23A10-1501,https://autoid.co/cdn/shop/files/porsche-9921-gt3-pre-preg-carbon-fibre-at-p-swan-neck-rear-wing-by-adro-adro-900858.webp?v=1736460251&width=1200,1,Adro A23A10-1501 PORSCHE 992.1 GT3 PRE-PREG CARBON FIBRE AT-P SWAN NECK REAR WING,,Adro A23A10-1501 PORSCHE 992.1 GT3 PRE-PREG CARBON FIBRE AT-P SWAN NECK REAR WING,Get Adro A23A10-1501 PORSCHE 992.1 GT3 PRE-PREG CARBON FIBRE AT-P SWAN NECK REAR WING for your car to get your desired looks and performance from ML Performance at the lowest price with FREE UK shipping & next day delivery on in stock items. Very cheap prices & good service.,,,,A23A10-1501,,,new,,,,,,,,kg,8708949900,,,,,draft
adro-a23a10-1501-porsche-992-1-gt3-pre-preg-carbon-fibre-at-p-swan-neck-rear-wing,,,,,,,,,,,,,,,,,,,,,,,,https://autoid.co/cdn/shop/files/porsche-9921-gt3-pre-preg-carbon-fibre-at-p-swan-neck-rear-wing-by-adro-adro-249815.webp?v=1736460251&width=1200,2,Adro A23A10-1501 PORSCHE 992.1 GT3 PRE-PREG CARBON FIBRE AT-P SWAN NECK REAR WING,,,,,,,,,,,,,,,,,,,,,,,,
adro-a23a10-1501-porsche-992-1-gt3-pre-preg-carbon-fibre-at-p-swan-neck-rear-wing,,,,,,,,,,,,,,,,,,,,,,,,https://autoid.co/cdn/shop/files/porsche-9921-gt3-pre-preg-carbon-fibre-at-p-swan-neck-rear-wing-by-adro-adro-986514.webp?v=1736460251&width=1200,3,Adro A23A10-1501 PORSCHE 992.1 GT3 PRE-PREG CARBON FIBRE AT-P SWAN NECK REAR WING,,,,,,,,,,,,,,,,,,,,,,,,
adro-a23a10-1501-porsche-992-1-gt3-pre-preg-carbon-fibre-at-p-swan-neck-rear-wing,,,,,,,,,,,,,,,,,,,,,,,,https://autoid.co/cdn/shop/files/porsche-9921-gt3-pre-preg-carbon-fibre-at-p-swan-neck-rear-wing-by-adro-adro-437779.webp?v=1736460251&width=1200,4,Adro A23A10-1501 PORSCHE 992.1 GT3 PRE-PREG CARBON FIBRE AT-P SWAN NECK REAR WING,,,,,,,,,,,,,,,,,,,,,,,,
adro-a23a10-1501-porsche-992-1-gt3-pre-preg-carbon-fibre-at-p-swan-neck-rear-wing,,,,,,,,,,,,,,,,,,,,,,,,https://autoid.co/cdn/shop/files/porsche-9921-gt3-pre-preg-carbon-fibre-at-p-swan-neck-rear-wing-by-adro-adro-792310.webp?v=1736460251&width=1200,5,Adro A23A10-1501 PORSCHE 992.1 GT3 PRE-PREG CARBON FIBRE AT-P SWAN NECK REAR WING,,,,,,,,,,,,,,,,,,,,,,,,
adro-a23a10-1501-porsche-992-1-gt3-pre-preg-carbon-fibre-at-p-swan-neck-rear-wing,,,,,,,,,,,,,,,,,,,,,,,,https://autoid.co/cdn/shop/files/porsche-9921-gt3-pre-preg-carbon-fibre-at-p-swan-neck-rear-wing-by-adro-adro-794208.webp?v=1736460251&width=1200,6,Adro A23A10-1501 PORSCHE 992.1 GT3 PRE-PREG CARBON FIBRE AT-P SWAN NECK REAR WING,,,,,,,,,,,,,,,,,,,,,,,,
adro-a23a10-1501-porsche-992-1-gt3-pre-preg-carbon-fibre-at-p-swan-neck-rear-wing,,,,,,,,,,,,,,,,,,,,,,,,https://autoid.co/cdn/shop/files/porsche-9921-gt3-pre-preg-carbon-fibre-at-p-swan-neck-rear-wing-by-adro-adro-383776.webp?v=1736460251&width=1200,7,Adro A23A10-1501 PORSCHE 992.1 GT3 PRE-PREG CARBON FIBRE AT-P SWAN NECK REAR WING,,,,,,,,,,,,,,,,,,,,,,,,
adro-a23a10-1501-porsche-992-1-gt3-pre-preg-carbon-fibre-at-p-swan-neck-rear-wing,,,,,,,,,,,,,,,,,,,,,,,,https://autoid.co/cdn/shop/files/porsche-9921-gt3-pre-preg-carbon-fibre-at-p-swan-neck-rear-wing-by-adro-adro-523750.webp?v=1736460251&width=1200,8,Adro A23A10-1501 PORSCHE 992.1 GT3 PRE-PREG CARBON FIBRE AT-P SWAN NECK REAR WING,,,,,,,,,,,,,,,,,,,,,,,,
adro-a23a10-1501-porsche-992-1-gt3-pre-preg-carbon-fibre-at-p-swan-neck-rear-wing,,,,,,,,,,,,,,,,,,,,,,,,https://autoid.co/cdn/shop/files/porsche-9921-gt3-pre-preg-carbon-fibre-at-p-swan-neck-rear-wing-by-adro-adro-555789.webp?v=1736460251&width=2048,9,Adro A23A10-1501 PORSCHE 992.1 GT3 PRE-PREG CARBON FIBRE AT-P SWAN NECK REAR WING,,,,,,,,,,,,,,,,,,,,,,,,
adro-a23a10-1501-porsche-992-1-gt3-pre-preg-carbon-fibre-at-p-swan-neck-rear-wing,,,,,,,,,,,,,,,,,,,,,,,,https://autoid.co/cdn/shop/files/porsche-9921-gt3-pre-preg-carbon-fibre-at-p-swan-neck-rear-wing-by-adro-adro-528879.webp?v=1736460251&width=2048,10,Adro A23A10-1501 PORSCHE 992.1 GT3 PRE-PREG CARBON FIBRE AT-P SWAN NECK REAR WING,,,,,,,,,,,,,,,,,,,,,,,,
adro-a23a10-1301-d-porsche-992-1-gt3-pre-preg-carbon-fibre-rear-diffuser,Adro A23A10-1301 -D Porsche 992.1 GT3 Pre-Preg Carbon Fibre Rear Diffuser,"<h4><strong>Description</strong></h4><b>Porsche 992.1 GT3 Pre-Preg Carbon Fibre Rear Diffuser by Adro</b><p>Transform the dynamic appeal and performance of your Porsche 992.1 GT3 with the state-of-the-art Pre-Preg Carbon Fibre Rear Diffuser by Adro. Designed meticulously to enhance both the aesthetic and aerodynamic capabilities of your vehicle, this rear diffuser is an essential upgrade for any discerning Porsche enthusiast.</p><p><strong>Key Features:</strong></p><ul><li><strong>Precision Manufacturing:</strong> Crafted with precision using advanced pre-preg carbon fibre technology for superior strength and lightweight performance.</li><li><strong>Enhanced Aerodynamics:</strong> Engineered to increase downforce, improving high-speed stability and cornering capabilities.</li><li><strong>Stunning Aesthetic:</strong> Adds an aggressive and refined look to your Porsche, complementing its sporty design.</li><li><strong>Durability:</strong> Built to withstand the elements, ensuring longevity and sustained performance.</li><li><strong>Easy Installation:</strong> Comes with all necessary hardware for a straightforward installation, fitting seamlessly with the stock components of your GT3.</li></ul><p>&nbsp;</p><h4>What's Included</h4><ul><li>1 x Adro Carbon Fibre (2x2 weave) Rear Diffuser<br></li></ul><p>&nbsp;</p><h4>Compatibility</h4><p>Feel free to contact us at info@mlperformance.co.uk should you wish to double check!</p><p>&nbsp;</p><h4>Compatibility Check</h4><p>To ensure the part(s) you have ordered fits your vehicle, we run a compatibility check prior to dispatch. We can do this either using your registration number (UK) or the last 7 digits of your VIN. Simply enter your car details prior to checkout.</p><p>&nbsp;</p><h4>Part Number</h4><p>ADRO-A23A10-1301 -D</p><p>&nbsp;</p><h4>More Information</h4><p><strong>Manufactured by</strong></p><p>Adro</p>",Adro,,Exterior,"Uploaded by_Muazzim, MLP Discount 2025, Brand_Adro, 2025_New Products, Product Type_Exterior, Category_Rear Diffusers",TRUE,Title,Default Title,,,,,ADRO-A23A10-1301 -D,35000,shopify,continue,manual,3799,3799,TRUE,TRUE,A23A10-1301 -D,https://autoid.co/cdn/shop/files/porsche-9921-gt3-pre-preg-carbon-fibre-rear-diffuser-by-adro-adro-213286.webp?v=1750751298&width=1200,1,Adro A23A10-1301 -D PORSCHE 992.1 GT3 PRE-PREG CARBON FIBRE REAR DIFFUSER,,Adro A23A10-1301 -D PORSCHE 992.1 GT3 PRE-PREG CARBON FIBRE REAR DIFFUSER,Get Adro A23A10-1301 -D PORSCHE 992.1 GT3 PRE-PREG CARBON FIBRE REAR DIFFUSER for your car to get your desired looks and performance from ML Performance at the lowest price with FREE UK shipping & next day delivery on in stock items. Very cheap prices & good service.,,,,A23A10-1301 -D,,,new,,,,,,,,kg,8708949900,,,,,draft
adro-a23a10-1301-d-porsche-992-1-gt3-pre-preg-carbon-fibre-rear-diffuser,,,,,,,,,,,,,,,,,,,,,,,,https://autoid.co/cdn/shop/files/porsche-9921-gt3-pre-preg-carbon-fibre-rear-diffuser-by-adro-adro-242334.webp?v=1750751298&width=1200,2,Adro A23A10-1301 -D PORSCHE 992.1 GT3 PRE-PREG CARBON FIBRE REAR DIFFUSER,,,,,,,,,,,,,,,,,,,,,,,,
adro-a23a10-1301-d-porsche-992-1-gt3-pre-preg-carbon-fibre-rear-diffuser,,,,,,,,,,,,,,,,,,,,,,,,https://autoid.co/cdn/shop/files/porsche-9921-gt3-pre-preg-carbon-fibre-rear-diffuser-by-adro-adro-969458.webp?v=1750751298&width=1200,3,Adro A23A10-1301 -D PORSCHE 992.1 GT3 PRE-PREG CARBON FIBRE REAR DIFFUSER,,,,,,,,,,,,,,,,,,,,,,,,
adro-a23a10-1301-d-porsche-992-1-gt3-pre-preg-carbon-fibre-rear-diffuser,,,,,,,,,,,,,,,,,,,,,,,,https://autoid.co/cdn/shop/files/porsche-9921-gt3-pre-preg-carbon-fibre-rear-diffuser-by-adro-adro-406080.webp?v=1750751298&width=1200,4,Adro A23A10-1301 -D PORSCHE 992.1 GT3 PRE-PREG CARBON FIBRE REAR DIFFUSER,,,,,,,,,,,,,,,,,,,,,,,,
adro-a23a10-1301-d-porsche-992-1-gt3-pre-preg-carbon-fibre-rear-diffuser,,,,,,,,,,,,,,,,,,,,,,,,https://autoid.co/cdn/shop/files/porsche-9921-gt3-pre-preg-carbon-fibre-rear-diffuser-by-adro-adro-569960.webp?v=1736460221&width=1200,5,Adro A23A10-1301 -D PORSCHE 992.1 GT3 PRE-PREG CARBON FIBRE REAR DIFFUSER,,,,,,,,,,,,,,,,,,,,,,,,
adro-a23a10-1301-d-porsche-992-1-gt3-pre-preg-carbon-fibre-rear-diffuser,,,,,,,,,,,,,,,,,,,,,,,,https://autoid.co/cdn/shop/files/porsche-9921-gt3-pre-preg-carbon-fibre-rear-diffuser-by-adro-adro-368432.webp?v=1736460221&width=1200,6,Adro A23A10-1301 -D PORSCHE 992.1 GT3 PRE-PREG CARBON FIBRE REAR DIFFUSER,,,,,,,,,,,,,,,,,,,,,,,,
adro-a23a10-1301-d-porsche-992-1-gt3-pre-preg-carbon-fibre-rear-diffuser,,,,,,,,,,,,,,,,,,,,,,,,https://autoid.co/cdn/shop/files/porsche-9921-gt3-pre-preg-carbon-fibre-rear-diffuser-by-adro-adro-857638.webp?v=1736460221&width=1200,7,Adro A23A10-1301 -D PORSCHE 992.1 GT3 PRE-PREG CARBON FIBRE REAR DIFFUSER,,,,,,,,,,,,,,,,,,,,,,,,
adro-a23a10-1301-d-porsche-992-1-gt3-pre-preg-carbon-fibre-rear-diffuser,,,,,,,,,,,,,,,,,,,,,,,,https://autoid.co/cdn/shop/files/porsche-9921-gt3-pre-preg-carbon-fibre-rear-diffuser-by-adro-adro-672862.webp?v=1736460221&width=1200,8,Adro A23A10-1301 -D PORSCHE 992.1 GT3 PRE-PREG CARBON FIBRE REAR DIFFUSER,,,,,,,,,,,,,,,,,,,,,,,,
adro-a23a10-1301-d-porsche-992-1-gt3-pre-preg-carbon-fibre-rear-diffuser,,,,,,,,,,,,,,,,,,,,,,,,https://autoid.co/cdn/shop/files/porsche-9921-gt3-pre-preg-carbon-fibre-rear-diffuser-by-adro-adro-515364.webp?v=1736460221&width=1200,9,Adro A23A10-1301 -D PORSCHE 992.1 GT3 PRE-PREG CARBON FIBRE REAR DIFFUSER,,,,,,,,,,,,,,,,,,,,,,,,
adro-a23a10-1301-d-porsche-992-1-gt3-pre-preg-carbon-fibre-rear-diffuser,,,,,,,,,,,,,,,,,,,,,,,,https://autoid.co/cdn/shop/files/porsche-9921-gt3-pre-preg-carbon-fibre-rear-diffuser-by-adro-adro-583189.webp?v=1736460221&width=1200,10,Adro A23A10-1301 -D PORSCHE 992.1 GT3 PRE-PREG CARBON FIBRE REAR DIFFUSER,,,,,,,,,,,,,,,,,,,,,,,,
adro-a23a10-1301-porsche-992-1-gt3-pre-preg-carbon-fibre-rear-apron-panel,Adro A23A10-1301 Porsche 992.1 GT3 Pre-Preg Carbon Fibre Rear Apron Panel,"<h4><strong>Description</strong></h4><b>Porsche 992.1 GT3 Pre-Preg Carbon Fibre Rear Apron Panel</b><p>Elevate your Porsche 992.1 GT3 with the expertly crafted Rear Apron Panel by Adro, engineered to perfection using pre-preg carbon fiber technology. This sleek, high-performance addition not only enhances the aesthetic appeal of your vehicle but also delivers on functionality and durability.</p><p><strong>Key Features:</strong></p><ul><li><strong>Exceptional Craftsmanship:</strong> Manufactured with precision using pre-preg carbon fiber, ensuring lightweight yet resilient construction.</li><li><strong>Aesthetic Enhancement:</strong> Designed to seamlessly integrate with the Porsche 992.1 GT3, adding a sophisticated and sporty edge to your vehicle's rear profile.</li><li><strong>Performance Driven:</strong> Boosts aerodynamic efficiency, contributing to improved vehicle handling and performance on the road.</li><li><strong>Durability:</strong> Built to withstand the rigors of both daily driving and track conditions.</li><li><strong>Easy Installation:</strong> Designed for a straightforward installation process, allowing you to upgrade your vehicle with minimal effort.</li></ul><p>&nbsp;</p><h4>What's Included</h4><ul><li>1 x Adro Carbon Fibre (2x2 weave) Rear Apron Panel<br></li></ul><p>&nbsp;</p><h4>Compatibility</h4><p>Feel free to contact us at info@mlperformance.co.uk should you wish to double check!</p><p>&nbsp;</p><h4>Compatibility Check</h4><p>To ensure the part(s) you have ordered fits your vehicle, we run a compatibility check prior to dispatch. We can do this either using your registration number (UK) or the last 7 digits of your VIN. Simply enter your car details prior to checkout.</p><p>&nbsp;</p><h4>Part Number</h4><p>ADRO-A23A10-1301</p><p>&nbsp;</p><h4>More Information</h4><p><strong>Manufactured by</strong></p><p>Adro</p>",Adro,,Exterior,"Uploaded by_Muazzim, MLP Discount 2025, Brand_Adro, 2025_New Products, Product Type_Exterior",TRUE,Title,Default Title,,,,,ADRO-A23A10-1301,25000,shopify,continue,manual,3799,3799,TRUE,TRUE,A23A10-1301,https://autoid.co/cdn/shop/files/porsche-9921-gt3-pre-preg-carbon-fibre-rear-apron-panel-by-adro-adro-252727.webp?v=1736460209&width=1200,1,Adro A23A10-1301 PORSCHE 992.1 GT3 PRE-PREG CARBON FIBRE REAR APRON PANEL,,Adro A23A10-1301 PORSCHE 992.1 GT3 PRE-PREG CARBON FIBRE REAR APRON PANEL,Get Adro A23A10-1301 PORSCHE 992.1 GT3 PRE-PREG CARBON FIBRE REAR APRON PANEL for your car to get your desired looks and performance from ML Performance at the lowest price with FREE UK shipping & next day delivery on in stock items. Very cheap prices & good service.,,,,A23A10-1301,,,new,,,,,,,,kg,8708949900,,,,,draft
adro-a23a10-1301-porsche-992-1-gt3-pre-preg-carbon-fibre-rear-apron-panel,,,,,,,,,,,,,,,,,,,,,,,,https://autoid.co/cdn/shop/files/porsche-9921-gt3-pre-preg-carbon-fibre-rear-apron-panel-by-adro-adro-875575.webp?v=1736460209&width=1200,2,Adro A23A10-1301 PORSCHE 992.1 GT3 PRE-PREG CARBON FIBRE REAR APRON PANEL,,,,,,,,,,,,,,,,,,,,,,,,
adro-a23a10-1301-porsche-992-1-gt3-pre-preg-carbon-fibre-rear-apron-panel,,,,,,,,,,,,,,,,,,,,,,,,https://autoid.co/cdn/shop/files/porsche-9921-gt3-pre-preg-carbon-fibre-rear-apron-panel-by-adro-adro-441578.webp?v=1736460209&width=1200,3,Adro A23A10-1301 PORSCHE 992.1 GT3 PRE-PREG CARBON FIBRE REAR APRON PANEL,,,,,,,,,,,,,,,,,,,,,,,,
adro-a23a10-1301-porsche-992-1-gt3-pre-preg-carbon-fibre-rear-apron-panel,,,,,,,,,,,,,,,,,,,,,,,,https://autoid.co/cdn/shop/files/porsche-9921-gt3-pre-preg-carbon-fibre-rear-apron-panel-by-adro-adro-394603.webp?v=1736460209&width=1200,4,Adro A23A10-1301 PORSCHE 992.1 GT3 PRE-PREG CARBON FIBRE REAR APRON PANEL,,,,,,,,,,,,,,,,,,,,,,,,
adro-a23a10-1301-porsche-992-1-gt3-pre-preg-carbon-fibre-rear-apron-panel,,,,,,,,,,,,,,,,,,,,,,,,https://autoid.co/cdn/shop/files/porsche-9921-gt3-pre-preg-carbon-fibre-rear-apron-panel-by-adro-adro-594217.webp?v=1736460209&width=1200,5,Adro A23A10-1301 PORSCHE 992.1 GT3 PRE-PREG CARBON FIBRE REAR APRON PANEL,,,,,,,,,,,,,,,,,,,,,,,,
adro-a23a10-1301-porsche-992-1-gt3-pre-preg-carbon-fibre-rear-apron-panel,,,,,,,,,,,,,,,,,,,,,,,,https://autoid.co/cdn/shop/files/porsche-9921-gt3-pre-preg-carbon-fibre-rear-apron-panel-by-adro-adro-284422.webp?v=1736460209&width=1200,6,Adro A23A10-1301 PORSCHE 992.1 GT3 PRE-PREG CARBON FIBRE REAR APRON PANEL,,,,,,,,,,,,,,,,,,,,,,,,
adro-a23a10-1301-porsche-992-1-gt3-pre-preg-carbon-fibre-rear-apron-panel,,,,,,,,,,,,,,,,,,,,,,,,https://autoid.co/cdn/shop/files/porsche-9921-gt3-pre-preg-carbon-fibre-rear-apron-panel-by-adro-adro-450856.webp?v=1736460209&width=1200,7,Adro A23A10-1301 PORSCHE 992.1 GT3 PRE-PREG CARBON FIBRE REAR APRON PANEL,,,,,,,,,,,,,,,,,,,,,,,,
adro-a23a10-1301-porsche-992-1-gt3-pre-preg-carbon-fibre-rear-apron-panel,,,,,,,,,,,,,,,,,,,,,,,,https://autoid.co/cdn/shop/files/porsche-9921-gt3-pre-preg-carbon-fibre-rear-apron-panel-by-adro-adro-563934.webp?v=1736460209&width=1200,8,Adro A23A10-1301 PORSCHE 992.1 GT3 PRE-PREG CARBON FIBRE REAR APRON PANEL,,,,,,,,,,,,,,,,,,,,,,,,
adro-a23a10-1301-porsche-992-1-gt3-pre-preg-carbon-fibre-rear-apron-panel,,,,,,,,,,,,,,,,,,,,,,,,https://autoid.co/cdn/shop/files/porsche-9921-gt3-pre-preg-carbon-fibre-rear-apron-panel-by-adro-adro-714490.webp?v=1736460209&width=1200,9,Adro A23A10-1301 PORSCHE 992.1 GT3 PRE-PREG CARBON FIBRE REAR APRON PANEL,,,,,,,,,,,,,,,,,,,,,,,,
adro-a23a10-1211-porsche-992-1-gt3-pre-preg-carbon-fibre-intake-panel,Adro A23A10-1211 Porsche 992.1 GT3 Pre-Preg Carbon Fibre Intake Panel,"<h4><strong>Description</strong></h4><b>Porsche 992.1 GT3 Pre-Preg Carbon Fibre Intake Panel by Adro</b><p>Unleash the full potential of your Porsche 992.1 GT3 with the cutting-edge Pre-Preg Carbon Fibre Intake Panel by Adro. Crafted specifically for the discerning automotive enthusiast, this intake panel is designed to enhance both the performance and aesthetics of your vehicle.</p><p><strong>Key Features:</strong></p><ul><li><strong>Advanced Pre-Preg Carbon Fibre Construction:</strong> Utilizes state-of-the-art pre-preg carbon fibre technology, ensuring unmatched strength and durability while maintaining a lightweight profile.</li><li><strong>Optimised Airflow:</strong> The precision-engineered design promotes optimal airflow to your GT3's engine, enhancing its performance and responsiveness.</li><li><strong>Seamless Fit:</strong> Specifically designed for the Porsche 992.1 GT3, ensuring a perfect fit and easy installation without modifications.</li><li><strong>Enhanced Aesthetics:</strong> The sleek carbon fibre texture adds a touch of sophistication and sportiness to your vehicle's engine bay.</li><li><strong>Performance Boost:</strong> Experience noticeable improvements in throttle response and power delivery, elevating your driving experience to new heights.</li></ul><p><strong>NOTE:</strong> This must be used with the front splitter (SKU:A23A10-1201). This is not compatible with the OEM intake panel.</p><p>&nbsp;</p><h4>What's Included</h4><ul><li>1 x Adro Carbon Fibre (2x2 weave) Intake Panel<br></li></ul><p>&nbsp;</p><h4>Compatibility</h4><p>Feel free to contact us at info@mlperformance.co.uk should you wish to double check!</p><p>&nbsp;</p><h4>Compatibility Check</h4><p>To ensure the part(s) you have ordered fits your vehicle, we run a compatibility check prior to dispatch. We can do this either using your registration number (UK) or the last 7 digits of your VIN. Simply enter your car details prior to checkout.</p><p>&nbsp;</p><h4>Part Number</h4><p>ADRO-A23A10-1211</p><p>&nbsp;</p><h4>More Information</h4><p><strong>Manufactured by</strong></p><p>Adro</p>",Adro,,Exterior,"Uploaded by_Muazzim, MLP Discount 2025, Brand_Adro, 2025_New Products, Product Type_Exterior, Category_Air Intake Grilles",TRUE,Title,Default Title,,,,,ADRO-A23A10-1211,40000,shopify,continue,manual,3799,3799,TRUE,TRUE,A23A10-1211,https://autoid.co/cdn/shop/files/porsche-9921-gt3-pre-preg-carbon-fibre-intake-panel-by-adro-adro-544248.webp?v=1736460249&width=1200,1,Adro A23A10-1211 PORSCHE 992.1 GT3 PRE-PREG CARBON FIBRE INTAKE PANEL,,Adro A23A10-1211 PORSCHE 992.1 GT3 PRE-PREG CARBON FIBRE INTAKE PANEL,Get Adro A23A10-1211 PORSCHE 992.1 GT3 PRE-PREG CARBON FIBRE INTAKE PANEL for your car to get your desired looks and performance from ML Performance at the lowest price with FREE UK shipping & next day delivery on in stock items. Very cheap prices & good service.,,,,A23A10-1211,,,new,,,,,,,,kg,8708949900,,,,,draft
adro-a23a10-1211-porsche-992-1-gt3-pre-preg-carbon-fibre-intake-panel,,,,,,,,,,,,,,,,,,,,,,,,https://autoid.co/cdn/shop/files/porsche-9921-gt3-pre-preg-carbon-fibre-intake-panel-by-adro-adro-340172.webp?v=1736460249&width=1200,2,Adro A23A10-1211 PORSCHE 992.1 GT3 PRE-PREG CARBON FIBRE INTAKE PANEL,,,,,,,,,,,,,,,,,,,,,,,,
adro-a23a10-1211-porsche-992-1-gt3-pre-preg-carbon-fibre-intake-panel,,,,,,,,,,,,,,,,,,,,,,,,https://autoid.co/cdn/shop/files/porsche-9921-gt3-pre-preg-carbon-fibre-intake-panel-by-adro-adro-541810.webp?v=1736460249&width=1200,3,Adro A23A10-1211 PORSCHE 992.1 GT3 PRE-PREG CARBON FIBRE INTAKE PANEL,,,,,,,,,,,,,,,,,,,,,,,,
adro-a23a10-1211-porsche-992-1-gt3-pre-preg-carbon-fibre-intake-panel,,,,,,,,,,,,,,,,,,,,,,,,https://autoid.co/cdn/shop/files/porsche-9921-gt3-pre-preg-carbon-fibre-intake-panel-by-adro-adro-275840.webp?v=1736460249&width=1200,4,Adro A23A10-1211 PORSCHE 992.1 GT3 PRE-PREG CARBON FIBRE INTAKE PANEL,,,,,,,,,,,,,,,,,,,,,,,,
adro-a23a10-1211-porsche-992-1-gt3-pre-preg-carbon-fibre-intake-panel,,,,,,,,,,,,,,,,,,,,,,,,https://autoid.co/cdn/shop/files/porsche-9921-gt3-pre-preg-carbon-fibre-intake-panel-by-adro-adro-569389.webp?v=1736460249&width=1200,5,Adro A23A10-1211 PORSCHE 992.1 GT3 PRE-PREG CARBON FIBRE INTAKE PANEL,,,,,,,,,,,,,,,,,,,,,,,,
adro-a23a10-1211-porsche-992-1-gt3-pre-preg-carbon-fibre-intake-panel,,,,,,,,,,,,,,,,,,,,,,,,https://autoid.co/cdn/shop/files/porsche-9921-gt3-pre-preg-carbon-fibre-intake-panel-by-adro-adro-284265.webp?v=1736460249&width=1200,6,Adro A23A10-1211 PORSCHE 992.1 GT3 PRE-PREG CARBON FIBRE INTAKE PANEL,,,,,,,,,,,,,,,,,,,,,,,,
adro-a23a10-1211-porsche-992-1-gt3-pre-preg-carbon-fibre-intake-panel,,,,,,,,,,,,,,,,,,,,,,,,https://autoid.co/cdn/shop/files/porsche-9921-gt3-pre-preg-carbon-fibre-intake-panel-by-adro-adro-811162.webp?v=1736460249&width=1200,7,Adro A23A10-1211 PORSCHE 992.1 GT3 PRE-PREG CARBON FIBRE INTAKE PANEL,,,,,,,,,,,,,,,,,,,,,,,,
adro-a23a10-1211-porsche-992-1-gt3-pre-preg-carbon-fibre-intake-panel,,,,,,,,,,,,,,,,,,,,,,,,https://autoid.co/cdn/shop/files/porsche-9921-gt3-pre-preg-carbon-fibre-intake-panel-by-adro-adro-628643.webp?v=1736460249&width=2048,8,Adro A23A10-1211 PORSCHE 992.1 GT3 PRE-PREG CARBON FIBRE INTAKE PANEL,,,,,,,,,,,,,,,,,,,,,,,,
adro-a23a10-1211-porsche-992-1-gt3-pre-preg-carbon-fibre-intake-panel,,,,,,,,,,,,,,,,,,,,,,,,https://autoid.co/cdn/shop/files/porsche-9921-gt3-pre-preg-carbon-fibre-intake-panel-by-adro-adro-270211.webp?v=1736460249&width=2048,9,Adro A23A10-1211 PORSCHE 992.1 GT3 PRE-PREG CARBON FIBRE INTAKE PANEL,,,,,,,,,,,,,,,,,,,,,,,,
adro-a23a10-1401-porsche-992-1-gt3-pre-preg-carbon-fibre-side-skirts,Adro A23A10-1401 Porsche 992.1 GT3 Pre-Preg Carbon Fibre Side Skirts,"<h4><strong>Description</strong></h4><b>Porsche 992.1 GT3 Pre-Preg Carbon Fibre Side Skirts by Adro</b><p>Elevate your driving experience with the Porsche 992.1 GT3 Pre-Preg Carbon Fibre Side Skirts, crafted by the experts at Adro. These side skirts are designed for those who crave a blend of performance and aesthetic perfection, enhancing both the aerodynamics and the aggressive appearance of your Porsche.</p><p><strong>Key Features:</strong></p><ul><li><strong>Premium Material:</strong> Made from high-quality pre-preg carbon fibre, these side skirts offer superior strength and durability while maintaining a lightweight structure.</li><li><strong>Aerodynamic Efficiency:</strong> Expertly designed to reduce drag and improve the vehicle's stability at high speeds, enhancing your car's overall performance.</li><li><strong>Precision Fit:</strong> Engineered specifically for the Porsche 992.1 GT3, ensuring a seamless fit that complements the car's original design.</li><li><strong>Aesthetic Appeal:</strong> The glossy carbon fibre finish adds a touch of luxury and sportiness, making your Porsche stand out on the streets or the track.</li></ul><p>&nbsp;</p><h4>What's Included</h4><ul><li>1 x Adro Carbon Fibre (2x2 weave) Side Skirts (Left & Right Side)<br></li></ul><p>&nbsp;</p><h4>Compatibility</h4><p>Feel free to contact us at info@mlperformance.co.uk should you wish to double check!</p><p>&nbsp;</p><h4>Compatibility Check</h4><p>To ensure the part(s) you have ordered fits your vehicle, we run a compatibility check prior to dispatch. We can do this either using your registration number (UK) or the last 7 digits of your VIN. Simply enter your car details prior to checkout.</p><p>&nbsp;</p><h4>Part Number</h4><p>ADRO-A23A10-1401</p><p>&nbsp;</p><h4>More Information</h4><p><strong>Manufactured by</strong></p><p>Adro</p>",Adro,,Exterior,"Uploaded by_Muazzim, MLP Discount 2025, Brand_Adro, 2025_New Products, Product Type_Exterior, Category_Side Skirts",TRUE,Title,Default Title,,,,,ADRO-A23A10-1401,26000,shopify,continue,manual,2999,2999,TRUE,TRUE,A23A10-1401,https://autoid.co/cdn/shop/files/porsche-9921-gt3-pre-preg-carbon-fibre-side-skirts-by-adro-adro-206264.webp?v=1736460217&width=1200,1,Adro A23A10-1401 PORSCHE 992.1 GT3 PRE-PREG CARBON FIBRE SIDE SKIRTS,,Adro A23A10-1401 PORSCHE 992.1 GT3 PRE-PREG CARBON FIBRE SIDE SKIRTS,Get Adro A23A10-1401 PORSCHE 992.1 GT3 PRE-PREG CARBON FIBRE SIDE SKIRTS for your car to get your desired looks and performance from ML Performance at the lowest price with FREE UK shipping & next day delivery on in stock items. Very cheap prices & good service.,,,,A23A10-1401,,,new,,,,,,,,kg,8708949900,,,,,draft
adro-a23a10-1401-porsche-992-1-gt3-pre-preg-carbon-fibre-side-skirts,,,,,,,,,,,,,,,,,,,,,,,,https://autoid.co/cdn/shop/files/porsche-9921-gt3-pre-preg-carbon-fibre-side-skirts-by-adro-adro-113247.webp?v=1736460217&width=1200,2,Adro A23A10-1401 PORSCHE 992.1 GT3 PRE-PREG CARBON FIBRE SIDE SKIRTS,,,,,,,,,,,,,,,,,,,,,,,,
adro-a23a10-1401-porsche-992-1-gt3-pre-preg-carbon-fibre-side-skirts,,,,,,,,,,,,,,,,,,,,,,,,https://autoid.co/cdn/shop/files/porsche-9921-gt3-pre-preg-carbon-fibre-side-skirts-by-adro-adro-239740.webp?v=1736460217&width=1200,3,Adro A23A10-1401 PORSCHE 992.1 GT3 PRE-PREG CARBON FIBRE SIDE SKIRTS,,,,,,,,,,,,,,,,,,,,,,,,
adro-a23a10-1401-porsche-992-1-gt3-pre-preg-carbon-fibre-side-skirts,,,,,,,,,,,,,,,,,,,,,,,,https://autoid.co/cdn/shop/files/porsche-9921-gt3-pre-preg-carbon-fibre-side-skirts-by-adro-adro-545114.webp?v=1736460217&width=1200,4,Adro A23A10-1401 PORSCHE 992.1 GT3 PRE-PREG CARBON FIBRE SIDE SKIRTS,,,,,,,,,,,,,,,,,,,,,,,,
adro-a23a10-1401-porsche-992-1-gt3-pre-preg-carbon-fibre-side-skirts,,,,,,,,,,,,,,,,,,,,,,,,https://autoid.co/cdn/shop/files/porsche-9921-gt3-pre-preg-carbon-fibre-side-skirts-by-adro-adro-321974.webp?v=1736460217&width=1200,5,Adro A23A10-1401 PORSCHE 992.1 GT3 PRE-PREG CARBON FIBRE SIDE SKIRTS,,,,,,,,,,,,,,,,,,,,,,,,
adro-a23a10-1401-porsche-992-1-gt3-pre-preg-carbon-fibre-side-skirts,,,,,,,,,,,,,,,,,,,,,,,,https://autoid.co/cdn/shop/files/porsche-9921-gt3-pre-preg-carbon-fibre-side-skirts-by-adro-adro-704975.webp?v=1736460217&width=1200,6,Adro A23A10-1401 PORSCHE 992.1 GT3 PRE-PREG CARBON FIBRE SIDE SKIRTS,,,,,,,,,,,,,,,,,,,,,,,,
adro-a23a10-1401-porsche-992-1-gt3-pre-preg-carbon-fibre-side-skirts,,,,,,,,,,,,,,,,,,,,,,,,https://autoid.co/cdn/shop/files/porsche-9921-gt3-pre-preg-carbon-fibre-side-skirts-by-adro-adro-795839.webp?v=1736460217&width=2048,7,Adro A23A10-1401 PORSCHE 992.1 GT3 PRE-PREG CARBON FIBRE SIDE SKIRTS,,,,,,,,,,,,,,,,,,,,,,,,
adro-a23a10-1401-porsche-992-1-gt3-pre-preg-carbon-fibre-side-skirts,,,,,,,,,,,,,,,,,,,,,,,,https://autoid.co/cdn/shop/files/porsche-9921-gt3-pre-preg-carbon-fibre-side-skirts-by-adro-adro-855792.webp?v=1736460217&width=2048,8,Adro A23A10-1401 PORSCHE 992.1 GT3 PRE-PREG CARBON FIBRE SIDE SKIRTS,,,,,,,,,,,,,,,,,,,,,,,,
adro-a23a10-1201-porsche-992-1-gt3-pre-preg-carbon-fibre-front-splitter,Adro A23A10-1201 Porsche 992.1 GT3 Pre-Preg Carbon Fibre Front Splitter,"<h4><strong>Description</strong></h4><b>Porsche 992.1 GT3 Carbon Fibre Front Splitter by Adro</b><p>Elevate your Porsche 992.1 GT3 to new heights with the precision-engineered Carbon Fibre Front Splitter by Adro. This exclusive accessory is designed to enhance both the aesthetic appeal and aerodynamic performance of your vehicle, giving it a competitive edge on the track and an unparalleled presence on the road.</p><p><strong>Key Features:</strong></p><ul><li><strong>Premium Carbon Fibre Build:</strong> Crafted from high-grade carbon fibre, this front splitter offers superior strength and durability while remaining lightweight. It complements the GT3's design with a sleek, modern touch.</li><li><strong>Aerodynamic Enhancement:</strong> Specially designed to reduce drag and improve downforce, this splitter ensures enhanced handling and stability at high speeds, allowing you to push your limits with confidence.</li><li><strong>Perfect Fit:</strong> Tailor-made for the Porsche 992.1 GT3, this splitter boasts a seamless fit that integrates perfectly with the car's existing lines, maintaining its iconic look.</li><li><strong>Easy Installation:</strong> Engineered for hassle-free installation, the splitter comes with all necessary hardware and instructions, making it a straightforward upgrade for any enthusiast.</li></ul><p><strong>NOTE:</strong> This must be used with the front intake panel (SKU:A23A10-1211). This is not compatible with OEM Splitter.</p><p>&nbsp;</p><h4>What's Included</h4><ul><li>1 x Adro Carbon Fibre (2x2 weave) Front Splitter</li><li>Installation Hardware<br></li></ul><p>&nbsp;</p><h4>Compatibility</h4><p>Feel free to contact us at info@mlperformance.co.uk should you wish to double check!</p><p>&nbsp;</p><h4>Compatibility Check</h4><p>To ensure the part(s) you have ordered fits your vehicle, we run a compatibility check prior to dispatch. We can do this either using your registration number (UK) or the last 7 digits of your VIN. Simply enter your car details prior to checkout.</p><p>&nbsp;</p><h4>Part Number</h4><p>ADRO-A23A10-1201</p><p>&nbsp;</p><h4>More Information</h4><p><strong>Manufactured by</strong></p><p>Adro</p>",Adro,,Exterior,"Uploaded by_Muazzim, MLP Discount 2025, Brand_Adro, 2025_New Products, Product Type_Exterior, Category_Front Splitters",TRUE,Title,Default Title,,,,,ADRO-A23A10-1201,40000,shopify,continue,manual,2199,2199,TRUE,TRUE,A23A10-1201,https://autoid.co/cdn/shop/files/porsche-9921-gt3-pre-preg-carbon-fibre-front-splitter-by-adro-adro-244006.webp?v=1736460210&width=1200,1,Adro A23A10-1201 PORSCHE 992.1 GT3 PRE-PREG CARBON FIBRE FRONT SPLITTER,,Adro A23A10-1201 PORSCHE 992.1 GT3 PRE-PREG CARBON FIBRE FRONT SPLITTER,Get Adro A23A10-1201 PORSCHE 992.1 GT3 PRE-PREG CARBON FIBRE FRONT SPLITTER for your car to get your desired looks and performance from ML Performance at the lowest price with FREE UK shipping & next day delivery on in stock items. Very cheap prices & good service.,,,,A23A10-1201,,,new,,,,,,,,kg,8708949900,,,,,draft
adro-a23a10-1201-porsche-992-1-gt3-pre-preg-carbon-fibre-front-splitter,,,,,,,,,,,,,,,,,,,,,,,,https://autoid.co/cdn/shop/files/porsche-9921-gt3-pre-preg-carbon-fibre-front-splitter-by-adro-adro-287685.webp?v=1736460210&width=1200,2,Adro A23A10-1201 PORSCHE 992.1 GT3 PRE-PREG CARBON FIBRE FRONT SPLITTER,,,,,,,,,,,,,,,,,,,,,,,,
adro-a23a10-1201-porsche-992-1-gt3-pre-preg-carbon-fibre-front-splitter,,,,,,,,,,,,,,,,,,,,,,,,https://autoid.co/cdn/shop/files/porsche-9921-gt3-pre-preg-carbon-fibre-front-splitter-by-adro-adro-831901.webp?v=1736460210&width=1200,3,Adro A23A10-1201 PORSCHE 992.1 GT3 PRE-PREG CARBON FIBRE FRONT SPLITTER,,,,,,,,,,,,,,,,,,,,,,,,
adro-a23a10-1201-porsche-992-1-gt3-pre-preg-carbon-fibre-front-splitter,,,,,,,,,,,,,,,,,,,,,,,,https://autoid.co/cdn/shop/files/porsche-9921-gt3-pre-preg-carbon-fibre-front-splitter-by-adro-adro-892368.webp?v=1736460210&width=1200,4,Adro A23A10-1201 PORSCHE 992.1 GT3 PRE-PREG CARBON FIBRE FRONT SPLITTER,,,,,,,,,,,,,,,,,,,,,,,,
adro-a23a10-1201-porsche-992-1-gt3-pre-preg-carbon-fibre-front-splitter,,,,,,,,,,,,,,,,,,,,,,,,https://autoid.co/cdn/shop/files/porsche-9921-gt3-pre-preg-carbon-fibre-front-splitter-by-adro-adro-613969.webp?v=1736460210&width=1200,5,Adro A23A10-1201 PORSCHE 992.1 GT3 PRE-PREG CARBON FIBRE FRONT SPLITTER,,,,,,,,,,,,,,,,,,,,,,,,
adro-a23a10-1201-porsche-992-1-gt3-pre-preg-carbon-fibre-front-splitter,,,,,,,,,,,,,,,,,,,,,,,,https://autoid.co/cdn/shop/files/porsche-9921-gt3-pre-preg-carbon-fibre-front-splitter-by-adro-adro-281152.webp?v=1736460210&width=1200,6,Adro A23A10-1201 PORSCHE 992.1 GT3 PRE-PREG CARBON FIBRE FRONT SPLITTER,,,,,,,,,,,,,,,,,,,,,,,,
adro-a23a10-1201-porsche-992-1-gt3-pre-preg-carbon-fibre-front-splitter,,,,,,,,,,,,,,,,,,,,,,,,https://autoid.co/cdn/shop/files/porsche-9921-gt3-pre-preg-carbon-fibre-front-splitter-by-adro-adro-692026.webp?v=1736460210&width=1200,7,Adro A23A10-1201 PORSCHE 992.1 GT3 PRE-PREG CARBON FIBRE FRONT SPLITTER,,,,,,,,,,,,,,,,,,,,,,,,
adro-a23a10-1201-porsche-992-1-gt3-pre-preg-carbon-fibre-front-splitter,,,,,,,,,,,,,,,,,,,,,,,,https://autoid.co/cdn/shop/files/porsche-9921-gt3-pre-preg-carbon-fibre-front-splitter-by-adro-adro-215710.webp?v=1736460210&width=2048,8,Adro A23A10-1201 PORSCHE 992.1 GT3 PRE-PREG CARBON FIBRE FRONT SPLITTER,,,,,,,,,,,,,,,,,,,,,,,,
adro-a23a10-1201-porsche-992-1-gt3-pre-preg-carbon-fibre-front-splitter,,,,,,,,,,,,,,,,,,,,,,,,https://autoid.co/cdn/shop/files/porsche-9921-gt3-pre-preg-carbon-fibre-front-splitter-by-adro-adro-322135.webp?v=1736460210&width=2048,9,Adro A23A10-1201 PORSCHE 992.1 GT3 PRE-PREG CARBON FIBRE FRONT SPLITTER,,,,,,,,,,,,,,,,,,,,,,,,
adro-toyota-gr-supra-mk5-wide-body-kit,Adro Toyota GR Supra MK5 Wide Body Kit,"<h4><strong>Description</strong></h4><p>Transform your <strong>Toyota GR Supra A90 MK5</strong> with the <strong>ADRO Wide Body Kit</strong>, a masterpiece of aerodynamics and aggressive styling. Designed to enhance both performance and aesthetics, this premium wide body kit delivers an unmistakable presence on the road or track while maintaining OEM-level fitment and quality.</p><b><strong>Key Features:</strong></b><p><strong>Aggressive Widebody Design</strong> Expands the Supra's stance for a bold, track-ready look.<br><strong>Lightweight & Durable Construction</strong> Crafted from high-quality carbon fiber and composite materials for strength and performance.<br><strong>Enhanced Aerodynamics</strong> Optimized for improved airflow, downforce, and stability at high speeds.<br><strong>Perfect OEM Fitment</strong> Precision-engineered to seamlessly integrate with the factory body lines.<br><strong>Complete Kit</strong> Includes wide fenders, front and rear bumper extensions, side skirts, and other aerodynamic enhancements.</p><table><tbody><tr><td><p>Wheel & Tire Specs:</p></td><td><p>Front Wheel: 19"" 10J -40 Tire: 275/35-19<br>Rear Wheel : 19"" 12J -50 Tire: 305/30-19</p></td></tr></tbody></table><table><tbody><tr><td><p>Width Increase:<br>*per side</p></td><td><p>Front: 75mm<br>Rear: 90mm</p></td></tr></tbody></table><p><br>Designed for enthusiasts who demand the perfect balance of form and function, the <strong>ADRO Wide Body Kit</strong> takes the <strong>Toyota GR Supra A90 MK5</strong> to the next level with an aggressive stance and race-inspired performance.</p><p>&nbsp;</p><h4>What's Included</h4><p><span>ADRO Facelift Front Bumper</span><br><span>ADRO Carbon Fiber Front Lip</span><br><span>ADRO Carbon Fiber Bumper Extensions</span><br><span>ADRO Carbon Fiber Canards</span><br><span>ADRO Carbon Fiber Hood</span><br><span>ADRO Carbon Fiber Hood Extensions</span><br><span>ADRO FRP Fenders</span><br><span>ADRO Carbon Fiber Side Skirts</span><br><span>ADRO Carbon Fiber Door Garnish</span><br><span>ADRO FRP Rear Quarter Panel</span><br><span>ADRO ABS 3D Printed Vents</span><br><span>ADRO Carbon Fiber Rear Diffuser</span><br><span>ADRO AT-P1 Reverse Swan Neck Wing</span></p><p>&nbsp;</p><h4>Compatibility</h4><p>Feel free to contact us at info@mlperformance.co.uk should you wish to double check!</p><p>&nbsp;</p><h4>Compatibility Check</h4><p>To ensure the part(s) you have ordered fits your vehicle, we run a compatibility check prior to dispatch. We can do this either using your registration number (UK) or the last 7 digits of your VIN. Simply enter your car details prior to checkout.</p><p>&nbsp;</p><h4>Part Number</h4><p>ADRO-A18A20-1101, A18A20-2401 (Supra Wide Body Kit without Bumper & Wing)</p><p>ADRO-A18A20-1101, A18A20-2401, A18A20-2101 (Supra Wide Body Kit without Wing)</p><p>ADRO-A18A20-1101, A18A20-1504, A18A20-2401 (Supra Wide Body Kit without Bumper)</p><p>ADRO-A18A20-1101, A18A20-1504, A18A20-2401, A18A20-2101 (Supra Wide Body Kit Complete)</p><p>&nbsp;</p><h4>More Information</h4><p><strong>Manufactured by</strong></p><p>Adro</p>",Adro,,Exterior,"Uploaded by_Muazzim, MLP Discount 2025, Brand_Adro, 2025_New Products, Product Type_Exterior, Category_Body Kits",TRUE,Option,Supra Wide Body Kit without Bumper & Wing,,,,,"ADRO-A18A20-1101, A18A20-2401",150000,shopify,continue,manual,15839,15839,TRUE,TRUE,"A18A20-1101, A18A20-2401",https://autoid.co/cdn/shop/files/toyota-gr-supra-mk5-wide-body-kit-by-adro-adro-777812.webp?v=1739406032&width=1200,1,Adro TOYOTA GR SUPRA MK5 WIDE BODY KIT,,Adro TOYOTA GR SUPRA MK5 WIDE BODY KIT,Get Adro TOYOTA GR SUPRA MK5 WIDE BODY KIT for your car to get your desired looks and performance from ML Performance at the lowest price with FREE UK shipping & next day delivery on in stock items. Very cheap prices & good service.,,,,"A18A20-1101, A18A20-2401",,,new,,,,,,,,kg,8708949900,,,,,draft
adro-toyota-gr-supra-mk5-wide-body-kit,,,,,,,,,Supra Wide Body Kit without Wing,,,,,"ADRO-A18A20-1101, A18A20-2401, A18A20-2101",220000,shopify,continue,manual,17929,17929,TRUE,TRUE,"A18A20-1101, A18A20-2401, A18A20-2101",https://autoid.co/cdn/shop/files/toyota-gr-supra-mk5-wide-body-kit-by-adro-adro-970804.webp?v=1739406034&width=1200,2,Adro TOYOTA GR SUPRA MK5 WIDE BODY KIT,,,,,,,,,,,,,,,,,,kg,,,,,,
adro-toyota-gr-supra-mk5-wide-body-kit,,,,,,,,,Supra Wide Body Kit without Bumper,,,,,"ADRO-A18A20-1101, A18A20-1504, A18A20-2401",180000,shopify,continue,manual,19415,19415,TRUE,TRUE,"A18A20-1101, A18A20-1504, A18A20-2401",https://autoid.co/cdn/shop/files/toyota-gr-supra-mk5-wide-body-kit-by-adro-adro-686286.webp?v=1739406034&width=1200,3,Adro TOYOTA GR SUPRA MK5 WIDE BODY KIT,,,,,,,,,,,,,,,,,,kg,,,,,,
adro-toyota-gr-supra-mk5-wide-body-kit,,,,,,,,,Supra Wide Body Kit Complete,,,,,"ADRO-A18A20-1101, A18A20-1504, A18A20-2401, A18A20-2101",250000,shopify,continue,manual,21449,21449,TRUE,TRUE,"A18A20-1101, A18A20-1504, A18A20-2401, A18A20-2101",https://autoid.co/cdn/shop/files/toyota-gr-supra-mk5-wide-body-kit-by-adro-adro-186853.webp?v=1739406034&width=1200,4,Adro TOYOTA GR SUPRA MK5 WIDE BODY KIT,,,,,,,,,,,,,,,,,,kg,,,,,,
adro-toyota-gr-supra-mk5-wide-body-kit,,,,,,,,,,,,,,,,,,,,,,,,https://autoid.co/cdn/shop/files/toyota-gr-supra-mk5-wide-body-kit-by-adro-adro-315044.webp?v=1739406035&width=1200,5,Adro TOYOTA GR SUPRA MK5 WIDE BODY KIT,,,,,,,,,,,,,,,,,,,,,,,,
adro-toyota-gr-supra-mk5-wide-body-kit,,,,,,,,,,,,,,,,,,,,,,,,https://autoid.co/cdn/shop/files/toyota-gr-supra-mk5-wide-body-kit-by-adro-adro-612236.webp?v=1739406036&width=1200,6,Adro TOYOTA GR SUPRA MK5 WIDE BODY KIT,,,,,,,,,,,,,,,,,,,,,,,,
adro-toyota-gr-supra-mk5-wide-body-kit,,,,,,,,,,,,,,,,,,,,,,,,https://autoid.co/cdn/shop/files/toyota-gr-supra-mk5-wide-body-kit-by-adro-adro-753005.webp?v=1739406037&width=1200,7,Adro TOYOTA GR SUPRA MK5 WIDE BODY KIT,,,,,,,,,,,,,,,,,,,,,,,,
adro-toyota-gr-supra-mk5-wide-body-kit,,,,,,,,,,,,,,,,,,,,,,,,https://autoid.co/cdn/shop/files/toyota-gr-supra-mk5-wide-body-kit-by-adro-adro-759368.webp?v=1739406037&width=1200,8,Adro TOYOTA GR SUPRA MK5 WIDE BODY KIT,,,,,,,,,,,,,,,,,,,,,,,,
adro-toyota-gr-supra-mk5-wide-body-kit,,,,,,,,,,,,,,,,,,,,,,,,https://autoid.co/cdn/shop/files/toyota-gr-supra-mk5-wide-body-kit-by-adro-adro-259586.webp?v=1739406037&width=1200,9,Adro TOYOTA GR SUPRA MK5 WIDE BODY KIT,,,,,,,,,,,,,,,,,,,,,,,,
adro-toyota-gr-supra-mk5-wide-body-kit,,,,,,,,,,,,,,,,,,,,,,,,https://autoid.co/cdn/shop/files/toyota-gr-supra-mk5-wide-body-kit-by-adro-adro-434234.webp?v=1739406038&width=1200,10,Adro TOYOTA GR SUPRA MK5 WIDE BODY KIT,,,,,,,,,,,,,,,,,,,,,,,,
adro-toyota-gr-supra-mk5-wide-body-kit,,,,,,,,,,,,,,,,,,,,,,,,https://autoid.co/cdn/shop/files/toyota-gr-supra-mk5-wide-body-kit-by-adro-adro-430572.webp?v=1739406081&width=1200,11,Adro TOYOTA GR SUPRA MK5 WIDE BODY KIT,,,,,,,,,,,,,,,,,,,,,,,,
adro-toyota-gr-supra-mk5-wide-body-kit,,,,,,,,,,,,,,,,,,,,,,,,https://autoid.co/cdn/shop/files/toyota-gr-supra-mk5-wide-body-kit-by-adro-adro-970524.webp?v=1739406083&width=1200,12,Adro TOYOTA GR SUPRA MK5 WIDE BODY KIT,,,,,,,,,,,,,,,,,,,,,,,,
adro-toyota-gr-supra-mk5-wide-body-kit,,,,,,,,,,,,,,,,,,,,,,,,https://autoid.co/cdn/shop/files/toyota-gr-supra-mk5-wide-body-kit-by-adro-adro-898407.webp?v=1739406083&width=1200,13,Adro TOYOTA GR SUPRA MK5 WIDE BODY KIT,,,,,,,,,,,,,,,,,,,,,,,,
adro-toyota-gr-supra-mk5-wide-body-kit,,,,,,,,,,,,,,,,,,,,,,,,https://autoid.co/cdn/shop/files/toyota-gr-supra-mk5-wide-body-kit-by-adro-adro-832578.webp?v=1739406083&width=1200,14,Adro TOYOTA GR SUPRA MK5 WIDE BODY KIT,,,,,,,,,,,,,,,,,,,,,,,,
adro-toyota-gr-supra-mk5-wide-body-kit,,,,,,,,,,,,,,,,,,,,,,,,https://autoid.co/cdn/shop/files/toyota-gr-supra-mk5-wide-body-kit-by-adro-adro-105679.webp?v=1739406084&width=1200,15,Adro TOYOTA GR SUPRA MK5 WIDE BODY KIT,,,,,,,,,,,,,,,,,,,,,,,,
adro-a14a90-1301-a14a90-1501-a14a90-1401-a14a90-1201-a14a90-2201-bmw-m2-g87-pre-preg-carbon-fibre-full-body-kit-2023,"Adro A14A90-1301, A14A90-1501, A14A90-1401, A14A90-1201, A14A90-2201 BMW M2 G87 Pre-Preg Carbon Fibre Full Body Kit (2023+)","<h4><strong>Description</strong></h4><p>ADRO Carbon Fibre Full Carbon Fibre Body Kit for the M2 G87 model. This kit includes the front splitter, rear wing, side skirts, front grilles and a rear diffuser.</p><p><span>This carbon fibre is composed of a 2x2 weave, typical of most OEM carbon fibre pieces and comparable to Genuine M Performance parts.</span></p><p>&nbsp;</p><h4>What's Included</h4><ul><li>1 x Adro Carbon Fibre (pre-preg, 2x2 weave) Front Splitter</li><li>2 x Adro Carbon Fibre (pre-preg, 2x2 weave) Side Skirts</li><li>1 x Adro Carbon Fibre (pre-preg, 2x2 weave) Rear Diffuser</li><li>1 x Adro Carbon Fibre (pre-preg, 2x2 weave) Rear Wing</li><li>2 x Adro Carbon Fibre (pre-preg, 2x2 weave) Front Grilles</li><li>Installation Hardware<br></li></ul><p>&nbsp;</p><h4>Compatibility</h4><p>Feel free to contact us at info@mlperformance.co.uk should you wish to double check!</p><p>&nbsp;</p><h4>Compatibility Check</h4><p>To ensure the part(s) you have ordered fits your vehicle, we run a compatibility check prior to dispatch. We can do this either using your registration number (UK) or the last 7 digits of your VIN. Simply enter your car details prior to checkout.</p><p>&nbsp;</p><h4>Part Number</h4><p>ADRO-A14A90-1301, A14A90-1501, A14A90-1401, A14A90-1201, A14A90-2201</p><p>&nbsp;</p><h4>More Information</h4><p><strong>Manufactured by</strong></p><p>Adro</p>",Adro,,Exterior,"Uploaded by_Muazzim, MLP Discount 2025, Brand_Adro, 2025_New Products, Product Type_Exterior, Category_Body Kits",TRUE,Title,Default Title,,,,,"ADRO-A14A90-1301, A14A90-1501, A14A90-1401, A14A90-1201, A14A90-2201",150000,shopify,continue,manual,10649,10649,TRUE,TRUE,"A14A90-1301, A14A90-1501, A14A90-1401, A14A90-1201, A14A90-2201",https://autoid.co/cdn/shop/files/bmw-m2-g87-pre-preg-carbon-fibre-full-body-kit-by-adro-2023-adro-606687.webp?v=1726655169&width=800,1,"Adro A14A90-1301, A14A90-1501, A14A90-1401, A14A90-1201, A14A90-2201 BMW M2 G87 PRE-PREG CARBON FIBRE FULL BODY KIT (2023+)",,"Adro A14A90-1301, A14A90-1501, A14A90-1401, A14A90-1201, A14A90-2201 BMW M2 G87 PRE-PREG CARBON FIBRE FULL BODY KIT (2023+)","Get Adro A14A90-1301, A14A90-1501, A14A90-1401, A14A90-1201, A14A90-2201 BMW M2 G87 PRE-PREG CARBON FIBRE FULL BODY KIT (2023+) for your car to get your desired looks and performance from ML Performance at the lowest price with FREE UK shipping & next day delivery on in stock items. Very cheap prices & good service.",,,,"A14A90-1301, A14A90-1501, A14A90-1401, A14A90-1201, A14A90-2201",,,new,,,,,,,,kg,8708949900,,,,,draft
adro-a14a90-1301-a14a90-1501-a14a90-1401-a14a90-1201-a14a90-2201-bmw-m2-g87-pre-preg-carbon-fibre-full-body-kit-2023,,,,,,,,,,,,,,,,,,,,,,,,https://autoid.co/cdn/shop/files/bmw-m2-g87-pre-preg-carbon-fibre-full-body-kit-by-adro-2023-adro-204649.webp?v=1726655169&width=800,2,"Adro A14A90-1301, A14A90-1501, A14A90-1401, A14A90-1201, A14A90-2201 BMW M2 G87 PRE-PREG CARBON FIBRE FULL BODY KIT (2023+)",,,,,,,,,,,,,,,,,,,,,,,,
adro-a14a90-1301-a14a90-1501-a14a90-1401-a14a90-1201-a14a90-2201-bmw-m2-g87-pre-preg-carbon-fibre-full-body-kit-2023,,,,,,,,,,,,,,,,,,,,,,,,https://autoid.co/cdn/shop/files/bmw-m2-g87-pre-preg-carbon-fibre-full-body-kit-by-adro-2023-adro-838807.webp?v=1726655169&width=800,3,"Adro A14A90-1301, A14A90-1501, A14A90-1401, A14A90-1201, A14A90-2201 BMW M2 G87 PRE-PREG CARBON FIBRE FULL BODY KIT (2023+)",,,,,,,,,,,,,,,,,,,,,,,,
adro-a14a90-1301-a14a90-1501-a14a90-1401-a14a90-1201-a14a90-2201-bmw-m2-g87-pre-preg-carbon-fibre-full-body-kit-2023,,,,,,,,,,,,,,,,,,,,,,,,https://autoid.co/cdn/shop/files/bmw-m2-g87-pre-preg-carbon-fibre-full-body-kit-by-adro-2023-adro-820664.webp?v=1726655169&width=800,4,"Adro A14A90-1301, A14A90-1501, A14A90-1401, A14A90-1201, A14A90-2201 BMW M2 G87 PRE-PREG CARBON FIBRE FULL BODY KIT (2023+)",,,,,,,,,,,,,,,,,,,,,,,,
adro-a14a90-1301-a14a90-1501-a14a90-1401-a14a90-1201-a14a90-2201-bmw-m2-g87-pre-preg-carbon-fibre-full-body-kit-2023,,,,,,,,,,,,,,,,,,,,,,,,https://autoid.co/cdn/shop/files/bmw-m2-g87-pre-preg-carbon-fibre-full-body-kit-by-adro-2023-adro-397364.webp?v=1726655169&width=800,5,"Adro A14A90-1301, A14A90-1501, A14A90-1401, A14A90-1201, A14A90-2201 BMW M2 G87 PRE-PREG CARBON FIBRE FULL BODY KIT (2023+)",,,,,,,,,,,,,,,,,,,,,,,,
adro-a14a90-1301-a14a90-1501-a14a90-1401-a14a90-1201-a14a90-2201-bmw-m2-g87-pre-preg-carbon-fibre-full-body-kit-2023,,,,,,,,,,,,,,,,,,,,,,,,https://autoid.co/cdn/shop/files/bmw-m2-g87-pre-preg-carbon-fibre-full-body-kit-by-adro-2023-adro-399290.webp?v=1726655169&width=800,6,"Adro A14A90-1301, A14A90-1501, A14A90-1401, A14A90-1201, A14A90-2201 BMW M2 G87 PRE-PREG CARBON FIBRE FULL BODY KIT (2023+)",,,,,,,,,,,,,,,,,,,,,,,,
adro-a14a90-1301-a14a90-1501-a14a90-1401-a14a90-1201-a14a90-2201-bmw-m2-g87-pre-preg-carbon-fibre-full-body-kit-2023,,,,,,,,,,,,,,,,,,,,,,,,https://autoid.co/cdn/shop/files/bmw-m2-g87-pre-preg-carbon-fibre-full-body-kit-by-adro-2023-adro-468902.webp?v=1726655169&width=800,7,"Adro A14A90-1301, A14A90-1501, A14A90-1401, A14A90-1201, A14A90-2201 BMW M2 G87 PRE-PREG CARBON FIBRE FULL BODY KIT (2023+)",,,,,,,,,,,,,,,,,,,,,,,,
adro-a14a90-1301-a14a90-1501-a14a90-1401-a14a90-1201-a14a90-2201-bmw-m2-g87-pre-preg-carbon-fibre-full-body-kit-2023,,,,,,,,,,,,,,,,,,,,,,,,https://autoid.co/cdn/shop/files/bmw-m2-g87-pre-preg-carbon-fibre-full-body-kit-by-adro-2023-adro-941195.webp?v=1726655169&width=800,8,"Adro A14A90-1301, A14A90-1501, A14A90-1401, A14A90-1201, A14A90-2201 BMW M2 G87 PRE-PREG CARBON FIBRE FULL BODY KIT (2023+)",,,,,,,,,,,,,,,,,,,,,,,,
adro-a14a90-1301-a14a90-1501-a14a90-1401-a14a90-1201-a14a90-2201-bmw-m2-g87-pre-preg-carbon-fibre-full-body-kit-2023,,,,,,,,,,,,,,,,,,,,,,,,https://autoid.co/cdn/shop/files/bmw-m2-g87-pre-preg-carbon-fibre-full-body-kit-by-adro-2023-adro-168583.webp?v=1726655169&width=800,9,"Adro A14A90-1301, A14A90-1501, A14A90-1401, A14A90-1201, A14A90-2201 BMW M2 G87 PRE-PREG CARBON FIBRE FULL BODY KIT (2023+)",,,,,,,,,,,,,,,,,,,,,,,,
adro-a14a90-1301-a14a90-1501-a14a90-1401-a14a90-1201-a14a90-2201-bmw-m2-g87-pre-preg-carbon-fibre-full-body-kit-2023,,,,,,,,,,,,,,,,,,,,,,,,https://autoid.co/cdn/shop/files/bmw-m2-g87-pre-preg-carbon-fibre-full-body-kit-by-adro-2023-adro-898895.webp?v=1726655169&width=800,10,"Adro A14A90-1301, A14A90-1501, A14A90-1401, A14A90-1201, A14A90-2201 BMW M2 G87 PRE-PREG CARBON FIBRE FULL BODY KIT (2023+)",,,,,,,,,,,,,,,,,,,,,,,,
adro-a14a90-1301-a14a90-1501-a14a90-1401-a14a90-1201-a14a90-2201-bmw-m2-g87-pre-preg-carbon-fibre-full-body-kit-2023,,,,,,,,,,,,,,,,,,,,,,,,https://autoid.co/cdn/shop/files/bmw-m2-g87-pre-preg-carbon-fibre-full-body-kit-by-adro-2023-adro-800168.webp?v=1726655169&width=800,11,"Adro A14A90-1301, A14A90-1501, A14A90-1401, A14A90-1201, A14A90-2201 BMW M2 G87 PRE-PREG CARBON FIBRE FULL BODY KIT (2023+)",,,,,,,,,,,,,,,,,,,,,,,,
adro-a14a90-1301-a14a90-1501-a14a90-1401-a14a90-1201-a14a90-2201-bmw-m2-g87-pre-preg-carbon-fibre-full-body-kit-2023,,,,,,,,,,,,,,,,,,,,,,,,https://autoid.co/cdn/shop/files/bmw-m2-g87-pre-preg-carbon-fibre-full-body-kit-by-adro-2023-adro-795242.webp?v=1726655169&width=800,12,"Adro A14A90-1301, A14A90-1501, A14A90-1401, A14A90-1201, A14A90-2201 BMW M2 G87 PRE-PREG CARBON FIBRE FULL BODY KIT (2023+)",,,,,,,,,,,,,,,,,,,,,,,,
adro-a14a90-1301-a14a90-1501-a14a90-1401-a14a90-1201-a14a90-2201-bmw-m2-g87-pre-preg-carbon-fibre-full-body-kit-2023,,,,,,,,,,,,,,,,,,,,,,,,https://autoid.co/cdn/shop/files/bmw-m2-g87-pre-preg-carbon-fibre-full-body-kit-by-adro-2023-adro-237098.webp?v=1726655169&width=800,13,"Adro A14A90-1301, A14A90-1501, A14A90-1401, A14A90-1201, A14A90-2201 BMW M2 G87 PRE-PREG CARBON FIBRE FULL BODY KIT (2023+)",,,,,,,,,,,,,,,,,,,,,,,,
adro-a14a90-1301-a14a90-1501-a14a90-1401-a14a90-1201-a14a90-2201-bmw-m2-g87-pre-preg-carbon-fibre-full-body-kit-2023,,,,,,,,,,,,,,,,,,,,,,,,https://autoid.co/cdn/shop/files/bmw-m2-g87-pre-preg-carbon-fibre-full-body-kit-by-adro-2023-adro-148728.webp?v=1726655169&width=800,14,"Adro A14A90-1301, A14A90-1501, A14A90-1401, A14A90-1201, A14A90-2201 BMW M2 G87 PRE-PREG CARBON FIBRE FULL BODY KIT (2023+)",,,,,,,,,,,,,,,,,,,,,,,,
adro-a14a90-1301-a14a90-1501-a14a90-1401-a14a90-1201-a14a90-2201-bmw-m2-g87-pre-preg-carbon-fibre-full-body-kit-2023,,,,,,,,,,,,,,,,,,,,,,,,https://autoid.co/cdn/shop/files/bmw-m2-g87-pre-preg-carbon-fibre-full-body-kit-by-adro-2023-adro-988895.webp?v=1726655169&width=800,15,"Adro A14A90-1301, A14A90-1501, A14A90-1401, A14A90-1201, A14A90-2201 BMW M2 G87 PRE-PREG CARBON FIBRE FULL BODY KIT (2023+)",,,,,,,,,,,,,,,,,,,,,,,,
adro-a14a90-1301-a14a90-1501-a14a90-1401-a14a90-1201-a14a90-2201-bmw-m2-g87-pre-preg-carbon-fibre-full-body-kit-2023,,,,,,,,,,,,,,,,,,,,,,,,https://autoid.co/cdn/shop/files/bmw-m2-g87-pre-preg-carbon-fibre-full-body-kit-by-adro-2023-adro-825071.webp?v=1726655169&width=800,16,"Adro A14A90-1301, A14A90-1501, A14A90-1401, A14A90-1201, A14A90-2201 BMW M2 G87 PRE-PREG CARBON FIBRE FULL BODY KIT (2023+)",,,,,,,,,,,,,,,,,,,,,,,,
adro-a14a90-1301-a14a90-1501-a14a90-1401-a14a90-1201-a14a90-2201-bmw-m2-g87-pre-preg-carbon-fibre-full-body-kit-2023,,,,,,,,,,,,,,,,,,,,,,,,https://autoid.co/cdn/shop/files/bmw-m2-g87-pre-preg-carbon-fibre-full-body-kit-by-adro-2023-adro-255174.webp?v=1726655169&width=800,17,"Adro A14A90-1301, A14A90-1501, A14A90-1401, A14A90-1201, A14A90-2201 BMW M2 G87 PRE-PREG CARBON FIBRE FULL BODY KIT (2023+)",,,,,,,,,,,,,,,,,,,,,,,,
adro-toyota-gr-supra-a90-mk5-full-carbon-fibre-body-kit,Adro Toyota GR Supra A90 MK5 Full Carbon Fibre Body Kit,"<h4><strong>Description</strong></h4><p><strong>ADRO Full Carbon Fibre Body Kit: Unleash Your Toyota GR Supra Mk5's True Potential</strong></p><p>Transform your Toyota GR Supra Mk5 into a head-turning, track-ready machine with the ADRO Full Carbon Fibre Body Kit. This comprehensive kit, featured on Liam Lawson's personal Supra (excluding the rear wing), combines aggressive styling with functional aerodynamics, taking your Supra's performance and visual appeal to the next level.</p><p>This isn't just about looks; it's about unlocking your Supra's full potential. Each component in the ADRO Full Carbon Fibre Body Kit is meticulously designed to optimise airflow, increase downforce, and enhance handling. Whether you're carving corners on the track or commanding attention on the streets, this kit delivers the perfect fusion of form and function.</p><p>Transform your Toyota GR Supra Mk5 with the ADRO Full Carbon Fibre Body Kit and experience a complete makeover in both style and performance. This comprehensive kit is the ultimate upgrade for enthusiasts who demand the best.</p><p>&nbsp;</p><h4>Features</h4><ul><li><strong>Complete Transformation:</strong> A comprehensive body kit that dramatically alters the Supra's appearance, giving it a wider, more aggressive stance and a distinctive motorsport-inspired aesthetic.</li><li><strong>Lightweight Carbon Fibre Construction:</strong> Crafted from high-quality carbon fibre, the kit is lightweight yet incredibly strong, ensuring optimal performance and a premium look.</li><li><strong>Enhanced Aerodynamics:</strong> Each component is designed to work in harmony, improving airflow, increasing downforce, and reducing drag for a more planted and responsive driving experience.</li><li><strong>Precision Engineering:</strong> Utilising advanced 3D modelling techniques, the ADRO Full Carbon Fibre Body Kit achieves a perfect OEM fit and seamless integration with the Supra's body lines.</li><li><strong>Unmatched Quality:</strong> Manufactured to the highest standards, ensuring durability and a flawless finish.</li></ul><p>&nbsp;</p><h4>Compatibility</h4><p>Feel free to contact us at info@mlperformance.co.uk should you wish to double check!</p><p>&nbsp;</p><h4>Compatibility Check</h4><p>To ensure the part(s) you have ordered fits your vehicle, we run a compatibility check prior to dispatch. We can do this either using your registration number (UK) or the last 7 digits of your VIN. Simply enter your car details prior to checkout.</p><p>&nbsp;</p><h4>Part Number</h4><p>ADRO-AD-TSFBK (Include)</p><p>ADRO-AD-TSFBK2 (Do Not Include)</p><p>&nbsp;</p><h4>More Information</h4><p><strong>Manufactured by</strong></p><p>Adro</p>",Adro,,Exterior,"Uploaded by_Muazzim, MLP Discount 2025, Brand_Adro, 2025_New Products, Product Type_Exterior, Category_Body Kits",TRUE,Toyota GR Supra A90 Mk5 Front Bumper by Adro (2019+) (Carbon Fibre Front Splitter):,Include,,,,,ADRO-AD-TSFBK,220000,shopify,continue,manual,9899.1,9899.1,TRUE,TRUE,AD-TSFBK,https://autoid.co/cdn/shop/files/toyota-gr-supra-a90-mk5-full-carbon-fibre-body-kit-by-adro-adro-820868.webp?v=1732618278&width=1200,1,Adro TOYOTA GR SUPRA A90 MK5 FULL CARBON FIBRE BODY KIT,,Adro TOYOTA GR SUPRA A90 MK5 FULL CARBON FIBRE BODY KIT,Get Adro TOYOTA GR SUPRA A90 MK5 FULL CARBON FIBRE BODY KIT for your car to get your desired looks and performance from ML Performance at the lowest price with FREE UK shipping & next day delivery on in stock items. Very cheap prices & good service.,,,,AD-TSFBK,,,new,,,,,,,,kg,8708949900,,,,,draft
adro-toyota-gr-supra-a90-mk5-full-carbon-fibre-body-kit,,,,,,,,,Do Not Include,,,,,ADRO-AD-TSFBK2,150000,shopify,continue,manual,9449.1,9449.1,TRUE,TRUE,AD-TSFBK2,https://autoid.co/cdn/shop/files/toyota-gr-supra-a90-mk5-full-carbon-fibre-body-kit-by-adro-adro-606912.webp?v=1732618278&width=1200,2,Adro TOYOTA GR SUPRA A90 MK5 FULL CARBON FIBRE BODY KIT,,,,,,,,,,,,,,,,,,kg,,,,,,
adro-toyota-gr-supra-a90-mk5-full-carbon-fibre-body-kit,,,,,,,,,,,,,,,,,,,,,,,,https://autoid.co/cdn/shop/files/toyota-gr-supra-a90-mk5-full-carbon-fibre-body-kit-by-adro-adro-244369.webp?v=1732618278&width=1200,3,Adro TOYOTA GR SUPRA A90 MK5 FULL CARBON FIBRE BODY KIT,,,,,,,,,,,,,,,,,,,,,,,,
adro-toyota-gr-supra-a90-mk5-full-carbon-fibre-body-kit,,,,,,,,,,,,,,,,,,,,,,,,https://autoid.co/cdn/shop/files/toyota-gr-supra-a90-mk5-full-carbon-fibre-body-kit-by-adro-adro-560113.webp?v=1732618278&width=1200,4,Adro TOYOTA GR SUPRA A90 MK5 FULL CARBON FIBRE BODY KIT,,,,,,,,,,,,,,,,,,,,,,,,
adro-toyota-gr-supra-a90-mk5-full-carbon-fibre-body-kit,,,,,,,,,,,,,,,,,,,,,,,,https://autoid.co/cdn/shop/files/toyota-gr-supra-a90-mk5-full-carbon-fibre-body-kit-by-adro-adro-637577.webp?v=1732618278&width=1200,5,Adro TOYOTA GR SUPRA A90 MK5 FULL CARBON FIBRE BODY KIT,,,,,,,,,,,,,,,,,,,,,,,,
adro-toyota-gr-supra-a90-mk5-full-carbon-fibre-body-kit,,,,,,,,,,,,,,,,,,,,,,,,https://autoid.co/cdn/shop/files/toyota-gr-supra-a90-mk5-full-carbon-fibre-body-kit-by-adro-adro-203852.webp?v=1732618278&width=1200,6,Adro TOYOTA GR SUPRA A90 MK5 FULL CARBON FIBRE BODY KIT,,,,,,,,,,,,,,,,,,,,,,,,
adro-toyota-gr-supra-a90-mk5-full-carbon-fibre-body-kit,,,,,,,,,,,,,,,,,,,,,,,,https://autoid.co/cdn/shop/files/toyota-gr-supra-a90-mk5-full-carbon-fibre-body-kit-by-adro-adro-262262.webp?v=1732618278&width=1200,7,Adro TOYOTA GR SUPRA A90 MK5 FULL CARBON FIBRE BODY KIT,,,,,,,,,,,,,,,,,,,,,,,,
adro-toyota-gr-supra-a90-mk5-full-carbon-fibre-body-kit,,,,,,,,,,,,,,,,,,,,,,,,https://autoid.co/cdn/shop/files/toyota-gr-supra-a90-mk5-full-carbon-fibre-body-kit-by-adro-adro-628591.webp?v=1732618278&width=1200,8,Adro TOYOTA GR SUPRA A90 MK5 FULL CARBON FIBRE BODY KIT,,,,,,,,,,,,,,,,,,,,,,,,
adro-toyota-gr-supra-a90-mk5-full-carbon-fibre-body-kit,,,,,,,,,,,,,,,,,,,,,,,,https://autoid.co/cdn/shop/files/preview_images/hqdefault_90c0359f-6299-437a-982a-17ce4055977e.jpg?v=1732618941&width=480,9,Adro TOYOTA GR SUPRA A90 MK5 FULL CARBON FIBRE BODY KIT,,,,,,,,,,,,,,,,,,,,,,,,
adro-ad-e92bk-bmw-m3-e92-carbon-fibre-adro-full-body-kit,Adro AD-E92BK BMW M3 E92 Carbon Fibre Adro Full Body Kit,"<h4><strong>Description</strong></h4><b><strong>Transform Your BMW E92 M3 with a Premium Carbon Fibre Body Kit</strong></b><p>Elevate your driving experience and unleash the full potential of your BMW E92 M3 with our exclusive carbon fibre body kit. Designed to enhance both aesthetics and performance, this kit is a must-have for any M3 enthusiast.</p><p><strong>Upgrade Your E92 M3 Today:</strong></p><p>Transform your driving experience with our premium carbon fibre body kit. AUTOID are the official UK distributors for ADRO. Contact us for expert advice and to order your kit.</p><p><strong>Key Features:</strong></p><ul><li>Aggressive Styling: Give your E92 M3 a more aggressive and dynamic look with our carbon fibre components.</li><li>Enhanced Aerodynamics: Experience improved stability and handling with optimised airflow.</li><li>Unmatched Performance: Unleash your M3's true potential with increased downforce and reduced drag.</li><li>Premium Materials: Crafted from high-quality carbon fibre for a lightweight, durable, and visually stunning finish.</li><li>Perfect Fit: Designed specifically for the E92 M3 to ensure a seamless integration.</li></ul><p>&nbsp;</p><h4>What's Included</h4><ul><li>BMW M3 E92 Pre-Preg Carbon Fibre Swan Neck AT-R1 Rear Wing by Adro</li><li>BMW M3 E92 Carbon Fibre Side Skirts by Adro</li><li>BMW M3 E92 Carbon Fibre Rear Diffuser by Adro</li><li>BMW M3 E92 Carbon Fibre Front Splitter by Adro</li></ul><p>&nbsp;</p><h4>Compatibility</h4><p>Feel free to contact us at info@mlperformance.co.uk should you wish to double check!</p><p>&nbsp;</p><h4>Compatibility Check</h4><p>To ensure the part(s) you have ordered fits your vehicle, we run a compatibility check prior to dispatch. We can do this either using your registration number (UK) or the last 7 digits of your VIN. Simply enter your car details prior to checkout.</p><p>&nbsp;</p><h4>Part Number</h4><p>ADRO-AD-E92BK</p><p>&nbsp;</p><h4>More Information</h4><p><strong>Manufactured by</strong></p><p>Adro</p>",Adro,,Exterior,"Uploaded by_Muazzim, MLP Discount 2025, Brand_Adro, 2025_New Products, Product Type_Exterior, Category_Body Kits",TRUE,Title,Default Title,,,,,ADRO-AD-E92BK,150000,shopify,continue,manual,7099,7099,TRUE,TRUE,AD-E92BK,https://autoid.co/cdn/shop/files/bmw-m3-e92-carbon-fibre-adro-full-body-kit-adro-372359.webp?v=1726655208&width=1200,1,Adro AD-E92BK BMW M3 E92 CARBON FIBRE ADRO FULL BODY KIT,,Adro AD-E92BK BMW M3 E92 CARBON FIBRE ADRO FULL BODY KIT,Get Adro AD-E92BK BMW M3 E92 CARBON FIBRE ADRO FULL BODY KIT for your car to get your desired looks and performance from ML Performance at the lowest price with FREE UK shipping & next day delivery on in stock items. Very cheap prices & good service.,,,,AD-E92BK,,,new,,,,,,,,kg,8708949900,,,,,draft
adro-ad-e92bk-bmw-m3-e92-carbon-fibre-adro-full-body-kit,,,,,,,,,,,,,,,,,,,,,,,,https://autoid.co/cdn/shop/files/bmw-m3-e92-carbon-fibre-adro-full-body-kit-adro-883874.webp?v=1751965035&width=1200,2,Adro AD-E92BK BMW M3 E92 CARBON FIBRE ADRO FULL BODY KIT,,,,,,,,,,,,,,,,,,,,,,,,
adro-ad-e92bk-bmw-m3-e92-carbon-fibre-adro-full-body-kit,,,,,,,,,,,,,,,,,,,,,,,,https://autoid.co/cdn/shop/files/bmw-m3-e92-carbon-fibre-adro-full-body-kit-adro-426165.webp?v=1751965035&width=1200,3,Adro AD-E92BK BMW M3 E92 CARBON FIBRE ADRO FULL BODY KIT,,,,,,,,,,,,,,,,,,,,,,,,
adro-ad-e92bk-bmw-m3-e92-carbon-fibre-adro-full-body-kit,,,,,,,,,,,,,,,,,,,,,,,,https://autoid.co/cdn/shop/files/bmw-m3-e92-carbon-fibre-adro-full-body-kit-adro-177168.webp?v=1751965035&width=1200,4,Adro AD-E92BK BMW M3 E92 CARBON FIBRE ADRO FULL BODY KIT,,,,,,,,,,,,,,,,,,,,,,,,
adro-ad-e92bk-bmw-m3-e92-carbon-fibre-adro-full-body-kit,,,,,,,,,,,,,,,,,,,,,,,,https://autoid.co/cdn/shop/files/bmw-m3-e92-carbon-fibre-adro-full-body-kit-adro-571895.webp?v=1751965035&width=1200,5,Adro AD-E92BK BMW M3 E92 CARBON FIBRE ADRO FULL BODY KIT,,,,,,,,,,,,,,,,,,,,,,,,
adro-ad-e92bk-bmw-m3-e92-carbon-fibre-adro-full-body-kit,,,,,,,,,,,,,,,,,,,,,,,,https://autoid.co/cdn/shop/files/bmw-m3-e92-carbon-fibre-adro-full-body-kit-adro-521283.webp?v=1751965035&width=1200,6,Adro AD-E92BK BMW M3 E92 CARBON FIBRE ADRO FULL BODY KIT,,,,,,,,,,,,,,,,,,,,,,,,
adro-ad-e92bk-bmw-m3-e92-carbon-fibre-adro-full-body-kit,,,,,,,,,,,,,,,,,,,,,,,,https://autoid.co/cdn/shop/files/bmw-m3-e92-carbon-fibre-adro-full-body-kit-adro-383790.webp?v=1751965035&width=1200,7,Adro AD-E92BK BMW M3 E92 CARBON FIBRE ADRO FULL BODY KIT,,,,,,,,,,,,,,,,,,,,,,,,
adro-ad-e92bk-bmw-m3-e92-carbon-fibre-adro-full-body-kit,,,,,,,,,,,,,,,,,,,,,,,,https://autoid.co/cdn/shop/files/bmw-m3-e92-carbon-fibre-adro-full-body-kit-adro-396424.webp?v=1751965035&width=1200,8,Adro AD-E92BK BMW M3 E92 CARBON FIBRE ADRO FULL BODY KIT,,,,,,,,,,,,,,,,,,,,,,,,
adro-ad-e92bk-bmw-m3-e92-carbon-fibre-adro-full-body-kit,,,,,,,,,,,,,,,,,,,,,,,,https://autoid.co/cdn/shop/files/bmw-m3-e92-carbon-fibre-adro-full-body-kit-adro-225714.webp?v=1751965035&width=1200,9,Adro AD-E92BK BMW M3 E92 CARBON FIBRE ADRO FULL BODY KIT,,,,,,,,,,,,,,,,,,,,,,,,
adro-ad-e92bk-bmw-m3-e92-carbon-fibre-adro-full-body-kit,,,,,,,,,,,,,,,,,,,,,,,,https://autoid.co/cdn/shop/files/bmw-m3-e92-carbon-fibre-adro-full-body-kit-adro-258638.webp?v=1751965023&width=1200,10,Adro AD-E92BK BMW M3 E92 CARBON FIBRE ADRO FULL BODY KIT,,,,,,,,,,,,,,,,,,,,,,,,
adro-ad-e92bk-bmw-m3-e92-carbon-fibre-adro-full-body-kit,,,,,,,,,,,,,,,,,,,,,,,,https://autoid.co/cdn/shop/files/bmw-m3-e92-carbon-fibre-adro-full-body-kit-adro-296386.webp?v=1726655208&width=1200,11,Adro AD-E92BK BMW M3 E92 CARBON FIBRE ADRO FULL BODY KIT,,,,,,,,,,,,,,,,,,,,,,,,
adro-ad-e92bk-bmw-m3-e92-carbon-fibre-adro-full-body-kit,,,,,,,,,,,,,,,,,,,,,,,,https://autoid.co/cdn/shop/files/bmw-m3-e92-carbon-fibre-adro-full-body-kit-adro-668557.webp?v=1726655208&width=1200,12,Adro AD-E92BK BMW M3 E92 CARBON FIBRE ADRO FULL BODY KIT,,,,,,,,,,,,,,,,,,,,,,,,
adro-a14a11-2401-bmw-m3-g80-m4-g82-dry-carbon-fibre-front-vented-bonnet-2021,Adro A14A11-2401 BMW M3 G80 & M4 G82 Dry Carbon Fibre Front Vented Bonnet (2021+),"<h4><strong>Description</strong></h4><b>Elevate Your BMW's Performance & Aesthetic</b><p>Transform your BMW M3 G80 or M4 G82 into a masterpiece of engineering and style with the <strong>Adro Dry Carbon Fibre Front Vented Bonnet</strong>. Designed exclusively for models from 2021 onwards, this high-performance bonnet is the epitome of luxury and functionality.</p><p>&nbsp;</p><h4>Features</h4><ul><li><strong>Premium Dry Carbon Fibre Material:</strong> Crafted from the finest dry carbon fibre for unparalleled strength and reduced weight, enhancing both speed and agility.</li><li><strong>Advanced Ventilation System:</strong> Features strategically placed vents that optimize airflow, ensuring your engine remains cool even in the most demanding conditions.</li><li><strong>Aerodynamic Design:</strong> Engineered to improve vehicle aerodynamics, reducing drag and boosting overall performance.</li><li><strong>Perfect Fitment:</strong> Precision-engineered to seamlessly fit the contours of your BMW M3 G80 or M4 G82, guaranteeing a flawless installation without additional modifications.</li></ul><p>&nbsp;</p><h4>What's Included</h4><ul><li>1 x Adro Carbon Fibre (dry, pre-preg, 2x2 weave) Front Bonnet<br></li></ul><p>&nbsp;</p><h4>Compatibility</h4><p>Feel free to contact us at info@mlperformance.co.uk should you wish to double check!</p><p>&nbsp;</p><h4>Compatibility Check</h4><p>To ensure the part(s) you have ordered fits your vehicle, we run a compatibility check prior to dispatch. We can do this either using your registration number (UK) or the last 7 digits of your VIN. Simply enter your car details prior to checkout.</p><p>&nbsp;</p><h4>Part Number</h4><p>ADRO-A14A11-2401</p><p>&nbsp;</p><h4>More Information</h4><p><strong>Manufactured by</strong></p><p>Adro</p>",Adro,,Exterior,"Uploaded by_Muazzim, MLP Discount 2025, Brand_Adro, 2025_New Products, Product Type_Exterior, Category_Bonnets",TRUE,Title,Default Title,,,,,ADRO-A14A11-2401,120000,shopify,continue,manual,5799,5799,TRUE,TRUE,A14A11-2401,https://autoid.co/cdn/shop/files/bmw-m3-g80-m4-g82-dry-carbon-fibre-front-vented-bonnet-by-adro-2021-adro-705325.webp?v=1733316403&width=1200,1,Adro A14A11-2401 BMW M3 G80 & M4 G82 DRY CARBON FIBRE FRONT VENTED BONNET (2021+),,Adro A14A11-2401 BMW M3 G80 & M4 G82 DRY CARBON FIBRE FRONT VENTED BONNET (2021+),Get Adro A14A11-2401 BMW M3 G80 & M4 G82 DRY CARBON FIBRE FRONT VENTED BONNET (2021+) for your car to get your desired looks and performance from ML Performance at the lowest price with FREE UK shipping & next day delivery on in stock items. Very cheap prices & good service.,,,,A14A11-2401,,,new,,,,,,,,kg,8708949900,,,,,draft
adro-a14a11-2401-bmw-m3-g80-m4-g82-dry-carbon-fibre-front-vented-bonnet-2021,,,,,,,,,,,,,,,,,,,,,,,,https://autoid.co/cdn/shop/files/bmw-m3-g80-m4-g82-dry-carbon-fibre-front-vented-bonnet-by-adro-2021-adro-111537.webp?v=1733316403&width=1200,2,Adro A14A11-2401 BMW M3 G80 & M4 G82 DRY CARBON FIBRE FRONT VENTED BONNET (2021+),,,,,,,,,,,,,,,,,,,,,,,,
adro-a14a11-2401-bmw-m3-g80-m4-g82-dry-carbon-fibre-front-vented-bonnet-2021,,,,,,,,,,,,,,,,,,,,,,,,https://autoid.co/cdn/shop/files/bmw-m3-g80-m4-g82-dry-carbon-fibre-front-vented-bonnet-by-adro-2021-adro-838896.webp?v=1733316403&width=1200,3,Adro A14A11-2401 BMW M3 G80 & M4 G82 DRY CARBON FIBRE FRONT VENTED BONNET (2021+),,,,,,,,,,,,,,,,,,,,,,,,
adro-a14a11-2401-bmw-m3-g80-m4-g82-dry-carbon-fibre-front-vented-bonnet-2021,,,,,,,,,,,,,,,,,,,,,,,,https://autoid.co/cdn/shop/files/bmw-m3-g80-m4-g82-dry-carbon-fibre-front-vented-bonnet-by-adro-2021-adro-702226.webp?v=1733316403&width=1200,4,Adro A14A11-2401 BMW M3 G80 & M4 G82 DRY CARBON FIBRE FRONT VENTED BONNET (2021+),,,,,,,,,,,,,,,,,,,,,,,,
adro-a14a11-2401-bmw-m3-g80-m4-g82-dry-carbon-fibre-front-vented-bonnet-2021,,,,,,,,,,,,,,,,,,,,,,,,https://autoid.co/cdn/shop/files/bmw-m3-g80-m4-g82-dry-carbon-fibre-front-vented-bonnet-by-adro-2021-adro-326742.webp?v=1733316403&width=1600,5,Adro A14A11-2401 BMW M3 G80 & M4 G82 DRY CARBON FIBRE FRONT VENTED BONNET (2021+),,,,,,,,,,,,,,,,,,,,,,,,
adro-a14a11-2401-bmw-m3-g80-m4-g82-dry-carbon-fibre-front-vented-bonnet-2021,,,,,,,,,,,,,,,,,,,,,,,,https://autoid.co/cdn/shop/files/bmw-m3-g80-m4-g82-dry-carbon-fibre-front-vented-bonnet-by-adro-2021-adro-159215.webp?v=1733316403&width=1600,6,Adro A14A11-2401 BMW M3 G80 & M4 G82 DRY CARBON FIBRE FRONT VENTED BONNET (2021+),,,,,,,,,,,,,,,,,,,,,,,,
adro-a14a11-2401-bmw-m3-g80-m4-g82-dry-carbon-fibre-front-vented-bonnet-2021,,,,,,,,,,,,,,,,,,,,,,,,https://autoid.co/cdn/shop/files/bmw-m3-g80-m4-g82-dry-carbon-fibre-front-vented-bonnet-by-adro-2021-adro-459820.webp?v=1733316403&width=1200,7,Adro A14A11-2401 BMW M3 G80 & M4 G82 DRY CARBON FIBRE FRONT VENTED BONNET (2021+),,,,,,,,,,,,,,,,,,,,,,,,
adro-a18a20-2401-toyota-gr-supra-mk5-carbon-fibre-front-bonnet-hood-2019,Adro A18A20-2401 Toyota GR Supra MK5 Carbon Fibre Front Bonnet Hood (2019+),"<h4><strong>Description</strong></h4><p>Upgrade your <strong>Toyota GR Supra Mk5 (2019+)</strong> with the <strong>ADRO Carbon Fibre Front Bonnet Hood</strong>, a lightweight and performance-driven enhancement designed for both style and functionality. Crafted from <strong>high-quality carbon fibre</strong>, this bonnet reduces weight, improves cooling, and adds an aggressive motorsport-inspired look to your Supra.</p><p>Designed for enthusiasts who demand <strong>both form and function</strong>, the <strong>ADRO Carbon Fibre Front Bonnet Hood</strong> enhances the Supra's aerodynamics, cooling, and visual appeal—making it the ultimate upgrade for street and track use.</p><p>&nbsp;</p><h4>Features</h4><p><strong>Premium Carbon Fibre Construction</strong> Lightweight yet incredibly strong for enhanced performance.<br><strong>Improved Heat Dissipation</strong> Integrated venting optimizes airflow and cooling for the engine bay.<br><strong>Weight Reduction</strong> Helps lower the vehicle's center of gravity for better handling.<br><strong>Perfect OEM Fitment</strong> Precision-engineered to match factory mounting points for a seamless install.<br><strong>Aggressive Styling</strong> Adds a race-inspired, high-performance look to your GR Supra.</p><p>&nbsp;</p><h4>What's Included</h4><p><span>1 Carbon Fibre Front Bonnet</span></p><p>&nbsp;</p><h4>Compatibility</h4><p>Feel free to contact us at info@mlperformance.co.uk should you wish to double check!</p><p>&nbsp;</p><h4>Compatibility Check</h4><p>To ensure the part(s) you have ordered fits your vehicle, we run a compatibility check prior to dispatch. We can do this either using your registration number (UK) or the last 7 digits of your VIN. Simply enter your car details prior to checkout.</p><p>&nbsp;</p><h4>Part Number</h4><p>ADRO-A18A20-2401</p><p>&nbsp;</p><h4>More Information</h4><p><strong>Manufactured by</strong></p><p>Adro</p>",Adro,,Exterior,"Uploaded by_Muazzim, MLP Discount 2025, Brand_Adro, 2025_New Products, Product Type_Exterior, Category_Bonnets",TRUE,Title,Default Title,,,,,ADRO-A18A20-2401,120000,shopify,continue,manual,5499,5499,TRUE,TRUE,A18A20-2401,https://autoid.co/cdn/shop/files/toyota-gr-supra-mk5-carbon-fibre-front-bonnet-hood-by-adro-2019-adro-535925.webp?v=1739406021&width=1200,1,Adro A18A20-2401 TOYOTA GR SUPRA MK5 CARBON FIBRE FRONT BONNET HOOD (2019+),,Adro A18A20-2401 TOYOTA GR SUPRA MK5 CARBON FIBRE FRONT BONNET HOOD (2019+),Get Adro A18A20-2401 TOYOTA GR SUPRA MK5 CARBON FIBRE FRONT BONNET HOOD (2019+) for your car to get your desired looks and performance from ML Performance at the lowest price with FREE UK shipping & next day delivery on in stock items. Very cheap prices & good service.,,,,A18A20-2401,,,new,,,,,,,,kg,8708949900,,,,,draft
adro-a18a20-2401-toyota-gr-supra-mk5-carbon-fibre-front-bonnet-hood-2019,,,,,,,,,,,,,,,,,,,,,,,,https://autoid.co/cdn/shop/files/toyota-gr-supra-mk5-carbon-fibre-front-bonnet-hood-by-adro-2019-adro-486942.webp?v=1739406021&width=1200,2,Adro A18A20-2401 TOYOTA GR SUPRA MK5 CARBON FIBRE FRONT BONNET HOOD (2019+),,,,,,,,,,,,,,,,,,,,,,,,
adro-a18a20-2401-toyota-gr-supra-mk5-carbon-fibre-front-bonnet-hood-2019,,,,,,,,,,,,,,,,,,,,,,,,https://autoid.co/cdn/shop/files/toyota-gr-supra-mk5-carbon-fibre-front-bonnet-hood-by-adro-2019-adro-305116.webp?v=1739406023&width=1200,3,Adro A18A20-2401 TOYOTA GR SUPRA MK5 CARBON FIBRE FRONT BONNET HOOD (2019+),,,,,,,,,,,,,,,,,,,,,,,,
adro-a18a20-2401-toyota-gr-supra-mk5-carbon-fibre-front-bonnet-hood-2019,,,,,,,,,,,,,,,,,,,,,,,,https://autoid.co/cdn/shop/files/toyota-gr-supra-mk5-carbon-fibre-front-bonnet-hood-by-adro-2019-adro-662708.webp?v=1739406022&width=1200,4,Adro A18A20-2401 TOYOTA GR SUPRA MK5 CARBON FIBRE FRONT BONNET HOOD (2019+),,,,,,,,,,,,,,,,,,,,,,,,
adro-a18a20-2401-toyota-gr-supra-mk5-carbon-fibre-front-bonnet-hood-2019,,,,,,,,,,,,,,,,,,,,,,,,https://autoid.co/cdn/shop/files/toyota-gr-supra-mk5-carbon-fibre-front-bonnet-hood-by-adro-2019-adro-571839.webp?v=1739406023&width=1200,5,Adro A18A20-2401 TOYOTA GR SUPRA MK5 CARBON FIBRE FRONT BONNET HOOD (2019+),,,,,,,,,,,,,,,,,,,,,,,,
adro-a18a20-2401-toyota-gr-supra-mk5-carbon-fibre-front-bonnet-hood-2019,,,,,,,,,,,,,,,,,,,,,,,,https://autoid.co/cdn/shop/files/toyota-gr-supra-mk5-carbon-fibre-front-bonnet-hood-by-adro-2019-adro-743028.webp?v=1739406024&width=1200,6,Adro A18A20-2401 TOYOTA GR SUPRA MK5 CARBON FIBRE FRONT BONNET HOOD (2019+),,,,,,,,,,,,,,,,,,,,,,,,
adro-a18a20-2401-toyota-gr-supra-mk5-carbon-fibre-front-bonnet-hood-2019,,,,,,,,,,,,,,,,,,,,,,,,https://autoid.co/cdn/shop/files/toyota-gr-supra-mk5-carbon-fibre-front-bonnet-hood-by-adro-2019-adro-678787.webp?v=1739406024&width=1200,7,Adro A18A20-2401 TOYOTA GR SUPRA MK5 CARBON FIBRE FRONT BONNET HOOD (2019+),,,,,,,,,,,,,,,,,,,,,,,,
adro-a18a20-2401-toyota-gr-supra-mk5-carbon-fibre-front-bonnet-hood-2019,,,,,,,,,,,,,,,,,,,,,,,,https://autoid.co/cdn/shop/files/toyota-gr-supra-mk5-carbon-fibre-front-bonnet-hood-by-adro-2019-adro-124259.webp?v=1739406024&width=1200,8,Adro A18A20-2401 TOYOTA GR SUPRA MK5 CARBON FIBRE FRONT BONNET HOOD (2019+),,,,,,,,,,,,,,,,,,,,,,,,
adro-a18a20-2401-toyota-gr-supra-mk5-carbon-fibre-front-bonnet-hood-2019,,,,,,,,,,,,,,,,,,,,,,,,https://autoid.co/cdn/shop/files/toyota-gr-supra-mk5-carbon-fibre-front-bonnet-hood-by-adro-2019-adro-104655.webp?v=1739406024&width=1200,9,Adro A18A20-2401 TOYOTA GR SUPRA MK5 CARBON FIBRE FRONT BONNET HOOD (2019+),,,,,,,,,,,,,,,,,,,,,,,,
adro-a18a20-2401-toyota-gr-supra-mk5-carbon-fibre-front-bonnet-hood-2019,,,,,,,,,,,,,,,,,,,,,,,,https://autoid.co/cdn/shop/files/toyota-gr-supra-mk5-carbon-fibre-front-bonnet-hood-by-adro-2019-adro-395004.webp?v=1739406025&width=1200,10,Adro A18A20-2401 TOYOTA GR SUPRA MK5 CARBON FIBRE FRONT BONNET HOOD (2019+),,,,,,,,,,,,,,,,,,,,,,,,
adro-a18a20-2401-toyota-gr-supra-mk5-carbon-fibre-front-bonnet-hood-2019,,,,,,,,,,,,,,,,,,,,,,,,https://autoid.co/cdn/shop/files/toyota-gr-supra-mk5-carbon-fibre-front-bonnet-hood-by-adro-2019-adro-943981.webp?v=1739406072&width=1200,11,Adro A18A20-2401 TOYOTA GR SUPRA MK5 CARBON FIBRE FRONT BONNET HOOD (2019+),,,,,,,,,,,,,,,,,,,,,,,,
adro-toyota-gr86-subaru-brz-wide-body-kit-2022,Adro Toyota GR86 & Subaru BRZ Wide Body Kit (2022+),"<h4><strong>Description</strong></h4><p><span>A sports car built by enthusiasts and for enthusiasts, the GR86 / BRZ has the performance pedigree of a top-tier sports car.</span></p><p><span>The ADRO widebody kit increases the vehicle's width by more than five inches on the front bumper and six inches on the rear. The length is also increased by more than five inches with the inclusion of the custom carbon fiber wing and diffuser.</span></p><p><span>Aerodynamic testing for ADRO's carbon fiber body kit shows a dramatic increase in downforce for the custom GR86 / BRZ to improve the cornering performance of the package.</span></p><p><span><strong>Parts included:</strong></span></p><p><span>Front Bumper Extensions<br></span><span>Front Overfenders<br></span><span>Rear Overfenders<br></span><span>Carbon Fiber Side Air Vent Cover<br></span><span>Carbon Fiber Front Lip<br></span><span>Carbon Fiber Side Skirt<br></span><span>Carbon Fiber Diffuser (Only in Kit with Diffuser)</span></p><p>&nbsp;</p><h4>What's Included</h4><ul><li>1 x Adro Full Wide Body Kit</li><li>Installation Hardware<br></li></ul><p>&nbsp;</p><h4>Compatibility</h4><p>Feel free to contact us at info@mlperformance.co.uk should you wish to double check!</p><p>&nbsp;</p><h4>Compatibility Check</h4><p>To ensure the part(s) you have ordered fits your vehicle, we run a compatibility check prior to dispatch. We can do this either using your registration number (UK) or the last 7 digits of your VIN. Simply enter your car details prior to checkout.</p><p>&nbsp;</p><h4>Part Number</h4><p>ADRO-A18A10-1101 (Do Not Include Rear Diffuser)</p><p>ADRO-A18A10-1101/A18A10-1301 (Include Rear Diffuser)</p><p>&nbsp;</p><h4>More Information</h4><p><strong>Manufactured by</strong></p><p>Adro</p>",Adro,,Exterior,"Uploaded by_Muazzim, MLP Discount 2025, Brand_Adro, 2025_New Products, Product Type_Exterior, Category_Body Kits",TRUE,Option,Do Not Include Rear Diffuser,,,,,ADRO-A18A10-1101,150000,shopify,continue,manual,5199,5199,TRUE,TRUE,A18A10-1101,https://autoid.co/cdn/shop/files/toyota-gr86-subaru-brz-wide-body-kit-by-adro-2022-adro-423777.webp?v=1726655989&width=1600,1,Adro TOYOTA GR86 & SUBARU BRZ WIDE BODY KIT (2022+),,Adro TOYOTA GR86 & SUBARU BRZ WIDE BODY KIT (2022+),Get Adro TOYOTA GR86 & SUBARU BRZ WIDE BODY KIT (2022+) for your car to get your desired looks and performance from ML Performance at the lowest price with FREE UK shipping & next day delivery on in stock items. Very cheap prices & good service.,,,,A18A10-1101,,,new,,,,,,,,kg,8708949900,,,,,draft
adro-toyota-gr86-subaru-brz-wide-body-kit-2022,,,,,,,,,Include Rear Diffuser,,,,,ADRO-A18A10-1101/A18A10-1301,170000,shopify,continue,manual,6299,6299,TRUE,TRUE,A18A10-1101/A18A10-1301,https://autoid.co/cdn/shop/files/toyota-gr86-subaru-brz-wide-body-kit-by-adro-2022-adro-462694.webp?v=1726655989&width=1600,2,Adro TOYOTA GR86 & SUBARU BRZ WIDE BODY KIT (2022+),,,,,,,,,,,,,,,,,,kg,,,,,,
adro-toyota-gr86-subaru-brz-wide-body-kit-2022,,,,,,,,,,,,,,,,,,,,,,,,https://autoid.co/cdn/shop/files/toyota-gr86-subaru-brz-wide-body-kit-by-adro-2022-adro-312551.webp?v=1726655989&width=1600,3,Adro TOYOTA GR86 & SUBARU BRZ WIDE BODY KIT (2022+),,,,,,,,,,,,,,,,,,,,,,,,
adro-toyota-gr86-subaru-brz-wide-body-kit-2022,,,,,,,,,,,,,,,,,,,,,,,,https://autoid.co/cdn/shop/files/toyota-gr86-subaru-brz-wide-body-kit-by-adro-2022-adro-199100.webp?v=1726655989&width=1600,4,Adro TOYOTA GR86 & SUBARU BRZ WIDE BODY KIT (2022+),,,,,,,,,,,,,,,,,,,,,,,,
adro-toyota-gr86-subaru-brz-wide-body-kit-2022,,,,,,,,,,,,,,,,,,,,,,,,https://autoid.co/cdn/shop/files/toyota-gr86-subaru-brz-wide-body-kit-by-adro-2022-adro-200497.webp?v=1726655989&width=1600,5,Adro TOYOTA GR86 & SUBARU BRZ WIDE BODY KIT (2022+),,,,,,,,,,,,,,,,,,,,,,,,
adro-toyota-gr86-subaru-brz-wide-body-kit-2022,,,,,,,,,,,,,,,,,,,,,,,,https://autoid.co/cdn/shop/files/toyota-gr86-subaru-brz-wide-body-kit-by-adro-2022-adro-812776.webp?v=1726655989&width=1600,6,Adro TOYOTA GR86 & SUBARU BRZ WIDE BODY KIT (2022+),,,,,,,,,,,,,,,,,,,,,,,,
adro-toyota-gr86-subaru-brz-wide-body-kit-2022,,,,,,,,,,,,,,,,,,,,,,,,https://autoid.co/cdn/shop/files/toyota-gr86-subaru-brz-wide-body-kit-by-adro-2022-adro-334197.webp?v=1726655989&width=1600,7,Adro TOYOTA GR86 & SUBARU BRZ WIDE BODY KIT (2022+),,,,,,,,,,,,,,,,,,,,,,,,
adro-toyota-gr86-subaru-brz-wide-body-kit-2022,,,,,,,,,,,,,,,,,,,,,,,,https://autoid.co/cdn/shop/files/toyota-gr86-subaru-brz-wide-body-kit-by-adro-2022-adro-462152.webp?v=1726655989&width=1600,8,Adro TOYOTA GR86 & SUBARU BRZ WIDE BODY KIT (2022+),,,,,,,,,,,,,,,,,,,,,,,,
adro-toyota-gr86-subaru-brz-wide-body-kit-2022,,,,,,,,,,,,,,,,,,,,,,,,https://autoid.co/cdn/shop/files/toyota-gr86-subaru-brz-wide-body-kit-by-adro-2022-adro-450969.webp?v=1726655989&width=1600,9,Adro TOYOTA GR86 & SUBARU BRZ WIDE BODY KIT (2022+),,,,,,,,,,,,,,,,,,,,,,,,
adro-toyota-gr86-subaru-brz-wide-body-kit-2022,,,,,,,,,,,,,,,,,,,,,,,,https://autoid.co/cdn/shop/files/toyota-gr86-subaru-brz-wide-body-kit-by-adro-2022-adro-430695.webp?v=1726655989&width=1600,10,Adro TOYOTA GR86 & SUBARU BRZ WIDE BODY KIT (2022+),,,,,,,,,,,,,,,,,,,,,,,,
adro-a14a90-2401-bmw-m2-g87-carbon-fibre-kevlar-front-bonnet-2023,Adro A14A90-2401 BMW M2 G87 Carbon Fibre Kevlar Front Bonnet (2023+),"<h4><strong>Description</strong></h4><b><strong>ADRO G87 M2 CARBON FIBER VENTED BONNET</strong></b><p>Unleash the full potential of your <strong>BMW G87 M2</strong> with the <strong>ADRO Carbon Fiber Vented Hood</strong>—a perfect fusion of <strong>aggressive styling and functional performance</strong>. Designed for <strong>weight reduction, improved cooling, and aerodynamic efficiency</strong>, this hood features <strong>strategically placed vents</strong> to enhance airflow and lower engine bay temperatures.</p><p>Unlike standard aftermarket hoods, ADRO's design <strong>retains the signature M power bulge</strong>, preserving BMW's iconic heritage while adding a <strong>modern motorsport-inspired touch</strong>. Optimized for the <strong>ADRO M2 Facelift Front Bumper</strong> yet fully compatible with the <strong>OEM factory front bumper</strong>, this hood guarantees a <strong>seamless fit</strong> for any setup.</p><p>For <strong>long-term durability</strong>, the underside is reinforced with <strong>Carbon Kevlar</strong>, providing additional structural integrity <strong>without unnecessary weight</strong>.</p><p>&nbsp;</p><h4>Compatibility</h4><p>Feel free to contact us at info@mlperformance.co.uk should you wish to double check!</p><p>&nbsp;</p><h4>Compatibility Check</h4><p>To ensure the part(s) you have ordered fits your vehicle, we run a compatibility check prior to dispatch. We can do this either using your registration number (UK) or the last 7 digits of your VIN. Simply enter your car details prior to checkout.</p><p>&nbsp;</p><h4>Part Number</h4><p>ADRO-A14A90-2401</p><p>&nbsp;</p><h4>More Information</h4><p><strong>Manufactured by</strong></p><p>Adro</p>",Adro,,Exterior,"Uploaded by_Muazzim, MLP Discount 2025, Brand_Adro, 2025_New Products, Product Type_Exterior, Category_Bonnets",TRUE,Title,Default Title,,,,,ADRO-A14A90-2401,120000,shopify,continue,manual,4799,4799,TRUE,TRUE,A14A90-2401,https://autoid.co/cdn/shop/files/bmw-m2-g87-carbon-fibre-kevlar-front-bonnet-by-adro-2023-adro-169647.webp?v=1740675911&width=1200,1,Adro A14A90-2401 BMW M2 G87 CARBON FIBRE KEVLAR FRONT BONNET (2023+),,Adro A14A90-2401 BMW M2 G87 CARBON FIBRE KEVLAR FRONT BONNET (2023+),Get Adro A14A90-2401 BMW M2 G87 CARBON FIBRE KEVLAR FRONT BONNET (2023+) for your car to get your desired looks and performance from ML Performance at the lowest price with FREE UK shipping & next day delivery on in stock items. Very cheap prices & good service.,,,,A14A90-2401,,,new,,,,,,,,kg,8708949900,,,,,draft
adro-a14a90-2401-bmw-m2-g87-carbon-fibre-kevlar-front-bonnet-2023,,,,,,,,,,,,,,,,,,,,,,,,https://autoid.co/cdn/shop/files/bmw-m2-g87-carbon-fibre-kevlar-front-bonnet-by-adro-2023-adro-287641.webp?v=1740675911&width=1200,2,Adro A14A90-2401 BMW M2 G87 CARBON FIBRE KEVLAR FRONT BONNET (2023+),,,,,,,,,,,,,,,,,,,,,,,,
adro-a14a90-2401-bmw-m2-g87-carbon-fibre-kevlar-front-bonnet-2023,,,,,,,,,,,,,,,,,,,,,,,,https://autoid.co/cdn/shop/files/bmw-m2-g87-carbon-fibre-kevlar-front-bonnet-by-adro-2023-adro-642851.webp?v=1740675912&width=1200,3,Adro A14A90-2401 BMW M2 G87 CARBON FIBRE KEVLAR FRONT BONNET (2023+),,,,,,,,,,,,,,,,,,,,,,,,
adro-a14a90-2401-bmw-m2-g87-carbon-fibre-kevlar-front-bonnet-2023,,,,,,,,,,,,,,,,,,,,,,,,https://autoid.co/cdn/shop/files/bmw-m2-g87-carbon-fibre-kevlar-front-bonnet-by-adro-2023-adro-472694.webp?v=1740675912&width=1200,4,Adro A14A90-2401 BMW M2 G87 CARBON FIBRE KEVLAR FRONT BONNET (2023+),,,,,,,,,,,,,,,,,,,,,,,,
adro-a14a90-2401-bmw-m2-g87-carbon-fibre-kevlar-front-bonnet-2023,,,,,,,,,,,,,,,,,,,,,,,,https://autoid.co/cdn/shop/files/bmw-m2-g87-carbon-fibre-kevlar-front-bonnet-by-adro-2023-adro-258434.webp?v=1740675912&width=1200,5,Adro A14A90-2401 BMW M2 G87 CARBON FIBRE KEVLAR FRONT BONNET (2023+),,,,,,,,,,,,,,,,,,,,,,,,
adro-a14a90-2401-bmw-m2-g87-carbon-fibre-kevlar-front-bonnet-2023,,,,,,,,,,,,,,,,,,,,,,,,https://autoid.co/cdn/shop/files/bmw-m2-g87-carbon-fibre-kevlar-front-bonnet-by-adro-2023-adro-895860.webp?v=1740675912&width=1200,6,Adro A14A90-2401 BMW M2 G87 CARBON FIBRE KEVLAR FRONT BONNET (2023+),,,,,,,,,,,,,,,,,,,,,,,,
adro-a14a90-2401-bmw-m2-g87-carbon-fibre-kevlar-front-bonnet-2023,,,,,,,,,,,,,,,,,,,,,,,,https://autoid.co/cdn/shop/files/bmw-m2-g87-carbon-fibre-kevlar-front-bonnet-by-adro-2023-adro-794006.webp?v=1740675912&width=1200,7,Adro A14A90-2401 BMW M2 G87 CARBON FIBRE KEVLAR FRONT BONNET (2023+),,,,,,,,,,,,,,,,,,,,,,,,
adro-a14a90-2401-bmw-m2-g87-carbon-fibre-kevlar-front-bonnet-2023,,,,,,,,,,,,,,,,,,,,,,,,https://autoid.co/cdn/shop/files/bmw-m2-g87-carbon-fibre-kevlar-front-bonnet-by-adro-2023-adro-679382.webp?v=1740675912&width=1200,8,Adro A14A90-2401 BMW M2 G87 CARBON FIBRE KEVLAR FRONT BONNET (2023+),,,,,,,,,,,,,,,,,,,,,,,,
adro-a14a90-2401-bmw-m2-g87-carbon-fibre-kevlar-front-bonnet-2023,,,,,,,,,,,,,,,,,,,,,,,,https://autoid.co/cdn/shop/files/bmw-m2-g87-carbon-fibre-kevlar-front-bonnet-by-adro-2023-adro-525451.webp?v=1740675913&width=800,9,Adro A14A90-2401 BMW M2 G87 CARBON FIBRE KEVLAR FRONT BONNET (2023+),,,,,,,,,,,,,,,,,,,,,,,,
adro-a15a10-1202-a15a10-1302-a15a10-1402-a15a10-1502-tesla-model-3-full-carbon-fibre-v2-body-kit-2017,"Adro A15A10-1202, A15A10-1302, A15A10-1402, A15A10-1502 Tesla Model 3 Full Carbon Fibre V2 Body Kit (2017+)","<h4><strong>Description</strong></h4><p>The long awaited V2 carbon fiber kit for the Tesla Model 3 is finally here. The real carbon fiber construction ensures the lightest and strongest properties possible, while aiding in aerodynamics to help improve range.</p><p>*This kit incudes the Rear Lip Spoiler, not the Swan Neck Spoiler.</p><p>&nbsp;</p><h4>What's Included</h4><ul><li>1 x Adro Carbon Fibre (wet 2x2 weave) Front Splitter</li><li>1 x Adro Carbon Fibre (wet 2x2 weave) Side Skirts</li><li>1 x Adro Carbon Fibre (wet 2x2 weave) Rear Diffuser</li><li>1 x Adro Carbon Fibre (wet 2x2 weave) Rear Lip Spoiler</li><li>Installation Hardware<br></li></ul><p>&nbsp;</p><h4>Compatibility</h4><p>Feel free to contact us at info@mlperformance.co.uk should you wish to double check!</p><p>&nbsp;</p><h4>Compatibility Check</h4><p>To ensure the part(s) you have ordered fits your vehicle, we run a compatibility check prior to dispatch. We can do this either using your registration number (UK) or the last 7 digits of your VIN. Simply enter your car details prior to checkout.</p><p>&nbsp;</p><h4>Part Number</h4><p>ADRO-A15A10-1202, A15A10-1302, A15A10-1402, A15A10-1502</p><p>&nbsp;</p><h4>More Information</h4><p><strong>Manufactured by</strong></p><p>Adro</p>",Adro,,Exterior,"Uploaded by_Muazzim, MLP Discount 2025, Brand_Adro, 2025_New Products, Product Type_Exterior, Category_Body Kits",TRUE,Title,Default Title,,,,,"ADRO-A15A10-1202, A15A10-1302, A15A10-1402, A15A10-1502",150000,shopify,continue,manual,4299,4299,TRUE,TRUE,"A15A10-1202, A15A10-1302, A15A10-1402, A15A10-1502",https://autoid.co/cdn/shop/files/tesla-model-3-full-carbon-fibre-v2-body-kit-by-adro-2017-adro-491906.webp?v=1726655885&width=800,1,"Adro A15A10-1202, A15A10-1302, A15A10-1402, A15A10-1502 TESLA MODEL 3 FULL CARBON FIBRE V2 BODY KIT (2017+)",,"Adro A15A10-1202, A15A10-1302, A15A10-1402, A15A10-1502 TESLA MODEL 3 FULL CARBON FIBRE V2 BODY KIT (2017+)","Get Adro A15A10-1202, A15A10-1302, A15A10-1402, A15A10-1502 TESLA MODEL 3 FULL CARBON FIBRE V2 BODY KIT (2017+) for your car to get your desired looks and performance from ML Performance at the lowest price with FREE UK shipping & next day delivery on in stock items. Very cheap prices & good service.",,,,"A15A10-1202, A15A10-1302, A15A10-1402, A15A10-1502",,,new,,,,,,,,kg,8708949900,,,,,draft
adro-a15a10-1202-a15a10-1302-a15a10-1402-a15a10-1502-tesla-model-3-full-carbon-fibre-v2-body-kit-2017,,,,,,,,,,,,,,,,,,,,,,,,https://autoid.co/cdn/shop/files/tesla-model-3-full-carbon-fibre-v2-body-kit-by-adro-2017-adro-829172.webp?v=1726655885&width=800,2,"Adro A15A10-1202, A15A10-1302, A15A10-1402, A15A10-1502 TESLA MODEL 3 FULL CARBON FIBRE V2 BODY KIT (2017+)",,,,,,,,,,,,,,,,,,,,,,,,
adro-a15a10-1202-a15a10-1302-a15a10-1402-a15a10-1502-tesla-model-3-full-carbon-fibre-v2-body-kit-2017,,,,,,,,,,,,,,,,,,,,,,,,https://autoid.co/cdn/shop/files/tesla-model-3-full-carbon-fibre-v2-body-kit-by-adro-2017-adro-534233.webp?v=1726655885&width=800,3,"Adro A15A10-1202, A15A10-1302, A15A10-1402, A15A10-1502 TESLA MODEL 3 FULL CARBON FIBRE V2 BODY KIT (2017+)",,,,,,,,,,,,,,,,,,,,,,,,
adro-a15a10-1202-a15a10-1302-a15a10-1402-a15a10-1502-tesla-model-3-full-carbon-fibre-v2-body-kit-2017,,,,,,,,,,,,,,,,,,,,,,,,https://autoid.co/cdn/shop/files/tesla-model-3-full-carbon-fibre-v2-body-kit-by-adro-2017-adro-601605.webp?v=1726655885&width=800,4,"Adro A15A10-1202, A15A10-1302, A15A10-1402, A15A10-1502 TESLA MODEL 3 FULL CARBON FIBRE V2 BODY KIT (2017+)",,,,,,,,,,,,,,,,,,,,,,,,
adro-a15a10-1202-a15a10-1302-a15a10-1402-a15a10-1502-tesla-model-3-full-carbon-fibre-v2-body-kit-2017,,,,,,,,,,,,,,,,,,,,,,,,https://autoid.co/cdn/shop/files/tesla-model-3-full-carbon-fibre-v2-body-kit-by-adro-2017-adro-257874.webp?v=1726655885&width=800,5,"Adro A15A10-1202, A15A10-1302, A15A10-1402, A15A10-1502 TESLA MODEL 3 FULL CARBON FIBRE V2 BODY KIT (2017+)",,,,,,,,,,,,,,,,,,,,,,,,
adro-a15a10-1202-a15a10-1302-a15a10-1402-a15a10-1502-tesla-model-3-full-carbon-fibre-v2-body-kit-2017,,,,,,,,,,,,,,,,,,,,,,,,https://autoid.co/cdn/shop/files/tesla-model-3-full-carbon-fibre-v2-body-kit-by-adro-2017-adro-472497.webp?v=1726655885&width=800,6,"Adro A15A10-1202, A15A10-1302, A15A10-1402, A15A10-1502 TESLA MODEL 3 FULL CARBON FIBRE V2 BODY KIT (2017+)",,,,,,,,,,,,,,,,,,,,,,,,
adro-a15a10-1202-a15a10-1302-a15a10-1402-a15a10-1502-tesla-model-3-full-carbon-fibre-v2-body-kit-2017,,,,,,,,,,,,,,,,,,,,,,,,https://autoid.co/cdn/shop/files/tesla-model-3-full-carbon-fibre-v2-body-kit-by-adro-2017-adro-656138.webp?v=1726655885&width=800,7,"Adro A15A10-1202, A15A10-1302, A15A10-1402, A15A10-1502 TESLA MODEL 3 FULL CARBON FIBRE V2 BODY KIT (2017+)",,,,,,,,,,,,,,,,,,,,,,,,
adro-a15a10-1202-a15a10-1302-a15a10-1402-a15a10-1502-tesla-model-3-full-carbon-fibre-v2-body-kit-2017,,,,,,,,,,,,,,,,,,,,,,,,https://autoid.co/cdn/shop/files/tesla-model-3-full-carbon-fibre-v2-body-kit-by-adro-2017-adro-183647.webp?v=1726655885&width=800,8,"Adro A15A10-1202, A15A10-1302, A15A10-1402, A15A10-1502 TESLA MODEL 3 FULL CARBON FIBRE V2 BODY KIT (2017+)",,,,,,,,,,,,,,,,,,,,,,,,
adro-a15a10-1202-a15a10-1302-a15a10-1402-a15a10-1502-tesla-model-3-full-carbon-fibre-v2-body-kit-2017,,,,,,,,,,,,,,,,,,,,,,,,https://autoid.co/cdn/shop/files/tesla-model-3-full-carbon-fibre-v2-body-kit-by-adro-2017-adro-213447.webp?v=1726655885&width=800,9,"Adro A15A10-1202, A15A10-1302, A15A10-1402, A15A10-1502 TESLA MODEL 3 FULL CARBON FIBRE V2 BODY KIT (2017+)",,,,,,,,,,,,,,,,,,,,,,,,
adro-a15a10-1202-a15a10-1302-a15a10-1402-a15a10-1502-tesla-model-3-full-carbon-fibre-v2-body-kit-2017,,,,,,,,,,,,,,,,,,,,,,,,https://autoid.co/cdn/shop/files/tesla-model-3-full-carbon-fibre-v2-body-kit-by-adro-2017-adro-342291.webp?v=1726655885&width=800,10,"Adro A15A10-1202, A15A10-1302, A15A10-1402, A15A10-1502 TESLA MODEL 3 FULL CARBON FIBRE V2 BODY KIT (2017+)",,,,,,,,,,,,,,,,,,,,,,,,
adro-a15a10-1202-a15a10-1302-a15a10-1402-a15a10-1502-tesla-model-3-full-carbon-fibre-v2-body-kit-2017,,,,,,,,,,,,,,,,,,,,,,,,https://autoid.co/cdn/shop/files/tesla-model-3-full-carbon-fibre-v2-body-kit-by-adro-2017-adro-570658.jpg?v=1726655885&width=1290,11,"Adro A15A10-1202, A15A10-1302, A15A10-1402, A15A10-1502 TESLA MODEL 3 FULL CARBON FIBRE V2 BODY KIT (2017+)",,,,,,,,,,,,,,,,,,,,,,,,
adro-a15a10-1202-a15a10-1302-a15a10-1402-a15a10-1502-tesla-model-3-full-carbon-fibre-v2-body-kit-2017,,,,,,,,,,,,,,,,,,,,,,,,https://autoid.co/cdn/shop/files/tesla-model-3-full-carbon-fibre-v2-body-kit-by-adro-2017-adro-551843.jpg?v=1726655885&width=1290,12,"Adro A15A10-1202, A15A10-1302, A15A10-1402, A15A10-1502 TESLA MODEL 3 FULL CARBON FIBRE V2 BODY KIT (2017+)",,,,,,,,,,,,,,,,,,,,,,,,
adro-a15a10-1202-a15a10-1302-a15a10-1402-a15a10-1502-tesla-model-3-full-carbon-fibre-v2-body-kit-2017,,,,,,,,,,,,,,,,,,,,,,,,https://autoid.co/cdn/shop/files/tesla-model-3-full-carbon-fibre-v2-body-kit-by-adro-2017-adro-638614.jpg?v=1726655885&width=1290,13,"Adro A15A10-1202, A15A10-1302, A15A10-1402, A15A10-1502 TESLA MODEL 3 FULL CARBON FIBRE V2 BODY KIT (2017+)",,,,,,,,,,,,,,,,,,,,,,,,
adro-a15a10-1202-a15a10-1302-a15a10-1402-a15a10-1502-tesla-model-3-full-carbon-fibre-v2-body-kit-2017,,,,,,,,,,,,,,,,,,,,,,,,https://autoid.co/cdn/shop/files/tesla-model-3-full-carbon-fibre-v2-body-kit-by-adro-2017-adro-472417.jpg?v=1726655885&width=1290,14,"Adro A15A10-1202, A15A10-1302, A15A10-1402, A15A10-1502 TESLA MODEL 3 FULL CARBON FIBRE V2 BODY KIT (2017+)",,,,,,,,,,,,,,,,,,,,,,,,
adro-a15a10-1202-a15a10-1302-a15a10-1402-a15a10-1502-tesla-model-3-full-carbon-fibre-v2-body-kit-2017,,,,,,,,,,,,,,,,,,,,,,,,https://autoid.co/cdn/shop/files/tesla-model-3-full-carbon-fibre-v2-body-kit-by-adro-2017-adro-336065.jpg?v=1726655885&width=1289,15,"Adro A15A10-1202, A15A10-1302, A15A10-1402, A15A10-1502 TESLA MODEL 3 FULL CARBON FIBRE V2 BODY KIT (2017+)",,,,,,,,,,,,,,,,,,,,,,,,
adro-a15a10-1202-a15a10-1302-a15a10-1402-a15a10-1502-tesla-model-3-full-carbon-fibre-v2-body-kit-2017,,,,,,,,,,,,,,,,,,,,,,,,https://autoid.co/cdn/shop/files/tesla-model-3-full-carbon-fibre-v2-body-kit-by-adro-2017-adro-198214.jpg?v=1726655885&width=1289,16,"Adro A15A10-1202, A15A10-1302, A15A10-1402, A15A10-1502 TESLA MODEL 3 FULL CARBON FIBRE V2 BODY KIT (2017+)",,,,,,,,,,,,,,,,,,,,,,,,
adro-a15a10-1202-a15a10-1302-a15a10-1402-a15a10-1502-tesla-model-3-full-carbon-fibre-v2-body-kit-2017,,,,,,,,,,,,,,,,,,,,,,,,https://autoid.co/cdn/shop/files/tesla-model-3-full-carbon-fibre-v2-body-kit-by-adro-2017-adro-544423.jpg?v=1726655885&width=1290,17,"Adro A15A10-1202, A15A10-1302, A15A10-1402, A15A10-1502 TESLA MODEL 3 FULL CARBON FIBRE V2 BODY KIT (2017+)",,,,,,,,,,,,,,,,,,,,,,,,
adro-a15a10-1202-a15a10-1302-a15a10-1402-a15a10-1502-tesla-model-3-full-carbon-fibre-v2-body-kit-2017,,,,,,,,,,,,,,,,,,,,,,,,https://autoid.co/cdn/shop/files/tesla-model-3-full-carbon-fibre-v2-body-kit-by-adro-2017-adro-911597.webp?v=1726655885&width=800,18,"Adro A15A10-1202, A15A10-1302, A15A10-1402, A15A10-1502 TESLA MODEL 3 FULL CARBON FIBRE V2 BODY KIT (2017+)",,,,,,,,,,,,,,,,,,,,,,,,
adro-a15a10-1202-a15a10-1302-a15a10-1402-a15a10-1502-tesla-model-3-full-carbon-fibre-v2-body-kit-2017,,,,,,,,,,,,,,,,,,,,,,,,https://autoid.co/cdn/shop/files/tesla-model-3-full-carbon-fibre-v2-body-kit-by-adro-2017-adro-926931.webp?v=1726655885&width=800,19,"Adro A15A10-1202, A15A10-1302, A15A10-1402, A15A10-1502 TESLA MODEL 3 FULL CARBON FIBRE V2 BODY KIT (2017+)",,,,,,,,,,,,,,,,,,,,,,,,
adro-a15a10-1202-a15a10-1302-a15a10-1402-a15a10-1502-tesla-model-3-full-carbon-fibre-v2-body-kit-2017,,,,,,,,,,,,,,,,,,,,,,,,https://autoid.co/cdn/shop/files/tesla-model-3-full-carbon-fibre-v2-body-kit-by-adro-2017-adro-578956.webp?v=1726655885&width=800,20,"Adro A15A10-1202, A15A10-1302, A15A10-1402, A15A10-1502 TESLA MODEL 3 FULL CARBON FIBRE V2 BODY KIT (2017+)",,,,,,,,,,,,,,,,,,,,,,,,
adro-a15a10-1202-a15a10-1302-a15a10-1402-a15a10-1502-tesla-model-3-full-carbon-fibre-v2-body-kit-2017,,,,,,,,,,,,,,,,,,,,,,,,https://autoid.co/cdn/shop/files/tesla-model-3-full-carbon-fibre-v2-body-kit-by-adro-2017-adro-701115.webp?v=1726655885&width=800,21,"Adro A15A10-1202, A15A10-1302, A15A10-1402, A15A10-1502 TESLA MODEL 3 FULL CARBON FIBRE V2 BODY KIT (2017+)",,,,,,,,,,,,,,,,,,,,,,,,
adro-bmw-m3-g80-m4-g82-dry-carbon-fibre-at-r3-rear-wing-2021,Adro BMW M3 G80 & M4 G82 Dry Carbon Fibre AT-R3 Rear Wing (2021+),"<h4><strong>Description</strong></h4><p>Our Formula 1 heritage is evident in our AT-R3 swan neck wing. Its compositional design is 45% lighter than aluminum, while the upright engineering maximizes aerodynamic efficiency and minimizes air resistance. </p><p>ADRO's BMW M4 AT-R3 Dual Element Wing is crafted from prepreg carbon fiber and offers over 277.7 pounds of downforce at 110 mph, making sure weight savings are at their peak.</p><p>&nbsp;</p><h4>What's Included</h4><ul><li>1 x Adro Carbon Fibre (dry, pre-preg, 2x2 weave) Rear Wing</li><li>2 x Adro Aluminium Wing Stands (Left & Right Side)</li></ul><p>&nbsp;</p><h4>Compatibility</h4><p>Feel free to contact us at info@mlperformance.co.uk should you wish to double check!</p><p>&nbsp;</p><h4>Compatibility Check</h4><p>To ensure the part(s) you have ordered fits your vehicle, we run a compatibility check prior to dispatch. We can do this either using your registration number (UK) or the last 7 digits of your VIN. Simply enter your car details prior to checkout.</p><p>&nbsp;</p><h4>Part Number</h4><p>ADRO-A14A50-1501 (BMW M3 (G80))</p><p>ADRO-A14A40-1503 (BMW M4 (G82))</p><p>&nbsp;</p><h4>More Information</h4><p><strong>Manufactured by</strong></p><p>Adro</p>",Adro,,Exterior,"Uploaded by_Muazzim, MLP Discount 2025, Brand_Adro, 2025_New Products, Product Type_Exterior, Category_Rear Wings",TRUE,Vehicle Selection:,BMW M3 (G80),,,,,ADRO-A14A50-1501,90000,shopify,continue,manual,3999,3999,TRUE,TRUE,A14A50-1501,https://autoid.co/cdn/shop/files/bmw-m3-g80-m4-g82-dry-carbon-fibre-at-r3-rear-wing-by-adro-2021-adro-721210.webp?v=1726655221&width=800,1,Adro BMW M3 G80 & M4 G82 DRY CARBON FIBRE AT-R3 REAR WING (2021+),,Adro BMW M3 G80 & M4 G82 DRY CARBON FIBRE AT-R3 REAR WING (2021+),Get Adro BMW M3 G80 & M4 G82 DRY CARBON FIBRE AT-R3 REAR WING (2021+) for your car to get your desired looks and performance from ML Performance at the lowest price with FREE UK shipping & next day delivery on in stock items. Very cheap prices & good service.,,,,A14A50-1501,,,new,,,,,,,,kg,8708949900,,,,,draft
adro-bmw-m3-g80-m4-g82-dry-carbon-fibre-at-r3-rear-wing-2021,,,,,,,,,BMW M4 (G82),,,,,ADRO-A14A40-1503,90000,shopify,continue,manual,3999,3999,TRUE,TRUE,A14A40-1503,https://autoid.co/cdn/shop/files/bmw-m3-g80-m4-g82-dry-carbon-fibre-at-r3-rear-wing-by-adro-2021-adro-490393.webp?v=1726655221&width=800,2,Adro BMW M3 G80 & M4 G82 DRY CARBON FIBRE AT-R3 REAR WING (2021+),,,,,,,,,,,,,,,,,,kg,,,,,,
adro-bmw-m3-g80-m4-g82-dry-carbon-fibre-at-r3-rear-wing-2021,,,,,,,,,,,,,,,,,,,,,,,,https://autoid.co/cdn/shop/files/bmw-m3-g80-m4-g82-dry-carbon-fibre-at-r3-rear-wing-by-adro-2021-adro-223893.webp?v=1726655221&width=800,3,Adro BMW M3 G80 & M4 G82 DRY CARBON FIBRE AT-R3 REAR WING (2021+),,,,,,,,,,,,,,,,,,,,,,,,
adro-bmw-m3-g80-m4-g82-dry-carbon-fibre-at-r3-rear-wing-2021,,,,,,,,,,,,,,,,,,,,,,,,https://autoid.co/cdn/shop/files/bmw-m3-g80-m4-g82-dry-carbon-fibre-at-r3-rear-wing-by-adro-2021-adro-484124.webp?v=1726655222&width=800,4,Adro BMW M3 G80 & M4 G82 DRY CARBON FIBRE AT-R3 REAR WING (2021+),,,,,,,,,,,,,,,,,,,,,,,,
adro-bmw-m3-g80-m4-g82-dry-carbon-fibre-at-r3-rear-wing-2021,,,,,,,,,,,,,,,,,,,,,,,,https://autoid.co/cdn/shop/files/bmw-m3-g80-m4-g82-dry-carbon-fibre-at-r3-rear-wing-by-adro-2021-adro-103997.webp?v=1726655222&width=800,5,Adro BMW M3 G80 & M4 G82 DRY CARBON FIBRE AT-R3 REAR WING (2021+),,,,,,,,,,,,,,,,,,,,,,,,
adro-bmw-m3-g80-m4-g82-dry-carbon-fibre-at-r3-rear-wing-2021,,,,,,,,,,,,,,,,,,,,,,,,https://autoid.co/cdn/shop/files/bmw-m3-g80-m4-g82-dry-carbon-fibre-at-r3-rear-wing-by-adro-2021-adro-566285.webp?v=1726655222&width=800,6,Adro BMW M3 G80 & M4 G82 DRY CARBON FIBRE AT-R3 REAR WING (2021+),,,,,,,,,,,,,,,,,,,,,,,,
adro-bmw-m3-g80-m4-g82-dry-carbon-fibre-at-r3-rear-wing-2021,,,,,,,,,,,,,,,,,,,,,,,,https://autoid.co/cdn/shop/files/bmw-m3-g80-m4-g82-dry-carbon-fibre-at-r3-rear-wing-by-adro-2021-adro-479630.webp?v=1726655222&width=800,7,Adro BMW M3 G80 & M4 G82 DRY CARBON FIBRE AT-R3 REAR WING (2021+),,,,,,,,,,,,,,,,,,,,,,,,
adro-bmw-m3-g80-m4-g82-dry-carbon-fibre-at-r3-rear-wing-2021,,,,,,,,,,,,,,,,,,,,,,,,https://autoid.co/cdn/shop/files/bmw-m3-g80-m4-g82-dry-carbon-fibre-at-r3-rear-wing-by-adro-2021-adro-869270.webp?v=1726655222&width=800,8,Adro BMW M3 G80 & M4 G82 DRY CARBON FIBRE AT-R3 REAR WING (2021+),,,,,,,,,,,,,,,,,,,,,,,,
adro-a14a90-1501-bmw-m2-g87-pre-preg-carbon-fibre-at-r3-swan-neck-rear-wing-2023,Adro A14A90-1501 BMW M2 G87 Pre-Preg Carbon Fibre AT-R3 Swan Neck Rear Wing (2023+),"<h4><strong>Description</strong></h4><p>ADRO Carbon Fibre Rear Wing for the M2 G87 model. As official ADRO distributors, we offer the full carbon body kit for the M2 including the front splitter, rear wing, side skirts and a rear diffuser.</p><p>Our Formula 1 heritage is evident in our AT-R3 swan neck wing. Its compositional design is 45% lighter than aluminum, while the upright engineering maximizes aerodynamic efficiency and minimizes air resistance. </p><p>ADRO's BMW M2 AT-R3 Dual Element Wing is crafted from prepreg carbon fiber and offers over 277.7 pounds of downforce at 110 mph, making sure weight savings are at their peak.</p><p>&nbsp;</p><h4>What's Included</h4><ul><li>1 x Adro Carbon Fibre (pre-preg, 2x2 weave) Rear Wing</li><li>Installation Hardware<br></li></ul><p>&nbsp;</p><h4>Compatibility</h4><p>Feel free to contact us at info@mlperformance.co.uk should you wish to double check!</p><p>&nbsp;</p><h4>Compatibility Check</h4><p>To ensure the part(s) you have ordered fits your vehicle, we run a compatibility check prior to dispatch. We can do this either using your registration number (UK) or the last 7 digits of your VIN. Simply enter your car details prior to checkout.</p><p>&nbsp;</p><h4>Part Number</h4><p>ADRO-A14A90-1501</p><p>&nbsp;</p><h4>More Information</h4><p><strong>Manufactured by</strong></p><p>Adro</p>",Adro,,Exterior,"Uploaded by_Muazzim, MLP Discount 2025, Brand_Adro, 2025_New Products, Product Type_Exterior, Category_Rear Wings",TRUE,Title,Default Title,,,,,ADRO-A14A90-1501,90000,shopify,continue,manual,3999,3999,TRUE,TRUE,A14A90-1501,https://autoid.co/cdn/shop/files/bmw-m2-g87-pre-preg-carbon-fibre-at-r3-swan-neck-rear-wing-by-adro-2023-adro-416379.webp?v=1726655154&width=800,1,Adro A14A90-1501 BMW M2 G87 PRE-PREG CARBON FIBRE AT-R3 SWAN NECK REAR WING (2023+),,Adro A14A90-1501 BMW M2 G87 PRE-PREG CARBON FIBRE AT-R3 SWAN NECK REAR WING (2023+),Get Adro A14A90-1501 BMW M2 G87 PRE-PREG CARBON FIBRE AT-R3 SWAN NECK REAR WING (2023+) for your car to get your desired looks and performance from ML Performance at the lowest price with FREE UK shipping & next day delivery on in stock items. Very cheap prices & good service.,,,,A14A90-1501,,,new,,,,,,,,kg,8708949900,,,,,draft
adro-a14a90-1501-bmw-m2-g87-pre-preg-carbon-fibre-at-r3-swan-neck-rear-wing-2023,,,,,,,,,,,,,,,,,,,,,,,,https://autoid.co/cdn/shop/files/bmw-m2-g87-pre-preg-carbon-fibre-at-r3-swan-neck-rear-wing-by-adro-2023-adro-598366.webp?v=1726655154&width=800,2,Adro A14A90-1501 BMW M2 G87 PRE-PREG CARBON FIBRE AT-R3 SWAN NECK REAR WING (2023+),,,,,,,,,,,,,,,,,,,,,,,,
adro-a14a90-1501-bmw-m2-g87-pre-preg-carbon-fibre-at-r3-swan-neck-rear-wing-2023,,,,,,,,,,,,,,,,,,,,,,,,https://autoid.co/cdn/shop/files/bmw-m2-g87-pre-preg-carbon-fibre-at-r3-swan-neck-rear-wing-by-adro-2023-adro-728757.webp?v=1726655154&width=800,3,Adro A14A90-1501 BMW M2 G87 PRE-PREG CARBON FIBRE AT-R3 SWAN NECK REAR WING (2023+),,,,,,,,,,,,,,,,,,,,,,,,
adro-a14a90-1501-bmw-m2-g87-pre-preg-carbon-fibre-at-r3-swan-neck-rear-wing-2023,,,,,,,,,,,,,,,,,,,,,,,,https://autoid.co/cdn/shop/files/bmw-m2-g87-pre-preg-carbon-fibre-at-r3-swan-neck-rear-wing-by-adro-2023-adro-402120.webp?v=1726655155&width=800,4,Adro A14A90-1501 BMW M2 G87 PRE-PREG CARBON FIBRE AT-R3 SWAN NECK REAR WING (2023+),,,,,,,,,,,,,,,,,,,,,,,,
adro-a14a90-1501-bmw-m2-g87-pre-preg-carbon-fibre-at-r3-swan-neck-rear-wing-2023,,,,,,,,,,,,,,,,,,,,,,,,https://autoid.co/cdn/shop/files/bmw-m2-g87-pre-preg-carbon-fibre-at-r3-swan-neck-rear-wing-by-adro-2023-adro-971277.webp?v=1726655155&width=800,5,Adro A14A90-1501 BMW M2 G87 PRE-PREG CARBON FIBRE AT-R3 SWAN NECK REAR WING (2023+),,,,,,,,,,,,,,,,,,,,,,,,
adro-a14a90-1501-bmw-m2-g87-pre-preg-carbon-fibre-at-r3-swan-neck-rear-wing-2023,,,,,,,,,,,,,,,,,,,,,,,,https://autoid.co/cdn/shop/files/bmw-m2-g87-pre-preg-carbon-fibre-at-r3-swan-neck-rear-wing-by-adro-2023-adro-861011.webp?v=1726655155&width=800,6,Adro A14A90-1501 BMW M2 G87 PRE-PREG CARBON FIBRE AT-R3 SWAN NECK REAR WING (2023+),,,,,,,,,,,,,,,,,,,,,,,,
adro-a14a90-1501-bmw-m2-g87-pre-preg-carbon-fibre-at-r3-swan-neck-rear-wing-2023,,,,,,,,,,,,,,,,,,,,,,,,https://autoid.co/cdn/shop/files/bmw-m2-g87-pre-preg-carbon-fibre-at-r3-swan-neck-rear-wing-by-adro-2023-adro-413844.webp?v=1726655155&width=800,7,Adro A14A90-1501 BMW M2 G87 PRE-PREG CARBON FIBRE AT-R3 SWAN NECK REAR WING (2023+),,,,,,,,,,,,,,,,,,,,,,,,
adro-a14a90-1501-bmw-m2-g87-pre-preg-carbon-fibre-at-r3-swan-neck-rear-wing-2023,,,,,,,,,,,,,,,,,,,,,,,,https://autoid.co/cdn/shop/files/bmw-m2-g87-pre-preg-carbon-fibre-at-r3-swan-neck-rear-wing-by-adro-2023-adro-567294.webp?v=1726655155&width=800,8,Adro A14A90-1501 BMW M2 G87 PRE-PREG CARBON FIBRE AT-R3 SWAN NECK REAR WING (2023+),,,,,,,,,,,,,,,,,,,,,,,,
adro-bmw-m3-g80-g81-m4-g82-g83-front-bumper-2021,Adro BMW M3 G80 G81 & M4 G82 G83 Front Bumper (2021+),"<h4><strong>Description</strong></h4><p><strong>A Proper Facelift: The Best Aftermarket Upgrade for Your BMW G80 G81 M3 / G82 G83 M4.</strong><br><strong><br>Tired of your M3/M4 looking like every other?</strong><span> Craving the aggressive edge and performance it deserves?</span><span> Look no further.</span><span> This meticulously crafted aftermarket upgrade package is the ultimate transformation for your G8X,</span><span> injecting a dose of adrenaline into its looks and performance.<br></span></p><p><strong>More than just an aesthetic enhancement,</strong><span> this package is precision-engineered to elevate your M3/M4 to a whole new level:</span></p><ul><ul><li><strong>Head-turning design:</strong><span> Captivate attention with a </span>sleek, aerodynamic makeover<span>. The ADRO</span><span> TPO front bumper </span><span>seamlessly blends with the existing design language of your M3 M4's lines with revised and improved proportions.</span></li></ul></ul><ul><ul><li><strong>Unleashed performance:</strong> Combined with the rest of the <a>ADRO carbon fibre kit</a> - this upgrade package optimises airflow, enhancing stability and handling, letting you push your M3/M4 further with confidence.</li></ul></ul><ul><ul><li><strong>Effortless transformation:</strong><span> This package is designed for a </span>hassle-free installation<span>,</span><span> ensuring a perfect fit and seamless integration with your M3/M4.</span><span> No modifications needed,</span><span> just pure,</span><span> unadulterated driving pleasure.</span></li></ul></ul><p><strong>This isn't just an upgrade, it's a statement.</strong><span> It's the embodiment of your passion for performance and individuality.</span><span> It's the </span>missing piece<span> that unlocks the true potential of your </span>BMW G80 G81 M3 / G82 G83 M4.<br><br>Available with or without the ADRO Pre-preg carbon fibre splitter. Enhancing the aesthetic, aerodynamic & downforce performance. </p><p><strong>Don't settle for ordinary. Order your ADRO styling through AUTOID today.</strong></p><p><span>Get in touch with a member of our team for expert advice for all your <span>BMW G80 G81 M3 / G82 G83 M4 modifications. We offer a wide range of services from expert knowledge, painting & fitting parts.</span></span></p><p>&nbsp;</p><h4>What's Included</h4><ul><li>1 x Adro Carbon Fibre (TPO) Front Bumper</li><li>1 x Adro Carbon Fibre (CFRP, 2x2 weave) Front Splitter Lip <em>*optional*</em></li><li>1 x Front Grilles<br></li><li>1 x Mesh Backing</li><li>3M Tape </li><li>Installation Kit</li></ul><p>&nbsp;</p><h4>Compatibility</h4><p>Feel free to contact us at info@mlperformance.co.uk should you wish to double check!</p><p>&nbsp;</p><h4>Compatibility Check</h4><p>To ensure the part(s) you have ordered fits your vehicle, we run a compatibility check prior to dispatch. We can do this either using your registration number (UK) or the last 7 digits of your VIN. Simply enter your car details prior to checkout.</p><p>&nbsp;</p><h4>Part Number</h4><p>ADRO-A14A11-210A14+A11-1201 (Include Front Splitter)</p><p>ADRO-A14A11-2101 (Do Not Include Front Splitter)</p><p>&nbsp;</p><h4>More Information</h4><p><strong>Manufactured by</strong></p><p>Adro</p>",Adro,,Exterior,"Uploaded by_Muazzim, MLP Discount 2025, Brand_Adro, 2025_New Products, Product Type_Exterior, Category_Front Bumpers",TRUE,Option,Include Front Splitter,,,,,ADRO-A14A11-210A14+A11-1201,180000,shopify,continue,manual,3999,3999,TRUE,TRUE,A14A11-210A14+A11-1201,https://autoid.co/cdn/shop/files/bmw-m3-g80-g81-m4-g82-g83-tpo-front-bumper-by-adro-2021-adro-444717.jpg?v=1726655365&width=2048,1,Adro BMW M3 G80 G81 & M4 G82 G83 FRONT BUMPER (2021+),,Adro BMW M3 G80 G81 & M4 G82 G83 FRONT BUMPER (2021+),Get Adro BMW M3 G80 G81 & M4 G82 G83 FRONT BUMPER (2021+) for your car to get your desired looks and performance from ML Performance at the lowest price with FREE UK shipping & next day delivery on in stock items. Very cheap prices & good service.,,,,A14A11-210A14+A11-1201,,,new,,,,,,,,kg,8708949900,,,,,draft
adro-bmw-m3-g80-g81-m4-g82-g83-front-bumper-2021,,,,,,,,,Do Not Include Front Splitter,,,,,ADRO-A14A11-2101,190000,shopify,continue,manual,3699,3699,TRUE,TRUE,A14A11-2101,https://autoid.co/cdn/shop/files/bmw-m3-g80-g81-m4-g82-g83-tpo-front-bumper-by-adro-2021-adro-609332.jpg?v=1726655365&width=1024,2,Adro BMW M3 G80 G81 & M4 G82 G83 FRONT BUMPER (2021+),,,,,,,,,,,,,,,,,,kg,,,,,,
adro-bmw-m3-g80-g81-m4-g82-g83-front-bumper-2021,,,,,,,,,,,,,,,,,,,,,,,,https://autoid.co/cdn/shop/files/bmw-m3-g80-g81-m4-g82-g83-tpo-front-bumper-by-adro-2021-adro-741456.jpg?v=1726655365&width=1024,3,Adro BMW M3 G80 G81 & M4 G82 G83 FRONT BUMPER (2021+),,,,,,,,,,,,,,,,,,,,,,,,
adro-bmw-m3-g80-g81-m4-g82-g83-front-bumper-2021,,,,,,,,,,,,,,,,,,,,,,,,https://autoid.co/cdn/shop/files/bmw-m3-g80-g81-m4-g82-g83-tpo-front-bumper-by-adro-2021-adro-279473.jpg?v=1726655365&width=1024,4,Adro BMW M3 G80 G81 & M4 G82 G83 FRONT BUMPER (2021+),,,,,,,,,,,,,,,,,,,,,,,,
adro-bmw-m3-g80-g81-m4-g82-g83-front-bumper-2021,,,,,,,,,,,,,,,,,,,,,,,,https://autoid.co/cdn/shop/files/bmw-m3-g80-g81-m4-g82-g83-tpo-front-bumper-by-adro-2021-adro-942857.jpg?v=1726655365&width=1024,5,Adro BMW M3 G80 G81 & M4 G82 G83 FRONT BUMPER (2021+),,,,,,,,,,,,,,,,,,,,,,,,
adro-bmw-m3-g80-g81-m4-g82-g83-front-bumper-2021,,,,,,,,,,,,,,,,,,,,,,,,https://autoid.co/cdn/shop/files/bmw-m3-g80-g81-m4-g82-g83-tpo-front-bumper-by-adro-2021-adro-392192.jpg?v=1726655365&width=1024,6,Adro BMW M3 G80 G81 & M4 G82 G83 FRONT BUMPER (2021+),,,,,,,,,,,,,,,,,,,,,,,,
adro-bmw-m3-g80-g81-m4-g82-g83-front-bumper-2021,,,,,,,,,,,,,,,,,,,,,,,,https://autoid.co/cdn/shop/files/bmw-m3-g80-g81-m4-g82-g83-tpo-front-bumper-by-adro-2021-adro-721515.jpg?v=1726655365&width=2048,7,Adro BMW M3 G80 G81 & M4 G82 G83 FRONT BUMPER (2021+),,,,,,,,,,,,,,,,,,,,,,,,
adro-bmw-m3-g80-g81-m4-g82-g83-front-bumper-2021,,,,,,,,,,,,,,,,,,,,,,,,https://autoid.co/cdn/shop/files/bmw-m3-g80-g81-m4-g82-g83-tpo-front-bumper-by-adro-2021-adro-258343.jpg?v=1726655365&width=2048,8,Adro BMW M3 G80 G81 & M4 G82 G83 FRONT BUMPER (2021+),,,,,,,,,,,,,,,,,,,,,,,,
adro-bmw-m3-g80-g81-m4-g82-g83-front-bumper-2021,,,,,,,,,,,,,,,,,,,,,,,,https://autoid.co/cdn/shop/files/bmw-m3-g80-g81-m4-g82-g83-tpo-front-bumper-by-adro-2021-adro-545666.jpg?v=1726655365&width=2048,9,Adro BMW M3 G80 G81 & M4 G82 G83 FRONT BUMPER (2021+),,,,,,,,,,,,,,,,,,,,,,,,
adro-bmw-m3-g80-g81-m4-g82-g83-front-bumper-2021,,,,,,,,,,,,,,,,,,,,,,,,https://autoid.co/cdn/shop/files/bmw-m3-g80-g81-m4-g82-g83-tpo-front-bumper-by-adro-2021-adro-136057.jpg?v=1726655365&width=1290,10,Adro BMW M3 G80 G81 & M4 G82 G83 FRONT BUMPER (2021+),,,,,,,,,,,,,,,,,,,,,,,,
adro-bmw-m3-g80-g81-m4-g82-g83-front-bumper-2021,,,,,,,,,,,,,,,,,,,,,,,,https://autoid.co/cdn/shop/files/bmw-m3-g80-g81-m4-g82-g83-tpo-front-bumper-by-adro-2021-adro-695650.jpg?v=1726655365&width=1290,11,Adro BMW M3 G80 G81 & M4 G82 G83 FRONT BUMPER (2021+),,,,,,,,,,,,,,,,,,,,,,,,
adro-bmw-m3-g80-g81-m4-g82-g83-front-bumper-2021,,,,,,,,,,,,,,,,,,,,,,,,https://autoid.co/cdn/shop/files/bmw-m3-g80-g81-m4-g82-g83-tpo-front-bumper-by-adro-2021-adro-833028.jpg?v=1726655365&width=1290,12,Adro BMW M3 G80 G81 & M4 G82 G83 FRONT BUMPER (2021+),,,,,,,,,,,,,,,,,,,,,,,,
adro-bmw-m3-g80-g81-m4-g82-g83-front-bumper-2021,,,,,,,,,,,,,,,,,,,,,,,,https://autoid.co/cdn/shop/files/bmw-m3-g80-g81-m4-g82-g83-tpo-front-bumper-by-adro-2021-adro-750934.jpg?v=1726655365&width=1290,13,Adro BMW M3 G80 G81 & M4 G82 G83 FRONT BUMPER (2021+),,,,,,,,,,,,,,,,,,,,,,,,
adro-bmw-m3-g80-g81-m4-g82-g83-front-bumper-2021,,,,,,,,,,,,,,,,,,,,,,,,https://autoid.co/cdn/shop/files/bmw-m3-g80-g81-m4-g82-g83-tpo-front-bumper-by-adro-2021-adro-969512.jpg?v=1726655365&width=1290,14,Adro BMW M3 G80 G81 & M4 G82 G83 FRONT BUMPER (2021+),,,,,,,,,,,,,,,,,,,,,,,,
adro-bmw-m3-g80-g81-m4-g82-g83-front-bumper-2021,,,,,,,,,,,,,,,,,,,,,,,,https://autoid.co/cdn/shop/files/bmw-m3-g80-g81-m4-g82-g83-tpo-front-bumper-by-adro-2021-adro-747599.jpg?v=1726655365&width=2048,15,Adro BMW M3 G80 G81 & M4 G82 G83 FRONT BUMPER (2021+),,,,,,,,,,,,,,,,,,,,,,,,
adro-bmw-m3-g80-g81-m4-g82-g83-front-bumper-2021,,,,,,,,,,,,,,,,,,,,,,,,https://autoid.co/cdn/shop/files/bmw-m3-g80-g81-m4-g82-g83-tpo-front-bumper-by-adro-2021-adro-739815.jpg?v=1726655365&width=2048,16,Adro BMW M3 G80 G81 & M4 G82 G83 FRONT BUMPER (2021+),,,,,,,,,,,,,,,,,,,,,,,,
adro-bmw-m3-g80-g81-m4-g82-g83-front-bumper-2021,,,,,,,,,,,,,,,,,,,,,,,,https://autoid.co/cdn/shop/files/bmw-m3-g80-g81-m4-g82-g83-tpo-front-bumper-by-adro-2021-adro-817492.jpg?v=1726655365&width=2048,17,Adro BMW M3 G80 G81 & M4 G82 G83 FRONT BUMPER (2021+),,,,,,,,,,,,,,,,,,,,,,,,
adro-bmw-m3-g80-g81-m4-g82-g83-front-bumper-2021,,,,,,,,,,,,,,,,,,,,,,,,https://autoid.co/cdn/shop/files/bmw-m3-g80-g81-m4-g82-g83-tpo-front-bumper-by-adro-2021-adro-989410.jpg?v=1726655365&width=1290,18,Adro BMW M3 G80 G81 & M4 G82 G83 FRONT BUMPER (2021+),,,,,,,,,,,,,,,,,,,,,,,,
adro-bmw-m3-g80-g81-m4-g82-g83-front-bumper-2021,,,,,,,,,,,,,,,,,,,,,,,,https://autoid.co/cdn/shop/files/bmw-m3-g80-g81-m4-g82-g83-tpo-front-bumper-by-adro-2021-adro-304055.jpg?v=1726655365&width=1290,19,Adro BMW M3 G80 G81 & M4 G82 G83 FRONT BUMPER (2021+),,,,,,,,,,,,,,,,,,,,,,,,
adro-bmw-m3-g80-g81-m4-g82-g83-front-bumper-2021,,,,,,,,,,,,,,,,,,,,,,,,https://autoid.co/cdn/shop/files/bmw-m3-g80-g81-m4-g82-g83-tpo-front-bumper-by-adro-2021-adro-329514.jpg?v=1726655365&width=1290,20,Adro BMW M3 G80 G81 & M4 G82 G83 FRONT BUMPER (2021+),,,,,,,,,,,,,,,,,,,,,,,,
adro-bmw-m3-g80-g81-m4-g82-g83-front-bumper-2021,,,,,,,,,,,,,,,,,,,,,,,,https://autoid.co/cdn/shop/files/bmw-m3-g80-g81-m4-g82-g83-tpo-front-bumper-by-adro-2021-adro-875483.jpg?v=1726655365&width=1290,21,Adro BMW M3 G80 G81 & M4 G82 G83 FRONT BUMPER (2021+),,,,,,,,,,,,,,,,,,,,,,,,
adro-a18a20-1504-toyota-gr-supra-mk5-pre-preg-carbon-fibre-at-p1-swan-neck-rear-wing-2019,Adro A18A20-1504 Toyota GR Supra MK5 Pre-Preg Carbon Fibre AT-P1 Swan Neck Rear Wing (2019+),"<h4><strong>Description</strong></h4><p>Enhance the aerodynamics and aggressive styling of your <strong>Toyota GR Supra Mk5 (2019+)</strong> with the <strong>ADRO AT-P1 Swan Neck Rear Wing</strong>. Crafted from <strong>pre-preg carbon fibre</strong>, this high-performance wing delivers superior strength, lightweight construction, and optimal downforce for both street and track use.</p><p>Developed with motorsport-inspired engineering, the <strong>ADRO AT-P1 Swan Neck Rear Wing</strong> not only enhances the Supra's aggressive aesthetics but also delivers real-world aerodynamic benefits. Elevate your <strong>GR Supra Mk5 (2019+)</strong>with a wing designed for <strong>performance, style, and precision</strong>.</p><p>&nbsp;</p><h4>Features</h4><p><strong>Pre-Preg Carbon Fibre Construction</strong> Ultra-lightweight yet incredibly strong for maximum performance.<br><strong>Swan Neck Design</strong> Mounts from the top to reduce turbulence and improve aerodynamic efficiency.<br><strong>Track-Tested Downforce</strong> Engineered for increased stability at high speeds without excessive drag.<br><strong>OEM+ Fitment</strong> Precision-designed to integrate seamlessly with the GR Supra's body lines.<br><strong>Adjustable Angle</strong> Fine-tune wing positioning for the perfect balance of downforce and speed.</p><p>&nbsp;</p><h4>What's Included</h4><p><span>1 main plate<br></span><span></span><span>2 curved end plates<br></span><span></span><span>2 aluminum wing stand<br></span><span></span><span>2 reinforcement trunk brackets (raw carbon fiber)<br></span><span></span><span>3M Tape<br></span><span>Hardware</span></p><p>&nbsp;</p><h4>Compatibility</h4><p>Feel free to contact us at info@mlperformance.co.uk should you wish to double check!</p><p>&nbsp;</p><h4>Compatibility Check</h4><p>To ensure the part(s) you have ordered fits your vehicle, we run a compatibility check prior to dispatch. We can do this either using your registration number (UK) or the last 7 digits of your VIN. Simply enter your car details prior to checkout.</p><p>&nbsp;</p><h4>Part Number</h4><p>ADRO-A18A20-1504</p><p>&nbsp;</p><h4>More Information</h4><p><strong>Manufactured by</strong></p><p>Adro</p>",Adro,,Exterior,"Uploaded by_Muazzim, MLP Discount 2025, Brand_Adro, 2025_New Products, Product Type_Exterior, Category_Rear Wings",TRUE,Title,Default Title,,,,,ADRO-A18A20-1504,90000,shopify,continue,manual,3499,3499,TRUE,TRUE,A18A20-1504,https://autoid.co/cdn/shop/files/toyota-gr-supra-mk5-pre-preg-carbon-fibre-at-p1-swan-neck-at-p1-rear-wing-by-adro-2019-adro-345579.webp?v=1739406024&width=1200,1,Adro A18A20-1504 TOYOTA GR SUPRA MK5 PRE-PREG CARBON FIBRE AT-P1 SWAN NECK REAR WING (2019+),,Adro A18A20-1504 TOYOTA GR SUPRA MK5 PRE-PREG CARBON FIBRE AT-P1 SWAN NECK REAR WING (2019+),Get Adro A18A20-1504 TOYOTA GR SUPRA MK5 PRE-PREG CARBON FIBRE AT-P1 SWAN NECK REAR WING (2019+) for your car to get your desired looks and performance from ML Performance at the lowest price with FREE UK shipping & next day delivery on in stock items. Very cheap prices & good service.,,,,A18A20-1504,,,new,,,,,,,,kg,8708949900,,,,,draft
adro-a18a20-1504-toyota-gr-supra-mk5-pre-preg-carbon-fibre-at-p1-swan-neck-rear-wing-2019,,,,,,,,,,,,,,,,,,,,,,,,https://autoid.co/cdn/shop/files/toyota-gr-supra-mk5-pre-preg-carbon-fibre-at-p1-swan-neck-at-p1-rear-wing-by-adro-2019-adro-991435.webp?v=1739406024&width=1200,2,Adro A18A20-1504 TOYOTA GR SUPRA MK5 PRE-PREG CARBON FIBRE AT-P1 SWAN NECK REAR WING (2019+),,,,,,,,,,,,,,,,,,,,,,,,
adro-a18a20-1504-toyota-gr-supra-mk5-pre-preg-carbon-fibre-at-p1-swan-neck-rear-wing-2019,,,,,,,,,,,,,,,,,,,,,,,,https://autoid.co/cdn/shop/files/toyota-gr-supra-mk5-pre-preg-carbon-fibre-at-p1-swan-neck-at-p1-rear-wing-by-adro-2019-adro-529732.webp?v=1739406024&width=1200,3,Adro A18A20-1504 TOYOTA GR SUPRA MK5 PRE-PREG CARBON FIBRE AT-P1 SWAN NECK REAR WING (2019+),,,,,,,,,,,,,,,,,,,,,,,,
adro-a18a20-1504-toyota-gr-supra-mk5-pre-preg-carbon-fibre-at-p1-swan-neck-rear-wing-2019,,,,,,,,,,,,,,,,,,,,,,,,https://autoid.co/cdn/shop/files/toyota-gr-supra-mk5-pre-preg-carbon-fibre-at-p1-swan-neck-at-p1-rear-wing-by-adro-2019-adro-897494.webp?v=1739406025&width=1200,4,Adro A18A20-1504 TOYOTA GR SUPRA MK5 PRE-PREG CARBON FIBRE AT-P1 SWAN NECK REAR WING (2019+),,,,,,,,,,,,,,,,,,,,,,,,
adro-a18a20-1504-toyota-gr-supra-mk5-pre-preg-carbon-fibre-at-p1-swan-neck-rear-wing-2019,,,,,,,,,,,,,,,,,,,,,,,,https://autoid.co/cdn/shop/files/toyota-gr-supra-mk5-pre-preg-carbon-fibre-at-p1-swan-neck-at-p1-rear-wing-by-adro-2019-adro-605755.webp?v=1739406026&width=1200,5,Adro A18A20-1504 TOYOTA GR SUPRA MK5 PRE-PREG CARBON FIBRE AT-P1 SWAN NECK REAR WING (2019+),,,,,,,,,,,,,,,,,,,,,,,,
adro-a18a20-1504-toyota-gr-supra-mk5-pre-preg-carbon-fibre-at-p1-swan-neck-rear-wing-2019,,,,,,,,,,,,,,,,,,,,,,,,https://autoid.co/cdn/shop/files/toyota-gr-supra-mk5-pre-preg-carbon-fibre-at-p1-swan-neck-at-p1-rear-wing-by-adro-2019-adro-816659.webp?v=1739406025&width=1200,6,Adro A18A20-1504 TOYOTA GR SUPRA MK5 PRE-PREG CARBON FIBRE AT-P1 SWAN NECK REAR WING (2019+),,,,,,,,,,,,,,,,,,,,,,,,
adro-a18a20-1504-toyota-gr-supra-mk5-pre-preg-carbon-fibre-at-p1-swan-neck-rear-wing-2019,,,,,,,,,,,,,,,,,,,,,,,,https://autoid.co/cdn/shop/files/toyota-gr-supra-mk5-pre-preg-carbon-fibre-at-p1-swan-neck-at-p1-rear-wing-by-adro-2019-adro-611216.webp?v=1739406026&width=1200,7,Adro A18A20-1504 TOYOTA GR SUPRA MK5 PRE-PREG CARBON FIBRE AT-P1 SWAN NECK REAR WING (2019+),,,,,,,,,,,,,,,,,,,,,,,,
adro-a18a20-1504-toyota-gr-supra-mk5-pre-preg-carbon-fibre-at-p1-swan-neck-rear-wing-2019,,,,,,,,,,,,,,,,,,,,,,,,https://autoid.co/cdn/shop/files/toyota-gr-supra-mk5-pre-preg-carbon-fibre-at-p1-swan-neck-at-p1-rear-wing-by-adro-2019-adro-276386.webp?v=1739406026&width=1200,8,Adro A18A20-1504 TOYOTA GR SUPRA MK5 PRE-PREG CARBON FIBRE AT-P1 SWAN NECK REAR WING (2019+),,,,,,,,,,,,,,,,,,,,,,,,
adro-a18a20-1504-toyota-gr-supra-mk5-pre-preg-carbon-fibre-at-p1-swan-neck-rear-wing-2019,,,,,,,,,,,,,,,,,,,,,,,,https://autoid.co/cdn/shop/files/toyota-gr-supra-mk5-pre-preg-carbon-fibre-at-p1-swan-neck-at-p1-rear-wing-by-adro-2019-adro-516138.webp?v=1739406027&width=1200,9,Adro A18A20-1504 TOYOTA GR SUPRA MK5 PRE-PREG CARBON FIBRE AT-P1 SWAN NECK REAR WING (2019+),,,,,,,,,,,,,,,,,,,,,,,,
adro-a18a20-1504-toyota-gr-supra-mk5-pre-preg-carbon-fibre-at-p1-swan-neck-rear-wing-2019,,,,,,,,,,,,,,,,,,,,,,,,https://autoid.co/cdn/shop/files/toyota-gr-supra-mk5-pre-preg-carbon-fibre-at-p1-swan-neck-at-p1-rear-wing-by-adro-2019-adro-106248.webp?v=1739406028&width=1200,10,Adro A18A20-1504 TOYOTA GR SUPRA MK5 PRE-PREG CARBON FIBRE AT-P1 SWAN NECK REAR WING (2019+),,,,,,,,,,,,,,,,,,,,,,,,
adro-a18a20-1504-toyota-gr-supra-mk5-pre-preg-carbon-fibre-at-p1-swan-neck-rear-wing-2019,,,,,,,,,,,,,,,,,,,,,,,,https://autoid.co/cdn/shop/files/toyota-gr-supra-mk5-pre-preg-carbon-fibre-at-p1-swan-neck-at-p1-rear-wing-by-adro-2019-adro-371993.webp?v=1739406075&width=1200,11,Adro A18A20-1504 TOYOTA GR SUPRA MK5 PRE-PREG CARBON FIBRE AT-P1 SWAN NECK REAR WING (2019+),,,,,,,,,,,,,,,,,,,,,,,,
adro-a18a20-1504-toyota-gr-supra-mk5-pre-preg-carbon-fibre-at-p1-swan-neck-rear-wing-2019,,,,,,,,,,,,,,,,,,,,,,,,https://autoid.co/cdn/shop/files/toyota-gr-supra-mk5-pre-preg-carbon-fibre-at-p1-swan-neck-at-p1-rear-wing-by-adro-2019-adro-546017.webp?v=1739406076&width=1200,12,Adro A18A20-1504 TOYOTA GR SUPRA MK5 PRE-PREG CARBON FIBRE AT-P1 SWAN NECK REAR WING (2019+),,,,,,,,,,,,,,,,,,,,,,,,
adro-a18a20-1504-toyota-gr-supra-mk5-pre-preg-carbon-fibre-at-p1-swan-neck-rear-wing-2019,,,,,,,,,,,,,,,,,,,,,,,,https://autoid.co/cdn/shop/files/toyota-gr-supra-mk5-pre-preg-carbon-fibre-at-p1-swan-neck-at-p1-rear-wing-by-adro-2019-adro-712812.webp?v=1739406076&width=1200,13,Adro A18A20-1504 TOYOTA GR SUPRA MK5 PRE-PREG CARBON FIBRE AT-P1 SWAN NECK REAR WING (2019+),,,,,,,,,,,,,,,,,,,,,,,,
adro-bmw-m3-g80-g81-m4-g82-g83-dry-carbon-fibre-rear-diffuser-2021,Adro BMW M3 G80 G81 & M4 G82 G83 Dry Carbon Fibre Rear Diffuser (2021+),"<h4><strong>Description</strong></h4><p>Upgrade your BMW M3 G80 or M4 G82 model with Adro's revolutionary dry carbon fiber rear diffuser. This lightweight yet rigid construction offers superior aerodynamics and a unique aesthetic, standing out from the factory-installed look. Paired with superior craftsmanship and outstanding material quality, you can trust this high-end product to heighten your driving experience.</p><p>&nbsp;</p><h4>What's Included</h4><ul><li>1 x Adro Carbon Fibre (dry, pre-preg, 2x2 weave) Full Rear Diffuser Piece</li></ul><p>&nbsp;</p><h4>Compatibility</h4><p>Feel free to contact us at info@mlperformance.co.uk should you wish to double check!</p><p>&nbsp;</p><h4>Compatibility Check</h4><p>To ensure the part(s) you have ordered fits your vehicle, we run a compatibility check prior to dispatch. We can do this either using your registration number (UK) or the last 7 digits of your VIN. Simply enter your car details prior to checkout.</p><p>&nbsp;</p><h4>Part Number</h4><p>ADRO-A14A50-1301 (BMW M3 (G80 G81))</p><p>ADRO-A14A40-1301 (BMW M4 (G82))</p><p>&nbsp;</p><h4>More Information</h4><p><strong>Manufactured by</strong></p><p>Adro</p>",Adro,,Exterior,"Uploaded by_Muazzim, MLP Discount 2025, Brand_Adro, 2025_New Products, Product Type_Exterior, Category_Rear Diffusers",TRUE,Vehicle Selection:,BMW M3 (G80 G81),,,,,ADRO-A14A50-1301,35000,shopify,continue,manual,3499,3499,TRUE,TRUE,A14A50-1301,https://autoid.co/cdn/shop/files/bmw-m3-g80-g81-m4-g82-g83-dry-carbon-fibre-rear-diffuser-by-adro-2021-adro-944314.jpg?v=1726655342&width=2048,1,Adro BMW M3 G80 G81 & M4 G82 G83 DRY CARBON FIBRE REAR DIFFUSER (2021+),,Adro BMW M3 G80 G81 & M4 G82 G83 DRY CARBON FIBRE REAR DIFFUSER (2021+),Get Adro BMW M3 G80 G81 & M4 G82 G83 DRY CARBON FIBRE REAR DIFFUSER (2021+) for your car to get your desired looks and performance from ML Performance at the lowest price with FREE UK shipping & next day delivery on in stock items. Very cheap prices & good service.,,,,A14A50-1301,,,new,,,,,,,,kg,8708949900,,,,,draft
adro-bmw-m3-g80-g81-m4-g82-g83-dry-carbon-fibre-rear-diffuser-2021,,,,,,,,,BMW M4 (G82),,,,,ADRO-A14A40-1301,35000,shopify,continue,manual,3499,3499,TRUE,TRUE,A14A40-1301,https://autoid.co/cdn/shop/files/bmw-m3-g80-g81-m4-g82-g83-dry-carbon-fibre-rear-diffuser-by-adro-2021-adro-274607.jpg?v=1726655342&width=1024,2,Adro BMW M3 G80 G81 & M4 G82 G83 DRY CARBON FIBRE REAR DIFFUSER (2021+),,,,,,,,,,,,,,,,,,kg,,,,,,
adro-bmw-m3-g80-g81-m4-g82-g83-dry-carbon-fibre-rear-diffuser-2021,,,,,,,,,,,,,,,,,,,,,,,,https://autoid.co/cdn/shop/files/bmw-m3-g80-g81-m4-g82-g83-dry-carbon-fibre-rear-diffuser-by-adro-2021-adro-101075.jpg?v=1726655342&width=1024,3,Adro BMW M3 G80 G81 & M4 G82 G83 DRY CARBON FIBRE REAR DIFFUSER (2021+),,,,,,,,,,,,,,,,,,,,,,,,
adro-bmw-m3-g80-g81-m4-g82-g83-dry-carbon-fibre-rear-diffuser-2021,,,,,,,,,,,,,,,,,,,,,,,,https://autoid.co/cdn/shop/files/bmw-m3-g80-g81-m4-g82-g83-dry-carbon-fibre-rear-diffuser-by-adro-2021-adro-594200.jpg?v=1726655342&width=1024,4,Adro BMW M3 G80 G81 & M4 G82 G83 DRY CARBON FIBRE REAR DIFFUSER (2021+),,,,,,,,,,,,,,,,,,,,,,,,
adro-bmw-m3-g80-g81-m4-g82-g83-dry-carbon-fibre-rear-diffuser-2021,,,,,,,,,,,,,,,,,,,,,,,,https://autoid.co/cdn/shop/files/bmw-m3-g80-g81-m4-g82-g83-dry-carbon-fibre-rear-diffuser-by-adro-2021-adro-971265.jpg?v=1726655342&width=1024,5,Adro BMW M3 G80 G81 & M4 G82 G83 DRY CARBON FIBRE REAR DIFFUSER (2021+),,,,,,,,,,,,,,,,,,,,,,,,
adro-bmw-m3-g80-g81-m4-g82-g83-dry-carbon-fibre-rear-diffuser-2021,,,,,,,,,,,,,,,,,,,,,,,,https://autoid.co/cdn/shop/files/bmw-m3-g80-g81-m4-g82-g83-dry-carbon-fibre-rear-diffuser-by-adro-2021-adro-816070.jpg?v=1726655342&width=1024,6,Adro BMW M3 G80 G81 & M4 G82 G83 DRY CARBON FIBRE REAR DIFFUSER (2021+),,,,,,,,,,,,,,,,,,,,,,,,
adro-bmw-m3-g80-g81-m4-g82-g83-dry-carbon-fibre-rear-diffuser-2021,,,,,,,,,,,,,,,,,,,,,,,,https://autoid.co/cdn/shop/files/bmw-m3-g80-g81-m4-g82-g83-dry-carbon-fibre-rear-diffuser-by-adro-2021-adro-540594.jpg?v=1726655342&width=1024,7,Adro BMW M3 G80 G81 & M4 G82 G83 DRY CARBON FIBRE REAR DIFFUSER (2021+),,,,,,,,,,,,,,,,,,,,,,,,
adro-bmw-m3-g80-g81-m4-g82-g83-dry-carbon-fibre-rear-diffuser-2021,,,,,,,,,,,,,,,,,,,,,,,,https://autoid.co/cdn/shop/files/bmw-m3-g80-g81-m4-g82-g83-dry-carbon-fibre-rear-diffuser-by-adro-2021-adro-281604.jpg?v=1726655342&width=1024,8,Adro BMW M3 G80 G81 & M4 G82 G83 DRY CARBON FIBRE REAR DIFFUSER (2021+),,,,,,,,,,,,,,,,,,,,,,,,
adro-bmw-m3-g80-g81-m4-g82-g83-dry-carbon-fibre-rear-diffuser-2021,,,,,,,,,,,,,,,,,,,,,,,,https://autoid.co/cdn/shop/files/bmw-m3-g80-g81-m4-g82-g83-dry-carbon-fibre-rear-diffuser-by-adro-2021-adro-952524.jpg?v=1726655342&width=2048,9,Adro BMW M3 G80 G81 & M4 G82 G83 DRY CARBON FIBRE REAR DIFFUSER (2021+),,,,,,,,,,,,,,,,,,,,,,,,
adro-bmw-m3-g80-g81-m4-g82-g83-dry-carbon-fibre-rear-diffuser-2021,,,,,,,,,,,,,,,,,,,,,,,,https://autoid.co/cdn/shop/files/bmw-m3-g80-g81-m4-g82-g83-dry-carbon-fibre-rear-diffuser-by-adro-2021-adro-731253.jpg?v=1726655342&width=2048,10,Adro BMW M3 G80 G81 & M4 G82 G83 DRY CARBON FIBRE REAR DIFFUSER (2021+),,,,,,,,,,,,,,,,,,,,,,,,
adro-bmw-m3-g80-g81-m4-g82-g83-dry-carbon-fibre-rear-diffuser-2021,,,,,,,,,,,,,,,,,,,,,,,,https://autoid.co/cdn/shop/files/bmw-m3-g80-g81-m4-g82-g83-dry-carbon-fibre-rear-diffuser-by-adro-2021-adro-282380.jpg?v=1726655342&width=2048,11,Adro BMW M3 G80 G81 & M4 G82 G83 DRY CARBON FIBRE REAR DIFFUSER (2021+),,,,,,,,,,,,,,,,,,,,,,,,
adro-bmw-m3-g80-g81-m4-g82-g83-dry-carbon-fibre-rear-diffuser-2021,,,,,,,,,,,,,,,,,,,,,,,,https://autoid.co/cdn/shop/files/bmw-m3-g80-g81-m4-g82-g83-dry-carbon-fibre-rear-diffuser-by-adro-2021-adro-434439.jpg?v=1726655342&width=2048,12,Adro BMW M3 G80 G81 & M4 G82 G83 DRY CARBON FIBRE REAR DIFFUSER (2021+),,,,,,,,,,,,,,,,,,,,,,,,
adro-a14a40-1501-bmw-m4-g82-dry-carbon-fibre-swan-neck-rear-wing-2021,Adro A14A40-1501 BMW M4 G82 Dry Carbon Fibre Swan Neck Rear Wing (2021+),"<h4><strong>Description</strong></h4><p>Adro's latest release of the BMW M4 (G82, 2021+) Dry Carbon Fibre Swan Neck Rear Wing is the perfect combination of function and form. This dynamic and lightweight design consists of the Full Dry Carbon Fiber Rear Wing running around the entire rear bumper, with a subtle curvature that creates an elegant look.</p><p>It is also supported by two Aluminium Struts that adhere to the same design as the Rear Wing, adding to the stability and rigidity while providing the perfect amount of aerodynamism on the track. All parts of this Rear Wing are hand-crafted using pre-preg dry carbon fibre, making it extremely lightweight and tough.</p><p>&nbsp;</p><h4>What's Included</h4><ul><li>1 x Adro Carbon Fibre (dry, pre-preg, 2x2 weave) Rear Wing</li><li>2 x Adro Aluminium Wing Stands (Left & Right Side)</li></ul><p>&nbsp;</p><h4>Compatibility</h4><p>Feel free to contact us at info@mlperformance.co.uk should you wish to double check!</p><p>&nbsp;</p><h4>Compatibility Check</h4><p>To ensure the part(s) you have ordered fits your vehicle, we run a compatibility check prior to dispatch. We can do this either using your registration number (UK) or the last 7 digits of your VIN. Simply enter your car details prior to checkout.</p><p>&nbsp;</p><h4>Part Number</h4><p>ADRO-A14A40-1501</p><p>&nbsp;</p><h4>More Information</h4><p><strong>Manufactured by</strong></p><p>Adro</p>",Adro,,Exterior,"Uploaded by_Muazzim, MLP Discount 2025, Brand_Adro, 2025_New Products, Product Type_Exterior, Category_Rear Wings",TRUE,Title,Default Title,,,,,ADRO-A14A40-1501,90000,shopify,continue,manual,3499,3499,TRUE,TRUE,A14A40-1501,https://autoid.co/cdn/shop/files/bmw-m4-g82-dry-carbon-fibre-swan-neck-rear-wing-by-adro-2021-adro-403231.webp?v=1726655363&width=1400,1,Adro A14A40-1501 BMW M4 G82 DRY CARBON FIBRE SWAN NECK REAR WING (2021+),,Adro A14A40-1501 BMW M4 G82 DRY CARBON FIBRE SWAN NECK REAR WING (2021+),Get Adro A14A40-1501 BMW M4 G82 DRY CARBON FIBRE SWAN NECK REAR WING (2021+) for your car to get your desired looks and performance from ML Performance at the lowest price with FREE UK shipping & next day delivery on in stock items. Very cheap prices & good service.,,,,A14A40-1501,,,new,,,,,,,,kg,8708949900,,,,,draft
adro-a14a40-1501-bmw-m4-g82-dry-carbon-fibre-swan-neck-rear-wing-2021,,,,,,,,,,,,,,,,,,,,,,,,https://autoid.co/cdn/shop/files/bmw-m4-g82-dry-carbon-fibre-swan-neck-rear-wing-by-adro-2021-adro-732663.jpg?v=1726655363&width=1290,2,Adro A14A40-1501 BMW M4 G82 DRY CARBON FIBRE SWAN NECK REAR WING (2021+),,,,,,,,,,,,,,,,,,,,,,,,
adro-a14a40-1501-bmw-m4-g82-dry-carbon-fibre-swan-neck-rear-wing-2021,,,,,,,,,,,,,,,,,,,,,,,,https://autoid.co/cdn/shop/files/bmw-m4-g82-dry-carbon-fibre-swan-neck-rear-wing-by-adro-2021-adro-713197.jpg?v=1726655363&width=1290,3,Adro A14A40-1501 BMW M4 G82 DRY CARBON FIBRE SWAN NECK REAR WING (2021+),,,,,,,,,,,,,,,,,,,,,,,,
adro-a14a40-1501-bmw-m4-g82-dry-carbon-fibre-swan-neck-rear-wing-2021,,,,,,,,,,,,,,,,,,,,,,,,https://autoid.co/cdn/shop/files/bmw-m4-g82-dry-carbon-fibre-swan-neck-rear-wing-by-adro-2021-adro-453515.jpg?v=1726655363&width=1290,4,Adro A14A40-1501 BMW M4 G82 DRY CARBON FIBRE SWAN NECK REAR WING (2021+),,,,,,,,,,,,,,,,,,,,,,,,
adro-a14a40-1501-bmw-m4-g82-dry-carbon-fibre-swan-neck-rear-wing-2021,,,,,,,,,,,,,,,,,,,,,,,,https://autoid.co/cdn/shop/files/bmw-m4-g82-dry-carbon-fibre-swan-neck-rear-wing-by-adro-2021-adro-650601.jpg?v=1726655363&width=1290,5,Adro A14A40-1501 BMW M4 G82 DRY CARBON FIBRE SWAN NECK REAR WING (2021+),,,,,,,,,,,,,,,,,,,,,,,,
adro-a14a40-1501-bmw-m4-g82-dry-carbon-fibre-swan-neck-rear-wing-2021,,,,,,,,,,,,,,,,,,,,,,,,https://autoid.co/cdn/shop/files/preview_images/hqdefault_97c53316-139b-4fba-a891-6fa218754597.jpg?v=1686044985&width=480,6,Adro A14A40-1501 BMW M4 G82 DRY CARBON FIBRE SWAN NECK REAR WING (2021+),,,,,,,,,,,,,,,,,,,,,,,,
adro-a14a40-1501-bmw-m4-g82-dry-carbon-fibre-swan-neck-rear-wing-2021,,,,,,,,,,,,,,,,,,,,,,,,https://autoid.co/cdn/shop/files/bmw-m4-g82-dry-carbon-fibre-swan-neck-rear-wing-by-adro-2021-adro-269711.webp?v=1726655364&width=1400,7,Adro A14A40-1501 BMW M4 G82 DRY CARBON FIBRE SWAN NECK REAR WING (2021+),,,,,,,,,,,,,,,,,,,,,,,,
adro-a14a40-1501-bmw-m4-g82-dry-carbon-fibre-swan-neck-rear-wing-2021,,,,,,,,,,,,,,,,,,,,,,,,https://autoid.co/cdn/shop/files/bmw-m4-g82-dry-carbon-fibre-swan-neck-rear-wing-by-adro-2021-adro-660974.webp?v=1726655364&width=1400,8,Adro A14A40-1501 BMW M4 G82 DRY CARBON FIBRE SWAN NECK REAR WING (2021+),,,,,,,,,,,,,,,,,,,,,,,,
adro-a14a40-1501-bmw-m4-g82-dry-carbon-fibre-swan-neck-rear-wing-2021,,,,,,,,,,,,,,,,,,,,,,,,https://autoid.co/cdn/shop/files/bmw-m4-g82-dry-carbon-fibre-swan-neck-rear-wing-by-adro-2021-adro-364630.webp?v=1726655364&width=1400,9,Adro A14A40-1501 BMW M4 G82 DRY CARBON FIBRE SWAN NECK REAR WING (2021+),,,,,,,,,,,,,,,,,,,,,,,,
adro-a14a40-1501-bmw-m4-g82-dry-carbon-fibre-swan-neck-rear-wing-2021,,,,,,,,,,,,,,,,,,,,,,,,https://autoid.co/cdn/shop/files/bmw-m4-g82-dry-carbon-fibre-swan-neck-rear-wing-by-adro-2021-adro-559901.webp?v=1726655364&width=1400,10,Adro A14A40-1501 BMW M4 G82 DRY CARBON FIBRE SWAN NECK REAR WING (2021+),,,,,,,,,,,,,,,,,,,,,,,,
adro-a14a40-1501-bmw-m4-g82-dry-carbon-fibre-swan-neck-rear-wing-2021,,,,,,,,,,,,,,,,,,,,,,,,https://autoid.co/cdn/shop/files/bmw-m4-g82-dry-carbon-fibre-swan-neck-rear-wing-by-adro-2021-adro-991625.webp?v=1726655364&width=1400,11,Adro A14A40-1501 BMW M4 G82 DRY CARBON FIBRE SWAN NECK REAR WING (2021+),,,,,,,,,,,,,,,,,,,,,,,,
adro-a14a40-1501-bmw-m4-g82-dry-carbon-fibre-swan-neck-rear-wing-2021,,,,,,,,,,,,,,,,,,,,,,,,https://autoid.co/cdn/shop/files/bmw-m4-g82-dry-carbon-fibre-swan-neck-rear-wing-by-adro-2021-adro-384010.webp?v=1726655364&width=1400,12,Adro A14A40-1501 BMW M4 G82 DRY CARBON FIBRE SWAN NECK REAR WING (2021+),,,,,,,,,,,,,,,,,,,,,,,,
adro-a22a10-1501-honda-civic-fl5-type-r-pre-preg-carbon-fibre-at-r4-rear-wing,Adro A22A10-1501 Honda Civic Fl5 Type R Pre-Preg Carbon Fibre AT-R4 Rear Wing,"<h4><strong>Description</strong></h4><b>Honda Civic FL5 Type R Pre-Preg Carbon Fibre AT-R4 Rear Wing by Adro</b><p>Transform your Honda Civic FL5 into a head-turning performance machine with the ADRO AT-R4 Swan Neck Wing. This meticulously engineered wing seamlessly blends aggressive styling with functional aerodynamics, optimising your Civic's performance and visual appeal.</p><p>The ADRO AT-R4 Swan Neck Wing is not just about looks; it's about enhancing your Civic's capabilities. Its distinctive swan neck design minimises drag while maximising downforce, resulting in improved handling and stability at high speeds. Whether you're carving corners on the track or turning heads on the street, the AT-R4 Wing delivers the perfect balance of form and function.</p><p>Unleash your Honda FL5 Civic's true potential with the ADRO AT-R4 Swan Neck Wing. Experience the thrill of enhanced performance and head-turning style, all in one expertly crafted package.</p><p><strong>Expected fulfilment is anticipated for the end of November '24.</strong></p><p>&nbsp;</p><h4>Features</h4><ul><li><strong>High-Quality Pre-Preg Carbon Fibre Construction:</strong> Lightweight and exceptionally strong, ensuring long-lasting performance and a premium look.</li><li><strong>Precision Engineering:</strong> Designed using advanced 3D modeling techniques for a perfect OEM fit and seamless integration with the FL5's body lines.</li><li><strong>Enhanced Aerodynamics:</strong> Increased downforce and reduced drag for improved handling and stability.</li><li><strong>Distinctive Swan Neck Design:</strong> Minimises drag and provides optimal airflow for maximum aerodynamic efficiency.</li><li><strong>Aggressive Styling:</strong> A bold, motorsport-inspired aesthetic that sets your Civic apart from the crowd.</li><li><strong>Easy Installation:</strong> Designed for straightforward installation, allowing you to transform your Civic with ease.</li></ul><p>&nbsp;</p><h4>What's Included</h4><ul><li>1 x Adro Carbon Fibre (2x2 weave) Rear Wing</li><li>2 x Adro Aluminium Uprights</li><li>Installation Hardware</li></ul><p>&nbsp;</p><h4>Compatibility</h4><p>Feel free to contact us at info@mlperformance.co.uk should you wish to double check!</p><p>&nbsp;</p><h4>Compatibility Check</h4><p>To ensure the part(s) you have ordered fits your vehicle, we run a compatibility check prior to dispatch. We can do this either using your registration number (UK) or the last 7 digits of your VIN. Simply enter your car details prior to checkout.</p><p>&nbsp;</p><h4>Part Number</h4><p>ADRO-A22A10-1501</p><p>&nbsp;</p><h4>More Information</h4><p><strong>Manufactured by</strong></p><p>Adro</p>",Adro,,Exterior,"Uploaded by_Muazzim, MLP Discount 2025, Brand_Adro, 2025_New Products, Product Type_Exterior, Category_Rear Wings",TRUE,Title,Default Title,,,,,ADRO-A22A10-1501,90000,shopify,continue,manual,2999,2999,TRUE,TRUE,A22A10-1501,https://autoid.co/cdn/shop/files/honda-civic-fl5-type-r-pre-preg-carbon-fibre-at-r4-rear-wing-by-adro-adro-309787.webp?v=1728637784&width=1800,1,Adro A22A10-1501 HONDA CIVIC FL5 TYPE R PRE-PREG CARBON FIBRE AT-R4 REAR WING,,Adro A22A10-1501 HONDA CIVIC FL5 TYPE R PRE-PREG CARBON FIBRE AT-R4 REAR WING,Get Adro A22A10-1501 HONDA CIVIC FL5 TYPE R PRE-PREG CARBON FIBRE AT-R4 REAR WING for your car to get your desired looks and performance from ML Performance at the lowest price with FREE UK shipping & next day delivery on in stock items. Very cheap prices & good service.,,,,A22A10-1501,,,new,,,,,,,,kg,8708949900,,,,,draft
adro-a22a10-1501-honda-civic-fl5-type-r-pre-preg-carbon-fibre-at-r4-rear-wing,,,,,,,,,,,,,,,,,,,,,,,,https://autoid.co/cdn/shop/files/honda-civic-fl5-type-r-pre-preg-carbon-fibre-at-r4-rear-wing-by-adro-adro-741534.webp?v=1728637784&width=1800,2,Adro A22A10-1501 HONDA CIVIC FL5 TYPE R PRE-PREG CARBON FIBRE AT-R4 REAR WING,,,,,,,,,,,,,,,,,,,,,,,,
adro-a22a10-1501-honda-civic-fl5-type-r-pre-preg-carbon-fibre-at-r4-rear-wing,,,,,,,,,,,,,,,,,,,,,,,,https://autoid.co/cdn/shop/files/honda-civic-fl5-type-r-pre-preg-carbon-fibre-at-r4-rear-wing-by-adro-adro-917616.webp?v=1728637784&width=1800,3,Adro A22A10-1501 HONDA CIVIC FL5 TYPE R PRE-PREG CARBON FIBRE AT-R4 REAR WING,,,,,,,,,,,,,,,,,,,,,,,,
adro-a22a10-1501-honda-civic-fl5-type-r-pre-preg-carbon-fibre-at-r4-rear-wing,,,,,,,,,,,,,,,,,,,,,,,,https://autoid.co/cdn/shop/files/honda-civic-fl5-type-r-pre-preg-carbon-fibre-at-r4-rear-wing-by-adro-adro-277366.webp?v=1728637784&width=1800,4,Adro A22A10-1501 HONDA CIVIC FL5 TYPE R PRE-PREG CARBON FIBRE AT-R4 REAR WING,,,,,,,,,,,,,,,,,,,,,,,,
adro-a22a10-1501-honda-civic-fl5-type-r-pre-preg-carbon-fibre-at-r4-rear-wing,,,,,,,,,,,,,,,,,,,,,,,,https://autoid.co/cdn/shop/files/honda-civic-fl5-type-r-pre-preg-carbon-fibre-at-r4-rear-wing-by-adro-adro-800145.webp?v=1728637784&width=1800,5,Adro A22A10-1501 HONDA CIVIC FL5 TYPE R PRE-PREG CARBON FIBRE AT-R4 REAR WING,,,,,,,,,,,,,,,,,,,,,,,,
adro-a22a10-1501-honda-civic-fl5-type-r-pre-preg-carbon-fibre-at-r4-rear-wing,,,,,,,,,,,,,,,,,,,,,,,,https://autoid.co/cdn/shop/files/honda-civic-fl5-type-r-pre-preg-carbon-fibre-at-r4-rear-wing-by-adro-adro-467852.webp?v=1728637784&width=1800,6,Adro A22A10-1501 HONDA CIVIC FL5 TYPE R PRE-PREG CARBON FIBRE AT-R4 REAR WING,,,,,,,,,,,,,,,,,,,,,,,,
adro-a22a10-1501-honda-civic-fl5-type-r-pre-preg-carbon-fibre-at-r4-rear-wing,,,,,,,,,,,,,,,,,,,,,,,,https://autoid.co/cdn/shop/files/honda-civic-fl5-type-r-pre-preg-carbon-fibre-at-r4-rear-wing-by-adro-adro-468865.webp?v=1728637784&width=1800,7,Adro A22A10-1501 HONDA CIVIC FL5 TYPE R PRE-PREG CARBON FIBRE AT-R4 REAR WING,,,,,,,,,,,,,,,,,,,,,,,,
adro-a14a20-1501-bmw-m3-e92-pre-preg-carbon-fibre-swan-neck-at-r1-rear-wing,Adro A14A20-1501 BMW M3 E92 Pre-Preg Carbon Fibre Swan Neck AT-R1 Rear Wing,"<h4><strong>Description</strong></h4><b><strong>Carbon Fibre Swan Neck Rear Wing by ADRO</strong></b><p>Unleash the full potential of your E92 M3 with our one-of-a-kind AT-R1 Swan Neck Wing. Meticulously handcrafted from pre-preg carbon fibre, this masterpiece embodies the perfect fusion of automotive artistry and performance engineering.</p><b><strong>Key Features:</strong></b><ul><li>Handcrafted Pre-preg Carbon Fibre Construction: Unparalleled strength, durability, and a stunning high-gloss finish.</li><li>Bespoke Design: Sculpted to complement the E92 M3's iconic lines, enhancing its aggressive stance and aerodynamic efficiency.</li><li>Swan Neck Mounts: Provides superior strength and adjustability while contributing to the wing's striking aesthetic.</li><li>Enhanced Performance: Generates significant downforce for improved high-speed stability and cornering grip, allowing you to push your M3 to its limits.</li><li>Exclusive Statement: A testament to your discerning taste and passion for automotive excellence.</li></ul><b><strong>Pros:</strong></b><ul><li>Exceptional craftsmanship and quality.</li><li>Significant aerodynamic improvements.</li><li>Head-turning aesthetics.</li><li>Unmatched exclusivity.</li></ul><b><strong>Cons:</strong></b><ul><li>Premium price point.</li><li>Limited availability.</li></ul><p>Experience the pinnacle of M3 performance and style with the E92 M3 AT-R1 Swan Neck Wing. Limited availability - order yours today!</p><p>&nbsp;</p><h4>Compatibility</h4><p>Feel free to contact us at info@mlperformance.co.uk should you wish to double check!</p><p>&nbsp;</p><h4>Compatibility Check</h4><p>To ensure the part(s) you have ordered fits your vehicle, we run a compatibility check prior to dispatch. We can do this either using your registration number (UK) or the last 7 digits of your VIN. Simply enter your car details prior to checkout.</p><p>&nbsp;</p><h4>Part Number</h4><p>ADRO-A14A20-1501</p><p>&nbsp;</p><h4>More Information</h4><p><strong>Manufactured by</strong></p><p>Adro</p>",Adro,,Exterior,"Uploaded by_Muazzim, MLP Discount 2025, Brand_Adro, 2025_New Products, Product Type_Exterior, Category_Rear Wings",TRUE,Title,Default Title,,,,,ADRO-A14A20-1501,90000,shopify,continue,manual,2999,2999,TRUE,TRUE,A14A20-1501,https://autoid.co/cdn/shop/files/bmw-m3-e92-pre-preg-carbon-fibre-swan-neck-at-r1-rear-wing-by-adro-adro-966601.webp?v=1726655206&width=1200,1,Adro A14A20-1501 BMW M3 E92 PRE-PREG CARBON FIBRE SWAN NECK AT-R1 REAR WING,,Adro A14A20-1501 BMW M3 E92 PRE-PREG CARBON FIBRE SWAN NECK AT-R1 REAR WING,Get Adro A14A20-1501 BMW M3 E92 PRE-PREG CARBON FIBRE SWAN NECK AT-R1 REAR WING for your car to get your desired looks and performance from ML Performance at the lowest price with FREE UK shipping & next day delivery on in stock items. Very cheap prices & good service.,,,,A14A20-1501,,,new,,,,,,,,kg,8708949900,,,,,draft
adro-a14a20-1501-bmw-m3-e92-pre-preg-carbon-fibre-swan-neck-at-r1-rear-wing,,,,,,,,,,,,,,,,,,,,,,,,https://autoid.co/cdn/shop/files/bmw-m3-e92-pre-preg-carbon-fibre-swan-neck-at-r1-rear-wing-by-adro-adro-845701.webp?v=1726655206&width=1200,2,Adro A14A20-1501 BMW M3 E92 PRE-PREG CARBON FIBRE SWAN NECK AT-R1 REAR WING,,,,,,,,,,,,,,,,,,,,,,,,
adro-a14a20-1501-bmw-m3-e92-pre-preg-carbon-fibre-swan-neck-at-r1-rear-wing,,,,,,,,,,,,,,,,,,,,,,,,https://autoid.co/cdn/shop/files/bmw-m3-e92-pre-preg-carbon-fibre-swan-neck-at-r1-rear-wing-by-adro-adro-507212.webp?v=1726655206&width=1200,3,Adro A14A20-1501 BMW M3 E92 PRE-PREG CARBON FIBRE SWAN NECK AT-R1 REAR WING,,,,,,,,,,,,,,,,,,,,,,,,
adro-a14a20-1501-bmw-m3-e92-pre-preg-carbon-fibre-swan-neck-at-r1-rear-wing,,,,,,,,,,,,,,,,,,,,,,,,https://autoid.co/cdn/shop/files/bmw-m3-e92-pre-preg-carbon-fibre-swan-neck-at-r1-rear-wing-by-adro-adro-172660.webp?v=1726655206&width=1200,4,Adro A14A20-1501 BMW M3 E92 PRE-PREG CARBON FIBRE SWAN NECK AT-R1 REAR WING,,,,,,,,,,,,,,,,,,,,,,,,
adro-a14a20-1501-bmw-m3-e92-pre-preg-carbon-fibre-swan-neck-at-r1-rear-wing,,,,,,,,,,,,,,,,,,,,,,,,https://autoid.co/cdn/shop/files/bmw-m3-e92-pre-preg-carbon-fibre-swan-neck-at-r1-rear-wing-by-adro-adro-798490.webp?v=1726655206&width=1200,5,Adro A14A20-1501 BMW M3 E92 PRE-PREG CARBON FIBRE SWAN NECK AT-R1 REAR WING,,,,,,,,,,,,,,,,,,,,,,,,
adro-a14a20-1501-bmw-m3-e92-pre-preg-carbon-fibre-swan-neck-at-r1-rear-wing,,,,,,,,,,,,,,,,,,,,,,,,https://autoid.co/cdn/shop/files/bmw-m3-e92-pre-preg-carbon-fibre-swan-neck-at-r1-rear-wing-by-adro-adro-839738.webp?v=1726655206&width=1200,6,Adro A14A20-1501 BMW M3 E92 PRE-PREG CARBON FIBRE SWAN NECK AT-R1 REAR WING,,,,,,,,,,,,,,,,,,,,,,,,
adro-a14a20-1501-bmw-m3-e92-pre-preg-carbon-fibre-swan-neck-at-r1-rear-wing,,,,,,,,,,,,,,,,,,,,,,,,https://autoid.co/cdn/shop/files/bmw-m3-e92-pre-preg-carbon-fibre-swan-neck-at-r1-rear-wing-by-adro-adro-544701.webp?v=1726655206&width=1200,7,Adro A14A20-1501 BMW M3 E92 PRE-PREG CARBON FIBRE SWAN NECK AT-R1 REAR WING,,,,,,,,,,,,,,,,,,,,,,,,
adro-a18a20-1501-toyota-gr-supra-a90-mk5-pre-preg-carbon-fibre-swan-neck-at-r2-rear-wing-2019,Adro A18A20-1501 Toyota GR Supra A90 MK5 Pre-Preg Carbon Fibre Swan Neck AT-R2 Rear Wing (2019+),"<h4><strong>Description</strong></h4><p>Toyota Supra A90 Mk5 Rear Wing by Adro. </p><p>&nbsp;</p><h4>What's Included</h4><ul><li>1 x Adro Carbon Fibre (pre-preg, 2x2 weave) Rear Wing</li><li>Installation Hardware<br></li></ul><p>&nbsp;</p><h4>Compatibility</h4><p>Feel free to contact us at info@mlperformance.co.uk should you wish to double check!</p><p>&nbsp;</p><h4>Compatibility Check</h4><p>To ensure the part(s) you have ordered fits your vehicle, we run a compatibility check prior to dispatch. We can do this either using your registration number (UK) or the last 7 digits of your VIN. Simply enter your car details prior to checkout.</p><p>&nbsp;</p><h4>Part Number</h4><p>ADRO-A18A20-1501</p><p>&nbsp;</p><h4>More Information</h4><p><strong>Manufactured by</strong></p><p>Adro</p>",Adro,,Exterior,"Uploaded by_Muazzim, MLP Discount 2025, Brand_Adro, 2025_New Products, Product Type_Exterior, Category_Rear Wings",TRUE,Title,Default Title,,,,,ADRO-A18A20-1501,90000,shopify,continue,manual,2999,2999,TRUE,TRUE,A18A20-1501,https://autoid.co/cdn/shop/files/toyota-gr-supra-a90-mk5-pre-preg-carbon-fibre-swan-neck-at-r-rear-wing-by-adro-2019-adro-523963.webp?v=1726655993&width=800,1,Adro A18A20-1501 TOYOTA GR SUPRA A90 MK5 PRE-PREG CARBON FIBRE SWAN NECK AT-R2 REAR WING (2019+),,Adro A18A20-1501 TOYOTA GR SUPRA A90 MK5 PRE-PREG CARBON FIBRE SWAN NECK AT-R2 REAR WING (2019+),Get Adro A18A20-1501 TOYOTA GR SUPRA A90 MK5 PRE-PREG CARBON FIBRE SWAN NECK AT-R2 REAR WING (2019+) for your car to get your desired looks and performance from ML Performance at the lowest price with FREE UK shipping & next day delivery on in stock items. Very cheap prices & good service.,,,,A18A20-1501,,,new,,,,,,,,kg,8708949900,,,,,draft
adro-a18a20-1501-toyota-gr-supra-a90-mk5-pre-preg-carbon-fibre-swan-neck-at-r2-rear-wing-2019,,,,,,,,,,,,,,,,,,,,,,,,https://autoid.co/cdn/shop/files/toyota-gr-supra-a90-mk5-pre-preg-carbon-fibre-swan-neck-at-r-rear-wing-by-adro-2019-adro-632571.webp?v=1726655993&width=800,2,Adro A18A20-1501 TOYOTA GR SUPRA A90 MK5 PRE-PREG CARBON FIBRE SWAN NECK AT-R2 REAR WING (2019+),,,,,,,,,,,,,,,,,,,,,,,,
adro-a18a20-1501-toyota-gr-supra-a90-mk5-pre-preg-carbon-fibre-swan-neck-at-r2-rear-wing-2019,,,,,,,,,,,,,,,,,,,,,,,,https://autoid.co/cdn/shop/files/toyota-gr-supra-a90-mk5-pre-preg-carbon-fibre-swan-neck-at-r-rear-wing-by-adro-2019-adro-624358.webp?v=1726655993&width=800,3,Adro A18A20-1501 TOYOTA GR SUPRA A90 MK5 PRE-PREG CARBON FIBRE SWAN NECK AT-R2 REAR WING (2019+),,,,,,,,,,,,,,,,,,,,,,,,
adro-a18a20-1501-toyota-gr-supra-a90-mk5-pre-preg-carbon-fibre-swan-neck-at-r2-rear-wing-2019,,,,,,,,,,,,,,,,,,,,,,,,https://autoid.co/cdn/shop/files/toyota-gr-supra-a90-mk5-pre-preg-carbon-fibre-swan-neck-at-r-rear-wing-by-adro-2019-adro-294455.webp?v=1726655993&width=800,4,Adro A18A20-1501 TOYOTA GR SUPRA A90 MK5 PRE-PREG CARBON FIBRE SWAN NECK AT-R2 REAR WING (2019+),,,,,,,,,,,,,,,,,,,,,,,,
adro-a18a20-1501-toyota-gr-supra-a90-mk5-pre-preg-carbon-fibre-swan-neck-at-r2-rear-wing-2019,,,,,,,,,,,,,,,,,,,,,,,,https://autoid.co/cdn/shop/files/toyota-gr-supra-a90-mk5-pre-preg-carbon-fibre-swan-neck-at-r-rear-wing-by-adro-2019-adro-706337.webp?v=1726655993&width=800,5,Adro A18A20-1501 TOYOTA GR SUPRA A90 MK5 PRE-PREG CARBON FIBRE SWAN NECK AT-R2 REAR WING (2019+),,,,,,,,,,,,,,,,,,,,,,,,
adro-a18a20-1501-toyota-gr-supra-a90-mk5-pre-preg-carbon-fibre-swan-neck-at-r2-rear-wing-2019,,,,,,,,,,,,,,,,,,,,,,,,https://autoid.co/cdn/shop/files/toyota-gr-supra-a90-mk5-pre-preg-carbon-fibre-swan-neck-at-r-rear-wing-by-adro-2019-adro-914099.webp?v=1726655993&width=800,6,Adro A18A20-1501 TOYOTA GR SUPRA A90 MK5 PRE-PREG CARBON FIBRE SWAN NECK AT-R2 REAR WING (2019+),,,,,,,,,,,,,,,,,,,,,,,,
adro-a18a20-1501-toyota-gr-supra-a90-mk5-pre-preg-carbon-fibre-swan-neck-at-r2-rear-wing-2019,,,,,,,,,,,,,,,,,,,,,,,,https://autoid.co/cdn/shop/files/toyota-gr-supra-a90-mk5-pre-preg-carbon-fibre-swan-neck-at-r-rear-wing-by-adro-2019-adro-985400.webp?v=1726655993&width=800,7,Adro A18A20-1501 TOYOTA GR SUPRA A90 MK5 PRE-PREG CARBON FIBRE SWAN NECK AT-R2 REAR WING (2019+),,,,,,,,,,,,,,,,,,,,,,,,
adro-a18a20-1501-toyota-gr-supra-a90-mk5-pre-preg-carbon-fibre-swan-neck-at-r2-rear-wing-2019,,,,,,,,,,,,,,,,,,,,,,,,https://autoid.co/cdn/shop/files/toyota-gr-supra-a90-mk5-pre-preg-carbon-fibre-swan-neck-at-r-rear-wing-by-adro-2019-adro-657041.webp?v=1726655993&width=800,8,Adro A18A20-1501 TOYOTA GR SUPRA A90 MK5 PRE-PREG CARBON FIBRE SWAN NECK AT-R2 REAR WING (2019+),,,,,,,,,,,,,,,,,,,,,,,,
adro-a18a20-1501-toyota-gr-supra-a90-mk5-pre-preg-carbon-fibre-swan-neck-at-r2-rear-wing-2019,,,,,,,,,,,,,,,,,,,,,,,,https://autoid.co/cdn/shop/files/toyota-gr-supra-a90-mk5-pre-preg-carbon-fibre-swan-neck-at-r-rear-wing-by-adro-2019-adro-603495.webp?v=1726655993&width=800,9,Adro A18A20-1501 TOYOTA GR SUPRA A90 MK5 PRE-PREG CARBON FIBRE SWAN NECK AT-R2 REAR WING (2019+),,,,,,,,,,,,,,,,,,,,,,,,
adro-a18a20-1501-toyota-gr-supra-a90-mk5-pre-preg-carbon-fibre-swan-neck-at-r2-rear-wing-2019,,,,,,,,,,,,,,,,,,,,,,,,https://autoid.co/cdn/shop/files/toyota-gr-supra-a90-mk5-pre-preg-carbon-fibre-swan-neck-at-r-rear-wing-by-adro-2019-adro-446164.webp?v=1726655993&width=800,10,Adro A18A20-1501 TOYOTA GR SUPRA A90 MK5 PRE-PREG CARBON FIBRE SWAN NECK AT-R2 REAR WING (2019+),,,,,,,,,,,,,,,,,,,,,,,,
adro-a18a20-1501-toyota-gr-supra-a90-mk5-pre-preg-carbon-fibre-swan-neck-at-r2-rear-wing-2019,,,,,,,,,,,,,,,,,,,,,,,,https://autoid.co/cdn/shop/files/toyota-gr-supra-a90-mk5-pre-preg-carbon-fibre-swan-neck-at-r-rear-wing-by-adro-2019-adro-382761.webp?v=1726655993&width=800,11,Adro A18A20-1501 TOYOTA GR SUPRA A90 MK5 PRE-PREG CARBON FIBRE SWAN NECK AT-R2 REAR WING (2019+),,,,,,,,,,,,,,,,,,,,,,,,
adro-a18a20-1501-toyota-gr-supra-a90-mk5-pre-preg-carbon-fibre-swan-neck-at-r2-rear-wing-2019,,,,,,,,,,,,,,,,,,,,,,,,https://autoid.co/cdn/shop/files/toyota-gr-supra-a90-mk5-pre-preg-carbon-fibre-swan-neck-at-r-rear-wing-by-adro-2019-adro-506844.webp?v=1726655993&width=800,12,Adro A18A20-1501 TOYOTA GR SUPRA A90 MK5 PRE-PREG CARBON FIBRE SWAN NECK AT-R2 REAR WING (2019+),,,,,,,,,,,,,,,,,,,,,,,,
adro-a18a20-1501-toyota-gr-supra-a90-mk5-pre-preg-carbon-fibre-swan-neck-at-r2-rear-wing-2019,,,,,,,,,,,,,,,,,,,,,,,,https://autoid.co/cdn/shop/files/toyota-gr-supra-a90-mk5-pre-preg-carbon-fibre-swan-neck-at-r-rear-wing-by-adro-2019-adro-142843.webp?v=1726655994&width=800,13,Adro A18A20-1501 TOYOTA GR SUPRA A90 MK5 PRE-PREG CARBON FIBRE SWAN NECK AT-R2 REAR WING (2019+),,,,,,,,,,,,,,,,,,,,,,,,
adro-a18a20-1501-toyota-gr-supra-a90-mk5-pre-preg-carbon-fibre-swan-neck-at-r2-rear-wing-2019,,,,,,,,,,,,,,,,,,,,,,,,https://autoid.co/cdn/shop/files/toyota-gr-supra-a90-mk5-pre-preg-carbon-fibre-swan-neck-at-r-rear-wing-by-adro-2019-adro-961040.webp?v=1726655994&width=800,14,Adro A18A20-1501 TOYOTA GR SUPRA A90 MK5 PRE-PREG CARBON FIBRE SWAN NECK AT-R2 REAR WING (2019+),,,,,,,,,,,,,,,,,,,,,,,,
adro-a18a20-1501-toyota-gr-supra-a90-mk5-pre-preg-carbon-fibre-swan-neck-at-r2-rear-wing-2019,,,,,,,,,,,,,,,,,,,,,,,,https://autoid.co/cdn/shop/files/toyota-gr-supra-a90-mk5-pre-preg-carbon-fibre-swan-neck-at-r-rear-wing-by-adro-2019-adro-575506.webp?v=1726655994&width=800,15,Adro A18A20-1501 TOYOTA GR SUPRA A90 MK5 PRE-PREG CARBON FIBRE SWAN NECK AT-R2 REAR WING (2019+),,,,,,,,,,,,,,,,,,,,,,,,
adro-a18a20-1501-toyota-gr-supra-a90-mk5-pre-preg-carbon-fibre-swan-neck-at-r2-rear-wing-2019,,,,,,,,,,,,,,,,,,,,,,,,https://autoid.co/cdn/shop/files/toyota-gr-supra-a90-mk5-pre-preg-carbon-fibre-swan-neck-at-r-rear-wing-by-adro-2019-adro-782447.webp?v=1726655994&width=800,16,Adro A18A20-1501 TOYOTA GR SUPRA A90 MK5 PRE-PREG CARBON FIBRE SWAN NECK AT-R2 REAR WING (2019+),,,,,,,,,,,,,,,,,,,,,,,,
adro-a18a10-1501-toyota-gr86-subaru-brz-pre-preg-carbon-fibre-swan-neck-at-r-rear-wing-2022,Adro A18A10-1501 Toyota GR86 & Subaru BRZ Pre-Preg Carbon Fibre Swan Neck AT-R Rear Wing (2022+),"<h4><strong>Description</strong></h4><p>Our Formula 1 history shows its colors in our swan neck wing. With a design that's 45% lighter than an aluminum variant of the same composition, the purpose-built wing cuts through the air with less resistance than a typical wing design due to the upright engineering.</p><p>Prepreg carbon fiber ensures that the weight savings is maximized while the kit additionally offers over 250 pounds of aerodynamic downforce at 110 miles per hour.</p><p>&nbsp;</p><h4>What's Included</h4><ul><li>1 x Adro Carbon Fibre (2x2 weave) Rear Wing</li><li>Installation Hardware<br></li></ul><p>&nbsp;</p><h4>Compatibility</h4><p>Feel free to contact us at info@mlperformance.co.uk should you wish to double check!</p><p>&nbsp;</p><h4>Compatibility Check</h4><p>To ensure the part(s) you have ordered fits your vehicle, we run a compatibility check prior to dispatch. We can do this either using your registration number (UK) or the last 7 digits of your VIN. Simply enter your car details prior to checkout.</p><p>&nbsp;</p><h4>Part Number</h4><p>ADRO-A18A10-1501</p><p>&nbsp;</p><h4>More Information</h4><p><strong>Manufactured by</strong></p><p>Adro</p>",Adro,,Exterior,"Uploaded by_Muazzim, MLP Discount 2025, Brand_Adro, 2025_New Products, Product Type_Exterior, Category_Rear Wings",TRUE,Title,Default Title,,,,,ADRO-A18A10-1501,90000,shopify,continue,manual,2999,2999,TRUE,TRUE,A18A10-1501,https://autoid.co/cdn/shop/files/toyota-gr86-subaru-brz-pre-preg-carbon-fibre-swan-neck-at-r-rear-wing-by-adro-2022-adro-690972.webp?v=1726655986&width=1600,1,Adro A18A10-1501 TOYOTA GR86 & SUBARU BRZ PRE-PREG CARBON FIBRE SWAN NECK AT-R REAR WING (2022+),,Adro A18A10-1501 TOYOTA GR86 & SUBARU BRZ PRE-PREG CARBON FIBRE SWAN NECK AT-R REAR WING (2022+),Get Adro A18A10-1501 TOYOTA GR86 & SUBARU BRZ PRE-PREG CARBON FIBRE SWAN NECK AT-R REAR WING (2022+) for your car to get your desired looks and performance from ML Performance at the lowest price with FREE UK shipping & next day delivery on in stock items. Very cheap prices & good service.,,,,A18A10-1501,,,new,,,,,,,,kg,8708949900,,,,,draft
adro-a18a10-1501-toyota-gr86-subaru-brz-pre-preg-carbon-fibre-swan-neck-at-r-rear-wing-2022,,,,,,,,,,,,,,,,,,,,,,,,https://autoid.co/cdn/shop/files/toyota-gr86-subaru-brz-pre-preg-carbon-fibre-swan-neck-at-r-rear-wing-by-adro-2022-adro-674192.webp?v=1726655986&width=1600,2,Adro A18A10-1501 TOYOTA GR86 & SUBARU BRZ PRE-PREG CARBON FIBRE SWAN NECK AT-R REAR WING (2022+),,,,,,,,,,,,,,,,,,,,,,,,
adro-a18a10-1501-toyota-gr86-subaru-brz-pre-preg-carbon-fibre-swan-neck-at-r-rear-wing-2022,,,,,,,,,,,,,,,,,,,,,,,,https://autoid.co/cdn/shop/files/toyota-gr86-subaru-brz-pre-preg-carbon-fibre-swan-neck-at-r-rear-wing-by-adro-2022-adro-934142.webp?v=1726655986&width=1600,3,Adro A18A10-1501 TOYOTA GR86 & SUBARU BRZ PRE-PREG CARBON FIBRE SWAN NECK AT-R REAR WING (2022+),,,,,,,,,,,,,,,,,,,,,,,,
adro-a18a10-1501-toyota-gr86-subaru-brz-pre-preg-carbon-fibre-swan-neck-at-r-rear-wing-2022,,,,,,,,,,,,,,,,,,,,,,,,https://autoid.co/cdn/shop/files/toyota-gr86-subaru-brz-pre-preg-carbon-fibre-swan-neck-at-r-rear-wing-by-adro-2022-adro-793864.webp?v=1726655986&width=1600,4,Adro A18A10-1501 TOYOTA GR86 & SUBARU BRZ PRE-PREG CARBON FIBRE SWAN NECK AT-R REAR WING (2022+),,,,,,,,,,,,,,,,,,,,,,,,
adro-a18a10-1501-toyota-gr86-subaru-brz-pre-preg-carbon-fibre-swan-neck-at-r-rear-wing-2022,,,,,,,,,,,,,,,,,,,,,,,,https://autoid.co/cdn/shop/files/toyota-gr86-subaru-brz-pre-preg-carbon-fibre-swan-neck-at-r-rear-wing-by-adro-2022-adro-228604.webp?v=1726655986&width=1365,5,Adro A18A10-1501 TOYOTA GR86 & SUBARU BRZ PRE-PREG CARBON FIBRE SWAN NECK AT-R REAR WING (2022+),,,,,,,,,,,,,,,,,,,,,,,,
adro-a18a10-1501-toyota-gr86-subaru-brz-pre-preg-carbon-fibre-swan-neck-at-r-rear-wing-2022,,,,,,,,,,,,,,,,,,,,,,,,https://autoid.co/cdn/shop/files/toyota-gr86-subaru-brz-pre-preg-carbon-fibre-swan-neck-at-r-rear-wing-by-adro-2022-adro-234065.webp?v=1726655986&width=1200,6,Adro A18A10-1501 TOYOTA GR86 & SUBARU BRZ PRE-PREG CARBON FIBRE SWAN NECK AT-R REAR WING (2022+),,,,,,,,,,,,,,,,,,,,,,,,
adro-a18a10-1501-toyota-gr86-subaru-brz-pre-preg-carbon-fibre-swan-neck-at-r-rear-wing-2022,,,,,,,,,,,,,,,,,,,,,,,,https://autoid.co/cdn/shop/files/toyota-gr86-subaru-brz-pre-preg-carbon-fibre-swan-neck-at-r-rear-wing-by-adro-2022-adro-749811.webp?v=1726655986&width=1600,7,Adro A18A10-1501 TOYOTA GR86 & SUBARU BRZ PRE-PREG CARBON FIBRE SWAN NECK AT-R REAR WING (2022+),,,,,,,,,,,,,,,,,,,,,,,,
adro-a14a10-1511-bmw-m4-f82-pre-preg-carbon-fibre-at-r-swan-neck-gt-rear-wing-2014-2020,Adro A14A10-1511 BMW M4 F82 Pre-Preg Carbon Fibre AT-R Swan Neck Gt Rear Wing (2014-2020),"<h4><strong>Description</strong></h4><p><span>BMW M4 is a proper sports car. A proper sports car needs a proper GT wing that creates downforce for better grip during high G-force cornering. ADRO's dry carbon fiber AT-R swan neck GT wing is CFD tested to improve downforce. With the AT-R GT wing, you can corner faster.</span></p><p>&nbsp;</p><h4>What's Included</h4><ul><li>1 x Adro Carbon Fibre (pre-preg, 2x2 weave) Rear Wing</li><li>Installation Hardware<br></li></ul><p>&nbsp;</p><h4>Compatibility</h4><p>Feel free to contact us at info@mlperformance.co.uk should you wish to double check!</p><p>&nbsp;</p><h4>Compatibility Check</h4><p>To ensure the part(s) you have ordered fits your vehicle, we run a compatibility check prior to dispatch. We can do this either using your registration number (UK) or the last 7 digits of your VIN. Simply enter your car details prior to checkout.</p><p>&nbsp;</p><h4>Part Number</h4><p>ADRO-A14A10-1511</p><p>&nbsp;</p><h4>More Information</h4><p><strong>Manufactured by</strong></p><p>Adro</p>",Adro,,Exterior,"Uploaded by_Muazzim, MLP Discount 2025, Brand_Adro, 2025_New Products, Product Type_Exterior, Category_Rear Wings",TRUE,Title,Default Title,,,,,ADRO-A14A10-1511,90000,shopify,continue,manual,2999,2999,TRUE,TRUE,A14A10-1511,https://autoid.co/cdn/shop/files/bmw-m4-f82-pre-preg-carbon-fibre-at-r-swan-neck-gt-rear-wing-by-adro-2014-2020-adro-244785.webp?v=1726655355&width=1200,1,Adro A14A10-1511 BMW M4 F82 PRE-PREG CARBON FIBRE AT-R SWAN NECK GT REAR WING (2014-2020),,Adro A14A10-1511 BMW M4 F82 PRE-PREG CARBON FIBRE AT-R SWAN NECK GT REAR WING (2014-2020),Get Adro A14A10-1511 BMW M4 F82 PRE-PREG CARBON FIBRE AT-R SWAN NECK GT REAR WING (2014-2020) for your car to get your desired looks and performance from ML Performance at the lowest price with FREE UK shipping & next day delivery on in stock items. Very cheap prices & good service.,,,,A14A10-1511,,,new,,,,,,,,kg,8708949900,,,,,draft
adro-a14a10-1511-bmw-m4-f82-pre-preg-carbon-fibre-at-r-swan-neck-gt-rear-wing-2014-2020,,,,,,,,,,,,,,,,,,,,,,,,https://autoid.co/cdn/shop/files/bmw-m4-f82-pre-preg-carbon-fibre-at-r-swan-neck-gt-rear-wing-by-adro-2014-2020-adro-479732.webp?v=1726655355&width=1200,2,Adro A14A10-1511 BMW M4 F82 PRE-PREG CARBON FIBRE AT-R SWAN NECK GT REAR WING (2014-2020),,,,,,,,,,,,,,,,,,,,,,,,
adro-a14a10-1511-bmw-m4-f82-pre-preg-carbon-fibre-at-r-swan-neck-gt-rear-wing-2014-2020,,,,,,,,,,,,,,,,,,,,,,,,https://autoid.co/cdn/shop/files/bmw-m4-f82-pre-preg-carbon-fibre-at-r-swan-neck-gt-rear-wing-by-adro-2014-2020-adro-255911.webp?v=1726655355&width=1200,3,Adro A14A10-1511 BMW M4 F82 PRE-PREG CARBON FIBRE AT-R SWAN NECK GT REAR WING (2014-2020),,,,,,,,,,,,,,,,,,,,,,,,
adro-a14a10-1511-bmw-m4-f82-pre-preg-carbon-fibre-at-r-swan-neck-gt-rear-wing-2014-2020,,,,,,,,,,,,,,,,,,,,,,,,https://autoid.co/cdn/shop/files/bmw-m4-f82-pre-preg-carbon-fibre-at-r-swan-neck-gt-rear-wing-by-adro-2014-2020-adro-357407.webp?v=1726655355&width=1200,4,Adro A14A10-1511 BMW M4 F82 PRE-PREG CARBON FIBRE AT-R SWAN NECK GT REAR WING (2014-2020),,,,,,,,,,,,,,,,,,,,,,,,
adro-a14a10-1511-bmw-m4-f82-pre-preg-carbon-fibre-at-r-swan-neck-gt-rear-wing-2014-2020,,,,,,,,,,,,,,,,,,,,,,,,https://autoid.co/cdn/shop/files/bmw-m4-f82-pre-preg-carbon-fibre-at-r-swan-neck-gt-rear-wing-by-adro-2014-2020-adro-670836.webp?v=1726655355&width=1200,5,Adro A14A10-1511 BMW M4 F82 PRE-PREG CARBON FIBRE AT-R SWAN NECK GT REAR WING (2014-2020),,,,,,,,,,,,,,,,,,,,,,,,
adro-a14a10-1511-bmw-m4-f82-pre-preg-carbon-fibre-at-r-swan-neck-gt-rear-wing-2014-2020,,,,,,,,,,,,,,,,,,,,,,,,https://autoid.co/cdn/shop/files/bmw-m4-f82-pre-preg-carbon-fibre-at-r-swan-neck-gt-rear-wing-by-adro-2014-2020-adro-456467.webp?v=1726655355&width=1200,6,Adro A14A10-1511 BMW M4 F82 PRE-PREG CARBON FIBRE AT-R SWAN NECK GT REAR WING (2014-2020),,,,,,,,,,,,,,,,,,,,,,,,
adro-a14a10-1511-bmw-m4-f82-pre-preg-carbon-fibre-at-r-swan-neck-gt-rear-wing-2014-2020,,,,,,,,,,,,,,,,,,,,,,,,https://autoid.co/cdn/shop/files/bmw-m4-f82-pre-preg-carbon-fibre-at-r-swan-neck-gt-rear-wing-by-adro-2014-2020-adro-151026.webp?v=1726655355&width=1200,7,Adro A14A10-1511 BMW M4 F82 PRE-PREG CARBON FIBRE AT-R SWAN NECK GT REAR WING (2014-2020),,,,,,,,,,,,,,,,,,,,,,,,
adro-a14ab20-1301-bmw-x5m-f95-pre-preg-carbon-fibre-rear-diffuser-2020,Adro A14AB20-1301 BMW X5M F95 Pre-Preg Carbon Fibre Rear Diffuser (2020+),"<h4><strong>Description</strong></h4><p>Upgrade your BMW F95 X5M with our premium dry carbon fiber (pre-preg) rear diffuser, designed to enhance both style and performance. Engineered for optimal aerodynamics, this CFD-tested diffuser improves airflow, reducing drag and increasing downforce for greater stability at high speeds.</p><p>Crafted for a seamless fit, it integrates effortlessly with the X5M's rear bumper, elevating its aggressive aesthetic while delivering real aerodynamic benefits. More than just a visual upgrade, this diffuser is built for performance-driven enthusiasts who demand both form and function.</p><p>&nbsp;</p><h4>Features</h4><p><strong>Pre-Preg Carbon Fiber</strong> Lightweight, durable, and premium quality<br><strong>CFD-Tested Aerodynamics</strong> Enhanced stability with increased downforce and reduced drag<br><strong>Aggressive Design</strong> A bold, motorsport-inspired look for your X5M<br><strong>Precision Fitment</strong> No modifications needed for hassle-free installation</p><p>Transform your X5M with a diffuser that fuses cutting-edge aerodynamics with an unmistakable performance-inspired presence.</p><p>&nbsp;</p><h4>What's Included</h4><ul><li>1 x Adro Carbon Fibre (pre-preg, 2x2 weave) Rear Diffuser</li><li>Installation Hardware<br></li></ul><p>&nbsp;</p><h4>Compatibility</h4><p>Feel free to contact us at info@mlperformance.co.uk should you wish to double check!</p><p>&nbsp;</p><h4>Compatibility Check</h4><p>To ensure the part(s) you have ordered fits your vehicle, we run a compatibility check prior to dispatch. We can do this either using your registration number (UK) or the last 7 digits of your VIN. Simply enter your car details prior to checkout.</p><p>&nbsp;</p><h4>Part Number</h4><p>ADRO-A14AB20-1301</p><p>&nbsp;</p><h4>More Information</h4><p><strong>Manufactured by</strong></p><p>Adro</p>",Adro,,Exterior,"Uploaded by_Muazzim, MLP Discount 2025, Brand_Adro, 2025_New Products, Product Type_Exterior, Category_Rear Diffusers",TRUE,Title,Default Title,,,,,ADRO-A14AB20-1301,35000,shopify,continue,manual,2899,2899,TRUE,TRUE,A14AB20-1301,https://autoid.co/cdn/shop/files/bmw-x5m-f95-pre-preg-carbon-fibre-rear-diffuser-by-adro-2020-adro-984402.webp?v=1740143495&width=1200,1,Adro A14AB20-1301 BMW X5M F95 PRE-PREG CARBON FIBRE REAR DIFFUSER (2020+),,Adro A14AB20-1301 BMW X5M F95 PRE-PREG CARBON FIBRE REAR DIFFUSER (2020+),Get Adro A14AB20-1301 BMW X5M F95 PRE-PREG CARBON FIBRE REAR DIFFUSER (2020+) for your car to get your desired looks and performance from ML Performance at the lowest price with FREE UK shipping & next day delivery on in stock items. Very cheap prices & good service.,,,,A14AB20-1301,,,new,,,,,,,,kg,8708949900,,,,,draft
adro-a14ab20-1301-bmw-x5m-f95-pre-preg-carbon-fibre-rear-diffuser-2020,,,,,,,,,,,,,,,,,,,,,,,,https://autoid.co/cdn/shop/files/bmw-x5m-f95-pre-preg-carbon-fibre-rear-diffuser-by-adro-2020-adro-131717.webp?v=1740143494&width=1200,2,Adro A14AB20-1301 BMW X5M F95 PRE-PREG CARBON FIBRE REAR DIFFUSER (2020+),,,,,,,,,,,,,,,,,,,,,,,,
adro-a14ab20-1301-bmw-x5m-f95-pre-preg-carbon-fibre-rear-diffuser-2020,,,,,,,,,,,,,,,,,,,,,,,,https://autoid.co/cdn/shop/files/bmw-x5m-f95-pre-preg-carbon-fibre-rear-diffuser-by-adro-2020-adro-732921.webp?v=1740143496&width=1200,3,Adro A14AB20-1301 BMW X5M F95 PRE-PREG CARBON FIBRE REAR DIFFUSER (2020+),,,,,,,,,,,,,,,,,,,,,,,,
adro-a14ab20-1301-bmw-x5m-f95-pre-preg-carbon-fibre-rear-diffuser-2020,,,,,,,,,,,,,,,,,,,,,,,,https://autoid.co/cdn/shop/files/bmw-x5m-f95-pre-preg-carbon-fibre-rear-diffuser-by-adro-2020-adro-942839.webp?v=1740143497&width=1200,4,Adro A14AB20-1301 BMW X5M F95 PRE-PREG CARBON FIBRE REAR DIFFUSER (2020+),,,,,,,,,,,,,,,,,,,,,,,,
adro-a14ab20-1301-bmw-x5m-f95-pre-preg-carbon-fibre-rear-diffuser-2020,,,,,,,,,,,,,,,,,,,,,,,,https://autoid.co/cdn/shop/files/bmw-x5m-f95-pre-preg-carbon-fibre-rear-diffuser-by-adro-2020-adro-359447.webp?v=1740143498&width=1200,5,Adro A14AB20-1301 BMW X5M F95 PRE-PREG CARBON FIBRE REAR DIFFUSER (2020+),,,,,,,,,,,,,,,,,,,,,,,,
adro-a14ab20-1301-bmw-x5m-f95-pre-preg-carbon-fibre-rear-diffuser-2020,,,,,,,,,,,,,,,,,,,,,,,,https://autoid.co/cdn/shop/files/bmw-x5m-f95-pre-preg-carbon-fibre-rear-diffuser-by-adro-2020-adro-814643.webp?v=1740143499&width=1200,6,Adro A14AB20-1301 BMW X5M F95 PRE-PREG CARBON FIBRE REAR DIFFUSER (2020+),,,,,,,,,,,,,,,,,,,,,,,,
adro-a14ab20-1301-bmw-x5m-f95-pre-preg-carbon-fibre-rear-diffuser-2020,,,,,,,,,,,,,,,,,,,,,,,,https://autoid.co/cdn/shop/files/bmw-x5m-f95-pre-preg-carbon-fibre-rear-diffuser-by-adro-2020-adro-963725.webp?v=1740143497&width=1200,7,Adro A14AB20-1301 BMW X5M F95 PRE-PREG CARBON FIBRE REAR DIFFUSER (2020+),,,,,,,,,,,,,,,,,,,,,,,,
adro-bmw-m3-g80-g81-m4-g82-g83-dry-carbon-fibre-full-length-side-skirts-2021,Adro BMW M3 G80 G81 & M4 G82 G83 Dry Carbon Fibre Full Length Side Skirts (2021+),"<h4><strong>Description</strong></h4><p>Are you looking to add a sporty edge to your BMW M3 G80 or M4 G82? Look no further than Adro's Carbon Fibre Full Length Side Skirts. Meticulously crafted to provide stronger aerodynamics and reduce drag, these side skirts also have an eye-catching carbon fibre finish.</p><p>Transform the look of your vehicle in minutes with Adro Carbon Fibre Full Length Side Skirts. Get yours today and watch as your ride stands out from the pack.</p><p>You can view the installation manual <a>here</a></p><p>&nbsp;</p><h4>Compatibility</h4><p>Feel free to contact us at info@mlperformance.co.uk should you wish to double check!</p><p>&nbsp;</p><h4>Compatibility Check</h4><p>To ensure the part(s) you have ordered fits your vehicle, we run a compatibility check prior to dispatch. We can do this either using your registration number (UK) or the last 7 digits of your VIN. Simply enter your car details prior to checkout.</p><p>&nbsp;</p><h4>Part Number</h4><p>ADRO-A14A50-1401 (BMW M3 (G80 G81))</p><p>ADRO-A14A40-1401 (BMW M4 (G82))</p><p>&nbsp;</p><h4>More Information</h4><p><strong>Manufactured by</strong></p><p>Adro</p>",Adro,,Exterior,"Uploaded by_Muazzim, MLP Discount 2025, Brand_Adro, 2025_New Products, Product Type_Exterior, Category_Side Skirts",TRUE,Vehicle Selection:,BMW M3 (G80 G81),,,,,ADRO-A14A50-1401,26000,shopify,continue,manual,2799,2799,TRUE,TRUE,A14A50-1401,https://autoid.co/cdn/shop/files/bmw-m3-g80-g81-m4-g82-g83-dry-carbon-fibre-full-length-side-skirts-by-adro-2021-adro-674040.webp?v=1726655335&width=1400,1,Adro BMW M3 G80 G81 & M4 G82 G83 DRY CARBON FIBRE FULL LENGTH SIDE SKIRTS (2021+),,Adro BMW M3 G80 G81 & M4 G82 G83 DRY CARBON FIBRE FULL LENGTH SIDE SKIRTS (2021+),Get Adro BMW M3 G80 G81 & M4 G82 G83 DRY CARBON FIBRE FULL LENGTH SIDE SKIRTS (2021+) for your car to get your desired looks and performance from ML Performance at the lowest price with FREE UK shipping & next day delivery on in stock items. Very cheap prices & good service.,,,,A14A50-1401,,,new,,,,,,,,kg,8708949900,,,,,draft
adro-bmw-m3-g80-g81-m4-g82-g83-dry-carbon-fibre-full-length-side-skirts-2021,,,,,,,,,BMW M4 (G82),,,,,ADRO-A14A40-1401,26000,shopify,continue,manual,2799,2799,TRUE,TRUE,A14A40-1401,https://autoid.co/cdn/shop/files/bmw-m3-g80-g81-m4-g82-g83-dry-carbon-fibre-full-length-side-skirts-by-adro-2021-adro-621121.jpg?v=1726655335&width=1290,2,Adro BMW M3 G80 G81 & M4 G82 G83 DRY CARBON FIBRE FULL LENGTH SIDE SKIRTS (2021+),,,,,,,,,,,,,,,,,,kg,,,,,,
adro-bmw-m3-g80-g81-m4-g82-g83-dry-carbon-fibre-full-length-side-skirts-2021,,,,,,,,,,,,,,,,,,,,,,,,https://autoid.co/cdn/shop/files/bmw-m3-g80-g81-m4-g82-g83-dry-carbon-fibre-full-length-side-skirts-by-adro-2021-adro-445662.jpg?v=1726655335&width=1290,3,Adro BMW M3 G80 G81 & M4 G82 G83 DRY CARBON FIBRE FULL LENGTH SIDE SKIRTS (2021+),,,,,,,,,,,,,,,,,,,,,,,,
adro-bmw-m3-g80-g81-m4-g82-g83-dry-carbon-fibre-full-length-side-skirts-2021,,,,,,,,,,,,,,,,,,,,,,,,https://autoid.co/cdn/shop/files/bmw-m3-g80-g81-m4-g82-g83-dry-carbon-fibre-full-length-side-skirts-by-adro-2021-adro-273471.jpg?v=1726655335&width=1290,4,Adro BMW M3 G80 G81 & M4 G82 G83 DRY CARBON FIBRE FULL LENGTH SIDE SKIRTS (2021+),,,,,,,,,,,,,,,,,,,,,,,,
adro-bmw-m3-g80-g81-m4-g82-g83-dry-carbon-fibre-full-length-side-skirts-2021,,,,,,,,,,,,,,,,,,,,,,,,https://autoid.co/cdn/shop/files/preview_images/hqdefault_9603214a-1283-4a27-a987-782b73acd42d.jpg?v=1686045000&width=480,5,Adro BMW M3 G80 G81 & M4 G82 G83 DRY CARBON FIBRE FULL LENGTH SIDE SKIRTS (2021+),,,,,,,,,,,,,,,,,,,,,,,,
adro-bmw-m3-g80-g81-m4-g82-g83-dry-carbon-fibre-full-length-side-skirts-2021,,,,,,,,,,,,,,,,,,,,,,,,https://autoid.co/cdn/shop/files/bmw-m3-g80-g81-m4-g82-g83-dry-carbon-fibre-full-length-side-skirts-by-adro-2021-adro-843333.webp?v=1726655335&width=1400,6,Adro BMW M3 G80 G81 & M4 G82 G83 DRY CARBON FIBRE FULL LENGTH SIDE SKIRTS (2021+),,,,,,,,,,,,,,,,,,,,,,,,
adro-bmw-m3-g80-g81-m4-g82-g83-dry-carbon-fibre-full-length-side-skirts-2021,,,,,,,,,,,,,,,,,,,,,,,,https://autoid.co/cdn/shop/files/bmw-m3-g80-g81-m4-g82-g83-dry-carbon-fibre-full-length-side-skirts-by-adro-2021-adro-687427.webp?v=1726655335&width=1400,7,Adro BMW M3 G80 G81 & M4 G82 G83 DRY CARBON FIBRE FULL LENGTH SIDE SKIRTS (2021+),,,,,,,,,,,,,,,,,,,,,,,,
adro-bmw-m3-g80-g81-m4-g82-g83-dry-carbon-fibre-full-length-side-skirts-2021,,,,,,,,,,,,,,,,,,,,,,,,https://autoid.co/cdn/shop/files/bmw-m3-g80-g81-m4-g82-g83-dry-carbon-fibre-full-length-side-skirts-by-adro-2021-adro-397968.webp?v=1726655335&width=1400,8,Adro BMW M3 G80 G81 & M4 G82 G83 DRY CARBON FIBRE FULL LENGTH SIDE SKIRTS (2021+),,,,,,,,,,,,,,,,,,,,,,,,
adro-bmw-m3-g80-g81-m4-g82-g83-dry-carbon-fibre-full-length-side-skirts-2021,,,,,,,,,,,,,,,,,,,,,,,,https://autoid.co/cdn/shop/files/bmw-m3-g80-g81-m4-g82-g83-dry-carbon-fibre-full-length-side-skirts-by-adro-2021-adro-949480.webp?v=1726655335&width=1400,9,Adro BMW M3 G80 G81 & M4 G82 G83 DRY CARBON FIBRE FULL LENGTH SIDE SKIRTS (2021+),,,,,,,,,,,,,,,,,,,,,,,,
adro-a14a30-1501-bmw-2-series-f22-m2-f87-pre-preg-carbon-fibre-swan-neck-at-r1-rear-wing-2014-2021,Adro A14A30-1501 BMW 2 Series F22 & M2 F87 Pre-Preg Carbon Fibre Swan Neck AT-R1 Rear Wing (2014-2021),"<h4><strong>Description</strong></h4><meta><p>ADRO Pre-preg Carbon Fibre Rear Wing for the M2 Competition. As official ADRO distributors, we offer the full pre-preg carbon body kit for the M2 Competition including this rear wing, front splitter, rear diffuser, side skirts and a rear diffuser.</p><p>Pre-preg carbon fibre is a high-quality grade, it's lighter and stronger and more durable than the wet carbon alternative. It is composed of a 2x2 weave, typical of most OEM carbon fibre pieces.</p><p>&nbsp;</p><h4>What's Included</h4><ul><li>1 x Adro Carbon Fibre (pre-preg, 2x2 weave) Rear Wing</li><li>Installation Hardware<br></li></ul><p>&nbsp;</p><h4>Compatibility</h4><p>Feel free to contact us at info@mlperformance.co.uk should you wish to double check!</p><p>&nbsp;</p><h4>Compatibility Check</h4><p>To ensure the part(s) you have ordered fits your vehicle, we run a compatibility check prior to dispatch. We can do this either using your registration number (UK) or the last 7 digits of your VIN. Simply enter your car details prior to checkout.</p><p>&nbsp;</p><h4>Part Number</h4><p>ADRO-A14A30-1501</p><p>&nbsp;</p><h4>More Information</h4><p><strong>Manufactured by</strong></p><p>Adro</p>",Adro,,Exterior,"Uploaded by_Muazzim, MLP Discount 2025, Brand_Adro, 2025_New Products, Product Type_Exterior, Category_Rear Wings",TRUE,Title,Default Title,,,,,ADRO-A14A30-1501,90000,shopify,continue,manual,2774.08,2774.08,TRUE,TRUE,A14A30-1501,https://autoid.co/cdn/shop/files/bmw-2-series-f22-m2-f87-pre-preg-carbon-fibre-swan-neck-at-r1-rear-wing-by-adro-2014-2021-adro-503363.webp?v=1726654794&width=800,1,Adro A14A30-1501 BMW 2 SERIES F22 & M2 F87 PRE-PREG CARBON FIBRE SWAN NECK AT-R1 REAR WING (2014-2021),,Adro A14A30-1501 BMW 2 SERIES F22 & M2 F87 PRE-PREG CARBON FIBRE SWAN NECK AT-R1 REAR WING (2014-2021),Get Adro A14A30-1501 BMW 2 SERIES F22 & M2 F87 PRE-PREG CARBON FIBRE SWAN NECK AT-R1 REAR WING (2014-2021) for your car to get your desired looks and performance from ML Performance at the lowest price with FREE UK shipping & next day delivery on in stock items. Very cheap prices & good service.,,,,A14A30-1501,,,new,,,,,,,,kg,8708949900,,,,,draft
adro-a14a30-1501-bmw-2-series-f22-m2-f87-pre-preg-carbon-fibre-swan-neck-at-r1-rear-wing-2014-2021,,,,,,,,,,,,,,,,,,,,,,,,https://autoid.co/cdn/shop/files/bmw-2-series-f22-m2-f87-pre-preg-carbon-fibre-swan-neck-at-r1-rear-wing-by-adro-2014-2021-adro-585256.jpg?v=1734622722&width=2048,2,Adro A14A30-1501 BMW 2 SERIES F22 & M2 F87 PRE-PREG CARBON FIBRE SWAN NECK AT-R1 REAR WING (2014-2021),,,,,,,,,,,,,,,,,,,,,,,,
adro-a14a30-1501-bmw-2-series-f22-m2-f87-pre-preg-carbon-fibre-swan-neck-at-r1-rear-wing-2014-2021,,,,,,,,,,,,,,,,,,,,,,,,https://autoid.co/cdn/shop/files/bmw-2-series-f22-m2-f87-pre-preg-carbon-fibre-swan-neck-at-r1-rear-wing-by-adro-2014-2021-adro-278331.jpg?v=1734622722&width=2048,3,Adro A14A30-1501 BMW 2 SERIES F22 & M2 F87 PRE-PREG CARBON FIBRE SWAN NECK AT-R1 REAR WING (2014-2021),,,,,,,,,,,,,,,,,,,,,,,,
adro-a14a30-1501-bmw-2-series-f22-m2-f87-pre-preg-carbon-fibre-swan-neck-at-r1-rear-wing-2014-2021,,,,,,,,,,,,,,,,,,,,,,,,https://autoid.co/cdn/shop/files/bmw-2-series-f22-m2-f87-pre-preg-carbon-fibre-swan-neck-at-r1-rear-wing-by-adro-2014-2021-adro-165868.jpg?v=1734622722&width=2048,4,Adro A14A30-1501 BMW 2 SERIES F22 & M2 F87 PRE-PREG CARBON FIBRE SWAN NECK AT-R1 REAR WING (2014-2021),,,,,,,,,,,,,,,,,,,,,,,,
adro-a14a30-1501-bmw-2-series-f22-m2-f87-pre-preg-carbon-fibre-swan-neck-at-r1-rear-wing-2014-2021,,,,,,,,,,,,,,,,,,,,,,,,https://autoid.co/cdn/shop/files/bmw-2-series-f22-m2-f87-pre-preg-carbon-fibre-swan-neck-at-r1-rear-wing-by-adro-2014-2021-adro-401100.jpg?v=1734622722&width=2048,5,Adro A14A30-1501 BMW 2 SERIES F22 & M2 F87 PRE-PREG CARBON FIBRE SWAN NECK AT-R1 REAR WING (2014-2021),,,,,,,,,,,,,,,,,,,,,,,,
adro-a14a30-1501-bmw-2-series-f22-m2-f87-pre-preg-carbon-fibre-swan-neck-at-r1-rear-wing-2014-2021,,,,,,,,,,,,,,,,,,,,,,,,https://autoid.co/cdn/shop/files/bmw-2-series-f22-m2-f87-pre-preg-carbon-fibre-swan-neck-at-r1-rear-wing-by-adro-2014-2021-adro-247493.jpg?v=1734622722&width=2048,6,Adro A14A30-1501 BMW 2 SERIES F22 & M2 F87 PRE-PREG CARBON FIBRE SWAN NECK AT-R1 REAR WING (2014-2021),,,,,,,,,,,,,,,,,,,,,,,,
adro-a14a30-1501-bmw-2-series-f22-m2-f87-pre-preg-carbon-fibre-swan-neck-at-r1-rear-wing-2014-2021,,,,,,,,,,,,,,,,,,,,,,,,https://autoid.co/cdn/shop/files/bmw-2-series-f22-m2-f87-pre-preg-carbon-fibre-swan-neck-at-r1-rear-wing-by-adro-2014-2021-adro-364470.jpg?v=1734622722&width=2048,7,Adro A14A30-1501 BMW 2 SERIES F22 & M2 F87 PRE-PREG CARBON FIBRE SWAN NECK AT-R1 REAR WING (2014-2021),,,,,,,,,,,,,,,,,,,,,,,,
adro-a14a30-1501-bmw-2-series-f22-m2-f87-pre-preg-carbon-fibre-swan-neck-at-r1-rear-wing-2014-2021,,,,,,,,,,,,,,,,,,,,,,,,https://autoid.co/cdn/shop/files/bmw-2-series-f22-m2-f87-pre-preg-carbon-fibre-swan-neck-at-r1-rear-wing-by-adro-2014-2021-adro-846698.jpg?v=1734622722&width=2048,8,Adro A14A30-1501 BMW 2 SERIES F22 & M2 F87 PRE-PREG CARBON FIBRE SWAN NECK AT-R1 REAR WING (2014-2021),,,,,,,,,,,,,,,,,,,,,,,,
adro-a14a30-1501-bmw-2-series-f22-m2-f87-pre-preg-carbon-fibre-swan-neck-at-r1-rear-wing-2014-2021,,,,,,,,,,,,,,,,,,,,,,,,https://autoid.co/cdn/shop/files/bmw-2-series-f22-m2-f87-pre-preg-carbon-fibre-swan-neck-at-r1-rear-wing-by-adro-2014-2021-adro-939345.jpg?v=1734622722&width=1365,9,Adro A14A30-1501 BMW 2 SERIES F22 & M2 F87 PRE-PREG CARBON FIBRE SWAN NECK AT-R1 REAR WING (2014-2021),,,,,,,,,,,,,,,,,,,,,,,,
adro-a14a30-1501-bmw-2-series-f22-m2-f87-pre-preg-carbon-fibre-swan-neck-at-r1-rear-wing-2014-2021,,,,,,,,,,,,,,,,,,,,,,,,https://autoid.co/cdn/shop/files/bmw-2-series-f22-m2-f87-pre-preg-carbon-fibre-swan-neck-at-r1-rear-wing-by-adro-2014-2021-adro-338217.jpg?v=1734622722&width=2048,10,Adro A14A30-1501 BMW 2 SERIES F22 & M2 F87 PRE-PREG CARBON FIBRE SWAN NECK AT-R1 REAR WING (2014-2021),,,,,,,,,,,,,,,,,,,,,,,,
adro-a14a30-1501-bmw-2-series-f22-m2-f87-pre-preg-carbon-fibre-swan-neck-at-r1-rear-wing-2014-2021,,,,,,,,,,,,,,,,,,,,,,,,https://autoid.co/cdn/shop/files/bmw-2-series-f22-m2-f87-pre-preg-carbon-fibre-swan-neck-at-r1-rear-wing-by-adro-2014-2021-adro-941214.jpg?v=1734622722&width=2048,11,Adro A14A30-1501 BMW 2 SERIES F22 & M2 F87 PRE-PREG CARBON FIBRE SWAN NECK AT-R1 REAR WING (2014-2021),,,,,,,,,,,,,,,,,,,,,,,,
adro-a14a30-1501-bmw-2-series-f22-m2-f87-pre-preg-carbon-fibre-swan-neck-at-r1-rear-wing-2014-2021,,,,,,,,,,,,,,,,,,,,,,,,https://autoid.co/cdn/shop/files/bmw-2-series-f22-m2-f87-pre-preg-carbon-fibre-swan-neck-at-r1-rear-wing-by-adro-2014-2021-adro-506757.jpg?v=1734622722&width=2048,12,Adro A14A30-1501 BMW 2 SERIES F22 & M2 F87 PRE-PREG CARBON FIBRE SWAN NECK AT-R1 REAR WING (2014-2021),,,,,,,,,,,,,,,,,,,,,,,,
adro-a14a30-1501-bmw-2-series-f22-m2-f87-pre-preg-carbon-fibre-swan-neck-at-r1-rear-wing-2014-2021,,,,,,,,,,,,,,,,,,,,,,,,https://autoid.co/cdn/shop/files/bmw-2-series-f22-m2-f87-pre-preg-carbon-fibre-swan-neck-at-r1-rear-wing-by-adro-2014-2021-adro-231800.jpg?v=1734622722&width=2048,13,Adro A14A30-1501 BMW 2 SERIES F22 & M2 F87 PRE-PREG CARBON FIBRE SWAN NECK AT-R1 REAR WING (2014-2021),,,,,,,,,,,,,,,,,,,,,,,,
adro-a14a30-1501-bmw-2-series-f22-m2-f87-pre-preg-carbon-fibre-swan-neck-at-r1-rear-wing-2014-2021,,,,,,,,,,,,,,,,,,,,,,,,https://autoid.co/cdn/shop/files/bmw-2-series-f22-m2-f87-pre-preg-carbon-fibre-swan-neck-at-r1-rear-wing-by-adro-2014-2021-adro-494917.jpg?v=1734622722&width=2048,14,Adro A14A30-1501 BMW 2 SERIES F22 & M2 F87 PRE-PREG CARBON FIBRE SWAN NECK AT-R1 REAR WING (2014-2021),,,,,,,,,,,,,,,,,,,,,,,,
adro-a14a30-1501-bmw-2-series-f22-m2-f87-pre-preg-carbon-fibre-swan-neck-at-r1-rear-wing-2014-2021,,,,,,,,,,,,,,,,,,,,,,,,https://autoid.co/cdn/shop/files/bmw-2-series-f22-m2-f87-pre-preg-carbon-fibre-swan-neck-at-r1-rear-wing-by-adro-2014-2021-adro-586460.webp?v=1734611457&width=800,15,Adro A14A30-1501 BMW 2 SERIES F22 & M2 F87 PRE-PREG CARBON FIBRE SWAN NECK AT-R1 REAR WING (2014-2021),,,,,,,,,,,,,,,,,,,,,,,,
adro-a14a30-1501-bmw-2-series-f22-m2-f87-pre-preg-carbon-fibre-swan-neck-at-r1-rear-wing-2014-2021,,,,,,,,,,,,,,,,,,,,,,,,https://autoid.co/cdn/shop/files/bmw-2-series-f22-m2-f87-pre-preg-carbon-fibre-swan-neck-at-r1-rear-wing-by-adro-2014-2021-adro-372546.webp?v=1734611457&width=800,16,Adro A14A30-1501 BMW 2 SERIES F22 & M2 F87 PRE-PREG CARBON FIBRE SWAN NECK AT-R1 REAR WING (2014-2021),,,,,,,,,,,,,,,,,,,,,,,,
adro-a14a30-1501-bmw-2-series-f22-m2-f87-pre-preg-carbon-fibre-swan-neck-at-r1-rear-wing-2014-2021,,,,,,,,,,,,,,,,,,,,,,,,https://autoid.co/cdn/shop/files/bmw-2-series-f22-m2-f87-pre-preg-carbon-fibre-swan-neck-at-r1-rear-wing-by-adro-2014-2021-adro-983773.webp?v=1734611457&width=800,17,Adro A14A30-1501 BMW 2 SERIES F22 & M2 F87 PRE-PREG CARBON FIBRE SWAN NECK AT-R1 REAR WING (2014-2021),,,,,,,,,,,,,,,,,,,,,,,,
adro-a14a30-1501-bmw-2-series-f22-m2-f87-pre-preg-carbon-fibre-swan-neck-at-r1-rear-wing-2014-2021,,,,,,,,,,,,,,,,,,,,,,,,https://autoid.co/cdn/shop/files/bmw-2-series-f22-m2-f87-pre-preg-carbon-fibre-swan-neck-at-r1-rear-wing-by-adro-2014-2021-adro-939881.webp?v=1734611457&width=800,18,Adro A14A30-1501 BMW 2 SERIES F22 & M2 F87 PRE-PREG CARBON FIBRE SWAN NECK AT-R1 REAR WING (2014-2021),,,,,,,,,,,,,,,,,,,,,,,,
adro-a14a30-1501-bmw-2-series-f22-m2-f87-pre-preg-carbon-fibre-swan-neck-at-r1-rear-wing-2014-2021,,,,,,,,,,,,,,,,,,,,,,,,https://autoid.co/cdn/shop/files/bmw-2-series-f22-m2-f87-pre-preg-carbon-fibre-swan-neck-at-r1-rear-wing-by-adro-2014-2021-adro-982427.webp?v=1734611457&width=800,19,Adro A14A30-1501 BMW 2 SERIES F22 & M2 F87 PRE-PREG CARBON FIBRE SWAN NECK AT-R1 REAR WING (2014-2021),,,,,,,,,,,,,,,,,,,,,,,,
adro-a14a30-1501-bmw-2-series-f22-m2-f87-pre-preg-carbon-fibre-swan-neck-at-r1-rear-wing-2014-2021,,,,,,,,,,,,,,,,,,,,,,,,https://autoid.co/cdn/shop/files/bmw-2-series-f22-m2-f87-pre-preg-carbon-fibre-swan-neck-at-r1-rear-wing-by-adro-2014-2021-adro-947878.webp?v=1734611457&width=700,20,Adro A14A30-1501 BMW 2 SERIES F22 & M2 F87 PRE-PREG CARBON FIBRE SWAN NECK AT-R1 REAR WING (2014-2021),,,,,,,,,,,,,,,,,,,,,,,,
adro-a11a30-1201-a11a30-1301-a11a30-1501-genesis-gv80-full-carbon-fibre-body-kit,"Adro A11A30-1201, A11A30-1301, A11A30-1501 Genesis GV80 Full Carbon Fibre Body Kit","<h4><strong>Description</strong></h4><p><span>Genesis GV80 Full Carbon Fibre Body Kit by Adro</span><br></p><p>&nbsp;</p><h4>What's Included</h4><ul><li>1 x Adro Carbon Fibre (2x2 weave) Front Splitter</li><li>1 x Adro Carbon Fibre (2x2 weave) Rear Spoiler</li><li>1 x Adro Carbon Fibre (2x2 weave) Rear Diffuser</li><li>Installation Hardware<br></li></ul><p>&nbsp;</p><h4>Compatibility</h4><p>Feel free to contact us at info@mlperformance.co.uk should you wish to double check!</p><p>&nbsp;</p><h4>Compatibility Check</h4><p>To ensure the part(s) you have ordered fits your vehicle, we run a compatibility check prior to dispatch. We can do this either using your registration number (UK) or the last 7 digits of your VIN. Simply enter your car details prior to checkout.</p><p>&nbsp;</p><h4>Part Number</h4><p>ADRO-A11A30-1201, A11A30-1301, A11A30-1501</p><p>&nbsp;</p><h4>More Information</h4><p><strong>Manufactured by</strong></p><p>Adro</p>",Adro,,Exterior,"Uploaded by_Muazzim, MLP Discount 2025, Brand_Adro, 2025_New Products, Product Type_Exterior, Category_Body Kits",TRUE,Title,Default Title,,,,,"ADRO-A11A30-1201, A11A30-1301, A11A30-1501",150000,shopify,continue,manual,2749,2749,TRUE,TRUE,"A11A30-1201, A11A30-1301, A11A30-1501",https://autoid.co/cdn/shop/files/genesis-gv80-full-carbon-fibre-body-kit-by-adro-adro-186031.webp?v=1726655644&width=1600,1,"Adro A11A30-1201, A11A30-1301, A11A30-1501 GENESIS GV80 FULL CARBON FIBRE BODY KIT",,"Adro A11A30-1201, A11A30-1301, A11A30-1501 GENESIS GV80 FULL CARBON FIBRE BODY KIT","Get Adro A11A30-1201, A11A30-1301, A11A30-1501 GENESIS GV80 FULL CARBON FIBRE BODY KIT for your car to get your desired looks and performance from ML Performance at the lowest price with FREE UK shipping & next day delivery on in stock items. Very cheap prices & good service.",,,,"A11A30-1201, A11A30-1301, A11A30-1501",,,new,,,,,,,,kg,8708949900,,,,,draft
adro-a11a30-1201-a11a30-1301-a11a30-1501-genesis-gv80-full-carbon-fibre-body-kit,,,,,,,,,,,,,,,,,,,,,,,,https://autoid.co/cdn/shop/files/genesis-gv80-full-carbon-fibre-body-kit-by-adro-adro-237307.webp?v=1726655644&width=1600,2,"Adro A11A30-1201, A11A30-1301, A11A30-1501 GENESIS GV80 FULL CARBON FIBRE BODY KIT",,,,,,,,,,,,,,,,,,,,,,,,
adro-a11a30-1201-a11a30-1301-a11a30-1501-genesis-gv80-full-carbon-fibre-body-kit,,,,,,,,,,,,,,,,,,,,,,,,https://autoid.co/cdn/shop/files/genesis-gv80-full-carbon-fibre-body-kit-by-adro-adro-807775.webp?v=1726655644&width=1600,3,"Adro A11A30-1201, A11A30-1301, A11A30-1501 GENESIS GV80 FULL CARBON FIBRE BODY KIT",,,,,,,,,,,,,,,,,,,,,,,,
adro-a11a30-1201-a11a30-1301-a11a30-1501-genesis-gv80-full-carbon-fibre-body-kit,,,,,,,,,,,,,,,,,,,,,,,,https://autoid.co/cdn/shop/files/genesis-gv80-full-carbon-fibre-body-kit-by-adro-adro-465010.webp?v=1726655644&width=1600,4,"Adro A11A30-1201, A11A30-1301, A11A30-1501 GENESIS GV80 FULL CARBON FIBRE BODY KIT",,,,,,,,,,,,,,,,,,,,,,,,
adro-a11a30-1201-a11a30-1301-a11a30-1501-genesis-gv80-full-carbon-fibre-body-kit,,,,,,,,,,,,,,,,,,,,,,,,https://autoid.co/cdn/shop/files/genesis-gv80-full-carbon-fibre-body-kit-by-adro-adro-608794.webp?v=1726655644&width=1600,5,"Adro A11A30-1201, A11A30-1301, A11A30-1501 GENESIS GV80 FULL CARBON FIBRE BODY KIT",,,,,,,,,,,,,,,,,,,,,,,,
adro-a11a30-1201-a11a30-1301-a11a30-1501-genesis-gv80-full-carbon-fibre-body-kit,,,,,,,,,,,,,,,,,,,,,,,,https://autoid.co/cdn/shop/files/genesis-gv80-full-carbon-fibre-body-kit-by-adro-adro-831406.webp?v=1726655644&width=1600,6,"Adro A11A30-1201, A11A30-1301, A11A30-1501 GENESIS GV80 FULL CARBON FIBRE BODY KIT",,,,,,,,,,,,,,,,,,,,,,,,
adro-a11a30-1201-a11a30-1301-a11a30-1501-genesis-gv80-full-carbon-fibre-body-kit,,,,,,,,,,,,,,,,,,,,,,,,https://autoid.co/cdn/shop/files/genesis-gv80-full-carbon-fibre-body-kit-by-adro-adro-290431.webp?v=1726655645&width=1600,7,"Adro A11A30-1201, A11A30-1301, A11A30-1501 GENESIS GV80 FULL CARBON FIBRE BODY KIT",,,,,,,,,,,,,,,,,,,,,,,,
adro-a14ab10-1301-bmw-x3m-lci-f97-pre-preg-carbon-fibre-rear-diffuser-2022,Adro A14AB10-1301 BMW X3M Lci F97 Pre-Preg Carbon Fibre Rear Diffuser (2022+),"<h4><strong>Description</strong></h4><p>Elevate the look and performance of your BMW F97 X3M with our premium dry carbon fiber (pre-preg) rear diffuser. Designed to enhance the SUV's aggressive stance, this high-performance upgrade is CFD-tested to optimize airflow, reduce drag, and increase downforce for superior stability at high speeds.</p><p>Crafted for a precise, seamless fit, this diffuser integrates effortlessly with the X3M's rear bumper, enhancing both its sporty aesthetic and aerodynamic efficiency. Its bold design not only adds a striking visual upgrade but also reinforces performance-focused functionality.</p><p>&nbsp;</p><h4>Features</h4><p><strong>Pre-Preg Carbon Fiber</strong> Exceptional strength, lightweight, and premium quality<br><strong>CFD-Tested Aerodynamics</strong> Increased downforce and reduced drag for improved stability<br><strong>Aggressive Styling</strong> A bold, race-inspired look for your X3M<br><strong>Precision Fitment</strong> Direct bolt-on installation with no modifications required</p><p>Complete your X3M's transformation with a rear diffuser that fuses cutting-edge aerodynamics with an undeniably aggressive presence.</p><p>&nbsp;</p><h4>What's Included</h4><ul><li>1 x Adro Carbon Fibre (pre-preg, 2x2 weave) Rear Diffuser</li><li>Installation Hardware<br></li></ul><p>&nbsp;</p><h4>Compatibility</h4><p>Feel free to contact us at info@mlperformance.co.uk should you wish to double check!</p><p>&nbsp;</p><h4>Compatibility Check</h4><p>To ensure the part(s) you have ordered fits your vehicle, we run a compatibility check prior to dispatch. We can do this either using your registration number (UK) or the last 7 digits of your VIN. Simply enter your car details prior to checkout.</p><p>&nbsp;</p><h4>Part Number</h4><p>ADRO-A14AB10-1301</p><p>&nbsp;</p><h4>More Information</h4><p><strong>Manufactured by</strong></p><p>Adro</p>",Adro,,Exterior,"Uploaded by_Muazzim, MLP Discount 2025, Brand_Adro, 2025_New Products, Product Type_Exterior, Category_Rear Diffusers",TRUE,Title,Default Title,,,,,ADRO-A14AB10-1301,35000,shopify,continue,manual,2649,2649,TRUE,TRUE,A14AB10-1301,https://autoid.co/cdn/shop/files/bmw-x3m-lci-f97-pre-preg-carbon-fibre-rear-diffuser-by-adro-2022-adro-786128.webp?v=1740675901&width=1200,1,Adro A14AB10-1301 BMW X3M LCI F97 PRE-PREG CARBON FIBRE REAR DIFFUSER (2022+),,Adro A14AB10-1301 BMW X3M LCI F97 PRE-PREG CARBON FIBRE REAR DIFFUSER (2022+),Get Adro A14AB10-1301 BMW X3M LCI F97 PRE-PREG CARBON FIBRE REAR DIFFUSER (2022+) for your car to get your desired looks and performance from ML Performance at the lowest price with FREE UK shipping & next day delivery on in stock items. Very cheap prices & good service.,,,,A14AB10-1301,,,new,,,,,,,,kg,8708949900,,,,,draft
adro-a14ab10-1301-bmw-x3m-lci-f97-pre-preg-carbon-fibre-rear-diffuser-2022,,,,,,,,,,,,,,,,,,,,,,,,https://autoid.co/cdn/shop/files/bmw-x3m-lci-f97-pre-preg-carbon-fibre-rear-diffuser-by-adro-2022-adro-374688.webp?v=1740675902&width=1200,2,Adro A14AB10-1301 BMW X3M LCI F97 PRE-PREG CARBON FIBRE REAR DIFFUSER (2022+),,,,,,,,,,,,,,,,,,,,,,,,
adro-a14ab10-1301-bmw-x3m-lci-f97-pre-preg-carbon-fibre-rear-diffuser-2022,,,,,,,,,,,,,,,,,,,,,,,,https://autoid.co/cdn/shop/files/bmw-x3m-lci-f97-pre-preg-carbon-fibre-rear-diffuser-by-adro-2022-adro-819147.webp?v=1740675903&width=1200,3,Adro A14AB10-1301 BMW X3M LCI F97 PRE-PREG CARBON FIBRE REAR DIFFUSER (2022+),,,,,,,,,,,,,,,,,,,,,,,,
adro-a14ab10-1301-bmw-x3m-lci-f97-pre-preg-carbon-fibre-rear-diffuser-2022,,,,,,,,,,,,,,,,,,,,,,,,https://autoid.co/cdn/shop/files/bmw-x3m-lci-f97-pre-preg-carbon-fibre-rear-diffuser-by-adro-2022-adro-630031.webp?v=1740675904&width=1200,4,Adro A14AB10-1301 BMW X3M LCI F97 PRE-PREG CARBON FIBRE REAR DIFFUSER (2022+),,,,,,,,,,,,,,,,,,,,,,,,
adro-a14ab10-1301-bmw-x3m-lci-f97-pre-preg-carbon-fibre-rear-diffuser-2022,,,,,,,,,,,,,,,,,,,,,,,,https://autoid.co/cdn/shop/files/bmw-x3m-lci-f97-pre-preg-carbon-fibre-rear-diffuser-by-adro-2022-adro-688685.webp?v=1740675903&width=1200,5,Adro A14AB10-1301 BMW X3M LCI F97 PRE-PREG CARBON FIBRE REAR DIFFUSER (2022+),,,,,,,,,,,,,,,,,,,,,,,,
adro-a14ab10-1301-bmw-x3m-lci-f97-pre-preg-carbon-fibre-rear-diffuser-2022,,,,,,,,,,,,,,,,,,,,,,,,https://autoid.co/cdn/shop/files/bmw-x3m-lci-f97-pre-preg-carbon-fibre-rear-diffuser-by-adro-2022-adro-666203.webp?v=1740675904&width=1200,6,Adro A14AB10-1301 BMW X3M LCI F97 PRE-PREG CARBON FIBRE REAR DIFFUSER (2022+),,,,,,,,,,,,,,,,,,,,,,,,
adro-bmw-m2-g87-facelift-front-bumper-lip-2023,Adro BMW M2 G87 Facelift Front Bumper & Lip (2023+),"<h4><strong>Description</strong></h4><b><strong>G87 M2 FACELIFT BUMPER & CARBON FIBER FRONT LIP THE ULTIMATE FRONT-END UPGRADE</strong></b><p>Elevate your BMW G87 M2 with a front-end transformation designed for both form and function. Our <strong>Facelift Bumper</strong>and <strong>Carbon Fiber Front Lip</strong> work seamlessly together to enhance aerodynamics, cooling efficiency, and aggressive styling.</p><p>&nbsp;</p><h4>What's Included</h4><p>Adro G87 Facelift Front Bumper </p><p>Upper Grille Reinforcement </p><p>Kidney Grilles (Left & Right)</p><p>Lower Center Grille </p><p>Inner Support Structure (Left & Right) </p><p>Lower Duct Vents (Left & Right) </p><p>PDC Reciever Bracket </p><p>Carbon Fiber Front Lip </p><p>&nbsp;</p><h4>Compatibility</h4><p>Feel free to contact us at info@mlperformance.co.uk should you wish to double check!</p><p>&nbsp;</p><h4>Compatibility Check</h4><p>To ensure the part(s) you have ordered fits your vehicle, we run a compatibility check prior to dispatch. We can do this either using your registration number (UK) or the last 7 digits of your VIN. Simply enter your car details prior to checkout.</p><p>&nbsp;</p><h4>Part Number</h4><p>ADRO-A14A90-2101 (Do Not Include)</p><p>ADRO-A14A90-2101+A14A90-1202 (Include - V1 Splitter)</p><p>ADRO-A14A90-2101+A14A90-1203 (Include - V2 Splitter)</p><p>&nbsp;</p><h4>More Information</h4><p><strong>Manufactured by</strong></p><p>Adro</p>",Adro,,Exterior,"Uploaded by_Muazzim, MLP Discount 2025, Brand_Adro, 2025_New Products, Product Type_Exterior, Category_Front Bumpers",TRUE,Front Splitter:,Do Not Include,,,,,ADRO-A14A90-2101,180000,shopify,continue,manual,2475,2475,TRUE,TRUE,A14A90-2101,https://autoid.co/cdn/shop/files/bmw-m2-g87-facelift-front-bumper-lip-by-adro-2023-adro-674824.webp?v=1740675909&width=1200,1,Adro BMW M2 G87 FACELIFT FRONT BUMPER & LIP (2023+),,Adro BMW M2 G87 FACELIFT FRONT BUMPER & LIP (2023+),Get Adro BMW M2 G87 FACELIFT FRONT BUMPER & LIP (2023+) for your car to get your desired looks and performance from ML Performance at the lowest price with FREE UK shipping & next day delivery on in stock items. Very cheap prices & good service.,,,,A14A90-2101,,,new,,,,,,,,kg,8708949900,,,,,draft
adro-bmw-m2-g87-facelift-front-bumper-lip-2023,,,,,,,,,Include - V1 Splitter,,,,,ADRO-A14A90-2101+A14A90-1202,190000,shopify,continue,manual,2999,2999,TRUE,TRUE,A14A90-2101+A14A90-1202,https://autoid.co/cdn/shop/files/bmw-m2-g87-facelift-front-bumper-lip-by-adro-2023-adro-776935.webp?v=1740675911&width=1200,2,Adro BMW M2 G87 FACELIFT FRONT BUMPER & LIP (2023+),,,,,,,,,,,,,,,,,,kg,,,,,,
adro-bmw-m2-g87-facelift-front-bumper-lip-2023,,,,,,,,,Include - V2 Splitter,,,,,ADRO-A14A90-2101+A14A90-1203,190000,shopify,continue,manual,2999,2999,TRUE,TRUE,A14A90-2101+A14A90-1203,https://autoid.co/cdn/shop/files/bmw-m2-g87-facelift-front-bumper-lip-by-adro-2023-adro-480427.webp?v=1740675912&width=1200,3,Adro BMW M2 G87 FACELIFT FRONT BUMPER & LIP (2023+),,,,,,,,,,,,,,,,,,kg,,,,,,
adro-bmw-m2-g87-facelift-front-bumper-lip-2023,,,,,,,,,,,,,,,,,,,,,,,,https://autoid.co/cdn/shop/files/bmw-m2-g87-facelift-front-bumper-lip-by-adro-2023-adro-659204.webp?v=1740675911&width=1200,4,Adro BMW M2 G87 FACELIFT FRONT BUMPER & LIP (2023+),,,,,,,,,,,,,,,,,,,,,,,,
adro-bmw-m2-g87-facelift-front-bumper-lip-2023,,,,,,,,,,,,,,,,,,,,,,,,https://autoid.co/cdn/shop/files/bmw-m2-g87-facelift-front-bumper-lip-by-adro-2023-adro-939511.webp?v=1740675912&width=1200,5,Adro BMW M2 G87 FACELIFT FRONT BUMPER & LIP (2023+),,,,,,,,,,,,,,,,,,,,,,,,
adro-bmw-m2-g87-facelift-front-bumper-lip-2023,,,,,,,,,,,,,,,,,,,,,,,,https://autoid.co/cdn/shop/files/bmw-m2-g87-facelift-front-bumper-lip-by-adro-2023-adro-581468.webp?v=1740675912&width=1200,6,Adro BMW M2 G87 FACELIFT FRONT BUMPER & LIP (2023+),,,,,,,,,,,,,,,,,,,,,,,,
adro-bmw-m2-g87-facelift-front-bumper-lip-2023,,,,,,,,,,,,,,,,,,,,,,,,https://autoid.co/cdn/shop/files/bmw-m2-g87-facelift-front-bumper-lip-by-adro-2023-adro-208371.webp?v=1740675913&width=1200,7,Adro BMW M2 G87 FACELIFT FRONT BUMPER & LIP (2023+),,,,,,,,,,,,,,,,,,,,,,,,
adro-bmw-m2-g87-facelift-front-bumper-lip-2023,,,,,,,,,,,,,,,,,,,,,,,,https://autoid.co/cdn/shop/files/bmw-m2-g87-facelift-front-bumper-lip-by-adro-2023-adro-front-rear-bumpers-7341668.webp?v=1753277188&width=1200,8,Adro BMW M2 G87 FACELIFT FRONT BUMPER & LIP (2023+),,,,,,,,,,,,,,,,,,,,,,,,
adro-bmw-m2-g87-facelift-front-bumper-lip-2023,,,,,,,,,,,,,,,,,,,,,,,,https://autoid.co/cdn/shop/files/bmw-m2-g87-facelift-front-bumper-lip-by-adro-2023-adro-front-rear-bumpers-2158806.webp?v=1753277189&width=1200,9,Adro BMW M2 G87 FACELIFT FRONT BUMPER & LIP (2023+),,,,,,,,,,,,,,,,,,,,,,,,
adro-bmw-m2-g87-facelift-front-bumper-lip-2023,,,,,,,,,,,,,,,,,,,,,,,,https://autoid.co/cdn/shop/files/bmw-m2-g87-facelift-front-bumper-lip-by-adro-2023-adro-front-rear-bumpers-1964547.webp?v=1753277190&width=1200,10,Adro BMW M2 G87 FACELIFT FRONT BUMPER & LIP (2023+),,,,,,,,,,,,,,,,,,,,,,,,
adro-bmw-m2-g87-facelift-front-bumper-lip-2023,,,,,,,,,,,,,,,,,,,,,,,,https://autoid.co/cdn/shop/files/bmw-m2-g87-facelift-front-bumper-lip-by-adro-2023-adro-front-rear-bumpers-2539646.webp?v=1753277190&width=1200,11,Adro BMW M2 G87 FACELIFT FRONT BUMPER & LIP (2023+),,,,,,,,,,,,,,,,,,,,,,,,
adro-bmw-m2-g87-facelift-front-bumper-lip-2023,,,,,,,,,,,,,,,,,,,,,,,,https://autoid.co/cdn/shop/files/bmw-m2-g87-facelift-front-bumper-lip-by-adro-2023-adro-front-rear-bumpers-7251997.webp?v=1753277190&width=1200,12,Adro BMW M2 G87 FACELIFT FRONT BUMPER & LIP (2023+),,,,,,,,,,,,,,,,,,,,,,,,
adro-bmw-m2-g87-facelift-front-bumper-lip-2023,,,,,,,,,,,,,,,,,,,,,,,,https://autoid.co/cdn/shop/files/bmw-m2-g87-facelift-front-bumper-lip-by-adro-2023-adro-608147.webp?v=1752670076&width=800,13,Adro BMW M2 G87 FACELIFT FRONT BUMPER & LIP (2023+),,,,,,,,,,,,,,,,,,,,,,,,
adro-a14b30-1301-bmw-g90-g99-m5-carbon-fibre-rear-diffuser,Adro A14B30-1301 BMW G90 G99 M5 Carbon Fibre Rear Diffuser,"<h4><strong>Description</strong></h4><p><span>Elevate your G90 G99 M5's rear end with ADRO's carbon fibre rear diffuser—designed to harmonise performance and style with an aggressive, track-ready stance.</span></p><p>&nbsp;</p><h4>Features</h4><p><strong>Premium Pre‑preg Carbon Construction</strong><br><span>Constructed from ultra-light pre-preg carbon fibre with a high-gloss finish, offering durability and visual impact.</span></p><p><strong>Precision OEM Fitment</strong><br><span>Engineered with 3D scans to integrate seamlessly into the factory bumper—no modifications required.</span></p><p><strong>CFD Validated Aerodynamics</strong><br><span>Optimised via Computational Fluid Dynamics to reduce rear lift, improve high-speed stability, and manage airflow efficiently.</span></p><p><strong>Bold Motorsport Styling</strong><br><span>Deep sculpted fins and sharp contours create a muscular, track-inspired rear profile.</span></p><p>&nbsp;</p><h4>Compatibility</h4><p>Feel free to contact us at info@mlperformance.co.uk should you wish to double check!</p><p>&nbsp;</p><h4>Compatibility Check</h4><p>To ensure the part(s) you have ordered fits your vehicle, we run a compatibility check prior to dispatch. We can do this either using your registration number (UK) or the last 7 digits of your VIN. Simply enter your car details prior to checkout.</p><p>&nbsp;</p><h4>Part Number</h4><p>ADRO-A14B30-1301</p><p>&nbsp;</p><h4>More Information</h4><p><strong>Manufactured by</strong></p><p>Adro</p>",Adro,,Exterior,"Uploaded by_Muazzim, MLP Discount 2025, Brand_Adro, 2025_New Products, Product Type_Exterior, Category_Rear Diffusers",TRUE,Title,Default Title,,,,,ADRO-A14B30-1301,35000,shopify,continue,manual,2450,2450,TRUE,TRUE,A14B30-1301,https://autoid.co/cdn/shop/files/bmw-g90-m5-carbon-fibre-rear-diffuser-by-adro-adro-rear-diffusers-671523.webp?v=1749719219&width=1200,1,Adro A14B30-1301 BMW G90 G99 M5 CARBON FIBRE REAR DIFFUSER,,Adro A14B30-1301 BMW G90 G99 M5 CARBON FIBRE REAR DIFFUSER,Get Adro A14B30-1301 BMW G90 G99 M5 CARBON FIBRE REAR DIFFUSER for your car to get your desired looks and performance from ML Performance at the lowest price with FREE UK shipping & next day delivery on in stock items. Very cheap prices & good service.,,,,A14B30-1301,,,new,,,,,,,,kg,8708949900,,,,,draft
adro-a14b30-1301-bmw-g90-g99-m5-carbon-fibre-rear-diffuser,,,,,,,,,,,,,,,,,,,,,,,,https://autoid.co/cdn/shop/files/bmw-g90-m5-carbon-fibre-rear-diffuser-by-adro-adro-rear-diffusers-248503.webp?v=1749719220&width=1200,2,Adro A14B30-1301 BMW G90 G99 M5 CARBON FIBRE REAR DIFFUSER,,,,,,,,,,,,,,,,,,,,,,,,
adro-a14b30-1301-bmw-g90-g99-m5-carbon-fibre-rear-diffuser,,,,,,,,,,,,,,,,,,,,,,,,https://autoid.co/cdn/shop/files/bmw-g90-m5-carbon-fibre-rear-diffuser-by-adro-adro-rear-diffusers-892387.webp?v=1749719220&width=1200,3,Adro A14B30-1301 BMW G90 G99 M5 CARBON FIBRE REAR DIFFUSER,,,,,,,,,,,,,,,,,,,,,,,,
adro-a14b30-1301-bmw-g90-g99-m5-carbon-fibre-rear-diffuser,,,,,,,,,,,,,,,,,,,,,,,,https://autoid.co/cdn/shop/files/bmw-g90-m5-carbon-fibre-rear-diffuser-by-adro-adro-rear-diffusers-494583.webp?v=1749719221&width=1200,4,Adro A14B30-1301 BMW G90 G99 M5 CARBON FIBRE REAR DIFFUSER,,,,,,,,,,,,,,,,,,,,,,,,
adro-a14b30-1301-bmw-g90-g99-m5-carbon-fibre-rear-diffuser,,,,,,,,,,,,,,,,,,,,,,,,https://autoid.co/cdn/shop/files/bmw-g90-m5-carbon-fibre-rear-diffuser-by-adro-adro-rear-diffusers-422542.webp?v=1749719221&width=1200,5,Adro A14B30-1301 BMW G90 G99 M5 CARBON FIBRE REAR DIFFUSER,,,,,,,,,,,,,,,,,,,,,,,,
adro-a14b30-1301-bmw-g90-g99-m5-carbon-fibre-rear-diffuser,,,,,,,,,,,,,,,,,,,,,,,,https://autoid.co/cdn/shop/files/bmw-g90-m5-carbon-fibre-rear-diffuser-by-adro-adro-rear-diffusers-423533.webp?v=1749719221&width=1200,6,Adro A14B30-1301 BMW G90 G99 M5 CARBON FIBRE REAR DIFFUSER,,,,,,,,,,,,,,,,,,,,,,,,
adro-a18a20-1402-toyota-gr-supra-a90-mk5-carbon-fibre-integrated-fender-panel-side-skirts-v2-2019,Adro A18A20-1402 Toyota GR Supra A90 MK5 Carbon Fibre Integrated Fender Panel Side Skirts V2 (2019+),"<h4><strong>Description</strong></h4><p>Toyota Supra A90 Mk5 Integrated Fender Panel Side Skirts by ADRO</p><p>Enhance your Toyota GR Supra's already striking presence with ADRO Side Skirts V2. These meticulously designed side skirts seamlessly integrate with the Supra's body lines, adding a touch of aggression and sophistication while enhancing its aerodynamic performance.</p><p>Crafted from high-quality materials and engineered with precision, ADRO Side Skirts V2 are more than just aesthetic enhancements. They're designed to optimise airflow along the sides of your GR Supra, reducing drag and improving stability at higher speeds.</p><p>&nbsp;</p><h4>Features</h4><ul><li><strong>Enhanced Aerodynamics:</strong> The V2 design features a more pronounced profile that extends further outwards, creating a more effective aerodynamic surface. This results in improved airflow and reduced drag along the sides of the vehicle.</li><li><strong>Improved Ground Clearance:</strong> Despite their aggressive styling, the ADRO Side Skirts V2 maintain ample ground clearance for everyday driving.</li><li><strong>Premium Construction:</strong> Choose from either high-quality FRP or lightweight carbon fibre construction, depending on your preferences and budget.</li><li><strong>Precision Fitment:</strong> Designed to perfectly complement the GR Supra's body lines, ensuring a seamless and integrated appearance.</li><li><strong>Easy Installation:</strong> Installs with pre-applied 3M double-sided tape and self-tapping screws for a straightforward and secure fitment.</li></ul><p>&nbsp;</p><h4>Compatibility</h4><p>Feel free to contact us at info@mlperformance.co.uk should you wish to double check!</p><p>&nbsp;</p><h4>Compatibility Check</h4><p>To ensure the part(s) you have ordered fits your vehicle, we run a compatibility check prior to dispatch. We can do this either using your registration number (UK) or the last 7 digits of your VIN. Simply enter your car details prior to checkout.</p><p>&nbsp;</p><h4>Part Number</h4><p>ADRO-A18A20-1402</p><p>&nbsp;</p><h4>More Information</h4><p><strong>Manufactured by</strong></p><p>Adro</p>",Adro,,Exterior,"Uploaded by_Muazzim, MLP Discount 2025, Brand_Adro, 2025_New Products, Product Type_Exterior, Category_Side Skirts",TRUE,Title,Default Title,,,,,ADRO-A18A20-1402,26000,shopify,continue,manual,2399,2399,TRUE,TRUE,A18A20-1402,https://autoid.co/cdn/shop/files/toyota-gr-supra-a90-mk5-carbon-fibre-integrated-fender-panel-side-skirts-v2-by-adro-2019-adro-741603.webp?v=1731948367&width=1200,1,Adro A18A20-1402 TOYOTA GR SUPRA A90 MK5 CARBON FIBRE INTEGRATED FENDER PANEL SIDE SKIRTS V2 (2019+),,Adro A18A20-1402 TOYOTA GR SUPRA A90 MK5 CARBON FIBRE INTEGRATED FENDER PANEL SIDE SKIRTS V2 (2019+),Get Adro A18A20-1402 TOYOTA GR SUPRA A90 MK5 CARBON FIBRE INTEGRATED FENDER PANEL SIDE SKIRTS V2 (2019+) for your car to get your desired looks and performance from ML Performance at the lowest price with FREE UK shipping & next day delivery on in stock items. Very cheap prices & good service.,,,,A18A20-1402,,,new,,,,,,,,kg,8708949900,,,,,draft
adro-a18a20-1402-toyota-gr-supra-a90-mk5-carbon-fibre-integrated-fender-panel-side-skirts-v2-2019,,,,,,,,,,,,,,,,,,,,,,,,https://autoid.co/cdn/shop/files/toyota-gr-supra-a90-mk5-carbon-fibre-integrated-fender-panel-side-skirts-v2-by-adro-2019-adro-397019.webp?v=1731948367&width=1200,2,Adro A18A20-1402 TOYOTA GR SUPRA A90 MK5 CARBON FIBRE INTEGRATED FENDER PANEL SIDE SKIRTS V2 (2019+),,,,,,,,,,,,,,,,,,,,,,,,
adro-a18a20-1402-toyota-gr-supra-a90-mk5-carbon-fibre-integrated-fender-panel-side-skirts-v2-2019,,,,,,,,,,,,,,,,,,,,,,,,https://autoid.co/cdn/shop/files/toyota-gr-supra-a90-mk5-carbon-fibre-integrated-fender-panel-side-skirts-v2-by-adro-2019-adro-370140.webp?v=1731948367&width=1200,3,Adro A18A20-1402 TOYOTA GR SUPRA A90 MK5 CARBON FIBRE INTEGRATED FENDER PANEL SIDE SKIRTS V2 (2019+),,,,,,,,,,,,,,,,,,,,,,,,
adro-a18a20-1402-toyota-gr-supra-a90-mk5-carbon-fibre-integrated-fender-panel-side-skirts-v2-2019,,,,,,,,,,,,,,,,,,,,,,,,https://autoid.co/cdn/shop/files/toyota-gr-supra-a90-mk5-carbon-fibre-integrated-fender-panel-side-skirts-v2-by-adro-2019-adro-173335.webp?v=1731948367&width=1200,4,Adro A18A20-1402 TOYOTA GR SUPRA A90 MK5 CARBON FIBRE INTEGRATED FENDER PANEL SIDE SKIRTS V2 (2019+),,,,,,,,,,,,,,,,,,,,,,,,
adro-a18a20-1402-toyota-gr-supra-a90-mk5-carbon-fibre-integrated-fender-panel-side-skirts-v2-2019,,,,,,,,,,,,,,,,,,,,,,,,https://autoid.co/cdn/shop/files/toyota-gr-supra-a90-mk5-carbon-fibre-integrated-fender-panel-side-skirts-v2-by-adro-2019-adro-158184.webp?v=1731948367&width=1200,5,Adro A18A20-1402 TOYOTA GR SUPRA A90 MK5 CARBON FIBRE INTEGRATED FENDER PANEL SIDE SKIRTS V2 (2019+),,,,,,,,,,,,,,,,,,,,,,,,
adro-a18a20-1402-toyota-gr-supra-a90-mk5-carbon-fibre-integrated-fender-panel-side-skirts-v2-2019,,,,,,,,,,,,,,,,,,,,,,,,https://autoid.co/cdn/shop/files/toyota-gr-supra-a90-mk5-carbon-fibre-integrated-fender-panel-side-skirts-v2-by-adro-2019-adro-393128.webp?v=1731948367&width=1200,6,Adro A18A20-1402 TOYOTA GR SUPRA A90 MK5 CARBON FIBRE INTEGRATED FENDER PANEL SIDE SKIRTS V2 (2019+),,,,,,,,,,,,,,,,,,,,,,,,
adro-a18a20-1402-toyota-gr-supra-a90-mk5-carbon-fibre-integrated-fender-panel-side-skirts-v2-2019,,,,,,,,,,,,,,,,,,,,,,,,https://autoid.co/cdn/shop/files/toyota-gr-supra-a90-mk5-carbon-fibre-integrated-fender-panel-side-skirts-v2-by-adro-2019-adro-291494.webp?v=1731948367&width=1200,7,Adro A18A20-1402 TOYOTA GR SUPRA A90 MK5 CARBON FIBRE INTEGRATED FENDER PANEL SIDE SKIRTS V2 (2019+),,,,,,,,,,,,,,,,,,,,,,,,
adro-a18a20-1402-toyota-gr-supra-a90-mk5-carbon-fibre-integrated-fender-panel-side-skirts-v2-2019,,,,,,,,,,,,,,,,,,,,,,,,https://autoid.co/cdn/shop/files/toyota-gr-supra-a90-mk5-carbon-fibre-integrated-fender-panel-side-skirts-v2-by-adro-2019-adro-566082.webp?v=1731948367&width=1200,8,Adro A18A20-1402 TOYOTA GR SUPRA A90 MK5 CARBON FIBRE INTEGRATED FENDER PANEL SIDE SKIRTS V2 (2019+),,,,,,,,,,,,,,,,,,,,,,,,
adro-a18a20-1402-toyota-gr-supra-a90-mk5-carbon-fibre-integrated-fender-panel-side-skirts-v2-2019,,,,,,,,,,,,,,,,,,,,,,,,https://autoid.co/cdn/shop/files/toyota-gr-supra-a90-mk5-carbon-fibre-integrated-fender-panel-side-skirts-v2-by-adro-2019-adro-861896.webp?v=1732620683&width=1638,9,Adro A18A20-1402 TOYOTA GR SUPRA A90 MK5 CARBON FIBRE INTEGRATED FENDER PANEL SIDE SKIRTS V2 (2019+),,,,,,,,,,,,,,,,,,,,,,,,
adro-a18a20-1402-toyota-gr-supra-a90-mk5-carbon-fibre-integrated-fender-panel-side-skirts-v2-2019,,,,,,,,,,,,,,,,,,,,,,,,https://autoid.co/cdn/shop/files/toyota-gr-supra-a90-mk5-carbon-fibre-integrated-fender-panel-side-skirts-v2-by-adro-2019-adro-660745.webp?v=1732620706&width=1638,10,Adro A18A20-1402 TOYOTA GR SUPRA A90 MK5 CARBON FIBRE INTEGRATED FENDER PANEL SIDE SKIRTS V2 (2019+),,,,,,,,,,,,,,,,,,,,,,,,
adro-a18a20-1402-toyota-gr-supra-a90-mk5-carbon-fibre-integrated-fender-panel-side-skirts-v2-2019,,,,,,,,,,,,,,,,,,,,,,,,https://autoid.co/cdn/shop/files/toyota-gr-supra-a90-mk5-carbon-fibre-integrated-fender-panel-side-skirts-v2-by-adro-2019-adro-922697.webp?v=1732620856&width=1638,11,Adro A18A20-1402 TOYOTA GR SUPRA A90 MK5 CARBON FIBRE INTEGRATED FENDER PANEL SIDE SKIRTS V2 (2019+),,,,,,,,,,,,,,,,,,,,,,,,
adro-a18a20-1402-toyota-gr-supra-a90-mk5-carbon-fibre-integrated-fender-panel-side-skirts-v2-2019,,,,,,,,,,,,,,,,,,,,,,,,https://autoid.co/cdn/shop/files/toyota-gr-supra-a90-mk5-carbon-fibre-integrated-fender-panel-side-skirts-v2-by-adro-2019-adro-324259.webp?v=1731948367&width=2048,12,Adro A18A20-1402 TOYOTA GR SUPRA A90 MK5 CARBON FIBRE INTEGRATED FENDER PANEL SIDE SKIRTS V2 (2019+),,,,,,,,,,,,,,,,,,,,,,,,
adro-a18a20-1402-toyota-gr-supra-a90-mk5-carbon-fibre-integrated-fender-panel-side-skirts-v2-2019,,,,,,,,,,,,,,,,,,,,,,,,https://autoid.co/cdn/shop/files/preview_images/hqdefault_90c0359f-6299-437a-982a-17ce4055977e.jpg?v=1732618941&width=480,13,Adro A18A20-1402 TOYOTA GR SUPRA A90 MK5 CARBON FIBRE INTEGRATED FENDER PANEL SIDE SKIRTS V2 (2019+),,,,,,,,,,,,,,,,,,,,,,,,
adro-a18a20-1402-toyota-gr-supra-a90-mk5-carbon-fibre-integrated-fender-panel-side-skirts-v2-2019,,,,,,,,,,,,,,,,,,,,,,,,https://autoid.co/cdn/shop/files/toyota-gr-supra-a90-mk5-carbon-fibre-integrated-fender-panel-side-skirts-v2-by-adro-2019-adro-507883.webp?v=1731948367&width=2000,14,Adro A18A20-1402 TOYOTA GR SUPRA A90 MK5 CARBON FIBRE INTEGRATED FENDER PANEL SIDE SKIRTS V2 (2019+),,,,,,,,,,,,,,,,,,,,,,,,
adro-a14a90-1301-bmw-m2-g87-pre-preg-carbon-fibre-rear-diffuser-2023,Adro A14A90-1301 BMW M2 G87 Pre-Preg Carbon Fibre Rear Diffuser (2023+),"<h4><strong>Description</strong></h4><p>ADRO Carbon Fibre Rear Diffuser for the M2 G87 model. As official ADRO distributors, we offer the full carbon body kit for the M2 including the front splitter, rear wing, side skirts and a rear diffuser.</p><p><meta><span>The BMW G87 M2 Rear Diffuser has been expertly crafted by hand using prepreg carbon fiber materials. It has been CFD tested and precisely designed to ensure a perfect fitment with your BMW M2. This Diffuser offers the highest quality providing precise fitment and reliability.</span></p><p>&nbsp;</p><h4>What's Included</h4><ul><li>1 x Adro Carbon Fibre (pre-preg, 2x2 weave) Rear Diffuser</li><li>Installation Hardware<br></li></ul><p>&nbsp;</p><h4>Compatibility</h4><p>Feel free to contact us at info@mlperformance.co.uk should you wish to double check!</p><p>&nbsp;</p><h4>Compatibility Check</h4><p>To ensure the part(s) you have ordered fits your vehicle, we run a compatibility check prior to dispatch. We can do this either using your registration number (UK) or the last 7 digits of your VIN. Simply enter your car details prior to checkout.</p><p>&nbsp;</p><h4>Part Number</h4><p>ADRO-A14A90-1301</p><p>&nbsp;</p><h4>More Information</h4><p><strong>Manufactured by</strong></p><p>Adro</p>",Adro,,Exterior,"Uploaded by_Muazzim, MLP Discount 2025, Brand_Adro, 2025_New Products, Product Type_Exterior, Category_Rear Diffusers",TRUE,Title,Default Title,,,,,ADRO-A14A90-1301,35000,shopify,continue,manual,2399,2399,TRUE,TRUE,A14A90-1301,https://autoid.co/cdn/shop/files/bmw-m2-g87-pre-preg-carbon-fibre-rear-diffuser-by-adro-2023-adro-814684.webp?v=1726655165&width=800,1,Adro A14A90-1301 BMW M2 G87 PRE-PREG CARBON FIBRE REAR DIFFUSER (2023+),,Adro A14A90-1301 BMW M2 G87 PRE-PREG CARBON FIBRE REAR DIFFUSER (2023+),Get Adro A14A90-1301 BMW M2 G87 PRE-PREG CARBON FIBRE REAR DIFFUSER (2023+) for your car to get your desired looks and performance from ML Performance at the lowest price with FREE UK shipping & next day delivery on in stock items. Very cheap prices & good service.,,,,A14A90-1301,,,new,,,,,,,,kg,8708949900,,,,,draft
adro-a14a90-1301-bmw-m2-g87-pre-preg-carbon-fibre-rear-diffuser-2023,,,,,,,,,,,,,,,,,,,,,,,,https://autoid.co/cdn/shop/files/bmw-m2-g87-pre-preg-carbon-fibre-rear-diffuser-by-adro-2023-adro-573225.webp?v=1726655165&width=800,2,Adro A14A90-1301 BMW M2 G87 PRE-PREG CARBON FIBRE REAR DIFFUSER (2023+),,,,,,,,,,,,,,,,,,,,,,,,
adro-a14a90-1301-bmw-m2-g87-pre-preg-carbon-fibre-rear-diffuser-2023,,,,,,,,,,,,,,,,,,,,,,,,https://autoid.co/cdn/shop/files/bmw-m2-g87-pre-preg-carbon-fibre-rear-diffuser-by-adro-2023-adro-482254.webp?v=1726655165&width=800,3,Adro A14A90-1301 BMW M2 G87 PRE-PREG CARBON FIBRE REAR DIFFUSER (2023+),,,,,,,,,,,,,,,,,,,,,,,,
adro-a14a90-1301-bmw-m2-g87-pre-preg-carbon-fibre-rear-diffuser-2023,,,,,,,,,,,,,,,,,,,,,,,,https://autoid.co/cdn/shop/files/bmw-m2-g87-pre-preg-carbon-fibre-rear-diffuser-by-adro-2023-adro-437635.webp?v=1726655165&width=800,4,Adro A14A90-1301 BMW M2 G87 PRE-PREG CARBON FIBRE REAR DIFFUSER (2023+),,,,,,,,,,,,,,,,,,,,,,,,
adro-a14a90-1301-bmw-m2-g87-pre-preg-carbon-fibre-rear-diffuser-2023,,,,,,,,,,,,,,,,,,,,,,,,https://autoid.co/cdn/shop/files/bmw-m2-g87-pre-preg-carbon-fibre-rear-diffuser-by-adro-2023-adro-518325.webp?v=1726655165&width=800,5,Adro A14A90-1301 BMW M2 G87 PRE-PREG CARBON FIBRE REAR DIFFUSER (2023+),,,,,,,,,,,,,,,,,,,,,,,,
adro-toyota-gr-supra-a90-mk5-front-bumper-2019,Adro Toyota GR Supra A90 MK5 Front Bumper (2019+),"<h4><strong>Description</strong></h4><p><strong>Unleash Your GR Supra's Inner Beast with the ADRO Facelift Kit</strong></p><p>Ready to give your Toyota GR Supra a serious attitude adjustment? The ADRO Facelift Kit is here to transform your ride from mild-mannered to track-ready. This aggressively styled front bumper replacement completely changes the Supra's appearance, turning heads wherever you go.</p><p><strong>More Than Just a Pretty Face</strong></p><p>This isn't just about looks; it's about performance. The ADRO Facelift Kit has been CFD-tested and engineered to deliver a 970% increase in downforce with only a 10% increase in drag at 180 kph. That means more grip, better stability, and improved cornering performance.</p><p>&nbsp;</p><h4>What's Included</h4><ul><li>1 x Adro Replacement Front Bumper</li><li>1 x Adro Carbon Fibre Front Splitter </li><li>Installation Hardware<strong></strong></li></ul><p>&nbsp;</p><h4>Compatibility</h4><p>Feel free to contact us at info@mlperformance.co.uk should you wish to double check!</p><p>&nbsp;</p><h4>Compatibility Check</h4><p>To ensure the part(s) you have ordered fits your vehicle, we run a compatibility check prior to dispatch. We can do this either using your registration number (UK) or the last 7 digits of your VIN. Simply enter your car details prior to checkout.</p><p>&nbsp;</p><h4>Part Number</h4><p>ADRO-A18A20-2101+A18A20-1202 (Include)</p><p>ADRO-A18A20-2101 (Do Not Include)</p><p>&nbsp;</p><h4>More Information</h4><p><strong>Manufactured by</strong></p><p>Adro</p>",Adro,,Exterior,"Uploaded by_Muazzim, MLP Discount 2025, Brand_Adro, 2025_New Products, Product Type_Exterior, Category_Front Bumpers",TRUE,Carbon Fibre Front Splitter:,Include,,,,,ADRO-A18A20-2101+A18A20-1202,180000,shopify,continue,manual,2799,2799,TRUE,TRUE,A18A20-2101+A18A20-1202,https://autoid.co/cdn/shop/files/toyota-gr-supra-a90-mk5-front-bumper-by-adro-2019-adro-490099.webp?v=1732618284&width=1200,1,Adro TOYOTA GR SUPRA A90 MK5 FRONT BUMPER (2019+),,Adro TOYOTA GR SUPRA A90 MK5 FRONT BUMPER (2019+),Get Adro TOYOTA GR SUPRA A90 MK5 FRONT BUMPER (2019+) for your car to get your desired looks and performance from ML Performance at the lowest price with FREE UK shipping & next day delivery on in stock items. Very cheap prices & good service.,,,,A18A20-2101+A18A20-1202,,,new,,,,,,,,kg,8708949900,,,,,draft
adro-toyota-gr-supra-a90-mk5-front-bumper-2019,,,,,,,,,Do Not Include,,,,,ADRO-A18A20-2101,190000,shopify,continue,manual,2299,2299,TRUE,TRUE,A18A20-2101,https://autoid.co/cdn/shop/files/toyota-gr-supra-a90-mk5-front-bumper-by-adro-2019-adro-608232.jpg?v=1733229629&width=2048,2,Adro TOYOTA GR SUPRA A90 MK5 FRONT BUMPER (2019+),,,,,,,,,,,,,,,,,,kg,,,,,,
adro-toyota-gr-supra-a90-mk5-front-bumper-2019,,,,,,,,,,,,,,,,,,,,,,,,https://autoid.co/cdn/shop/files/toyota-gr-supra-a90-mk5-front-bumper-by-adro-2019-adro-329275.jpg?v=1733229629&width=2048,3,Adro TOYOTA GR SUPRA A90 MK5 FRONT BUMPER (2019+),,,,,,,,,,,,,,,,,,,,,,,,
adro-toyota-gr-supra-a90-mk5-front-bumper-2019,,,,,,,,,,,,,,,,,,,,,,,,https://autoid.co/cdn/shop/files/toyota-gr-supra-a90-mk5-front-bumper-by-adro-2019-adro-181690.jpg?v=1733229629&width=2048,4,Adro TOYOTA GR SUPRA A90 MK5 FRONT BUMPER (2019+),,,,,,,,,,,,,,,,,,,,,,,,
adro-toyota-gr-supra-a90-mk5-front-bumper-2019,,,,,,,,,,,,,,,,,,,,,,,,https://autoid.co/cdn/shop/files/toyota-gr-supra-a90-mk5-front-bumper-by-adro-2019-adro-957007.jpg?v=1733229629&width=2048,5,Adro TOYOTA GR SUPRA A90 MK5 FRONT BUMPER (2019+),,,,,,,,,,,,,,,,,,,,,,,,
adro-toyota-gr-supra-a90-mk5-front-bumper-2019,,,,,,,,,,,,,,,,,,,,,,,,https://autoid.co/cdn/shop/files/toyota-gr-supra-a90-mk5-front-bumper-by-adro-2019-adro-703562.webp?v=1732618284&width=1200,6,Adro TOYOTA GR SUPRA A90 MK5 FRONT BUMPER (2019+),,,,,,,,,,,,,,,,,,,,,,,,
adro-toyota-gr-supra-a90-mk5-front-bumper-2019,,,,,,,,,,,,,,,,,,,,,,,,https://autoid.co/cdn/shop/files/toyota-gr-supra-a90-mk5-front-bumper-by-adro-2019-adro-121473.webp?v=1732618284&width=1200,7,Adro TOYOTA GR SUPRA A90 MK5 FRONT BUMPER (2019+),,,,,,,,,,,,,,,,,,,,,,,,
adro-toyota-gr-supra-a90-mk5-front-bumper-2019,,,,,,,,,,,,,,,,,,,,,,,,https://autoid.co/cdn/shop/files/toyota-gr-supra-a90-mk5-front-bumper-by-adro-2019-adro-118968.webp?v=1732618284&width=1200,8,Adro TOYOTA GR SUPRA A90 MK5 FRONT BUMPER (2019+),,,,,,,,,,,,,,,,,,,,,,,,
adro-toyota-gr-supra-a90-mk5-front-bumper-2019,,,,,,,,,,,,,,,,,,,,,,,,https://autoid.co/cdn/shop/files/toyota-gr-supra-a90-mk5-front-bumper-by-adro-2019-adro-424030.webp?v=1732618284&width=1200,9,Adro TOYOTA GR SUPRA A90 MK5 FRONT BUMPER (2019+),,,,,,,,,,,,,,,,,,,,,,,,
adro-toyota-gr-supra-a90-mk5-front-bumper-2019,,,,,,,,,,,,,,,,,,,,,,,,https://autoid.co/cdn/shop/files/toyota-gr-supra-a90-mk5-front-bumper-by-adro-2019-adro-149212.webp?v=1732618284&width=1200,10,Adro TOYOTA GR SUPRA A90 MK5 FRONT BUMPER (2019+),,,,,,,,,,,,,,,,,,,,,,,,
adro-toyota-gr-supra-a90-mk5-front-bumper-2019,,,,,,,,,,,,,,,,,,,,,,,,https://autoid.co/cdn/shop/files/toyota-gr-supra-a90-mk5-front-bumper-by-adro-2019-adro-569641.webp?v=1732618284&width=1200,11,Adro TOYOTA GR SUPRA A90 MK5 FRONT BUMPER (2019+),,,,,,,,,,,,,,,,,,,,,,,,
adro-toyota-gr-supra-a90-mk5-front-bumper-2019,,,,,,,,,,,,,,,,,,,,,,,,https://autoid.co/cdn/shop/files/toyota-gr-supra-a90-mk5-front-bumper-by-adro-2019-adro-675306.webp?v=1732618284&width=1200,12,Adro TOYOTA GR SUPRA A90 MK5 FRONT BUMPER (2019+),,,,,,,,,,,,,,,,,,,,,,,,
adro-toyota-gr-supra-a90-mk5-front-bumper-2019,,,,,,,,,,,,,,,,,,,,,,,,https://autoid.co/cdn/shop/files/toyota-gr-supra-a90-mk5-front-bumper-by-adro-2019-adro-791430.webp?v=1732618284&width=1200,13,Adro TOYOTA GR SUPRA A90 MK5 FRONT BUMPER (2019+),,,,,,,,,,,,,,,,,,,,,,,,
adro-toyota-gr-supra-a90-mk5-front-bumper-2019,,,,,,,,,,,,,,,,,,,,,,,,https://autoid.co/cdn/shop/files/toyota-gr-supra-a90-mk5-front-bumper-by-adro-2019-adro-962945.webp?v=1732618284&width=1200,14,Adro TOYOTA GR SUPRA A90 MK5 FRONT BUMPER (2019+),,,,,,,,,,,,,,,,,,,,,,,,
adro-toyota-gr-supra-a90-mk5-front-bumper-2019,,,,,,,,,,,,,,,,,,,,,,,,https://autoid.co/cdn/shop/files/toyota-gr-supra-a90-mk5-front-bumper-by-adro-2019-adro-899440.webp?v=1732618284&width=1200,15,Adro TOYOTA GR SUPRA A90 MK5 FRONT BUMPER (2019+),,,,,,,,,,,,,,,,,,,,,,,,
adro-toyota-gr-supra-a90-mk5-front-bumper-2019,,,,,,,,,,,,,,,,,,,,,,,,https://autoid.co/cdn/shop/files/toyota-gr-supra-a90-mk5-front-bumper-by-adro-2019-adro-755984.webp?v=1732618284&width=1200,16,Adro TOYOTA GR SUPRA A90 MK5 FRONT BUMPER (2019+),,,,,,,,,,,,,,,,,,,,,,,,
adro-toyota-gr-supra-a90-mk5-front-bumper-2019,,,,,,,,,,,,,,,,,,,,,,,,https://autoid.co/cdn/shop/files/preview_images/hqdefault_90c0359f-6299-437a-982a-17ce4055977e.jpg?v=1732618941&width=480,17,Adro TOYOTA GR SUPRA A90 MK5 FRONT BUMPER (2019+),,,,,,,,,,,,,,,,,,,,,,,,
adro-a15a10-1401-tesla-model-3-pre-preg-carbon-fibre-side-skirts-2017,Adro A15A10-1401 Tesla Model 3 Pre-Preg Carbon Fibre Side Skirts (2017+),"<h4><strong>Description</strong></h4><p>ADRO Pre-preg Carbon Fibre Side Skirts for the Tesla Model 3. As official ADRO distributors, we offer the full pre-preg carbon body kit for the Tesla Model 3 including this front splitter, rear diffuser, side skirts and a rear diffuser.</p><p>Pre-preg carbon fibre is a high-quality grade, it's lighter and stronger and more durable than the wet carbon alternative. It is composed of a 2x2 weave, typical of most OEM carbon fibre pieces.</p><p>&nbsp;</p><h4>What's Included</h4><ul><li>2 x Adro Carbon Fibre (pre-preg, 2x2 weave) Side Skirts (Left & Right Side)</li><li>Installation Hardware<br></li></ul><p>&nbsp;</p><h4>Compatibility</h4><p>Feel free to contact us at info@mlperformance.co.uk should you wish to double check!</p><p>&nbsp;</p><h4>Compatibility Check</h4><p>To ensure the part(s) you have ordered fits your vehicle, we run a compatibility check prior to dispatch. We can do this either using your registration number (UK) or the last 7 digits of your VIN. Simply enter your car details prior to checkout.</p><p>&nbsp;</p><h4>Part Number</h4><p>ADRO-A15A10-1401</p><p>&nbsp;</p><h4>More Information</h4><p><strong>Manufactured by</strong></p><p>Adro</p>",Adro,,Exterior,"Uploaded by_Muazzim, MLP Discount 2025, Brand_Adro, 2025_New Products, Product Type_Exterior, Category_Side Skirts",TRUE,Title,Default Title,,,,,ADRO-A15A10-1401,26000,shopify,continue,manual,2199,2199,TRUE,TRUE,A15A10-1401,https://autoid.co/cdn/shop/files/tesla-model-3-pre-preg-carbon-fibre-side-skirts-by-adro-2017-adro-695039.webp?v=1726655939&width=1440,1,Adro A15A10-1401 TESLA MODEL 3 PRE-PREG CARBON FIBRE SIDE SKIRTS (2017+),,Adro A15A10-1401 TESLA MODEL 3 PRE-PREG CARBON FIBRE SIDE SKIRTS (2017+),Get Adro A15A10-1401 TESLA MODEL 3 PRE-PREG CARBON FIBRE SIDE SKIRTS (2017+) for your car to get your desired looks and performance from ML Performance at the lowest price with FREE UK shipping & next day delivery on in stock items. Very cheap prices & good service.,,,,A15A10-1401,,,new,,,,,,,,kg,8708949900,,,,,draft
adro-a15a10-1401-tesla-model-3-pre-preg-carbon-fibre-side-skirts-2017,,,,,,,,,,,,,,,,,,,,,,,,https://autoid.co/cdn/shop/files/tesla-model-3-pre-preg-carbon-fibre-side-skirts-by-adro-2017-adro-455583.webp?v=1726655939&width=1799,2,Adro A15A10-1401 TESLA MODEL 3 PRE-PREG CARBON FIBRE SIDE SKIRTS (2017+),,,,,,,,,,,,,,,,,,,,,,,,
adro-a15a10-1401-tesla-model-3-pre-preg-carbon-fibre-side-skirts-2017,,,,,,,,,,,,,,,,,,,,,,,,https://autoid.co/cdn/shop/files/tesla-model-3-pre-preg-carbon-fibre-side-skirts-by-adro-2017-adro-340716.webp?v=1726655939&width=1799,3,Adro A15A10-1401 TESLA MODEL 3 PRE-PREG CARBON FIBRE SIDE SKIRTS (2017+),,,,,,,,,,,,,,,,,,,,,,,,
adro-a15a10-1401-tesla-model-3-pre-preg-carbon-fibre-side-skirts-2017,,,,,,,,,,,,,,,,,,,,,,,,https://autoid.co/cdn/shop/files/tesla-model-3-pre-preg-carbon-fibre-side-skirts-by-adro-2017-adro-796663.webp?v=1726655939&width=1799,4,Adro A15A10-1401 TESLA MODEL 3 PRE-PREG CARBON FIBRE SIDE SKIRTS (2017+),,,,,,,,,,,,,,,,,,,,,,,,
adro-a15a10-1401-tesla-model-3-pre-preg-carbon-fibre-side-skirts-2017,,,,,,,,,,,,,,,,,,,,,,,,https://autoid.co/cdn/shop/files/tesla-model-3-pre-preg-carbon-fibre-side-skirts-by-adro-2017-adro-346310.webp?v=1726655939&width=1799,5,Adro A15A10-1401 TESLA MODEL 3 PRE-PREG CARBON FIBRE SIDE SKIRTS (2017+),,,,,,,,,,,,,,,,,,,,,,,,
adro-a15a10-1301-tesla-model-3-pre-preg-carbon-fibre-rear-diffuser-2017,Adro A15A10-1301 Tesla Model 3 Pre-Preg Carbon Fibre Rear Diffuser (2017+),"<h4><strong>Description</strong></h4><p>ADRO Pre-preg Carbon Fibre Rear Diffuser for the Tesla Model 3. As official ADRO distributors, we offer the full pre-preg carbon body kit for the Tesla Model 3 including this front splitter, rear diffuser, side skirts and a rear diffuser.</p><p>Pre-preg carbon fibre is a high-quality grade, it's lighter and stronger and more durable than the wet carbon alternative. It is composed of a 2x2 weave, typical of most OEM carbon fibre pieces.</p><p><span><meta><span>You can view the installation manual </span><a>here</a></span></p><p>&nbsp;</p><h4>What's Included</h4><ul><li>1 x Adro Carbon Fibre (pre-preg, 2x2 weave) Rear Diffuser</li><li>Installation Hardware<br></li></ul><p>&nbsp;</p><h4>Compatibility</h4><p>Feel free to contact us at info@mlperformance.co.uk should you wish to double check!</p><p>&nbsp;</p><h4>Compatibility Check</h4><p>To ensure the part(s) you have ordered fits your vehicle, we run a compatibility check prior to dispatch. We can do this either using your registration number (UK) or the last 7 digits of your VIN. Simply enter your car details prior to checkout.</p><p>&nbsp;</p><h4>Part Number</h4><p>ADRO-A15A10-1301</p><p>&nbsp;</p><h4>More Information</h4><p><strong>Manufactured by</strong></p><p>Adro</p>",Adro,,Exterior,"Uploaded by_Muazzim, MLP Discount 2025, Brand_Adro, 2025_New Products, Product Type_Exterior, Category_Rear Diffusers",TRUE,Title,Default Title,,,,,ADRO-A15A10-1301,35000,shopify,continue,manual,2199,2199,TRUE,TRUE,A15A10-1301,https://autoid.co/cdn/shop/files/tesla-model-3-pre-preg-carbon-fibre-rear-diffuser-by-adro-2017-adro-392323.webp?v=1726655939&width=1440,1,Adro A15A10-1301 TESLA MODEL 3 PRE-PREG CARBON FIBRE REAR DIFFUSER (2017+),,Adro A15A10-1301 TESLA MODEL 3 PRE-PREG CARBON FIBRE REAR DIFFUSER (2017+),Get Adro A15A10-1301 TESLA MODEL 3 PRE-PREG CARBON FIBRE REAR DIFFUSER (2017+) for your car to get your desired looks and performance from ML Performance at the lowest price with FREE UK shipping & next day delivery on in stock items. Very cheap prices & good service.,,,,A15A10-1301,,,new,,,,,,,,kg,8708949900,,,,,draft
adro-a15a10-1301-tesla-model-3-pre-preg-carbon-fibre-rear-diffuser-2017,,,,,,,,,,,,,,,,,,,,,,,,https://autoid.co/cdn/shop/files/tesla-model-3-pre-preg-carbon-fibre-rear-diffuser-by-adro-2017-adro-418480.webp?v=1726655939&width=1799,2,Adro A15A10-1301 TESLA MODEL 3 PRE-PREG CARBON FIBRE REAR DIFFUSER (2017+),,,,,,,,,,,,,,,,,,,,,,,,
adro-a15a10-1301-tesla-model-3-pre-preg-carbon-fibre-rear-diffuser-2017,,,,,,,,,,,,,,,,,,,,,,,,https://autoid.co/cdn/shop/files/tesla-model-3-pre-preg-carbon-fibre-rear-diffuser-by-adro-2017-adro-950653.webp?v=1726655939&width=1799,3,Adro A15A10-1301 TESLA MODEL 3 PRE-PREG CARBON FIBRE REAR DIFFUSER (2017+),,,,,,,,,,,,,,,,,,,,,,,,
adro-a15a10-1301-tesla-model-3-pre-preg-carbon-fibre-rear-diffuser-2017,,,,,,,,,,,,,,,,,,,,,,,,https://autoid.co/cdn/shop/files/tesla-model-3-pre-preg-carbon-fibre-rear-diffuser-by-adro-2017-adro-803659.webp?v=1726655939&width=1799,4,Adro A15A10-1301 TESLA MODEL 3 PRE-PREG CARBON FIBRE REAR DIFFUSER (2017+),,,,,,,,,,,,,,,,,,,,,,,,
adro-a15a10-1301-tesla-model-3-pre-preg-carbon-fibre-rear-diffuser-2017,,,,,,,,,,,,,,,,,,,,,,,,https://autoid.co/cdn/shop/files/tesla-model-3-pre-preg-carbon-fibre-rear-diffuser-by-adro-2017-adro-293369.webp?v=1726655939&width=1799,5,Adro A15A10-1301 TESLA MODEL 3 PRE-PREG CARBON FIBRE REAR DIFFUSER (2017+),,,,,,,,,,,,,,,,,,,,,,,,
adro-a15a20-1401-tesla-model-y-pre-preg-carbon-fibre-side-skirts-2020,Adro A15A20-1401 Tesla Model Y Pre-Preg Carbon Fibre Side Skirts (2020+),"<h4><strong>Description</strong></h4><p>Add the prestigious and race-inspired look of real carbon fiber to the side of your Model Y with the ADRO Tesla Model Y carbon fiber side skirt kit. These side skirts are designed to replicate the factory rocker panels' body lines but drop the overall profile closer to the ground and add the beautiful finish of real handcrafted carbon fiber. Pair the side skirt kit with the front lip, rear diffuser, and rear spoiler from ADRO that are all made from the same handcrafted carbon fiber material. Whether you choose to go with the full kit or just the side skirts, you can rest assured that you're getting the lightest, strongest, and best-fitting carbon fiber parts for the Tesla Model Y<span></span><span>that are designed and developed using ADRO's seven-step engineering and design process.</span><br></p><ul></ul><p><span>This premium front lip is manufactured from 100% genuine prepreg carbon fiber and is ultra-lightweight, with maximum durability, and quality. Commonly used in high-end race cars and supercars, prepreg (aka dry) carbon fiber is now available for drivers looking for the very best.</span></p><p><span>Using computational fluid dynamics (CFD), our team of aerodynamicists tested the efficiency gains of a Tesla Model Y fitted with ADRO's full body kit compared to a factory car. </span>Our CFD analyses showed a 4.4% reduction in total vehicle drag and a downforce increase of 727 N, resulting from the installation of all four ADRO parts - front lip, side skirt, rear diffuser, and spoiler. This means that ADRO's Premium Prepreg Carbon Fiber Full Body Kit made the Model Y even more aerodynamically efficient, which will ultimately result in a positive effect on overall range and performance.</p><p>&nbsp;</p><h4>What's Included</h4><ul><li>2 x Adro Carbon Fibre (pre-preg, 2x2 weave) Side Skirts (Left & Right Side)</li><li>Installation Hardware<br></li></ul><p>&nbsp;</p><h4>Compatibility</h4><p>Feel free to contact us at info@mlperformance.co.uk should you wish to double check!</p><p>&nbsp;</p><h4>Compatibility Check</h4><p>To ensure the part(s) you have ordered fits your vehicle, we run a compatibility check prior to dispatch. We can do this either using your registration number (UK) or the last 7 digits of your VIN. Simply enter your car details prior to checkout.</p><p>&nbsp;</p><h4>Part Number</h4><p>ADRO-A15A20-1401</p><p>&nbsp;</p><h4>More Information</h4><p><strong>Manufactured by</strong></p><p>Adro</p>",Adro,,Exterior,"Uploaded by_Muazzim, MLP Discount 2025, Brand_Adro, 2025_New Products, Product Type_Exterior, Category_Side Skirts",TRUE,Title,Default Title,,,,,ADRO-A15A20-1401,26000,shopify,continue,manual,2199,2199,TRUE,TRUE,A15A20-1401,https://autoid.co/cdn/shop/files/tesla-model-y-pre-preg-carbon-fibre-side-skirts-by-adro-2020-adro-312224.jpg?v=1726655939&width=1440,1,Adro A15A20-1401 TESLA MODEL Y PRE-PREG CARBON FIBRE SIDE SKIRTS (2020+),,Adro A15A20-1401 TESLA MODEL Y PRE-PREG CARBON FIBRE SIDE SKIRTS (2020+),Get Adro A15A20-1401 TESLA MODEL Y PRE-PREG CARBON FIBRE SIDE SKIRTS (2020+) for your car to get your desired looks and performance from ML Performance at the lowest price with FREE UK shipping & next day delivery on in stock items. Very cheap prices & good service.,,,,A15A20-1401,,,new,,,,,,,,kg,8708949900,,,,,draft
adro-a15a20-1401-tesla-model-y-pre-preg-carbon-fibre-side-skirts-2020,,,,,,,,,,,,,,,,,,,,,,,,https://autoid.co/cdn/shop/files/tesla-model-y-pre-preg-carbon-fibre-side-skirts-by-adro-2020-adro-411346.jpg?v=1726655939&width=2048,2,Adro A15A20-1401 TESLA MODEL Y PRE-PREG CARBON FIBRE SIDE SKIRTS (2020+),,,,,,,,,,,,,,,,,,,,,,,,
adro-a15a20-1401-tesla-model-y-pre-preg-carbon-fibre-side-skirts-2020,,,,,,,,,,,,,,,,,,,,,,,,https://autoid.co/cdn/shop/files/tesla-model-y-pre-preg-carbon-fibre-side-skirts-by-adro-2020-adro-146243.jpg?v=1726655939&width=1290,3,Adro A15A20-1401 TESLA MODEL Y PRE-PREG CARBON FIBRE SIDE SKIRTS (2020+),,,,,,,,,,,,,,,,,,,,,,,,
adro-a15a20-1401-tesla-model-y-pre-preg-carbon-fibre-side-skirts-2020,,,,,,,,,,,,,,,,,,,,,,,,https://autoid.co/cdn/shop/files/tesla-model-y-pre-preg-carbon-fibre-side-skirts-by-adro-2020-adro-832934.jpg?v=1726655939&width=1290,4,Adro A15A20-1401 TESLA MODEL Y PRE-PREG CARBON FIBRE SIDE SKIRTS (2020+),,,,,,,,,,,,,,,,,,,,,,,,
adro-a15a20-1301-tesla-model-y-pre-preg-carbon-fibre-rear-diffuser-2020,Adro A15A20-1301 Tesla Model Y Pre-Preg Carbon Fibre Rear Diffuser (2020+),"<h4><strong>Description</strong></h4><p>The ADRO carbon fiber rear diffuser was handcrafted using only the highest quality real carbon fiber to ensure that it's the lightest and strongest diffuser that you can get for the Model Y. It's also engineered to decrease drag and increase airflow underneath the car, allowing you to potentially extend the range of your Model Y. You can also pair it with the rest of ADRO's full carbon-fiber Model Y body kit to get the most exotic looking Model Y on the road and to be the envy of your friends. <br></p><ul></ul><p><span>This premium front lip is manufactured from 100% genuine prepreg carbon fiber and is ultra-lightweight, with maximum durability, and quality. Commonly used in high-end race cars and supercars, prepreg (aka dry) carbon fiber is now available for drivers looking for the very best.</span></p><p><span>Using computational fluid dynamics (CFD), our team of aerodynamicists tested the efficiency gains of a Tesla Model Y fitted with ADRO's full body kit compared to a factory car. </span>Our CFD analyses showed a 4.4% reduction in total vehicle drag and a downforce increase of 727 N, resulting from the installation of all four ADRO parts - front lip, side skirt, rear diffuser, and spoiler. This means that ADRO's Premium Prepreg Carbon Fiber Full Body Kit made the Model Y even more aerodynamically efficient, which will ultimately result in a positive effect on overall range and performance.</p><p>If you are based outside of England and would like to order, please contact our team for more details.</p><p>&nbsp;</p><h4>What's Included</h4><ul><li>1 x Adro Carbon Fibre (pre-preg, 2x2 weave) Rear Diffuser</li><li>Installation Hardware<br></li></ul><p>&nbsp;</p><h4>Compatibility</h4><p>Feel free to contact us at info@mlperformance.co.uk should you wish to double check!</p><p>&nbsp;</p><h4>Compatibility Check</h4><p>To ensure the part(s) you have ordered fits your vehicle, we run a compatibility check prior to dispatch. We can do this either using your registration number (UK) or the last 7 digits of your VIN. Simply enter your car details prior to checkout.</p><p>&nbsp;</p><h4>Part Number</h4><p>ADRO-A15A20-1301</p><p>&nbsp;</p><h4>More Information</h4><p><strong>Manufactured by</strong></p><p>Adro</p>",Adro,,Exterior,"Uploaded by_Muazzim, MLP Discount 2025, Brand_Adro, 2025_New Products, Product Type_Exterior, Category_Rear Diffusers",TRUE,Title,Default Title,,,,,ADRO-A15A20-1301,35000,shopify,continue,manual,2199,2199,TRUE,TRUE,A15A20-1301,https://autoid.co/cdn/shop/files/tesla-model-y-pre-preg-carbon-fibre-rear-diffuser-by-adro-2020-adro-927653.jpg?v=1726655941&width=1440,1,Adro A15A20-1301 TESLA MODEL Y PRE-PREG CARBON FIBRE REAR DIFFUSER (2020+),,Adro A15A20-1301 TESLA MODEL Y PRE-PREG CARBON FIBRE REAR DIFFUSER (2020+),Get Adro A15A20-1301 TESLA MODEL Y PRE-PREG CARBON FIBRE REAR DIFFUSER (2020+) for your car to get your desired looks and performance from ML Performance at the lowest price with FREE UK shipping & next day delivery on in stock items. Very cheap prices & good service.,,,,A15A20-1301,,,new,,,,,,,,kg,8708949900,,,,,draft
adro-a15a20-1301-tesla-model-y-pre-preg-carbon-fibre-rear-diffuser-2020,,,,,,,,,,,,,,,,,,,,,,,,https://autoid.co/cdn/shop/files/tesla-model-y-pre-preg-carbon-fibre-rear-diffuser-by-adro-2020-adro-655812.jpg?v=1726655941&width=2048,2,Adro A15A20-1301 TESLA MODEL Y PRE-PREG CARBON FIBRE REAR DIFFUSER (2020+),,,,,,,,,,,,,,,,,,,,,,,,
adro-a15a20-1301-tesla-model-y-pre-preg-carbon-fibre-rear-diffuser-2020,,,,,,,,,,,,,,,,,,,,,,,,https://autoid.co/cdn/shop/files/tesla-model-y-pre-preg-carbon-fibre-rear-diffuser-by-adro-2020-adro-614643.jpg?v=1726655941&width=2048,3,Adro A15A20-1301 TESLA MODEL Y PRE-PREG CARBON FIBRE REAR DIFFUSER (2020+),,,,,,,,,,,,,,,,,,,,,,,,
adro-a15a20-1301-tesla-model-y-pre-preg-carbon-fibre-rear-diffuser-2020,,,,,,,,,,,,,,,,,,,,,,,,https://autoid.co/cdn/shop/files/tesla-model-y-pre-preg-carbon-fibre-rear-diffuser-by-adro-2020-adro-483909.jpg?v=1726655941&width=1234,4,Adro A15A20-1301 TESLA MODEL Y PRE-PREG CARBON FIBRE REAR DIFFUSER (2020+),,,,,,,,,,,,,,,,,,,,,,,,
adro-a15a20-1301-tesla-model-y-pre-preg-carbon-fibre-rear-diffuser-2020,,,,,,,,,,,,,,,,,,,,,,,,https://autoid.co/cdn/shop/files/tesla-model-y-pre-preg-carbon-fibre-rear-diffuser-by-adro-2020-adro-169115.jpg?v=1726655941&width=1290,5,Adro A15A20-1301 TESLA MODEL Y PRE-PREG CARBON FIBRE REAR DIFFUSER (2020+),,,,,,,,,,,,,,,,,,,,,,,,
adro-a15a20-1301-tesla-model-y-pre-preg-carbon-fibre-rear-diffuser-2020,,,,,,,,,,,,,,,,,,,,,,,,https://autoid.co/cdn/shop/files/tesla-model-y-pre-preg-carbon-fibre-rear-diffuser-by-adro-2020-adro-387467.jpg?v=1726655941&width=1290,6,Adro A15A20-1301 TESLA MODEL Y PRE-PREG CARBON FIBRE REAR DIFFUSER (2020+),,,,,,,,,,,,,,,,,,,,,,,,
adro-a15a20-1301-tesla-model-y-pre-preg-carbon-fibre-rear-diffuser-2020,,,,,,,,,,,,,,,,,,,,,,,,https://autoid.co/cdn/shop/files/tesla-model-y-pre-preg-carbon-fibre-rear-diffuser-by-adro-2020-adro-931361.jpg?v=1726655941&width=1290,7,Adro A15A20-1301 TESLA MODEL Y PRE-PREG CARBON FIBRE REAR DIFFUSER (2020+),,,,,,,,,,,,,,,,,,,,,,,,
adro-a14ab20-1401-bmw-x5m-f95-pre-preg-carbon-fibre-side-skirts-2020,Adro A14AB20-1401 BMW X5M F95 Pre-Preg Carbon Fibre Side Skirts (2020+),"<h4><strong>Description</strong></h4><p>Elevate the style and aerodynamics of your BMW F95 X5M with our premium dry carbon fiber (pre-preg) side skirts. Designed to enhance the SUV's aggressive stance, these side skirts are CFD-tested to optimize airflow, improving stability, reducing drag, and increasing downforce at high speeds.</p><p>Expertly crafted for a seamless fit, they integrate flawlessly with the X5M's body lines, delivering a sleek and commanding presence on the road.</p><p>&nbsp;</p><h4>Features</h4><p><strong>Pre-Preg Carbon Fiber</strong> Lightweight, durable, and top-tier quality<br><strong>CFD-Tested Aerodynamics</strong> Enhanced stability with increased downforce and reduced drag<br><strong>Aggressive Styling</strong> A bold, race-inspired aesthetic for your X5M<br><strong>Precision Fitment</strong> No modifications needed for easy installation</p><p>Complete your X5M's transformation with side skirts that fuse cutting-edge aerodynamics with an unmistakable performance-driven design.</p><p>&nbsp;</p><h4>What's Included</h4><ul><li>2 x Adro Carbon Fibre (pre-preg, 2x2 weave) Side Skirts</li><li>Installation Hardware<br></li></ul><p>&nbsp;</p><h4>Compatibility</h4><p>Feel free to contact us at info@mlperformance.co.uk should you wish to double check!</p><p>&nbsp;</p><h4>Compatibility Check</h4><p>To ensure the part(s) you have ordered fits your vehicle, we run a compatibility check prior to dispatch. We can do this either using your registration number (UK) or the last 7 digits of your VIN. Simply enter your car details prior to checkout.</p><p>&nbsp;</p><h4>Part Number</h4><p>ADRO-A14AB20-1401</p><p>&nbsp;</p><h4>More Information</h4><p><strong>Manufactured by</strong></p><p>Adro</p>",Adro,,Exterior,"Uploaded by_Muazzim, MLP Discount 2025, Brand_Adro, 2025_New Products, Product Type_Exterior, Category_Side Skirts",TRUE,Title,Default Title,,,,,ADRO-A14AB20-1401,26000,shopify,continue,manual,2139,2139,TRUE,TRUE,A14AB20-1401,https://autoid.co/cdn/shop/files/bmw-x5m-f95-pre-preg-carbon-fibre-side-skirts-by-adro-2020-adro-710202.webp?v=1740143490&width=1200,1,Adro A14AB20-1401 BMW X5M F95 PRE-PREG CARBON FIBRE SIDE SKIRTS (2020+),,Adro A14AB20-1401 BMW X5M F95 PRE-PREG CARBON FIBRE SIDE SKIRTS (2020+),Get Adro A14AB20-1401 BMW X5M F95 PRE-PREG CARBON FIBRE SIDE SKIRTS (2020+) for your car to get your desired looks and performance from ML Performance at the lowest price with FREE UK shipping & next day delivery on in stock items. Very cheap prices & good service.,,,,A14AB20-1401,,,new,,,,,,,,kg,8708949900,,,,,draft
adro-a14ab20-1401-bmw-x5m-f95-pre-preg-carbon-fibre-side-skirts-2020,,,,,,,,,,,,,,,,,,,,,,,,https://autoid.co/cdn/shop/files/bmw-x5m-f95-pre-preg-carbon-fibre-side-skirts-by-adro-2020-adro-550311.webp?v=1740143492&width=1200,2,Adro A14AB20-1401 BMW X5M F95 PRE-PREG CARBON FIBRE SIDE SKIRTS (2020+),,,,,,,,,,,,,,,,,,,,,,,,
adro-a14ab20-1401-bmw-x5m-f95-pre-preg-carbon-fibre-side-skirts-2020,,,,,,,,,,,,,,,,,,,,,,,,https://autoid.co/cdn/shop/files/bmw-x5m-f95-pre-preg-carbon-fibre-side-skirts-by-adro-2020-adro-989260.webp?v=1740143493&width=1200,3,Adro A14AB20-1401 BMW X5M F95 PRE-PREG CARBON FIBRE SIDE SKIRTS (2020+),,,,,,,,,,,,,,,,,,,,,,,,
adro-a14ab20-1401-bmw-x5m-f95-pre-preg-carbon-fibre-side-skirts-2020,,,,,,,,,,,,,,,,,,,,,,,,https://autoid.co/cdn/shop/files/bmw-x5m-f95-pre-preg-carbon-fibre-side-skirts-by-adro-2020-adro-933579.webp?v=1740143494&width=1200,4,Adro A14AB20-1401 BMW X5M F95 PRE-PREG CARBON FIBRE SIDE SKIRTS (2020+),,,,,,,,,,,,,,,,,,,,,,,,
adro-a14ab20-1401-bmw-x5m-f95-pre-preg-carbon-fibre-side-skirts-2020,,,,,,,,,,,,,,,,,,,,,,,,https://autoid.co/cdn/shop/files/bmw-x5m-f95-pre-preg-carbon-fibre-side-skirts-by-adro-2020-adro-463262.webp?v=1740143494&width=1200,5,Adro A14AB20-1401 BMW X5M F95 PRE-PREG CARBON FIBRE SIDE SKIRTS (2020+),,,,,,,,,,,,,,,,,,,,,,,,
adro-a14ab20-1401-bmw-x5m-f95-pre-preg-carbon-fibre-side-skirts-2020,,,,,,,,,,,,,,,,,,,,,,,,https://autoid.co/cdn/shop/files/bmw-x5m-f95-pre-preg-carbon-fibre-side-skirts-by-adro-2020-adro-467419.webp?v=1740143494&width=1200,6,Adro A14AB20-1401 BMW X5M F95 PRE-PREG CARBON FIBRE SIDE SKIRTS (2020+),,,,,,,,,,,,,,,,,,,,,,,,
adro-a14b30-1401-bmw-g90-m5-carbon-fibre-side-skirts,Adro A14B30-1401 BMW G90 M5 Carbon Fibre Side Skirts,"<h4><strong>Description</strong></h4><p><span>Transform your G90 M5's side profile into a sleeker, more aggressive silhouette with ADRO's carbon fibre side skirts. Engineered for both aesthetics and aero performance, these skirts bring motorsport-inspired flair and refined airflow handling to your daily driver.</span></p><p>&nbsp;</p><h4>Features</h4><p><strong>Premium Pre‑preg Carbon Construction</strong><br><span>Made from high-quality pre-preg carbon fibre, delivering race-grade strength and durability in a deep, uniform weave that complements the G90's bold body lines.</span></p><p><strong>Precision OEM Fitment</strong><br><span>Crafted using 3D scan data from the G90 M5, they flow flawlessly along factory rocker panels—no trimming or cutting needed.</span></p><p><strong>Aerodynamically Optimised Design</strong><br><span>Tuned using CFD, these skirts manage airflow, reduce drag, and enhance high-speed stability while giving your ride a planted look.</span></p><p><strong>Bold Motorsport Styling</strong><br><span>Featuring sharp aerodynamic contours, they visually lower your car's stance and inject a dynamic track-ready aesthetic.</span><span><span></span></span></p><p>&nbsp;</p><h4>Compatibility</h4><p>Feel free to contact us at info@mlperformance.co.uk should you wish to double check!</p><p>&nbsp;</p><h4>Compatibility Check</h4><p>To ensure the part(s) you have ordered fits your vehicle, we run a compatibility check prior to dispatch. We can do this either using your registration number (UK) or the last 7 digits of your VIN. Simply enter your car details prior to checkout.</p><p>&nbsp;</p><h4>Part Number</h4><p>ADRO-A14B30-1401</p><p>&nbsp;</p><h4>More Information</h4><p><strong>Manufactured by</strong></p><p>Adro</p>",Adro,,Exterior,"Uploaded by_Muazzim, MLP Discount 2025, Brand_Adro, 2025_New Products, Product Type_Exterior, Category_Side Skirts",TRUE,Title,Default Title,,,,,ADRO-A14B30-1401,26000,shopify,continue,manual,1950,1950,TRUE,TRUE,A14B30-1401,https://autoid.co/cdn/shop/files/bmw-g90-m5-carbon-fibre-side-skirts-by-adro-adro-side-skirts-winglets-524120.webp?v=1749719225&width=1200,1,Adro A14B30-1401 BMW G90 M5 CARBON FIBRE SIDE SKIRTS,,Adro A14B30-1401 BMW G90 M5 CARBON FIBRE SIDE SKIRTS,Get Adro A14B30-1401 BMW G90 M5 CARBON FIBRE SIDE SKIRTS for your car to get your desired looks and performance from ML Performance at the lowest price with FREE UK shipping & next day delivery on in stock items. Very cheap prices & good service.,,,,A14B30-1401,,,new,,,,,,,,kg,8708949900,,,,,draft
adro-a14b30-1401-bmw-g90-m5-carbon-fibre-side-skirts,,,,,,,,,,,,,,,,,,,,,,,,https://autoid.co/cdn/shop/files/bmw-g90-m5-carbon-fibre-side-skirts-by-adro-adro-side-skirts-winglets-407407.webp?v=1749719226&width=1200,2,Adro A14B30-1401 BMW G90 M5 CARBON FIBRE SIDE SKIRTS,,,,,,,,,,,,,,,,,,,,,,,,
adro-a14b30-1401-bmw-g90-m5-carbon-fibre-side-skirts,,,,,,,,,,,,,,,,,,,,,,,,https://autoid.co/cdn/shop/files/bmw-g90-m5-carbon-fibre-side-skirts-by-adro-adro-side-skirts-winglets-195331.webp?v=1749719228&width=1200,3,Adro A14B30-1401 BMW G90 M5 CARBON FIBRE SIDE SKIRTS,,,,,,,,,,,,,,,,,,,,,,,,
adro-a14b30-1401-bmw-g90-m5-carbon-fibre-side-skirts,,,,,,,,,,,,,,,,,,,,,,,,https://autoid.co/cdn/shop/files/bmw-g90-m5-carbon-fibre-side-skirts-by-adro-adro-side-skirts-winglets-342186.webp?v=1749719227&width=1200,4,Adro A14B30-1401 BMW G90 M5 CARBON FIBRE SIDE SKIRTS,,,,,,,,,,,,,,,,,,,,,,,,
adro-a14b30-1401-bmw-g90-m5-carbon-fibre-side-skirts,,,,,,,,,,,,,,,,,,,,,,,,https://autoid.co/cdn/shop/files/bmw-g90-m5-carbon-fibre-side-skirts-by-adro-adro-side-skirts-winglets-257989.webp?v=1749719230&width=1200,5,Adro A14B30-1401 BMW G90 M5 CARBON FIBRE SIDE SKIRTS,,,,,,,,,,,,,,,,,,,,,,,,
adro-a14b30-1401-bmw-g90-m5-carbon-fibre-side-skirts,,,,,,,,,,,,,,,,,,,,,,,,https://autoid.co/cdn/shop/files/bmw-g90-m5-carbon-fibre-side-skirts-by-adro-adro-side-skirts-winglets-547234.webp?v=1749719230&width=1200,6,Adro A14B30-1401 BMW G90 M5 CARBON FIBRE SIDE SKIRTS,,,,,,,,,,,,,,,,,,,,,,,,
adro-a14b30-1401-bmw-g90-m5-carbon-fibre-side-skirts,,,,,,,,,,,,,,,,,,,,,,,,https://autoid.co/cdn/shop/files/bmw-g90-m5-carbon-fibre-side-skirts-by-adro-adro-side-skirts-winglets-977785.webp?v=1749719232&width=1200,7,Adro A14B30-1401 BMW G90 M5 CARBON FIBRE SIDE SKIRTS,,,,,,,,,,,,,,,,,,,,,,,,
adro-a14ab20-1201-bmw-x5m-pre-lci-f95-pre-preg-carbon-fibre-front-splitter-2020-2023,Adro A14AB20-1201 BMW X5M Pre-Lci F95 Pre-Preg Carbon Fibre Front Splitter (2020-2023),"<h4><strong>Description</strong></h4><p>Enhance both the aesthetics and performance of your BMW F95 X5M with our one-piece dry carbon fiber (pre-preg) front lip. Designed to amplify your SUV's aggressive stance, this aerodynamic upgrade is CFD-tested to optimize airflow, increasing downforce and reducing drag for superior stability.</p><p>Crafted from high-quality, lightweight pre-preg carbon fiber, this front lip delivers added downforce without unnecessary weight. Precision-engineered for a seamless fit, it integrates effortlessly with your X5M's design, enhancing both style and function while reinforcing its commanding road presence.</p><p>&nbsp;</p><h4>Features</h4><p><strong>Pre-Preg Carbon Fiber</strong> Lightweight, durable, and premium quality<br><strong>CFD-Tested Aerodynamics</strong> Improved stability with increased downforce and reduced drag<br><strong>Aggressive Styling</strong> A bold, race-inspired look for your X5M<br><strong>Precision Fitment</strong> No modifications needed for a hassle-free installation</p><p>Upgrade your X5M with a front lip that blends cutting-edge engineering with an unmistakable performance-driven design.</p><p>&nbsp;</p><h4>What's Included</h4><ul><li>1 x Adro Carbon Fibre (pre-preg, 2x2 weave) Front Splitter</li><li>Installation Hardware<br></li></ul><p>&nbsp;</p><h4>Compatibility</h4><p>Feel free to contact us at info@mlperformance.co.uk should you wish to double check!</p><p>&nbsp;</p><h4>Compatibility Check</h4><p>To ensure the part(s) you have ordered fits your vehicle, we run a compatibility check prior to dispatch. We can do this either using your registration number (UK) or the last 7 digits of your VIN. Simply enter your car details prior to checkout.</p><p>&nbsp;</p><h4>Part Number</h4><p>ADRO-A14AB20-1201</p><p>&nbsp;</p><h4>More Information</h4><p><strong>Manufactured by</strong></p><p>Adro</p>",Adro,,Exterior,"Uploaded by_Muazzim, MLP Discount 2025, Brand_Adro, 2025_New Products, Product Type_Exterior, Category_Front Splitters",TRUE,Title,Default Title,,,,,ADRO-A14AB20-1201,40000,shopify,continue,manual,1859,1859,TRUE,TRUE,A14AB20-1201,https://autoid.co/cdn/shop/files/bmw-x5m-pre-lci-f95-pre-preg-carbon-fibre-front-splitter-by-adro-2020-2023-adro-420266.webp?v=1740143486&width=1200,1,Adro A14AB20-1201 BMW X5M PRE-LCI F95 PRE-PREG CARBON FIBRE FRONT SPLITTER (2020-2023),,Adro A14AB20-1201 BMW X5M PRE-LCI F95 PRE-PREG CARBON FIBRE FRONT SPLITTER (2020-2023),Get Adro A14AB20-1201 BMW X5M PRE-LCI F95 PRE-PREG CARBON FIBRE FRONT SPLITTER (2020-2023) for your car to get your desired looks and performance from ML Performance at the lowest price with FREE UK shipping & next day delivery on in stock items. Very cheap prices & good service.,,,,A14AB20-1201,,,new,,,,,,,,kg,8708949900,,,,,draft
adro-a14ab20-1201-bmw-x5m-pre-lci-f95-pre-preg-carbon-fibre-front-splitter-2020-2023,,,,,,,,,,,,,,,,,,,,,,,,https://autoid.co/cdn/shop/files/bmw-x5m-pre-lci-f95-pre-preg-carbon-fibre-front-splitter-by-adro-2020-2023-adro-946130.webp?v=1740143486&width=1200,2,Adro A14AB20-1201 BMW X5M PRE-LCI F95 PRE-PREG CARBON FIBRE FRONT SPLITTER (2020-2023),,,,,,,,,,,,,,,,,,,,,,,,
adro-a14ab20-1201-bmw-x5m-pre-lci-f95-pre-preg-carbon-fibre-front-splitter-2020-2023,,,,,,,,,,,,,,,,,,,,,,,,https://autoid.co/cdn/shop/files/bmw-x5m-pre-lci-f95-pre-preg-carbon-fibre-front-splitter-by-adro-2020-2023-adro-722881.webp?v=1740143487&width=1200,3,Adro A14AB20-1201 BMW X5M PRE-LCI F95 PRE-PREG CARBON FIBRE FRONT SPLITTER (2020-2023),,,,,,,,,,,,,,,,,,,,,,,,
adro-a14ab20-1201-bmw-x5m-pre-lci-f95-pre-preg-carbon-fibre-front-splitter-2020-2023,,,,,,,,,,,,,,,,,,,,,,,,https://autoid.co/cdn/shop/files/bmw-x5m-pre-lci-f95-pre-preg-carbon-fibre-front-splitter-by-adro-2020-2023-adro-511473.webp?v=1740143487&width=1200,4,Adro A14AB20-1201 BMW X5M PRE-LCI F95 PRE-PREG CARBON FIBRE FRONT SPLITTER (2020-2023),,,,,,,,,,,,,,,,,,,,,,,,
adro-a14ab20-1201-bmw-x5m-pre-lci-f95-pre-preg-carbon-fibre-front-splitter-2020-2023,,,,,,,,,,,,,,,,,,,,,,,,https://autoid.co/cdn/shop/files/bmw-x5m-pre-lci-f95-pre-preg-carbon-fibre-front-splitter-by-adro-2020-2023-adro-916544.webp?v=1740143487&width=1200,5,Adro A14AB20-1201 BMW X5M PRE-LCI F95 PRE-PREG CARBON FIBRE FRONT SPLITTER (2020-2023),,,,,,,,,,,,,,,,,,,,,,,,
adro-a14b30-1201-bmw-g90-g99-m5-carbon-fibre-front-splitter,Adro A14B30-1201 BMW G90 G99 M5 Carbon Fibre Front Splitter,"<h4><strong>Description</strong></h4><p><span>Transform your BMW G90 M5 into a sharper, more purposeful super sedan with ADRO's precision-engineered carbon fibre front lip. Designed with both aesthetics and performance in mind, this front splitter brings motorsport-inspired aggression and aerodynamic prowess to your daily driver.</span></p><p>&nbsp;</p><h4>Features</h4><ul><li><span><strong>Premium Pre‑preg Carbon Construction</strong></span><br><span>Carbon fibre epoxy resin pre-preg is layered and cured under heat and pressure to deliver a super-strong yet featherlight component. The result is minimal weight with maximum structural integrity, enhanced by a stunning high-gloss 2×2 twill weave.</span></li><li><span><strong>Precision OEM Fitment</strong></span><br><span>Crafted using precise 3D scan data of the G90 M5, this front lip offers seamless integration with the factory bumper. Enjoy a flawless fit without any cutting or modification — it simply bolts on like a factory part.</span></li><li><span><strong>Aerodynamically Optimised Design</strong></span><br><span>Developed with Computational Fluid Dynamics (CFD) to sculpt airflow, this splitter refines the G90's front-end stance for improved stability, reduced lift, and better cooling efficiency at higher speeds.</span></li><li><span><strong>Bold Motorsport Styling</strong></span><br><span>With its aggressive lines and defined edges, the ADRO front lip instantly transforms your G90's visage—making a strong visual statement that reflects its performance pedigree.</span><span><span></span></span></li><li><strong>Comprehensive Kit</strong><br><span>The lip ships complete with all necessary hardware: screws and 3M tape for quick and secure installation. Installation is a straightforward process, guided by ADRO's upcoming manual.</span></li></ul><b><br></b><div></div><p>&nbsp;</p><h4>Compatibility</h4><p>Feel free to contact us at info@mlperformance.co.uk should you wish to double check!</p><p>&nbsp;</p><h4>Compatibility Check</h4><p>To ensure the part(s) you have ordered fits your vehicle, we run a compatibility check prior to dispatch. We can do this either using your registration number (UK) or the last 7 digits of your VIN. Simply enter your car details prior to checkout.</p><p>&nbsp;</p><h4>Part Number</h4><p>ADRO-A14B30-1201</p><p>&nbsp;</p><h4>More Information</h4><p><strong>Manufactured by</strong></p><p>Adro</p>",Adro,,Exterior,"Uploaded by_Muazzim, MLP Discount 2025, Brand_Adro, 2025_New Products, Product Type_Exterior, Category_Front Splitters",TRUE,Title,Default Title,,,,,ADRO-A14B30-1201,40000,shopify,continue,manual,1850,1850,TRUE,TRUE,A14B30-1201,https://autoid.co/cdn/shop/files/bmw-g90-m5-carbon-fibre-front-splitter-by-adro-adro-front-lips-splitters-387608.webp?v=1749719222&width=1200,1,Adro A14B30-1201 BMW G90 G99 M5 CARBON FIBRE FRONT SPLITTER,,Adro A14B30-1201 BMW G90 G99 M5 CARBON FIBRE FRONT SPLITTER,Get Adro A14B30-1201 BMW G90 G99 M5 CARBON FIBRE FRONT SPLITTER for your car to get your desired looks and performance from ML Performance at the lowest price with FREE UK shipping & next day delivery on in stock items. Very cheap prices & good service.,,,,A14B30-1201,,,new,,,,,,,,kg,8708949900,,,,,draft
adro-a14b30-1201-bmw-g90-g99-m5-carbon-fibre-front-splitter,,,,,,,,,,,,,,,,,,,,,,,,https://autoid.co/cdn/shop/files/bmw-g90-m5-carbon-fibre-front-splitter-by-adro-adro-front-lips-splitters-360048.webp?v=1749719223&width=1200,2,Adro A14B30-1201 BMW G90 G99 M5 CARBON FIBRE FRONT SPLITTER,,,,,,,,,,,,,,,,,,,,,,,,
adro-a14b30-1201-bmw-g90-g99-m5-carbon-fibre-front-splitter,,,,,,,,,,,,,,,,,,,,,,,,https://autoid.co/cdn/shop/files/bmw-g90-m5-carbon-fibre-front-splitter-by-adro-adro-front-lips-splitters-894587.webp?v=1749719223&width=1200,3,Adro A14B30-1201 BMW G90 G99 M5 CARBON FIBRE FRONT SPLITTER,,,,,,,,,,,,,,,,,,,,,,,,
adro-a14b30-1201-bmw-g90-g99-m5-carbon-fibre-front-splitter,,,,,,,,,,,,,,,,,,,,,,,,https://autoid.co/cdn/shop/files/bmw-g90-m5-carbon-fibre-front-splitter-by-adro-adro-front-lips-splitters-740481.webp?v=1749719223&width=1200,4,Adro A14B30-1201 BMW G90 G99 M5 CARBON FIBRE FRONT SPLITTER,,,,,,,,,,,,,,,,,,,,,,,,
adro-a14b30-1201-bmw-g90-g99-m5-carbon-fibre-front-splitter,,,,,,,,,,,,,,,,,,,,,,,,https://autoid.co/cdn/shop/files/bmw-g90-m5-carbon-fibre-front-splitter-by-adro-adro-front-lips-splitters-995262.webp?v=1749719223&width=1200,5,Adro A14B30-1201 BMW G90 G99 M5 CARBON FIBRE FRONT SPLITTER,,,,,,,,,,,,,,,,,,,,,,,,
adro-a14b30-1201-bmw-g90-g99-m5-carbon-fibre-front-splitter,,,,,,,,,,,,,,,,,,,,,,,,https://autoid.co/cdn/shop/files/bmw-g90-m5-carbon-fibre-front-splitter-by-adro-adro-front-lips-splitters-641946.webp?v=1749719223&width=1200,6,Adro A14B30-1201 BMW G90 G99 M5 CARBON FIBRE FRONT SPLITTER,,,,,,,,,,,,,,,,,,,,,,,,
adro-a14a11-1202-bmw-m3-g80-g81-m4-g82-g83-dry-carbon-fibre-front-splitter-2021,Adro A14A11-1202 BMW M3 G80 G81 & M4 G82 G83 Dry Carbon Fibre Front Splitter (2021+),"<h4><strong>Description</strong></h4><p>BMW M3 G80 G81 & M4 G82 G83 Dry Carbon Fibre Front Splitter by Adro (2021+)</p><p>&nbsp;</p><h4>What's Included</h4><ul><li>1 x Adro Carbon Fibre (pre-preg) Front Splitter Lip</li><li>3M Tape </li><li>Installation Screws</li></ul><p>&nbsp;</p><h4>Compatibility</h4><p>Feel free to contact us at info@mlperformance.co.uk should you wish to double check!</p><p>&nbsp;</p><h4>Compatibility Check</h4><p>To ensure the part(s) you have ordered fits your vehicle, we run a compatibility check prior to dispatch. We can do this either using your registration number (UK) or the last 7 digits of your VIN. Simply enter your car details prior to checkout.</p><p>&nbsp;</p><h4>Part Number</h4><p>ADRO-A14A11-1202</p><p>&nbsp;</p><h4>More Information</h4><p><strong>Manufactured by</strong></p><p>Adro</p>",Adro,,Exterior,"Uploaded by_Muazzim, MLP Discount 2025, Brand_Adro, 2025_New Products, Product Type_Exterior, Category_Front Splitters",TRUE,Title,Default Title,,,,,ADRO-A14A11-1202,40000,shopify,continue,manual,1849.08,1849.08,TRUE,TRUE,A14A11-1202,https://autoid.co/cdn/shop/files/bmw-m3-g80-g81-m4-g82-g83-dry-carbon-fibre-front-splitter-by-adro-2021-adro-543243.jpg?v=1726655345&width=2048,1,Adro A14A11-1202 BMW M3 G80 G81 & M4 G82 G83 DRY CARBON FIBRE FRONT SPLITTER (2021+),,Adro A14A11-1202 BMW M3 G80 G81 & M4 G82 G83 DRY CARBON FIBRE FRONT SPLITTER (2021+),Get Adro A14A11-1202 BMW M3 G80 G81 & M4 G82 G83 DRY CARBON FIBRE FRONT SPLITTER (2021+) for your car to get your desired looks and performance from ML Performance at the lowest price with FREE UK shipping & next day delivery on in stock items. Very cheap prices & good service.,,,,A14A11-1202,,,new,,,,,,,,kg,8708949900,,,,,draft
adro-a14a11-1202-bmw-m3-g80-g81-m4-g82-g83-dry-carbon-fibre-front-splitter-2021,,,,,,,,,,,,,,,,,,,,,,,,https://autoid.co/cdn/shop/files/bmw-m3-g80-g81-m4-g82-g83-dry-carbon-fibre-front-splitter-by-adro-2021-adro-105081.jpg?v=1738749962&width=2048,2,Adro A14A11-1202 BMW M3 G80 G81 & M4 G82 G83 DRY CARBON FIBRE FRONT SPLITTER (2021+),,,,,,,,,,,,,,,,,,,,,,,,
adro-a14a11-1202-bmw-m3-g80-g81-m4-g82-g83-dry-carbon-fibre-front-splitter-2021,,,,,,,,,,,,,,,,,,,,,,,,https://autoid.co/cdn/shop/files/bmw-m3-g80-g81-m4-g82-g83-dry-carbon-fibre-front-splitter-by-adro-2021-adro-527607.jpg?v=1738749962&width=2048,3,Adro A14A11-1202 BMW M3 G80 G81 & M4 G82 G83 DRY CARBON FIBRE FRONT SPLITTER (2021+),,,,,,,,,,,,,,,,,,,,,,,,
adro-a14a11-1202-bmw-m3-g80-g81-m4-g82-g83-dry-carbon-fibre-front-splitter-2021,,,,,,,,,,,,,,,,,,,,,,,,https://autoid.co/cdn/shop/files/bmw-m3-g80-g81-m4-g82-g83-dry-carbon-fibre-front-splitter-by-adro-2021-adro-311739.jpg?v=1738749962&width=2048,4,Adro A14A11-1202 BMW M3 G80 G81 & M4 G82 G83 DRY CARBON FIBRE FRONT SPLITTER (2021+),,,,,,,,,,,,,,,,,,,,,,,,
adro-a14a11-1202-bmw-m3-g80-g81-m4-g82-g83-dry-carbon-fibre-front-splitter-2021,,,,,,,,,,,,,,,,,,,,,,,,https://autoid.co/cdn/shop/files/bmw-m3-g80-g81-m4-g82-g83-dry-carbon-fibre-front-splitter-by-adro-2021-adro-242325.jpg?v=1738749962&width=2048,5,Adro A14A11-1202 BMW M3 G80 G81 & M4 G82 G83 DRY CARBON FIBRE FRONT SPLITTER (2021+),,,,,,,,,,,,,,,,,,,,,,,,
adro-a14a11-1202-bmw-m3-g80-g81-m4-g82-g83-dry-carbon-fibre-front-splitter-2021,,,,,,,,,,,,,,,,,,,,,,,,https://autoid.co/cdn/shop/files/bmw-m3-g80-g81-m4-g82-g83-dry-carbon-fibre-front-splitter-by-adro-2021-adro-387172.jpg?v=1738749962&width=2048,6,Adro A14A11-1202 BMW M3 G80 G81 & M4 G82 G83 DRY CARBON FIBRE FRONT SPLITTER (2021+),,,,,,,,,,,,,,,,,,,,,,,,
adro-a14a11-1202-bmw-m3-g80-g81-m4-g82-g83-dry-carbon-fibre-front-splitter-2021,,,,,,,,,,,,,,,,,,,,,,,,https://autoid.co/cdn/shop/files/bmw-m3-g80-g81-m4-g82-g83-dry-carbon-fibre-front-splitter-by-adro-2021-adro-181814.jpg?v=1738749962&width=1638,7,Adro A14A11-1202 BMW M3 G80 G81 & M4 G82 G83 DRY CARBON FIBRE FRONT SPLITTER (2021+),,,,,,,,,,,,,,,,,,,,,,,,
adro-a14a11-1202-bmw-m3-g80-g81-m4-g82-g83-dry-carbon-fibre-front-splitter-2021,,,,,,,,,,,,,,,,,,,,,,,,https://autoid.co/cdn/shop/files/bmw-m3-g80-g81-m4-g82-g83-dry-carbon-fibre-front-splitter-by-adro-2021-adro-677941.jpg?v=1738749946&width=1638,8,Adro A14A11-1202 BMW M3 G80 G81 & M4 G82 G83 DRY CARBON FIBRE FRONT SPLITTER (2021+),,,,,,,,,,,,,,,,,,,,,,,,
adro-a14a11-1202-bmw-m3-g80-g81-m4-g82-g83-dry-carbon-fibre-front-splitter-2021,,,,,,,,,,,,,,,,,,,,,,,,https://autoid.co/cdn/shop/files/bmw-m3-g80-g81-m4-g82-g83-dry-carbon-fibre-front-splitter-by-adro-2021-adro-812261.jpg?v=1738749946&width=1638,9,Adro A14A11-1202 BMW M3 G80 G81 & M4 G82 G83 DRY CARBON FIBRE FRONT SPLITTER (2021+),,,,,,,,,,,,,,,,,,,,,,,,
adro-a14a11-1202-bmw-m3-g80-g81-m4-g82-g83-dry-carbon-fibre-front-splitter-2021,,,,,,,,,,,,,,,,,,,,,,,,https://autoid.co/cdn/shop/files/bmw-m3-g80-g81-m4-g82-g83-dry-carbon-fibre-front-splitter-by-adro-2021-adro-973257.jpg?v=1738749946&width=1638,10,Adro A14A11-1202 BMW M3 G80 G81 & M4 G82 G83 DRY CARBON FIBRE FRONT SPLITTER (2021+),,,,,,,,,,,,,,,,,,,,,,,,
adro-a14a11-1202-bmw-m3-g80-g81-m4-g82-g83-dry-carbon-fibre-front-splitter-2021,,,,,,,,,,,,,,,,,,,,,,,,https://autoid.co/cdn/shop/files/bmw-m3-g80-g81-m4-g82-g83-dry-carbon-fibre-front-splitter-by-adro-2021-adro-705494.jpg?v=1738749946&width=1638,11,Adro A14A11-1202 BMW M3 G80 G81 & M4 G82 G83 DRY CARBON FIBRE FRONT SPLITTER (2021+),,,,,,,,,,,,,,,,,,,,,,,,
adro-a14a11-1202-bmw-m3-g80-g81-m4-g82-g83-dry-carbon-fibre-front-splitter-2021,,,,,,,,,,,,,,,,,,,,,,,,https://autoid.co/cdn/shop/files/bmw-m3-g80-g81-m4-g82-g83-dry-carbon-fibre-front-splitter-by-adro-2021-adro-181443.jpg?v=1738749946&width=1638,12,Adro A14A11-1202 BMW M3 G80 G81 & M4 G82 G83 DRY CARBON FIBRE FRONT SPLITTER (2021+),,,,,,,,,,,,,,,,,,,,,,,,
adro-a14ab10-1201-bmw-x3m-lci-f97-pre-preg-carbon-fibre-front-splitter-2022,Adro A14AB10-1201 BMW X3M Lci F97 Pre-Preg Carbon Fibre Front Splitter (2022+),"<h4><strong>Description</strong></h4><p>Upgrade your BMW F97 X3M with our premium one-piece dry carbon fiber (pre-preg) front lip, designed to enhance both style and performance. Crafted for visual impact and aerodynamic efficiency, this precision-engineered addition boosts your X3M's aggressive stance while delivering CFD-tested benefits—maximizing downforce and minimizing drag for superior stability.</p><p>Built from high-quality, lightweight pre-preg carbon fiber, this front lip improves aerodynamics without unnecessary weight. Designed for a flawless fit, it seamlessly integrates with your vehicle's lines, optimizing airflow and reinforcing its commanding presence on the road.</p><p>&nbsp;</p><h4>Features</h4><p><strong>Pre-Preg Carbon Fiber</strong> Exceptional strength, ultra-lightweight, and premium quality<br><strong>CFD-Tested Aerodynamics</strong> Increased downforce and reduced drag for enhanced stability<br><strong>Aggressive Styling</strong> A bold, race-inspired look for your X3M<br><strong>Precision Fitment</strong> Direct bolt-on installation with no modifications required</p><p>Elevate your X3M with a front lip that merges cutting-edge engineering with striking aesthetics.</p><p>&nbsp;</p><h4>What's Included</h4><ul><li>1 x Adro Carbon Fibre (pre-preg, 2x2 weave) Front Splitter</li><li>Installation Hardware<br></li></ul><p>&nbsp;</p><h4>Compatibility</h4><p>Feel free to contact us at info@mlperformance.co.uk should you wish to double check!</p><p>&nbsp;</p><h4>Compatibility Check</h4><p>To ensure the part(s) you have ordered fits your vehicle, we run a compatibility check prior to dispatch. We can do this either using your registration number (UK) or the last 7 digits of your VIN. Simply enter your car details prior to checkout.</p><p>&nbsp;</p><h4>Part Number</h4><p>ADRO-A14AB10-1201</p><p>&nbsp;</p><h4>More Information</h4><p><strong>Manufactured by</strong></p><p>Adro</p>",Adro,,Exterior,"Uploaded by_Muazzim, MLP Discount 2025, Brand_Adro, 2025_New Products, Product Type_Exterior, Category_Front Splitters",TRUE,Title,Default Title,,,,,ADRO-A14AB10-1201,40000,shopify,continue,manual,1799,1799,TRUE,TRUE,A14AB10-1201,https://autoid.co/cdn/shop/files/bmw-x3m-lci-f97-pre-preg-carbon-fibre-front-splitter-by-adro-2022-adro-760373.webp?v=1740675904&width=1200,1,Adro A14AB10-1201 BMW X3M LCI F97 PRE-PREG CARBON FIBRE FRONT SPLITTER (2022+),,Adro A14AB10-1201 BMW X3M LCI F97 PRE-PREG CARBON FIBRE FRONT SPLITTER (2022+),Get Adro A14AB10-1201 BMW X3M LCI F97 PRE-PREG CARBON FIBRE FRONT SPLITTER (2022+) for your car to get your desired looks and performance from ML Performance at the lowest price with FREE UK shipping & next day delivery on in stock items. Very cheap prices & good service.,,,,A14AB10-1201,,,new,,,,,,,,kg,8708949900,,,,,draft
adro-a14ab10-1201-bmw-x3m-lci-f97-pre-preg-carbon-fibre-front-splitter-2022,,,,,,,,,,,,,,,,,,,,,,,,https://autoid.co/cdn/shop/files/bmw-x3m-lci-f97-pre-preg-carbon-fibre-front-splitter-by-adro-2022-adro-807211.webp?v=1740675904&width=1200,2,Adro A14AB10-1201 BMW X3M LCI F97 PRE-PREG CARBON FIBRE FRONT SPLITTER (2022+),,,,,,,,,,,,,,,,,,,,,,,,
adro-a14ab10-1201-bmw-x3m-lci-f97-pre-preg-carbon-fibre-front-splitter-2022,,,,,,,,,,,,,,,,,,,,,,,,https://autoid.co/cdn/shop/files/bmw-x3m-lci-f97-pre-preg-carbon-fibre-front-splitter-by-adro-2022-adro-865896.webp?v=1740675905&width=1200,3,Adro A14AB10-1201 BMW X3M LCI F97 PRE-PREG CARBON FIBRE FRONT SPLITTER (2022+),,,,,,,,,,,,,,,,,,,,,,,,
adro-a14ab10-1201-bmw-x3m-lci-f97-pre-preg-carbon-fibre-front-splitter-2022,,,,,,,,,,,,,,,,,,,,,,,,https://autoid.co/cdn/shop/files/bmw-x3m-lci-f97-pre-preg-carbon-fibre-front-splitter-by-adro-2022-adro-482869.webp?v=1740675906&width=1200,4,Adro A14AB10-1201 BMW X3M LCI F97 PRE-PREG CARBON FIBRE FRONT SPLITTER (2022+),,,,,,,,,,,,,,,,,,,,,,,,
adro-a14ab10-1201-bmw-x3m-lci-f97-pre-preg-carbon-fibre-front-splitter-2022,,,,,,,,,,,,,,,,,,,,,,,,https://autoid.co/cdn/shop/files/bmw-x3m-lci-f97-pre-preg-carbon-fibre-front-splitter-by-adro-2022-adro-409163.webp?v=1740675906&width=1200,5,Adro A14AB10-1201 BMW X3M LCI F97 PRE-PREG CARBON FIBRE FRONT SPLITTER (2022+),,,,,,,,,,,,,,,,,,,,,,,,
adro-a14ab10-1201-bmw-x3m-lci-f97-pre-preg-carbon-fibre-front-splitter-2022,,,,,,,,,,,,,,,,,,,,,,,,https://autoid.co/cdn/shop/files/bmw-x3m-lci-f97-pre-preg-carbon-fibre-front-splitter-by-adro-2022-adro-525501.webp?v=1740675907&width=1200,6,Adro A14AB10-1201 BMW X3M LCI F97 PRE-PREG CARBON FIBRE FRONT SPLITTER (2022+),,,,,,,,,,,,,,,,,,,,,,,,
adro-a14ab10-1201-bmw-x3m-lci-f97-pre-preg-carbon-fibre-front-splitter-2022,,,,,,,,,,,,,,,,,,,,,,,,https://autoid.co/cdn/shop/files/bmw-x3m-lci-f97-pre-preg-carbon-fibre-front-splitter-by-adro-2022-adro-498185.webp?v=1740675906&width=1200,7,Adro A14AB10-1201 BMW X3M LCI F97 PRE-PREG CARBON FIBRE FRONT SPLITTER (2022+),,,,,,,,,,,,,,,,,,,,,,,,
adro-a14a90-1302-bmw-m2-g87-pre-preg-carbon-fibre-rear-diffuser-v2-2023,Adro A14A90-1302 BMW M2 G87 Pre-Preg Carbon Fibre Rear Diffuser V2 (2023+),"<h4><strong>Description</strong></h4><b><strong>ADRO G87 M2 CARBON FIBER REAR DIFFUSER V2</strong></b><p>Take your <strong>BMW G87 M2</strong> to the next level with the <strong>ADRO Carbon Fiber Rear Diffuser V2</strong>—a perfect fusion of aggressive styling and aerodynamic performance. Designed for enthusiasts who demand both form and function, this diffuser seamlessly integrates with the factory body lines while delivering a bold, race-inspired presence.</p><p>&nbsp;</p><h4>What's Included</h4><p>Carbon Fibre Rear Diffuser<br>3M Adhesive Tape<br>Hardware</p><p>&nbsp;</p><h4>Compatibility</h4><p>Feel free to contact us at info@mlperformance.co.uk should you wish to double check!</p><p>&nbsp;</p><h4>Compatibility Check</h4><p>To ensure the part(s) you have ordered fits your vehicle, we run a compatibility check prior to dispatch. We can do this either using your registration number (UK) or the last 7 digits of your VIN. Simply enter your car details prior to checkout.</p><p>&nbsp;</p><h4>Part Number</h4><p>ADRO-A14A90-1302</p><p>&nbsp;</p><h4>More Information</h4><p><strong>Manufactured by</strong></p><p>Adro</p>",Adro,,Exterior,"Uploaded by_Muazzim, MLP Discount 2025, Brand_Adro, 2025_New Products, Product Type_Exterior, Category_Rear Diffusers",TRUE,Title,Default Title,,,,,ADRO-A14A90-1302,35000,shopify,continue,manual,1799,1799,TRUE,TRUE,A14A90-1302,https://autoid.co/cdn/shop/files/bmw-m2-g87-pre-preg-carbon-fibre-rear-diffuser-v2-by-adro-2023-adro-302358.webp?v=1740675906&width=1200,1,Adro A14A90-1302 BMW M2 G87 PRE-PREG CARBON FIBRE REAR DIFFUSER V2 (2023+),,Adro A14A90-1302 BMW M2 G87 PRE-PREG CARBON FIBRE REAR DIFFUSER V2 (2023+),Get Adro A14A90-1302 BMW M2 G87 PRE-PREG CARBON FIBRE REAR DIFFUSER V2 (2023+) for your car to get your desired looks and performance from ML Performance at the lowest price with FREE UK shipping & next day delivery on in stock items. Very cheap prices & good service.,,,,A14A90-1302,,,new,,,,,,,,kg,8708949900,,,,,draft
adro-a14a90-1302-bmw-m2-g87-pre-preg-carbon-fibre-rear-diffuser-v2-2023,,,,,,,,,,,,,,,,,,,,,,,,https://autoid.co/cdn/shop/files/bmw-m2-g87-pre-preg-carbon-fibre-rear-diffuser-v2-by-adro-2023-adro-547269.webp?v=1740675908&width=1200,2,Adro A14A90-1302 BMW M2 G87 PRE-PREG CARBON FIBRE REAR DIFFUSER V2 (2023+),,,,,,,,,,,,,,,,,,,,,,,,
adro-a14a90-1302-bmw-m2-g87-pre-preg-carbon-fibre-rear-diffuser-v2-2023,,,,,,,,,,,,,,,,,,,,,,,,https://autoid.co/cdn/shop/files/bmw-m2-g87-pre-preg-carbon-fibre-rear-diffuser-v2-by-adro-2023-adro-472177.webp?v=1740675908&width=1200,3,Adro A14A90-1302 BMW M2 G87 PRE-PREG CARBON FIBRE REAR DIFFUSER V2 (2023+),,,,,,,,,,,,,,,,,,,,,,,,
adro-a14a90-1302-bmw-m2-g87-pre-preg-carbon-fibre-rear-diffuser-v2-2023,,,,,,,,,,,,,,,,,,,,,,,,https://autoid.co/cdn/shop/files/bmw-m2-g87-pre-preg-carbon-fibre-rear-diffuser-v2-by-adro-2023-adro-573298.webp?v=1740675909&width=1200,4,Adro A14A90-1302 BMW M2 G87 PRE-PREG CARBON FIBRE REAR DIFFUSER V2 (2023+),,,,,,,,,,,,,,,,,,,,,,,,
adro-a14a90-1302-bmw-m2-g87-pre-preg-carbon-fibre-rear-diffuser-v2-2023,,,,,,,,,,,,,,,,,,,,,,,,https://autoid.co/cdn/shop/files/bmw-m2-g87-pre-preg-carbon-fibre-rear-diffuser-v2-by-adro-2023-adro-861804.webp?v=1740675909&width=1200,5,Adro A14A90-1302 BMW M2 G87 PRE-PREG CARBON FIBRE REAR DIFFUSER V2 (2023+),,,,,,,,,,,,,,,,,,,,,,,,
adro-a14a90-1302-bmw-m2-g87-pre-preg-carbon-fibre-rear-diffuser-v2-2023,,,,,,,,,,,,,,,,,,,,,,,,https://autoid.co/cdn/shop/files/bmw-m2-g87-pre-preg-carbon-fibre-rear-diffuser-v2-by-adro-2023-adro-498275.webp?v=1740675911&width=1200,6,Adro A14A90-1302 BMW M2 G87 PRE-PREG CARBON FIBRE REAR DIFFUSER V2 (2023+),,,,,,,,,,,,,,,,,,,,,,,,
adro-a14a90-1401-bmw-m2-g87-pre-preg-carbon-fibre-side-skirts-2023,Adro A14A90-1401 BMW M2 G87 Pre-Preg Carbon Fibre Side Skirts (2023+),"<h4><strong>Description</strong></h4><p>ADRO Carbon Fibre Side Skirts for the M2 G87 model. As official ADRO distributors, we offer the full carbon body kit for the M2 including the front splitter, rear wing, side skirts and a rear diffuser.</p><p><span>This carbon fibre is composed of a 2x2 weave, typical of most OEM carbon fibre pieces and comparable to Genuine M Performance parts.</span></p><p>&nbsp;</p><h4>What's Included</h4><ul><li>2 x Adro Carbon Fibre (pre-preg, 2x2 weave) Side Skirts</li><li>Installation Hardware<br></li></ul><p>&nbsp;</p><h4>Compatibility</h4><p>Feel free to contact us at info@mlperformance.co.uk should you wish to double check!</p><p>&nbsp;</p><h4>Compatibility Check</h4><p>To ensure the part(s) you have ordered fits your vehicle, we run a compatibility check prior to dispatch. We can do this either using your registration number (UK) or the last 7 digits of your VIN. Simply enter your car details prior to checkout.</p><p>&nbsp;</p><h4>Part Number</h4><p>ADRO-A14A90-1401</p><p>&nbsp;</p><h4>More Information</h4><p><strong>Manufactured by</strong></p><p>Adro</p>",Adro,,Exterior,"Uploaded by_Muazzim, MLP Discount 2025, Brand_Adro, 2025_New Products, Product Type_Exterior, Category_Side Skirts",TRUE,Title,Default Title,,,,,ADRO-A14A90-1401,26000,shopify,continue,manual,1799,1799,TRUE,TRUE,A14A90-1401,https://autoid.co/cdn/shop/files/bmw-m2-g87-pre-preg-carbon-fibre-side-skirts-by-adro-2023-adro-149586.webp?v=1726655170&width=800,1,Adro A14A90-1401 BMW M2 G87 PRE-PREG CARBON FIBRE SIDE SKIRTS (2023+),,Adro A14A90-1401 BMW M2 G87 PRE-PREG CARBON FIBRE SIDE SKIRTS (2023+),Get Adro A14A90-1401 BMW M2 G87 PRE-PREG CARBON FIBRE SIDE SKIRTS (2023+) for your car to get your desired looks and performance from ML Performance at the lowest price with FREE UK shipping & next day delivery on in stock items. Very cheap prices & good service.,,,,A14A90-1401,,,new,,,,,,,,kg,8708949900,,,,,draft
adro-a14a90-1401-bmw-m2-g87-pre-preg-carbon-fibre-side-skirts-2023,,,,,,,,,,,,,,,,,,,,,,,,https://autoid.co/cdn/shop/files/bmw-m2-g87-pre-preg-carbon-fibre-side-skirts-by-adro-2023-adro-953557.webp?v=1726655170&width=800,2,Adro A14A90-1401 BMW M2 G87 PRE-PREG CARBON FIBRE SIDE SKIRTS (2023+),,,,,,,,,,,,,,,,,,,,,,,,
adro-a14a90-1401-bmw-m2-g87-pre-preg-carbon-fibre-side-skirts-2023,,,,,,,,,,,,,,,,,,,,,,,,https://autoid.co/cdn/shop/files/bmw-m2-g87-pre-preg-carbon-fibre-side-skirts-by-adro-2023-adro-866934.webp?v=1726655170&width=800,3,Adro A14A90-1401 BMW M2 G87 PRE-PREG CARBON FIBRE SIDE SKIRTS (2023+),,,,,,,,,,,,,,,,,,,,,,,,
adro-a14a90-1401-bmw-m2-g87-pre-preg-carbon-fibre-side-skirts-2023,,,,,,,,,,,,,,,,,,,,,,,,https://autoid.co/cdn/shop/files/bmw-m2-g87-pre-preg-carbon-fibre-side-skirts-by-adro-2023-adro-265837.webp?v=1726655170&width=800,4,Adro A14A90-1401 BMW M2 G87 PRE-PREG CARBON FIBRE SIDE SKIRTS (2023+),,,,,,,,,,,,,,,,,,,,,,,,
adro-a14a90-1401-bmw-m2-g87-pre-preg-carbon-fibre-side-skirts-2023,,,,,,,,,,,,,,,,,,,,,,,,https://autoid.co/cdn/shop/files/bmw-m2-g87-pre-preg-carbon-fibre-side-skirts-by-adro-2023-adro-784465.webp?v=1726655170&width=800,5,Adro A14A90-1401 BMW M2 G87 PRE-PREG CARBON FIBRE SIDE SKIRTS (2023+),,,,,,,,,,,,,,,,,,,,,,,,
adro-a14a90-1401-bmw-m2-g87-pre-preg-carbon-fibre-side-skirts-2023,,,,,,,,,,,,,,,,,,,,,,,,https://autoid.co/cdn/shop/files/bmw-m2-g87-pre-preg-carbon-fibre-side-skirts-by-adro-2023-adro-908017.webp?v=1726655170&width=800,6,Adro A14A90-1401 BMW M2 G87 PRE-PREG CARBON FIBRE SIDE SKIRTS (2023+),,,,,,,,,,,,,,,,,,,,,,,,
adro-a14a90-1401-bmw-m2-g87-pre-preg-carbon-fibre-side-skirts-2023,,,,,,,,,,,,,,,,,,,,,,,,https://autoid.co/cdn/shop/files/bmw-m2-g87-pre-preg-carbon-fibre-side-skirts-by-adro-2023-adro-800853.webp?v=1726655170&width=800,7,Adro A14A90-1401 BMW M2 G87 PRE-PREG CARBON FIBRE SIDE SKIRTS (2023+),,,,,,,,,,,,,,,,,,,,,,,,
adro-a15a10-1201-tesla-model-3-pre-preg-carbon-fibre-front-splitter-2017,Adro A15A10-1201 Tesla Model 3 Pre-Preg Carbon Fibre Front Splitter (2017+),"<h4><strong>Description</strong></h4><p>ADRO Pre-preg Carbon Fibre Front Splitter for the Tesla Model 3. As official ADRO distributors, we offer the full pre-preg carbon body kit for the Tesla Model 3 including this front splitter, rear diffuser, side skirts and a rear diffuser.</p><p>Pre-preg carbon fibre is a high-quality grade, it's lighter and stronger and more durable than the wet carbon alternative. It is composed of a 2x2 weave, typical of most OEM carbon fibre pieces.</p><p>The style of this splitter adds aggression to the front end with wide side spats whilst complementing the curvy lines of the Tesla Model 3 front bumper.</p><p>You can view the installation manual <a>here</a></p><p>&nbsp;</p><h4>What's Included</h4><ul><li>1 x Adro Carbon Fibre (pre-preg, 2x2 weave) Front Splitter</li><li>Installation Hardware<br></li></ul><p>&nbsp;</p><h4>Compatibility</h4><p>Feel free to contact us at info@mlperformance.co.uk should you wish to double check!</p><p>&nbsp;</p><h4>Compatibility Check</h4><p>To ensure the part(s) you have ordered fits your vehicle, we run a compatibility check prior to dispatch. We can do this either using your registration number (UK) or the last 7 digits of your VIN. Simply enter your car details prior to checkout.</p><p>&nbsp;</p><h4>Part Number</h4><p>ADRO-A15A10-1201</p><p>&nbsp;</p><h4>More Information</h4><p><strong>Manufactured by</strong></p><p>Adro</p>",Adro,,Exterior,"Uploaded by_Muazzim, MLP Discount 2025, Brand_Adro, 2025_New Products, Product Type_Exterior, Category_Front Splitters",TRUE,Title,Default Title,,,,,ADRO-A15A10-1201,40000,shopify,continue,manual,1799,1799,TRUE,TRUE,A15A10-1201,https://autoid.co/cdn/shop/files/tesla-model-3-pre-preg-carbon-fibre-front-splitter-by-adro-2017-adro-890558.webp?v=1726655944&width=1440,1,Adro A15A10-1201 TESLA MODEL 3 PRE-PREG CARBON FIBRE FRONT SPLITTER (2017+),,Adro A15A10-1201 TESLA MODEL 3 PRE-PREG CARBON FIBRE FRONT SPLITTER (2017+),Get Adro A15A10-1201 TESLA MODEL 3 PRE-PREG CARBON FIBRE FRONT SPLITTER (2017+) for your car to get your desired looks and performance from ML Performance at the lowest price with FREE UK shipping & next day delivery on in stock items. Very cheap prices & good service.,,,,A15A10-1201,,,new,,,,,,,,kg,8708949900,,,,,draft
adro-a15a10-1201-tesla-model-3-pre-preg-carbon-fibre-front-splitter-2017,,,,,,,,,,,,,,,,,,,,,,,,https://autoid.co/cdn/shop/files/tesla-model-3-pre-preg-carbon-fibre-front-splitter-by-adro-2017-adro-682242.webp?v=1726655944&width=1799,2,Adro A15A10-1201 TESLA MODEL 3 PRE-PREG CARBON FIBRE FRONT SPLITTER (2017+),,,,,,,,,,,,,,,,,,,,,,,,
adro-a15a10-1201-tesla-model-3-pre-preg-carbon-fibre-front-splitter-2017,,,,,,,,,,,,,,,,,,,,,,,,https://autoid.co/cdn/shop/files/tesla-model-3-pre-preg-carbon-fibre-front-splitter-by-adro-2017-adro-934516.webp?v=1726655944&width=1799,3,Adro A15A10-1201 TESLA MODEL 3 PRE-PREG CARBON FIBRE FRONT SPLITTER (2017+),,,,,,,,,,,,,,,,,,,,,,,,
adro-a15a10-1201-tesla-model-3-pre-preg-carbon-fibre-front-splitter-2017,,,,,,,,,,,,,,,,,,,,,,,,https://autoid.co/cdn/shop/files/tesla-model-3-pre-preg-carbon-fibre-front-splitter-by-adro-2017-adro-945231.webp?v=1726655944&width=1799,4,Adro A15A10-1201 TESLA MODEL 3 PRE-PREG CARBON FIBRE FRONT SPLITTER (2017+),,,,,,,,,,,,,,,,,,,,,,,,
adro-a15a10-1201-tesla-model-3-pre-preg-carbon-fibre-front-splitter-2017,,,,,,,,,,,,,,,,,,,,,,,,https://autoid.co/cdn/shop/files/tesla-model-3-pre-preg-carbon-fibre-front-splitter-by-adro-2017-adro-392816.webp?v=1726655944&width=1799,5,Adro A15A10-1201 TESLA MODEL 3 PRE-PREG CARBON FIBRE FRONT SPLITTER (2017+),,,,,,,,,,,,,,,,,,,,,,,,
adro-a15a10-1201-tesla-model-3-pre-preg-carbon-fibre-front-splitter-2017,,,,,,,,,,,,,,,,,,,,,,,,https://autoid.co/cdn/shop/files/tesla-model-3-pre-preg-carbon-fibre-front-splitter-by-adro-2017-adro-830703.webp?v=1726655944&width=1440,6,Adro A15A10-1201 TESLA MODEL 3 PRE-PREG CARBON FIBRE FRONT SPLITTER (2017+),,,,,,,,,,,,,,,,,,,,,,,,
adro-a15a10-1201-tesla-model-3-pre-preg-carbon-fibre-front-splitter-2017,,,,,,,,,,,,,,,,,,,,,,,,https://autoid.co/cdn/shop/files/tesla-model-3-pre-preg-carbon-fibre-front-splitter-by-adro-2017-adro-809066.webp?v=1726655944&width=1799,7,Adro A15A10-1201 TESLA MODEL 3 PRE-PREG CARBON FIBRE FRONT SPLITTER (2017+),,,,,,,,,,,,,,,,,,,,,,,,
adro-a15a10-1201-tesla-model-3-pre-preg-carbon-fibre-front-splitter-2017,,,,,,,,,,,,,,,,,,,,,,,,https://autoid.co/cdn/shop/files/tesla-model-3-pre-preg-carbon-fibre-front-splitter-by-adro-2017-adro-451309.webp?v=1726655944&width=1799,8,Adro A15A10-1201 TESLA MODEL 3 PRE-PREG CARBON FIBRE FRONT SPLITTER (2017+),,,,,,,,,,,,,,,,,,,,,,,,
adro-a15a10-1201-tesla-model-3-pre-preg-carbon-fibre-front-splitter-2017,,,,,,,,,,,,,,,,,,,,,,,,https://autoid.co/cdn/shop/files/tesla-model-3-pre-preg-carbon-fibre-front-splitter-by-adro-2017-adro-729331.webp?v=1726655944&width=1799,9,Adro A15A10-1201 TESLA MODEL 3 PRE-PREG CARBON FIBRE FRONT SPLITTER (2017+),,,,,,,,,,,,,,,,,,,,,,,,
adro-a15a10-1201-tesla-model-3-pre-preg-carbon-fibre-front-splitter-2017,,,,,,,,,,,,,,,,,,,,,,,,https://autoid.co/cdn/shop/files/tesla-model-3-pre-preg-carbon-fibre-front-splitter-by-adro-2017-adro-448966.webp?v=1726655944&width=1440,10,Adro A15A10-1201 TESLA MODEL 3 PRE-PREG CARBON FIBRE FRONT SPLITTER (2017+),,,,,,,,,,,,,,,,,,,,,,,,
adro-a15a20-1201-tesla-model-y-pre-preg-carbon-fibre-front-splitter-2020,Adro A15A20-1201 Tesla Model Y Pre-Preg Carbon Fibre Front Splitter (2020+),"<h4><strong>Description</strong></h4><p>ADRO Pre-preg Carbon Fibre Front Splitter for the Tesla Model Y. As official ADRO distributors, we offer the full pre-preg carbon body kit for the Tesla Model Y including this front splitter, rear diffuser, side skirts and a rear diffuser.</p><p>Pre-preg carbon fibre is a high-quality grade, it's lighter and stronger and more durable than the wet carbon alternative. It is composed of a 2x2 weave, typical of most OEM carbon fibre pieces.</p><p>The style of this splitter adds aggression to the front end with wide side spats whilst complementing the curvy lines of the Tesla Model Y front bumper.</p><p>&nbsp;</p><h4>What's Included</h4><ul><li>1 x Adro Carbon Fibre (pre-preg, 2x2 weave) Front Splitter</li><li>Installation Hardware<br></li></ul><p>&nbsp;</p><h4>Compatibility</h4><p>Feel free to contact us at info@mlperformance.co.uk should you wish to double check!</p><p>&nbsp;</p><h4>Compatibility Check</h4><p>To ensure the part(s) you have ordered fits your vehicle, we run a compatibility check prior to dispatch. We can do this either using your registration number (UK) or the last 7 digits of your VIN. Simply enter your car details prior to checkout.</p><p>&nbsp;</p><h4>Part Number</h4><p>ADRO-A15A20-1201</p><p>&nbsp;</p><h4>More Information</h4><p><strong>Manufactured by</strong></p><p>Adro</p>",Adro,,Exterior,"Uploaded by_Muazzim, MLP Discount 2025, Brand_Adro, 2025_New Products, Product Type_Exterior, Category_Front Splitters",TRUE,Title,Default Title,,,,,ADRO-A15A20-1201,40000,shopify,continue,manual,1799,1799,TRUE,TRUE,A15A20-1201,https://autoid.co/cdn/shop/files/tesla-model-y-pre-preg-carbon-fibre-front-splitter-by-adro-2020-adro-185786.jpg?v=1726655940&width=1440,1,Adro A15A20-1201 TESLA MODEL Y PRE-PREG CARBON FIBRE FRONT SPLITTER (2020+),,Adro A15A20-1201 TESLA MODEL Y PRE-PREG CARBON FIBRE FRONT SPLITTER (2020+),Get Adro A15A20-1201 TESLA MODEL Y PRE-PREG CARBON FIBRE FRONT SPLITTER (2020+) for your car to get your desired looks and performance from ML Performance at the lowest price with FREE UK shipping & next day delivery on in stock items. Very cheap prices & good service.,,,,A15A20-1201,,,new,,,,,,,,kg,8708949900,,,,,draft
adro-a15a20-1201-tesla-model-y-pre-preg-carbon-fibre-front-splitter-2020,,,,,,,,,,,,,,,,,,,,,,,,https://autoid.co/cdn/shop/files/tesla-model-y-pre-preg-carbon-fibre-front-splitter-by-adro-2020-adro-901057.jpg?v=1726655940&width=2048,2,Adro A15A20-1201 TESLA MODEL Y PRE-PREG CARBON FIBRE FRONT SPLITTER (2020+),,,,,,,,,,,,,,,,,,,,,,,,
adro-a15a20-1201-tesla-model-y-pre-preg-carbon-fibre-front-splitter-2020,,,,,,,,,,,,,,,,,,,,,,,,https://autoid.co/cdn/shop/files/tesla-model-y-pre-preg-carbon-fibre-front-splitter-by-adro-2020-adro-980379.jpg?v=1726655940&width=2048,3,Adro A15A20-1201 TESLA MODEL Y PRE-PREG CARBON FIBRE FRONT SPLITTER (2020+),,,,,,,,,,,,,,,,,,,,,,,,
adro-a15a20-1201-tesla-model-y-pre-preg-carbon-fibre-front-splitter-2020,,,,,,,,,,,,,,,,,,,,,,,,https://autoid.co/cdn/shop/files/tesla-model-y-pre-preg-carbon-fibre-front-splitter-by-adro-2020-adro-850483.jpg?v=1726655940&width=2048,4,Adro A15A20-1201 TESLA MODEL Y PRE-PREG CARBON FIBRE FRONT SPLITTER (2020+),,,,,,,,,,,,,,,,,,,,,,,,
adro-a15a20-1201-tesla-model-y-pre-preg-carbon-fibre-front-splitter-2020,,,,,,,,,,,,,,,,,,,,,,,,https://autoid.co/cdn/shop/files/tesla-model-y-pre-preg-carbon-fibre-front-splitter-by-adro-2020-adro-677314.jpg?v=1726655940&width=1290,5,Adro A15A20-1201 TESLA MODEL Y PRE-PREG CARBON FIBRE FRONT SPLITTER (2020+),,,,,,,,,,,,,,,,,,,,,,,,
adro-a15a20-1201-tesla-model-y-pre-preg-carbon-fibre-front-splitter-2020,,,,,,,,,,,,,,,,,,,,,,,,https://autoid.co/cdn/shop/files/IMG_1585.jpg?v=1706717526&width=1290,6,Adro A15A20-1201 TESLA MODEL Y PRE-PREG CARBON FIBRE FRONT SPLITTER (2020+),,,,,,,,,,,,,,,,,,,,,,,,
adro-a15a20-1201-tesla-model-y-pre-preg-carbon-fibre-front-splitter-2020,,,,,,,,,,,,,,,,,,,,,,,,https://autoid.co/cdn/shop/files/IMG_1592.jpg?v=1706717533&width=1290,7,Adro A15A20-1201 TESLA MODEL Y PRE-PREG CARBON FIBRE FRONT SPLITTER (2020+),,,,,,,,,,,,,,,,,,,,,,,,
adro-a14a90-1201-bmw-m2-g87-pre-preg-carbon-fibre-front-splitter-2023,Adro A14A90-1201 BMW M2 G87 Pre-Preg Carbon Fibre Front Splitter (2023+),"<h4><strong>Description</strong></h4><p>ADRO Carbon Fibre Front Splitter for the M2 G87 model. As official ADRO distributors, we offer the full carbon body kit for the M2 including this front splitter, rear wing, side skirts and a rear diffuser.</p><p><span>This carbon fibre is composed of a 2x2 weave, typical of most OEM carbon fibre pieces and comparable to Genuine M Performance parts.</span></p><p>&nbsp;</p><h4>What's Included</h4><ul><li>1 x Adro Carbon Fibre (pre-preg, 2x2 weave) Front Splitter</li><li>Installation Hardware<br></li></ul><p>&nbsp;</p><h4>Compatibility</h4><p>Feel free to contact us at info@mlperformance.co.uk should you wish to double check!</p><p>&nbsp;</p><h4>Compatibility Check</h4><p>To ensure the part(s) you have ordered fits your vehicle, we run a compatibility check prior to dispatch. We can do this either using your registration number (UK) or the last 7 digits of your VIN. Simply enter your car details prior to checkout.</p><p>&nbsp;</p><h4>Part Number</h4><p>ADRO-A14A90-1201</p><p>&nbsp;</p><h4>More Information</h4><p><strong>Manufactured by</strong></p><p>Adro</p>",Adro,,Exterior,"Uploaded by_Muazzim, MLP Discount 2025, Brand_Adro, 2025_New Products, Product Type_Exterior, Category_Front Splitters",TRUE,Title,Default Title,,,,,ADRO-A14A90-1201,40000,shopify,continue,manual,1699,1699,TRUE,TRUE,A14A90-1201,https://autoid.co/cdn/shop/files/bmw-m2-g87-pre-preg-carbon-fibre-front-splitter-by-adro-2023-adro-237113.webp?v=1726655152&width=800,1,Adro A14A90-1201 BMW M2 G87 PRE-PREG CARBON FIBRE FRONT SPLITTER (2023+),,Adro A14A90-1201 BMW M2 G87 PRE-PREG CARBON FIBRE FRONT SPLITTER (2023+),Get Adro A14A90-1201 BMW M2 G87 PRE-PREG CARBON FIBRE FRONT SPLITTER (2023+) for your car to get your desired looks and performance from ML Performance at the lowest price with FREE UK shipping & next day delivery on in stock items. Very cheap prices & good service.,,,,A14A90-1201,,,new,,,,,,,,kg,8708949900,,,,,draft
adro-a14a90-1201-bmw-m2-g87-pre-preg-carbon-fibre-front-splitter-2023,,,,,,,,,,,,,,,,,,,,,,,,https://autoid.co/cdn/shop/files/bmw-m2-g87-pre-preg-carbon-fibre-front-splitter-by-adro-2023-adro-614768.webp?v=1726655152&width=800,2,Adro A14A90-1201 BMW M2 G87 PRE-PREG CARBON FIBRE FRONT SPLITTER (2023+),,,,,,,,,,,,,,,,,,,,,,,,
adro-a14a90-1201-bmw-m2-g87-pre-preg-carbon-fibre-front-splitter-2023,,,,,,,,,,,,,,,,,,,,,,,,https://autoid.co/cdn/shop/files/bmw-m2-g87-pre-preg-carbon-fibre-front-splitter-by-adro-2023-adro-518710.webp?v=1726655152&width=800,3,Adro A14A90-1201 BMW M2 G87 PRE-PREG CARBON FIBRE FRONT SPLITTER (2023+),,,,,,,,,,,,,,,,,,,,,,,,
adro-a14a90-1201-bmw-m2-g87-pre-preg-carbon-fibre-front-splitter-2023,,,,,,,,,,,,,,,,,,,,,,,,https://autoid.co/cdn/shop/files/bmw-m2-g87-pre-preg-carbon-fibre-front-splitter-by-adro-2023-adro-411977.webp?v=1726655153&width=800,4,Adro A14A90-1201 BMW M2 G87 PRE-PREG CARBON FIBRE FRONT SPLITTER (2023+),,,,,,,,,,,,,,,,,,,,,,,,
adro-a14a90-1201-bmw-m2-g87-pre-preg-carbon-fibre-front-splitter-2023,,,,,,,,,,,,,,,,,,,,,,,,https://autoid.co/cdn/shop/files/bmw-m2-g87-pre-preg-carbon-fibre-front-splitter-by-adro-2023-adro-706752.webp?v=1726655153&width=800,5,Adro A14A90-1201 BMW M2 G87 PRE-PREG CARBON FIBRE FRONT SPLITTER (2023+),,,,,,,,,,,,,,,,,,,,,,,,
adro-a18a20-1302-toyota-gr-supra-a90-mk5-carbon-fibre-rear-diffuser-2019,Adro A18A20-1302 Toyota GR Supra A90 MK5 Carbon Fibre Rear Diffuser (2019+),"<h4><strong>Description</strong></h4><p><strong>ADRO Carbon Fibre Rear Diffuser: Elevate Your Toyota GR Supra's Performance and Style</strong></p><p>Transform your Toyota GR Supra with the ADRO Carbon Fibre Rear Diffuser, a perfect blend of precision engineering and cutting-edge design. Meticulously crafted to enhance both form and function, this diffuser seamlessly integrates with your Supra's aesthetics while delivering tangible performance gains.</p><p>At ADRO, precision is paramount. Their design process begins with in-house scan data, ensuring a near OEM fit and finish that complements your Supra's natural lines. The result is a rear diffuser that not only looks stunning but also enhances your car's aerodynamic performance.</p><p>&nbsp;</p><h4>Features</h4><ul><li>Premium Carbon Fibre Construction: Lightweight and durable, the ADRO Rear Diffuser is crafted from high-quality wet carbon fibre with a 2x2 weave, adding a sporty yet sophisticated touch to your Supra's rear end.</li><li>Enhanced Aerodynamics: The diffuser's design optimizes airflow, reducing drag and increasing downforce for improved handling and stability at high speeds.</li><li>Precision Fitment: Designed using precise scan data, ensuring a near OEM fit and seamless integration with your GR Supra's rear bumper.</li><li>Aggressive Styling: Complements the Supra's natural lines while adding a touch of motorsport-inspired aggression.</li><li>Single Exit Cover Included: A cover piece for single-exit exhaust systems is included with every diffuser.</li></ul><p>&nbsp;</p><h4>Compatibility</h4><p>Feel free to contact us at info@mlperformance.co.uk should you wish to double check!</p><p>&nbsp;</p><h4>Compatibility Check</h4><p>To ensure the part(s) you have ordered fits your vehicle, we run a compatibility check prior to dispatch. We can do this either using your registration number (UK) or the last 7 digits of your VIN. Simply enter your car details prior to checkout.</p><p>&nbsp;</p><h4>Part Number</h4><p>ADRO-A18A20-1302</p><p>&nbsp;</p><h4>More Information</h4><p><strong>Manufactured by</strong></p><p>Adro</p>",Adro,,Exterior,"Uploaded by_Muazzim, MLP Discount 2025, Brand_Adro, 2025_New Products, Product Type_Exterior, Category_Rear Diffusers",TRUE,Title,Default Title,,,,,ADRO-A18A20-1302,35000,shopify,continue,manual,1649,1649,TRUE,TRUE,A18A20-1302,https://autoid.co/cdn/shop/files/toyota-gr-supra-a90-mk5-carbon-fibre-rear-diffuser-by-adro-2019-adro-979935.webp?v=1726656094&width=1600,1,Adro A18A20-1302 TOYOTA GR SUPRA A90 MK5 CARBON FIBRE REAR DIFFUSER (2019+),,Adro A18A20-1302 TOYOTA GR SUPRA A90 MK5 CARBON FIBRE REAR DIFFUSER (2019+),Get Adro A18A20-1302 TOYOTA GR SUPRA A90 MK5 CARBON FIBRE REAR DIFFUSER (2019+) for your car to get your desired looks and performance from ML Performance at the lowest price with FREE UK shipping & next day delivery on in stock items. Very cheap prices & good service.,,,,A18A20-1302,,,new,,,,,,,,kg,8708949900,,,,,draft
adro-a18a20-1302-toyota-gr-supra-a90-mk5-carbon-fibre-rear-diffuser-2019,,,,,,,,,,,,,,,,,,,,,,,,https://autoid.co/cdn/shop/files/toyota-gr-supra-a90-mk5-carbon-fibre-rear-diffuser-by-adro-2019-adro-723760.jpg?v=1726656094&width=2048,2,Adro A18A20-1302 TOYOTA GR SUPRA A90 MK5 CARBON FIBRE REAR DIFFUSER (2019+),,,,,,,,,,,,,,,,,,,,,,,,
adro-a18a20-1302-toyota-gr-supra-a90-mk5-carbon-fibre-rear-diffuser-2019,,,,,,,,,,,,,,,,,,,,,,,,https://autoid.co/cdn/shop/files/toyota-gr-supra-a90-mk5-carbon-fibre-rear-diffuser-by-adro-2019-adro-740358.jpg?v=1726656094&width=2048,3,Adro A18A20-1302 TOYOTA GR SUPRA A90 MK5 CARBON FIBRE REAR DIFFUSER (2019+),,,,,,,,,,,,,,,,,,,,,,,,
adro-a18a20-1302-toyota-gr-supra-a90-mk5-carbon-fibre-rear-diffuser-2019,,,,,,,,,,,,,,,,,,,,,,,,https://autoid.co/cdn/shop/files/toyota-gr-supra-a90-mk5-carbon-fibre-rear-diffuser-by-adro-2019-adro-126952.jpg?v=1726656094&width=2048,4,Adro A18A20-1302 TOYOTA GR SUPRA A90 MK5 CARBON FIBRE REAR DIFFUSER (2019+),,,,,,,,,,,,,,,,,,,,,,,,
adro-a18a20-1302-toyota-gr-supra-a90-mk5-carbon-fibre-rear-diffuser-2019,,,,,,,,,,,,,,,,,,,,,,,,https://autoid.co/cdn/shop/files/toyota-gr-supra-a90-mk5-carbon-fibre-rear-diffuser-by-adro-2019-adro-954043.jpg?v=1726656094&width=2048,5,Adro A18A20-1302 TOYOTA GR SUPRA A90 MK5 CARBON FIBRE REAR DIFFUSER (2019+),,,,,,,,,,,,,,,,,,,,,,,,
adro-a18a20-1302-toyota-gr-supra-a90-mk5-carbon-fibre-rear-diffuser-2019,,,,,,,,,,,,,,,,,,,,,,,,https://autoid.co/cdn/shop/files/toyota-gr-supra-a90-mk5-carbon-fibre-rear-diffuser-by-adro-2019-adro-304368.jpg?v=1726656094&width=2048,6,Adro A18A20-1302 TOYOTA GR SUPRA A90 MK5 CARBON FIBRE REAR DIFFUSER (2019+),,,,,,,,,,,,,,,,,,,,,,,,
adro-a18a20-1302-toyota-gr-supra-a90-mk5-carbon-fibre-rear-diffuser-2019,,,,,,,,,,,,,,,,,,,,,,,,https://autoid.co/cdn/shop/files/preview_images/hqdefault_90c0359f-6299-437a-982a-17ce4055977e.jpg?v=1732618941&width=480,7,Adro A18A20-1302 TOYOTA GR SUPRA A90 MK5 CARBON FIBRE REAR DIFFUSER (2019+),,,,,,,,,,,,,,,,,,,,,,,,
adro-a18a20-1302-toyota-gr-supra-a90-mk5-carbon-fibre-rear-diffuser-2019,,,,,,,,,,,,,,,,,,,,,,,,https://autoid.co/cdn/shop/files/toyota-gr-supra-a90-mk5-carbon-fibre-rear-diffuser-by-adro-2019-adro-411175.webp?v=1726656094&width=1600,8,Adro A18A20-1302 TOYOTA GR SUPRA A90 MK5 CARBON FIBRE REAR DIFFUSER (2019+),,,,,,,,,,,,,,,,,,,,,,,,
adro-a18a20-1302-toyota-gr-supra-a90-mk5-carbon-fibre-rear-diffuser-2019,,,,,,,,,,,,,,,,,,,,,,,,https://autoid.co/cdn/shop/files/toyota-gr-supra-a90-mk5-carbon-fibre-rear-diffuser-by-adro-2019-adro-500092.webp?v=1726656094&width=1600,9,Adro A18A20-1302 TOYOTA GR SUPRA A90 MK5 CARBON FIBRE REAR DIFFUSER (2019+),,,,,,,,,,,,,,,,,,,,,,,,
adro-a18a20-1302-toyota-gr-supra-a90-mk5-carbon-fibre-rear-diffuser-2019,,,,,,,,,,,,,,,,,,,,,,,,https://autoid.co/cdn/shop/files/toyota-gr-supra-a90-mk5-carbon-fibre-rear-diffuser-by-adro-2019-adro-330574.webp?v=1726656094&width=1600,10,Adro A18A20-1302 TOYOTA GR SUPRA A90 MK5 CARBON FIBRE REAR DIFFUSER (2019+),,,,,,,,,,,,,,,,,,,,,,,,
adro-a18a20-1302-toyota-gr-supra-a90-mk5-carbon-fibre-rear-diffuser-2019,,,,,,,,,,,,,,,,,,,,,,,,https://autoid.co/cdn/shop/files/toyota-gr-supra-a90-mk5-carbon-fibre-rear-diffuser-by-adro-2019-adro-104310.webp?v=1726656094&width=1600,11,Adro A18A20-1302 TOYOTA GR SUPRA A90 MK5 CARBON FIBRE REAR DIFFUSER (2019+),,,,,,,,,,,,,,,,,,,,,,,,
adro-a18a20-1302-toyota-gr-supra-a90-mk5-carbon-fibre-rear-diffuser-2019,,,,,,,,,,,,,,,,,,,,,,,,https://autoid.co/cdn/shop/files/toyota-gr-supra-a90-mk5-carbon-fibre-rear-diffuser-by-adro-2019-adro-950911.webp?v=1726656094&width=1600,12,Adro A18A20-1302 TOYOTA GR SUPRA A90 MK5 CARBON FIBRE REAR DIFFUSER (2019+),,,,,,,,,,,,,,,,,,,,,,,,
adro-a18a20-1302-toyota-gr-supra-a90-mk5-carbon-fibre-rear-diffuser-2019,,,,,,,,,,,,,,,,,,,,,,,,https://autoid.co/cdn/shop/files/toyota-gr-supra-a90-mk5-carbon-fibre-rear-diffuser-by-adro-2019-adro-569127.webp?v=1726656094&width=2048,13,Adro A18A20-1302 TOYOTA GR SUPRA A90 MK5 CARBON FIBRE REAR DIFFUSER (2019+),,,,,,,,,,,,,,,,,,,,,,,,
adro-a18a20-1302-toyota-gr-supra-a90-mk5-carbon-fibre-rear-diffuser-2019,,,,,,,,,,,,,,,,,,,,,,,,https://autoid.co/cdn/shop/files/toyota-gr-supra-a90-mk5-carbon-fibre-rear-diffuser-by-adro-2019-adro-342689.webp?v=1726656094&width=2048,14,Adro A18A20-1302 TOYOTA GR SUPRA A90 MK5 CARBON FIBRE REAR DIFFUSER (2019+),,,,,,,,,,,,,,,,,,,,,,,,
adro-a18a20-1302-toyota-gr-supra-a90-mk5-carbon-fibre-rear-diffuser-2019,,,,,,,,,,,,,,,,,,,,,,,,https://autoid.co/cdn/shop/files/toyota-gr-supra-a90-mk5-carbon-fibre-rear-diffuser-by-adro-2019-adro-312383.webp?v=1726656094&width=1639,15,Adro A18A20-1302 TOYOTA GR SUPRA A90 MK5 CARBON FIBRE REAR DIFFUSER (2019+),,,,,,,,,,,,,,,,,,,,,,,,
adro-a14a90-1402-bmw-m2-g87-pre-preg-carbon-fibre-side-skirts-v2-2023,Adro A14A90-1402 BMW M2 G87 Pre-Preg Carbon Fibre Side Skirts V2 (2023+),"<h4><strong>Description</strong></h4><b><strong>ADRO G87 M2 CARBON FIBER SIDE SKIRTS V2</strong></b><p>Elevate your <strong>BMW G87 M2's</strong> profile with the <strong>ADRO V2 Carbon Fiber Side Skirts</strong>—a perfect combination of <strong>aggressive styling and aerodynamic efficiency</strong>. <strong>CFD tested</strong> and crafted from <strong>premium pre-preg carbon fiber</strong>, these side skirts not only enhance your M2's stance but also optimize airflow for improved stability at high speeds.</p><p>Designed for <strong>seamless integration</strong> with the factory body lines, the V2 Side Skirts deliver a <strong>lightweight yet durable</strong>upgrade that enhances both performance and aesthetics—whether you're carving corners on the track or making a statement on the street.</p><p>&nbsp;</p><h4>What's Included</h4><p>Carbon Fibre Rear Diffuser<br>3M Adhesive Tape<br>Hardware</p><p>&nbsp;</p><h4>Compatibility</h4><p>Feel free to contact us at info@mlperformance.co.uk should you wish to double check!</p><p>&nbsp;</p><h4>Compatibility Check</h4><p>To ensure the part(s) you have ordered fits your vehicle, we run a compatibility check prior to dispatch. We can do this either using your registration number (UK) or the last 7 digits of your VIN. Simply enter your car details prior to checkout.</p><p>&nbsp;</p><h4>Part Number</h4><p>ADRO-A14A90-1402</p><p>&nbsp;</p><h4>More Information</h4><p><strong>Manufactured by</strong></p><p>Adro</p>",Adro,,Exterior,"Uploaded by_Muazzim, MLP Discount 2025, Brand_Adro, 2025_New Products, Product Type_Exterior, Category_Side Skirts",TRUE,Title,Default Title,,,,,ADRO-A14A90-1402,26000,shopify,continue,manual,1639,1639,TRUE,TRUE,A14A90-1402,https://autoid.co/cdn/shop/files/bmw-m2-g87-pre-preg-carbon-fibre-side-skirts-v2-by-adro-2023-adro-275412.webp?v=1740675903&width=1200,1,Adro A14A90-1402 BMW M2 G87 PRE-PREG CARBON FIBRE SIDE SKIRTS V2 (2023+),,Adro A14A90-1402 BMW M2 G87 PRE-PREG CARBON FIBRE SIDE SKIRTS V2 (2023+),Get Adro A14A90-1402 BMW M2 G87 PRE-PREG CARBON FIBRE SIDE SKIRTS V2 (2023+) for your car to get your desired looks and performance from ML Performance at the lowest price with FREE UK shipping & next day delivery on in stock items. Very cheap prices & good service.,,,,A14A90-1402,,,new,,,,,,,,kg,8708949900,,,,,draft
adro-a14a90-1402-bmw-m2-g87-pre-preg-carbon-fibre-side-skirts-v2-2023,,,,,,,,,,,,,,,,,,,,,,,,https://autoid.co/cdn/shop/files/bmw-m2-g87-pre-preg-carbon-fibre-side-skirts-v2-by-adro-2023-adro-988573.webp?v=1740675904&width=1200,2,Adro A14A90-1402 BMW M2 G87 PRE-PREG CARBON FIBRE SIDE SKIRTS V2 (2023+),,,,,,,,,,,,,,,,,,,,,,,,
adro-a14a90-1402-bmw-m2-g87-pre-preg-carbon-fibre-side-skirts-v2-2023,,,,,,,,,,,,,,,,,,,,,,,,https://autoid.co/cdn/shop/files/bmw-m2-g87-pre-preg-carbon-fibre-side-skirts-v2-by-adro-2023-adro-537065.webp?v=1740675903&width=1200,3,Adro A14A90-1402 BMW M2 G87 PRE-PREG CARBON FIBRE SIDE SKIRTS V2 (2023+),,,,,,,,,,,,,,,,,,,,,,,,
adro-a14a90-1402-bmw-m2-g87-pre-preg-carbon-fibre-side-skirts-v2-2023,,,,,,,,,,,,,,,,,,,,,,,,https://autoid.co/cdn/shop/files/bmw-m2-g87-pre-preg-carbon-fibre-side-skirts-v2-by-adro-2023-adro-554593.webp?v=1740675905&width=1200,4,Adro A14A90-1402 BMW M2 G87 PRE-PREG CARBON FIBRE SIDE SKIRTS V2 (2023+),,,,,,,,,,,,,,,,,,,,,,,,
adro-a14a90-1402-bmw-m2-g87-pre-preg-carbon-fibre-side-skirts-v2-2023,,,,,,,,,,,,,,,,,,,,,,,,https://autoid.co/cdn/shop/files/bmw-m2-g87-pre-preg-carbon-fibre-side-skirts-v2-by-adro-2023-adro-822562.webp?v=1740675905&width=1200,5,Adro A14A90-1402 BMW M2 G87 PRE-PREG CARBON FIBRE SIDE SKIRTS V2 (2023+),,,,,,,,,,,,,,,,,,,,,,,,
adro-a14a90-1402-bmw-m2-g87-pre-preg-carbon-fibre-side-skirts-v2-2023,,,,,,,,,,,,,,,,,,,,,,,,https://autoid.co/cdn/shop/files/bmw-m2-g87-pre-preg-carbon-fibre-side-skirts-v2-by-adro-2023-adro-707750.webp?v=1740675904&width=1200,6,Adro A14A90-1402 BMW M2 G87 PRE-PREG CARBON FIBRE SIDE SKIRTS V2 (2023+),,,,,,,,,,,,,,,,,,,,,,,,
adro-a22a10-1301-honda-civic-fl5-type-r-carbon-fibre-rear-diffuser,Adro A22A10-1301 Honda Civic Fl5 Type R Carbon Fibre Rear Diffuser,"<h4><strong>Description</strong></h4><b>Honda Civic FL5 Type R Carbon Fibre Rear Diffuser by Adro</b><p>Transform your Honda FL5 Civic Type R into a head-turning performance machine with the ADRO Carbon Fibre Rear Diffuser. This meticulously engineered diffuser seamlessly blends aggressive styling with functional aerodynamics, optimising your Civic's performance and visual appeal.</p><p>The ADRO Rear Diffuser is not just about looks; it's about enhancing your Type R's capabilities. Its design optimises airflow and reduces turbulence, increasing downforce and improving stability at high speeds. Whether you're carving corners on the track or turning heads on the street, the ADRO Rear Diffuser delivers the perfect balance of form and function.</p><p>Unleash your Honda FL5 Civic Type R's true potential with the ADRO Carbon Fibre Rear Diffuser. Experience the thrill of enhanced performance and head-turning style, all in one expertly crafted package.</p><p><strong>Expected fulfilment is anticipated for the end of November '24.</strong></p><p>&nbsp;</p><h4>Features</h4><ul><li><strong>High-Quality Carbon Fibre Construction:</strong> Lightweight and durable, ensuring long-lasting performance and a premium look.</li><li><strong>Precision Engineering:</strong> Designed using advanced 3D modeling techniques for a perfect OEM fit and seamless integration with the FL5's body lines.</li><li><strong>Enhanced Aerodynamics:</strong> Increased downforce and reduced drag for improved handling and stability.</li><li><strong>Aggressive Styling:</strong> A bold, motorsport-inspired aesthetic that sets your Type R apart from the crowd.</li><li><strong>Easy Installation:</strong> Designed for straightforward installation, allowing you to transform your Civic with ease.</li></ul><p>&nbsp;</p><h4>What's Included</h4><ul><li>1 x Adro Carbon Fibre (2x2 weave) Rear Diffuser</li><li>Installation Hardware<br></li></ul><p>&nbsp;</p><h4>Compatibility</h4><p>Feel free to contact us at info@mlperformance.co.uk should you wish to double check!</p><p>&nbsp;</p><h4>Compatibility Check</h4><p>To ensure the part(s) you have ordered fits your vehicle, we run a compatibility check prior to dispatch. We can do this either using your registration number (UK) or the last 7 digits of your VIN. Simply enter your car details prior to checkout.</p><p>&nbsp;</p><h4>Part Number</h4><p>ADRO-A22A10-1301</p><p>&nbsp;</p><h4>More Information</h4><p><strong>Manufactured by</strong></p><p>Adro</p>",Adro,,Exterior,"Uploaded by_Muazzim, MLP Discount 2025, Brand_Adro, 2025_New Products, Product Type_Exterior, Category_Rear Diffusers",TRUE,Title,Default Title,,,,,ADRO-A22A10-1301,35000,shopify,continue,manual,1599,1599,TRUE,TRUE,A22A10-1301,https://autoid.co/cdn/shop/files/honda-civic-fl5-type-r-carbon-fibre-rear-diffuser-by-adro-adro-671004.webp?v=1728637784&width=1800,1,Adro A22A10-1301 HONDA CIVIC FL5 TYPE R CARBON FIBRE REAR DIFFUSER,,Adro A22A10-1301 HONDA CIVIC FL5 TYPE R CARBON FIBRE REAR DIFFUSER,Get Adro A22A10-1301 HONDA CIVIC FL5 TYPE R CARBON FIBRE REAR DIFFUSER for your car to get your desired looks and performance from ML Performance at the lowest price with FREE UK shipping & next day delivery on in stock items. Very cheap prices & good service.,,,,A22A10-1301,,,new,,,,,,,,kg,8708949900,,,,,draft
adro-a22a10-1301-honda-civic-fl5-type-r-carbon-fibre-rear-diffuser,,,,,,,,,,,,,,,,,,,,,,,,https://autoid.co/cdn/shop/files/honda-civic-fl5-type-r-carbon-fibre-rear-diffuser-by-adro-adro-656907.webp?v=1728637784&width=1800,2,Adro A22A10-1301 HONDA CIVIC FL5 TYPE R CARBON FIBRE REAR DIFFUSER,,,,,,,,,,,,,,,,,,,,,,,,
adro-a22a10-1301-honda-civic-fl5-type-r-carbon-fibre-rear-diffuser,,,,,,,,,,,,,,,,,,,,,,,,https://autoid.co/cdn/shop/files/honda-civic-fl5-type-r-carbon-fibre-rear-diffuser-by-adro-adro-433875.webp?v=1728637784&width=1800,3,Adro A22A10-1301 HONDA CIVIC FL5 TYPE R CARBON FIBRE REAR DIFFUSER,,,,,,,,,,,,,,,,,,,,,,,,
adro-a22a10-1301-honda-civic-fl5-type-r-carbon-fibre-rear-diffuser,,,,,,,,,,,,,,,,,,,,,,,,https://autoid.co/cdn/shop/files/honda-civic-fl5-type-r-carbon-fibre-rear-diffuser-by-adro-adro-434246.webp?v=1728637784&width=1800,4,Adro A22A10-1301 HONDA CIVIC FL5 TYPE R CARBON FIBRE REAR DIFFUSER,,,,,,,,,,,,,,,,,,,,,,,,
adro-a22a10-1301-honda-civic-fl5-type-r-carbon-fibre-rear-diffuser,,,,,,,,,,,,,,,,,,,,,,,,https://autoid.co/cdn/shop/files/honda-civic-fl5-type-r-carbon-fibre-rear-diffuser-by-adro-adro-635515.webp?v=1728637784&width=1800,5,Adro A22A10-1301 HONDA CIVIC FL5 TYPE R CARBON FIBRE REAR DIFFUSER,,,,,,,,,,,,,,,,,,,,,,,,
adro-a22a10-1301-honda-civic-fl5-type-r-carbon-fibre-rear-diffuser,,,,,,,,,,,,,,,,,,,,,,,,https://autoid.co/cdn/shop/files/honda-civic-fl5-type-r-carbon-fibre-rear-diffuser-by-adro-adro-559967.webp?v=1728637784&width=1800,6,Adro A22A10-1301 HONDA CIVIC FL5 TYPE R CARBON FIBRE REAR DIFFUSER,,,,,,,,,,,,,,,,,,,,,,,,
adro-a14a20-1301-bmw-m3-e92-carbon-fibre-rear-diffuser,Adro A14A20-1301 BMW M3 E92 Carbon Fibre Rear Diffuser,"<h4><strong>Description</strong></h4><b><strong>E92 M3 Carbon Rear Diffuser by ADRO</strong><span></span></b><p>Elevate your E92 M3's aesthetics and performance with our exquisite Rear Diffuser. Meticulously handcrafted from wet carbon fiber, this unique piece showcases a glossy finish and unparalleled quality, setting your vehicle apart from the rest. Its bespoke design seamlessly integrates with the M3's iconic lines, enhancing both its visual appeal and aerodynamic efficiency.</p><b><br></b><b>Key Features:</b><ul><li>Handcrafted Wet Carbon Fibre Construction: Ensures exceptional strength, durability, and a stunning high-gloss finish.</li><li>Bespoke Design: Perfectly complements the E92 M3's lines, enhancing its aggressive stance.</li><li>Improved Aerodynamics: Reduces drag and increases downforce for improved stability and handling.</li><li>Enhanced Aesthetics: Adds a touch of sophistication and aggression to your M3's rear end.</li><li>Precise Fit: Designed specifically for the E92 M3, guaranteeing a seamless installation.</li></ul><b><br></b><b><strong>Pros:</strong></b><ul><li>Exclusive Craftsmanship</li><li>Premium Material</li><li>Improved Performance</li><li>Enhanced Aesthetics</li></ul><b><br></b><b><strong>Cons:</strong></b><ul><li>Premium Price</li><li>Limited Availability</li></ul><p></p><p>Indulge your E92 M3 with this exceptional Rear Diffuser, where luxury meets performance. Experience the difference that handcrafted quality and bespoke design can make.</p><b><br></b><p>&nbsp;</p><h4>Compatibility</h4><p>Feel free to contact us at info@mlperformance.co.uk should you wish to double check!</p><p>&nbsp;</p><h4>Compatibility Check</h4><p>To ensure the part(s) you have ordered fits your vehicle, we run a compatibility check prior to dispatch. We can do this either using your registration number (UK) or the last 7 digits of your VIN. Simply enter your car details prior to checkout.</p><p>&nbsp;</p><h4>Part Number</h4><p>ADRO-A14A20-1301</p><p>&nbsp;</p><h4>More Information</h4><p><strong>Manufactured by</strong></p><p>Adro</p>",Adro,,Exterior,"Uploaded by_Muazzim, MLP Discount 2025, Brand_Adro, 2025_New Products, Product Type_Exterior, Category_Rear Diffusers",TRUE,Title,Default Title,,,,,ADRO-A14A20-1301,35000,shopify,continue,manual,1599,1599,TRUE,TRUE,A14A20-1301,https://autoid.co/cdn/shop/files/bmw-m3-e92-carbon-fibre-rear-diffuser-by-adro-adro-304635.webp?v=1726655206&width=1200,1,Adro A14A20-1301 BMW M3 E92 CARBON FIBRE REAR DIFFUSER,,Adro A14A20-1301 BMW M3 E92 CARBON FIBRE REAR DIFFUSER,Get Adro A14A20-1301 BMW M3 E92 CARBON FIBRE REAR DIFFUSER for your car to get your desired looks and performance from ML Performance at the lowest price with FREE UK shipping & next day delivery on in stock items. Very cheap prices & good service.,,,,A14A20-1301,,,new,,,,,,,,kg,8708949900,,,,,draft
adro-a14a20-1301-bmw-m3-e92-carbon-fibre-rear-diffuser,,,,,,,,,,,,,,,,,,,,,,,,https://autoid.co/cdn/shop/files/bmw-m3-e92-carbon-fibre-rear-diffuser-by-adro-adro-285206.webp?v=1726655206&width=1200,2,Adro A14A20-1301 BMW M3 E92 CARBON FIBRE REAR DIFFUSER,,,,,,,,,,,,,,,,,,,,,,,,
adro-a14a20-1301-bmw-m3-e92-carbon-fibre-rear-diffuser,,,,,,,,,,,,,,,,,,,,,,,,https://autoid.co/cdn/shop/files/bmw-m3-e92-carbon-fibre-rear-diffuser-by-adro-adro-134527.webp?v=1726655206&width=1200,3,Adro A14A20-1301 BMW M3 E92 CARBON FIBRE REAR DIFFUSER,,,,,,,,,,,,,,,,,,,,,,,,
adro-a14a20-1301-bmw-m3-e92-carbon-fibre-rear-diffuser,,,,,,,,,,,,,,,,,,,,,,,,https://autoid.co/cdn/shop/files/bmw-m3-e92-carbon-fibre-rear-diffuser-by-adro-adro-808343.webp?v=1726655206&width=1200,4,Adro A14A20-1301 BMW M3 E92 CARBON FIBRE REAR DIFFUSER,,,,,,,,,,,,,,,,,,,,,,,,
adro-a14a20-1301-bmw-m3-e92-carbon-fibre-rear-diffuser,,,,,,,,,,,,,,,,,,,,,,,,https://autoid.co/cdn/shop/files/bmw-m3-e92-carbon-fibre-rear-diffuser-by-adro-adro-483155.webp?v=1726655206&width=1200,5,Adro A14A20-1301 BMW M3 E92 CARBON FIBRE REAR DIFFUSER,,,,,,,,,,,,,,,,,,,,,,,,
adro-a14a20-1301-bmw-m3-e92-carbon-fibre-rear-diffuser,,,,,,,,,,,,,,,,,,,,,,,,https://autoid.co/cdn/shop/files/bmw-m3-e92-carbon-fibre-rear-diffuser-by-adro-adro-793467.webp?v=1726655206&width=1200,6,Adro A14A20-1301 BMW M3 E92 CARBON FIBRE REAR DIFFUSER,,,,,,,,,,,,,,,,,,,,,,,,
adro-a14a20-1301-bmw-m3-e92-carbon-fibre-rear-diffuser,,,,,,,,,,,,,,,,,,,,,,,,https://autoid.co/cdn/shop/files/bmw-m3-e92-carbon-fibre-rear-diffuser-by-adro-adro-149058.webp?v=1726655206&width=1200,7,Adro A14A20-1301 BMW M3 E92 CARBON FIBRE REAR DIFFUSER,,,,,,,,,,,,,,,,,,,,,,,,
adro-a10a20-1502-hyundai-veloster-n-carbon-fibre-rear-spoiler-wing-v2-2019,Adro A10A20-1502 Hyundai Veloster N Carbon Fibre Rear Spoiler Wing V2 (2019+),"<h4><strong>Description</strong></h4><p><meta><meta><span>The Hyundai Veloster N rear wing was already pretty aggressive for a wing that came from the factory on a hot hatchback. But the ADRO V2 carbon fiber rear spoiler for the Hyundai Veloster N takes that aggression to a new level. This new rear spoiler will completely transform the look of your car while still integrating the beloved triangle third brake light. The spoiler rises higher than the factory wing, is made from handcrafted real carbon fiber, and is arguably the most aggressive spoiler currently available for the Veloster. 29</span><br></p><p>&nbsp;</p><h4>What's Included</h4><ul><li>1 x Adro Carbon Fibre (wet, 2x2 weave) Rear Spoiler</li><li>Installation Hardware<br></li></ul><p>&nbsp;</p><h4>Compatibility</h4><p>Feel free to contact us at info@mlperformance.co.uk should you wish to double check!</p><p>&nbsp;</p><h4>Compatibility Check</h4><p>To ensure the part(s) you have ordered fits your vehicle, we run a compatibility check prior to dispatch. We can do this either using your registration number (UK) or the last 7 digits of your VIN. Simply enter your car details prior to checkout.</p><p>&nbsp;</p><h4>Part Number</h4><p>ADRO-A10A20-1502</p><p>&nbsp;</p><h4>More Information</h4><p><strong>Manufactured by</strong></p><p>Adro</p>",Adro,,Exterior,"Uploaded by_Muazzim, MLP Discount 2025, Brand_Adro, 2025_New Products, Product Type_Exterior, Category_Spoilers",TRUE,Title,Default Title,,,,,ADRO-A10A20-1502,25000,shopify,continue,manual,1549,1549,TRUE,TRUE,A10A20-1502,https://autoid.co/cdn/shop/files/hyundai-veloster-n-carbon-fibre-rear-spoiler-wing-v2-by-adro-2019-adro-472730.webp?v=1726655698&width=1200,1,Adro A10A20-1502 HYUNDAI VELOSTER N CARBON FIBRE REAR SPOILER WING V2 (2019+),,Adro A10A20-1502 HYUNDAI VELOSTER N CARBON FIBRE REAR SPOILER WING V2 (2019+),Get Adro A10A20-1502 HYUNDAI VELOSTER N CARBON FIBRE REAR SPOILER WING V2 (2019+) for your car to get your desired looks and performance from ML Performance at the lowest price with FREE UK shipping & next day delivery on in stock items. Very cheap prices & good service.,,,,A10A20-1502,,,new,,,,,,,,kg,8708949900,,,,,draft
adro-a10a20-1502-hyundai-veloster-n-carbon-fibre-rear-spoiler-wing-v2-2019,,,,,,,,,,,,,,,,,,,,,,,,https://autoid.co/cdn/shop/files/hyundai-veloster-n-carbon-fibre-rear-spoiler-wing-v2-by-adro-2019-adro-462619.webp?v=1726655698&width=1200,2,Adro A10A20-1502 HYUNDAI VELOSTER N CARBON FIBRE REAR SPOILER WING V2 (2019+),,,,,,,,,,,,,,,,,,,,,,,,
adro-a15a10-1503-tesla-model-3-pre-preg-carbon-fibre-at-s-swan-neck-rear-wing-2017,Adro A15A10-1503 Tesla Model 3 Pre-Preg Carbon Fibre AT-S Swan Neck Rear Wing (2017+),"<h4><strong>Description</strong></h4><p>Increase downforce while completely transforming the rear end of the Model 3 with the ADRO pepreg AT-S wing. This hand-crafted dry prepreg carbon fiber wing finds the perfect balance between function and form while staying as lightweight as possible. </p><p>&nbsp;</p><h4>What's Included</h4><ul><li>1 x Adro Carbon Fibre (pre-preg, 2x2 weave) Rear Wing</li><li>Installation Hardware<br></li></ul><p>&nbsp;</p><h4>Compatibility</h4><p>Feel free to contact us at info@mlperformance.co.uk should you wish to double check!</p><p>&nbsp;</p><h4>Compatibility Check</h4><p>To ensure the part(s) you have ordered fits your vehicle, we run a compatibility check prior to dispatch. We can do this either using your registration number (UK) or the last 7 digits of your VIN. Simply enter your car details prior to checkout.</p><p>&nbsp;</p><h4>Part Number</h4><p>ADRO-A15A10-1503</p><p>&nbsp;</p><h4>More Information</h4><p><strong>Manufactured by</strong></p><p>Adro</p>",Adro,,Exterior,"Uploaded by_Muazzim, MLP Discount 2025, Brand_Adro, 2025_New Products, Product Type_Exterior, Category_Rear Wings",TRUE,Title,Default Title,,,,,ADRO-A15A10-1503,90000,shopify,continue,manual,1499,1499,TRUE,TRUE,A15A10-1503,https://autoid.co/cdn/shop/files/tesla-model-3-pre-preg-carbon-fibre-at-s-swan-neck-rear-wing-by-adro-2017-adro-353705.webp?v=1726655949&width=800,1,Adro A15A10-1503 TESLA MODEL 3 PRE-PREG CARBON FIBRE AT-S SWAN NECK REAR WING (2017+),,Adro A15A10-1503 TESLA MODEL 3 PRE-PREG CARBON FIBRE AT-S SWAN NECK REAR WING (2017+),Get Adro A15A10-1503 TESLA MODEL 3 PRE-PREG CARBON FIBRE AT-S SWAN NECK REAR WING (2017+) for your car to get your desired looks and performance from ML Performance at the lowest price with FREE UK shipping & next day delivery on in stock items. Very cheap prices & good service.,,,,A15A10-1503,,,new,,,,,,,,kg,8708949900,,,,,draft
adro-a15a10-1503-tesla-model-3-pre-preg-carbon-fibre-at-s-swan-neck-rear-wing-2017,,,,,,,,,,,,,,,,,,,,,,,,https://autoid.co/cdn/shop/files/tesla-model-3-pre-preg-carbon-fibre-at-s-swan-neck-rear-wing-by-adro-2017-adro-702829.webp?v=1726655949&width=800,2,Adro A15A10-1503 TESLA MODEL 3 PRE-PREG CARBON FIBRE AT-S SWAN NECK REAR WING (2017+),,,,,,,,,,,,,,,,,,,,,,,,
adro-a15a10-1503-tesla-model-3-pre-preg-carbon-fibre-at-s-swan-neck-rear-wing-2017,,,,,,,,,,,,,,,,,,,,,,,,https://autoid.co/cdn/shop/files/tesla-model-3-pre-preg-carbon-fibre-at-s-swan-neck-rear-wing-by-adro-2017-adro-686719.webp?v=1726655949&width=800,3,Adro A15A10-1503 TESLA MODEL 3 PRE-PREG CARBON FIBRE AT-S SWAN NECK REAR WING (2017+),,,,,,,,,,,,,,,,,,,,,,,,
adro-a15a10-1503-tesla-model-3-pre-preg-carbon-fibre-at-s-swan-neck-rear-wing-2017,,,,,,,,,,,,,,,,,,,,,,,,https://autoid.co/cdn/shop/files/tesla-model-3-pre-preg-carbon-fibre-at-s-swan-neck-rear-wing-by-adro-2017-adro-157865.webp?v=1726655949&width=800,4,Adro A15A10-1503 TESLA MODEL 3 PRE-PREG CARBON FIBRE AT-S SWAN NECK REAR WING (2017+),,,,,,,,,,,,,,,,,,,,,,,,
adro-a15a10-1503-tesla-model-3-pre-preg-carbon-fibre-at-s-swan-neck-rear-wing-2017,,,,,,,,,,,,,,,,,,,,,,,,https://autoid.co/cdn/shop/files/tesla-model-3-pre-preg-carbon-fibre-at-s-swan-neck-rear-wing-by-adro-2017-adro-497202.webp?v=1726655949&width=800,5,Adro A15A10-1503 TESLA MODEL 3 PRE-PREG CARBON FIBRE AT-S SWAN NECK REAR WING (2017+),,,,,,,,,,,,,,,,,,,,,,,,
adro-a15a10-1503-tesla-model-3-pre-preg-carbon-fibre-at-s-swan-neck-rear-wing-2017,,,,,,,,,,,,,,,,,,,,,,,,https://autoid.co/cdn/shop/files/tesla-model-3-pre-preg-carbon-fibre-at-s-swan-neck-rear-wing-by-adro-2017-adro-671592.webp?v=1726655949&width=800,6,Adro A15A10-1503 TESLA MODEL 3 PRE-PREG CARBON FIBRE AT-S SWAN NECK REAR WING (2017+),,,,,,,,,,,,,,,,,,,,,,,,
adro-a15a10-1503-tesla-model-3-pre-preg-carbon-fibre-at-s-swan-neck-rear-wing-2017,,,,,,,,,,,,,,,,,,,,,,,,https://autoid.co/cdn/shop/files/tesla-model-3-pre-preg-carbon-fibre-at-s-swan-neck-rear-wing-by-adro-2017-adro-689951.webp?v=1726655949&width=800,7,Adro A15A10-1503 TESLA MODEL 3 PRE-PREG CARBON FIBRE AT-S SWAN NECK REAR WING (2017+),,,,,,,,,,,,,,,,,,,,,,,,
adro-a15a10-1503-tesla-model-3-pre-preg-carbon-fibre-at-s-swan-neck-rear-wing-2017,,,,,,,,,,,,,,,,,,,,,,,,https://autoid.co/cdn/shop/files/tesla-model-3-pre-preg-carbon-fibre-at-s-swan-neck-rear-wing-by-adro-2017-adro-694379.webp?v=1726655949&width=800,8,Adro A15A10-1503 TESLA MODEL 3 PRE-PREG CARBON FIBRE AT-S SWAN NECK REAR WING (2017+),,,,,,,,,,,,,,,,,,,,,,,,
adro-a15a10-1503-tesla-model-3-pre-preg-carbon-fibre-at-s-swan-neck-rear-wing-2017,,,,,,,,,,,,,,,,,,,,,,,,https://autoid.co/cdn/shop/files/tesla-model-3-pre-preg-carbon-fibre-at-s-swan-neck-rear-wing-by-adro-2017-adro-667609.webp?v=1726655949&width=800,9,Adro A15A10-1503 TESLA MODEL 3 PRE-PREG CARBON FIBRE AT-S SWAN NECK REAR WING (2017+),,,,,,,,,,,,,,,,,,,,,,,,
adro-a15a10-1503-tesla-model-3-pre-preg-carbon-fibre-at-s-swan-neck-rear-wing-2017,,,,,,,,,,,,,,,,,,,,,,,,https://autoid.co/cdn/shop/files/tesla-model-3-pre-preg-carbon-fibre-at-s-swan-neck-rear-wing-by-adro-2017-adro-759482.webp?v=1726655949&width=800,10,Adro A15A10-1503 TESLA MODEL 3 PRE-PREG CARBON FIBRE AT-S SWAN NECK REAR WING (2017+),,,,,,,,,,,,,,,,,,,,,,,,
adro-a15a10-1503-tesla-model-3-pre-preg-carbon-fibre-at-s-swan-neck-rear-wing-2017,,,,,,,,,,,,,,,,,,,,,,,,https://autoid.co/cdn/shop/files/tesla-model-3-pre-preg-carbon-fibre-at-s-swan-neck-rear-wing-by-adro-2017-adro-185064.webp?v=1726655949&width=800,11,Adro A15A10-1503 TESLA MODEL 3 PRE-PREG CARBON FIBRE AT-S SWAN NECK REAR WING (2017+),,,,,,,,,,,,,,,,,,,,,,,,
adro-a15a10-1503-tesla-model-3-pre-preg-carbon-fibre-at-s-swan-neck-rear-wing-2017,,,,,,,,,,,,,,,,,,,,,,,,https://autoid.co/cdn/shop/files/tesla-model-3-pre-preg-carbon-fibre-at-s-swan-neck-rear-wing-by-adro-2017-adro-257497.webp?v=1726655949&width=800,12,Adro A15A10-1503 TESLA MODEL 3 PRE-PREG CARBON FIBRE AT-S SWAN NECK REAR WING (2017+),,,,,,,,,,,,,,,,,,,,,,,,
adro-a15a10-1503-tesla-model-3-pre-preg-carbon-fibre-at-s-swan-neck-rear-wing-2017,,,,,,,,,,,,,,,,,,,,,,,,https://autoid.co/cdn/shop/files/tesla-model-3-pre-preg-carbon-fibre-at-s-swan-neck-rear-wing-by-adro-2017-adro-834984.webp?v=1726655949&width=800,13,Adro A15A10-1503 TESLA MODEL 3 PRE-PREG CARBON FIBRE AT-S SWAN NECK REAR WING (2017+),,,,,,,,,,,,,,,,,,,,,,,,
adro-a15a10-1503-tesla-model-3-pre-preg-carbon-fibre-at-s-swan-neck-rear-wing-2017,,,,,,,,,,,,,,,,,,,,,,,,https://autoid.co/cdn/shop/files/tesla-model-3-pre-preg-carbon-fibre-at-s-swan-neck-rear-wing-by-adro-2017-adro-597312.webp?v=1726655949&width=800,14,Adro A15A10-1503 TESLA MODEL 3 PRE-PREG CARBON FIBRE AT-S SWAN NECK REAR WING (2017+),,,,,,,,,,,,,,,,,,,,,,,,
adro-a15a10-1503-tesla-model-3-pre-preg-carbon-fibre-at-s-swan-neck-rear-wing-2017,,,,,,,,,,,,,,,,,,,,,,,,https://autoid.co/cdn/shop/files/tesla-model-3-pre-preg-carbon-fibre-at-s-swan-neck-rear-wing-by-adro-2017-adro-456459.webp?v=1726655949&width=800,15,Adro A15A10-1503 TESLA MODEL 3 PRE-PREG CARBON FIBRE AT-S SWAN NECK REAR WING (2017+),,,,,,,,,,,,,,,,,,,,,,,,
adro-a12a30-1503-kia-stinger-carbon-fibre-rear-wing-spoiler-v3-2018,Adro A12A30-1503 KIA Stinger Carbon Fibre Rear Wing Spoiler V3 (2018+),"<h4><strong>Description</strong></h4><p><span>Adro hand-crafted carbon fiber accessories for the automotive aftermarket. Design in California. Engineered and made in Korea.</span></p><p><meta><span>You can view the installation manual </span><span></span><a>here</a></p><p>&nbsp;</p><h4>What's Included</h4><ul><li>1 x Adro Carbon Fibre (2x2 weave) Rear Spoiler</li><li>Installation Hardware<br></li></ul><p>&nbsp;</p><h4>Compatibility</h4><p>Feel free to contact us at info@mlperformance.co.uk should you wish to double check!</p><p>&nbsp;</p><h4>Compatibility Check</h4><p>To ensure the part(s) you have ordered fits your vehicle, we run a compatibility check prior to dispatch. We can do this either using your registration number (UK) or the last 7 digits of your VIN. Simply enter your car details prior to checkout.</p><p>&nbsp;</p><h4>Part Number</h4><p>ADRO-A12A30-1503</p><p>&nbsp;</p><h4>More Information</h4><p><strong>Manufactured by</strong></p><p>Adro</p>",Adro,,Exterior,"Uploaded by_Muazzim, MLP Discount 2025, Brand_Adro, 2025_New Products, Product Type_Exterior, Category_Rear Wings",TRUE,Title,Default Title,,,,,ADRO-A12A30-1503,90000,shopify,continue,manual,1499,1499,TRUE,TRUE,A12A30-1503,https://autoid.co/cdn/shop/files/kia-stinger-carbon-fibre-rear-wing-spoiler-v3-by-adro-2018-adro-591663.webp?v=1726655760&width=1400,1,Adro A12A30-1503 KIA STINGER CARBON FIBRE REAR WING SPOILER V3 (2018+),,Adro A12A30-1503 KIA STINGER CARBON FIBRE REAR WING SPOILER V3 (2018+),Get Adro A12A30-1503 KIA STINGER CARBON FIBRE REAR WING SPOILER V3 (2018+) for your car to get your desired looks and performance from ML Performance at the lowest price with FREE UK shipping & next day delivery on in stock items. Very cheap prices & good service.,,,,A12A30-1503,,,new,,,,,,,,kg,8708949900,,,,,draft
adro-a12a30-1503-kia-stinger-carbon-fibre-rear-wing-spoiler-v3-2018,,,,,,,,,,,,,,,,,,,,,,,,https://autoid.co/cdn/shop/files/kia-stinger-carbon-fibre-rear-wing-spoiler-v3-by-adro-2018-adro-917314.webp?v=1726655760&width=1400,2,Adro A12A30-1503 KIA STINGER CARBON FIBRE REAR WING SPOILER V3 (2018+),,,,,,,,,,,,,,,,,,,,,,,,
adro-a12a30-1503-kia-stinger-carbon-fibre-rear-wing-spoiler-v3-2018,,,,,,,,,,,,,,,,,,,,,,,,https://autoid.co/cdn/shop/files/kia-stinger-carbon-fibre-rear-wing-spoiler-v3-by-adro-2018-adro-674360.webp?v=1726655760&width=1400,3,Adro A12A30-1503 KIA STINGER CARBON FIBRE REAR WING SPOILER V3 (2018+),,,,,,,,,,,,,,,,,,,,,,,,
adro-a12a30-1503-kia-stinger-carbon-fibre-rear-wing-spoiler-v3-2018,,,,,,,,,,,,,,,,,,,,,,,,https://autoid.co/cdn/shop/files/kia-stinger-carbon-fibre-rear-wing-spoiler-v3-by-adro-2018-adro-298292.webp?v=1726655760&width=1400,4,Adro A12A30-1503 KIA STINGER CARBON FIBRE REAR WING SPOILER V3 (2018+),,,,,,,,,,,,,,,,,,,,,,,,
adro-a12a30-1503-kia-stinger-carbon-fibre-rear-wing-spoiler-v3-2018,,,,,,,,,,,,,,,,,,,,,,,,https://autoid.co/cdn/shop/files/kia-stinger-carbon-fibre-rear-wing-spoiler-v3-by-adro-2018-adro-817349.webp?v=1726655760&width=900,5,Adro A12A30-1503 KIA STINGER CARBON FIBRE REAR WING SPOILER V3 (2018+),,,,,,,,,,,,,,,,,,,,,,,,
adro-a12a30-1503-kia-stinger-carbon-fibre-rear-wing-spoiler-v3-2018,,,,,,,,,,,,,,,,,,,,,,,,https://autoid.co/cdn/shop/files/kia-stinger-carbon-fibre-rear-wing-spoiler-v3-by-adro-2018-adro-269800.webp?v=1726655760&width=1400,6,Adro A12A30-1503 KIA STINGER CARBON FIBRE REAR WING SPOILER V3 (2018+),,,,,,,,,,,,,,,,,,,,,,,,
adro-a12a30-1503-kia-stinger-carbon-fibre-rear-wing-spoiler-v3-2018,,,,,,,,,,,,,,,,,,,,,,,,https://autoid.co/cdn/shop/files/kia-stinger-carbon-fibre-rear-wing-spoiler-v3-by-adro-2018-adro-785788.webp?v=1726655760&width=900,7,Adro A12A30-1503 KIA STINGER CARBON FIBRE REAR WING SPOILER V3 (2018+),,,,,,,,,,,,,,,,,,,,,,,,
adro-a18a10-1401-toyota-gr86-subaru-brz-pre-preg-carbon-fibre-side-skirts-2022,Adro A18A10-1401 Toyota GR86 & Subaru BRZ Pre-Preg Carbon Fibre Side Skirts (2022+),"<h4><strong>Description</strong></h4><p><meta><meta><span>Add some track-inspired design to your GR86 with the ADRO side skirt kit. These side skirts are made from 100% real carbon fiber and are designed to not only flow with the rest of the carbon fiber kit for this platform, but with the factory body lines as well. These side skirts are lightweight and engineered to have a fit and finish that's just like OEM. </span><br></p><p><meta><span>You can view the installation manual </span><span></span><a>here</a></p><p>&nbsp;</p><h4>What's Included</h4><ul><li>2 x Adro Carbon Fibre (2x2 weave) Side Skirts (Left & Right Side)</li><li>Installation Hardware<br></li></ul><p>&nbsp;</p><h4>Compatibility</h4><p>Feel free to contact us at info@mlperformance.co.uk should you wish to double check!</p><p>&nbsp;</p><h4>Compatibility Check</h4><p>To ensure the part(s) you have ordered fits your vehicle, we run a compatibility check prior to dispatch. We can do this either using your registration number (UK) or the last 7 digits of your VIN. Simply enter your car details prior to checkout.</p><p>&nbsp;</p><h4>Part Number</h4><p>ADRO-A18A10-1401</p><p>&nbsp;</p><h4>More Information</h4><p><strong>Manufactured by</strong></p><p>Adro</p>",Adro,,Exterior,"Uploaded by_Muazzim, MLP Discount 2025, Brand_Adro, 2025_New Products, Product Type_Exterior, Category_Side Skirts",TRUE,Title,Default Title,,,,,ADRO-A18A10-1401,26000,shopify,continue,manual,1449,1449,TRUE,TRUE,A18A10-1401,https://autoid.co/cdn/shop/files/toyota-gr86-subaru-brz-pre-preg-carbon-fibre-side-skirts-by-adro-2022-adro-128705.webp?v=1726655982&width=1600,1,Adro A18A10-1401 TOYOTA GR86 & SUBARU BRZ PRE-PREG CARBON FIBRE SIDE SKIRTS (2022+),,Adro A18A10-1401 TOYOTA GR86 & SUBARU BRZ PRE-PREG CARBON FIBRE SIDE SKIRTS (2022+),Get Adro A18A10-1401 TOYOTA GR86 & SUBARU BRZ PRE-PREG CARBON FIBRE SIDE SKIRTS (2022+) for your car to get your desired looks and performance from ML Performance at the lowest price with FREE UK shipping & next day delivery on in stock items. Very cheap prices & good service.,,,,A18A10-1401,,,new,,,,,,,,kg,8708949900,,,,,draft
adro-a18a10-1401-toyota-gr86-subaru-brz-pre-preg-carbon-fibre-side-skirts-2022,,,,,,,,,,,,,,,,,,,,,,,,https://autoid.co/cdn/shop/files/toyota-gr86-subaru-brz-pre-preg-carbon-fibre-side-skirts-by-adro-2022-adro-870866.webp?v=1726655982&width=1600,2,Adro A18A10-1401 TOYOTA GR86 & SUBARU BRZ PRE-PREG CARBON FIBRE SIDE SKIRTS (2022+),,,,,,,,,,,,,,,,,,,,,,,,
adro-a18a10-1401-toyota-gr86-subaru-brz-pre-preg-carbon-fibre-side-skirts-2022,,,,,,,,,,,,,,,,,,,,,,,,https://autoid.co/cdn/shop/files/toyota-gr86-subaru-brz-pre-preg-carbon-fibre-side-skirts-by-adro-2022-adro-650386.webp?v=1726655982&width=1600,3,Adro A18A10-1401 TOYOTA GR86 & SUBARU BRZ PRE-PREG CARBON FIBRE SIDE SKIRTS (2022+),,,,,,,,,,,,,,,,,,,,,,,,
adro-a18a10-1401-toyota-gr86-subaru-brz-pre-preg-carbon-fibre-side-skirts-2022,,,,,,,,,,,,,,,,,,,,,,,,https://autoid.co/cdn/shop/files/toyota-gr86-subaru-brz-pre-preg-carbon-fibre-side-skirts-by-adro-2022-adro-142907.webp?v=1726655982&width=1600,4,Adro A18A10-1401 TOYOTA GR86 & SUBARU BRZ PRE-PREG CARBON FIBRE SIDE SKIRTS (2022+),,,,,,,,,,,,,,,,,,,,,,,,
adro-a14a30-1301-bmw-m2-m2-competition-f87-carbon-fibre-rear-diffuser-2018-2021,Adro A14A30-1301 BMW M2 & M2 Competition F87 Carbon Fibre Rear Diffuser (2018-2021),"<h4><strong>Description</strong></h4><p>ADRO Carbon Fibre Rear Diffuser for the M2 Competition. As official ADRO distributors, we offer the full carbon body kit for the M2 Competition including this front splitter, rear diffuser, side skirts and a rear diffuser.</p><p>&nbsp;</p><h4>What's Included</h4><ul><li>1 x Adro Carbon Fibre (2x2 weave) Rear Diffuser</li><li>Installation Hardware<br></li></ul><p>&nbsp;</p><h4>Compatibility</h4><p>Feel free to contact us at info@mlperformance.co.uk should you wish to double check!</p><p>&nbsp;</p><h4>Compatibility Check</h4><p>To ensure the part(s) you have ordered fits your vehicle, we run a compatibility check prior to dispatch. We can do this either using your registration number (UK) or the last 7 digits of your VIN. Simply enter your car details prior to checkout.</p><p>&nbsp;</p><h4>Part Number</h4><p>ADRO-A14A30-1301</p><p>&nbsp;</p><h4>More Information</h4><p><strong>Manufactured by</strong></p><p>Adro</p>",Adro,,Exterior,"Uploaded by_Muazzim, MLP Discount 2025, Brand_Adro, 2025_New Products, Product Type_Exterior, Category_Rear Diffusers",TRUE,Title,Default Title,,,,,ADRO-A14A30-1301,35000,shopify,continue,manual,1449,1449,TRUE,TRUE,A14A30-1301,https://autoid.co/cdn/shop/files/bmw-m2-m2-competition-f87-carbon-fibre-rear-diffuser-by-adro-2018-2021-adro-965491.jpg?v=1726655112&width=2000,1,Adro A14A30-1301 BMW M2 & M2 COMPETITION F87 CARBON FIBRE REAR DIFFUSER (2018-2021),,Adro A14A30-1301 BMW M2 & M2 COMPETITION F87 CARBON FIBRE REAR DIFFUSER (2018-2021),Get Adro A14A30-1301 BMW M2 & M2 COMPETITION F87 CARBON FIBRE REAR DIFFUSER (2018-2021) for your car to get your desired looks and performance from ML Performance at the lowest price with FREE UK shipping & next day delivery on in stock items. Very cheap prices & good service.,,,,A14A30-1301,,,new,,,,,,,,kg,8708949900,,,,,draft
adro-a14a30-1301-bmw-m2-m2-competition-f87-carbon-fibre-rear-diffuser-2018-2021,,,,,,,,,,,,,,,,,,,,,,,,https://autoid.co/cdn/shop/files/bmw-m2-m2-competition-f87-carbon-fibre-rear-diffuser-by-adro-2018-2021-adro-149316.jpg?v=1734622815&width=2048,2,Adro A14A30-1301 BMW M2 & M2 COMPETITION F87 CARBON FIBRE REAR DIFFUSER (2018-2021),,,,,,,,,,,,,,,,,,,,,,,,
adro-a14a30-1301-bmw-m2-m2-competition-f87-carbon-fibre-rear-diffuser-2018-2021,,,,,,,,,,,,,,,,,,,,,,,,https://autoid.co/cdn/shop/files/bmw-m2-m2-competition-f87-carbon-fibre-rear-diffuser-by-adro-2018-2021-adro-926100.jpg?v=1734622815&width=2048,3,Adro A14A30-1301 BMW M2 & M2 COMPETITION F87 CARBON FIBRE REAR DIFFUSER (2018-2021),,,,,,,,,,,,,,,,,,,,,,,,
adro-a14a30-1301-bmw-m2-m2-competition-f87-carbon-fibre-rear-diffuser-2018-2021,,,,,,,,,,,,,,,,,,,,,,,,https://autoid.co/cdn/shop/files/bmw-m2-m2-competition-f87-carbon-fibre-rear-diffuser-by-adro-2018-2021-adro-235369.jpg?v=1734622815&width=2048,4,Adro A14A30-1301 BMW M2 & M2 COMPETITION F87 CARBON FIBRE REAR DIFFUSER (2018-2021),,,,,,,,,,,,,,,,,,,,,,,,
adro-a14a30-1301-bmw-m2-m2-competition-f87-carbon-fibre-rear-diffuser-2018-2021,,,,,,,,,,,,,,,,,,,,,,,,https://autoid.co/cdn/shop/files/bmw-m2-m2-competition-f87-carbon-fibre-rear-diffuser-by-adro-2018-2021-adro-205334.jpg?v=1734622815&width=2048,5,Adro A14A30-1301 BMW M2 & M2 COMPETITION F87 CARBON FIBRE REAR DIFFUSER (2018-2021),,,,,,,,,,,,,,,,,,,,,,,,
adro-a14a30-1301-bmw-m2-m2-competition-f87-carbon-fibre-rear-diffuser-2018-2021,,,,,,,,,,,,,,,,,,,,,,,,https://autoid.co/cdn/shop/files/bmw-m2-m2-competition-f87-carbon-fibre-rear-diffuser-by-adro-2018-2021-adro-675766.jpg?v=1734622815&width=2048,6,Adro A14A30-1301 BMW M2 & M2 COMPETITION F87 CARBON FIBRE REAR DIFFUSER (2018-2021),,,,,,,,,,,,,,,,,,,,,,,,
adro-a14a30-1301-bmw-m2-m2-competition-f87-carbon-fibre-rear-diffuser-2018-2021,,,,,,,,,,,,,,,,,,,,,,,,https://autoid.co/cdn/shop/files/bmw-m2-m2-competition-f87-carbon-fibre-rear-diffuser-by-adro-2018-2021-adro-824302.webp?v=1734611558&width=1598,7,Adro A14A30-1301 BMW M2 & M2 COMPETITION F87 CARBON FIBRE REAR DIFFUSER (2018-2021),,,,,,,,,,,,,,,,,,,,,,,,
adro-a14a30-1301-bmw-m2-m2-competition-f87-carbon-fibre-rear-diffuser-2018-2021,,,,,,,,,,,,,,,,,,,,,,,,https://autoid.co/cdn/shop/files/bmw-m2-m2-competition-f87-carbon-fibre-rear-diffuser-by-adro-2018-2021-adro-317619.webp?v=1734611558&width=1460,8,Adro A14A30-1301 BMW M2 & M2 COMPETITION F87 CARBON FIBRE REAR DIFFUSER (2018-2021),,,,,,,,,,,,,,,,,,,,,,,,
adro-a14a30-1301-bmw-m2-m2-competition-f87-carbon-fibre-rear-diffuser-2018-2021,,,,,,,,,,,,,,,,,,,,,,,,https://autoid.co/cdn/shop/files/bmw-m2-m2-competition-f87-carbon-fibre-rear-diffuser-by-adro-2018-2021-adro-846205.webp?v=1734611558&width=1620,9,Adro A14A30-1301 BMW M2 & M2 COMPETITION F87 CARBON FIBRE REAR DIFFUSER (2018-2021),,,,,,,,,,,,,,,,,,,,,,,,
adro-a14a30-1301-bmw-m2-m2-competition-f87-carbon-fibre-rear-diffuser-2018-2021,,,,,,,,,,,,,,,,,,,,,,,,https://autoid.co/cdn/shop/files/bmw-m2-m2-competition-f87-carbon-fibre-rear-diffuser-by-adro-2018-2021-adro-330978.webp?v=1734611558&width=1620,10,Adro A14A30-1301 BMW M2 & M2 COMPETITION F87 CARBON FIBRE REAR DIFFUSER (2018-2021),,,,,,,,,,,,,,,,,,,,,,,,
adro-a14a30-1301-bmw-m2-m2-competition-f87-carbon-fibre-rear-diffuser-2018-2021,,,,,,,,,,,,,,,,,,,,,,,,https://autoid.co/cdn/shop/files/bmw-m2-m2-competition-f87-carbon-fibre-rear-diffuser-by-adro-2018-2021-adro-691748.webp?v=1734611558&width=1639,11,Adro A14A30-1301 BMW M2 & M2 COMPETITION F87 CARBON FIBRE REAR DIFFUSER (2018-2021),,,,,,,,,,,,,,,,,,,,,,,,
adro-a14a30-1301-bmw-m2-m2-competition-f87-carbon-fibre-rear-diffuser-2018-2021,,,,,,,,,,,,,,,,,,,,,,,,https://autoid.co/cdn/shop/files/bmw-m2-m2-competition-f87-carbon-fibre-rear-diffuser-by-adro-2018-2021-adro-170802.jpg?v=1734611558&width=2000,12,Adro A14A30-1301 BMW M2 & M2 COMPETITION F87 CARBON FIBRE REAR DIFFUSER (2018-2021),,,,,,,,,,,,,,,,,,,,,,,,
adro-a14a30-1301-bmw-m2-m2-competition-f87-carbon-fibre-rear-diffuser-2018-2021,,,,,,,,,,,,,,,,,,,,,,,,https://autoid.co/cdn/shop/files/bmw-m2-m2-competition-f87-carbon-fibre-rear-diffuser-by-adro-2018-2021-adro-732208.jpg?v=1734611558&width=2000,13,Adro A14A30-1301 BMW M2 & M2 COMPETITION F87 CARBON FIBRE REAR DIFFUSER (2018-2021),,,,,,,,,,,,,,,,,,,,,,,,
adro-a14a30-1301-bmw-m2-m2-competition-f87-carbon-fibre-rear-diffuser-2018-2021,,,,,,,,,,,,,,,,,,,,,,,,https://autoid.co/cdn/shop/files/bmw-m2-m2-competition-f87-carbon-fibre-rear-diffuser-by-adro-2018-2021-adro-768656.jpg?v=1734611558&width=2000,14,Adro A14A30-1301 BMW M2 & M2 COMPETITION F87 CARBON FIBRE REAR DIFFUSER (2018-2021),,,,,,,,,,,,,,,,,,,,,,,,
adro-a14a90-2201-bmw-m2-g87-pre-preg-carbon-fibre-front-grilles-2023,Adro A14A90-2201 BMW M2 G87 Pre-Preg Carbon Fibre Front Grilles (2023+),"<h4><strong>Description</strong></h4><p>ADRO Carbon Fibre Front Grilles for the M2 G87 model. As official ADRO distributors, we offer the full carbon body kit for the M2 including the front splitter, rear wing, side skirts and a rear diffuser.</p><p><span>This carbon fibre is composed of a 2x2 weave, typical of most OEM carbon fibre pieces and comparable to Genuine M Performance parts.</span></p><p><span><strong>NOTE:</strong> If you own a G87 LCI (2024+) model then the M2 badge opening is not big enough for the newer LCI badge.<br>You can purchase the original size badge <a>here</a></span></p><p>&nbsp;</p><h4>What's Included</h4><ul><li>2 x Adro Carbon Fibre (pre-preg, 2x2 weave) Front Grilles</li><li>Installation Hardware<br></li></ul><p>&nbsp;</p><h4>Compatibility</h4><p>Feel free to contact us at info@mlperformance.co.uk should you wish to double check!</p><p>&nbsp;</p><h4>Compatibility Check</h4><p>To ensure the part(s) you have ordered fits your vehicle, we run a compatibility check prior to dispatch. We can do this either using your registration number (UK) or the last 7 digits of your VIN. Simply enter your car details prior to checkout.</p><p>&nbsp;</p><h4>Part Number</h4><p>ADRO-A14A90-2201</p><p>&nbsp;</p><h4>More Information</h4><p><strong>Manufactured by</strong></p><p>Adro</p>",Adro,,Exterior,"Uploaded by_Muazzim, MLP Discount 2025, Brand_Adro, 2025_New Products, Product Type_Exterior, Category_Grilles",TRUE,Title,Default Title,,,,,ADRO-A14A90-2201,10000,shopify,continue,manual,1399,1399,TRUE,TRUE,A14A90-2201,https://autoid.co/cdn/shop/files/bmw-m2-g87-pre-preg-carbon-fibre-front-grilles-by-adro-2023-adro-586988.webp?v=1726655164&width=800,1,Adro A14A90-2201 BMW M2 G87 PRE-PREG CARBON FIBRE FRONT GRILLES (2023+),,Adro A14A90-2201 BMW M2 G87 PRE-PREG CARBON FIBRE FRONT GRILLES (2023+),Get Adro A14A90-2201 BMW M2 G87 PRE-PREG CARBON FIBRE FRONT GRILLES (2023+) for your car to get your desired looks and performance from ML Performance at the lowest price with FREE UK shipping & next day delivery on in stock items. Very cheap prices & good service.,,,,A14A90-2201,,,new,,,,,,,,kg,8708949900,,,,,draft
adro-a14a90-2201-bmw-m2-g87-pre-preg-carbon-fibre-front-grilles-2023,,,,,,,,,,,,,,,,,,,,,,,,https://autoid.co/cdn/shop/files/bmw-m2-g87-pre-preg-carbon-fibre-front-grilles-by-adro-2023-adro-322378.webp?v=1726655164&width=800,2,Adro A14A90-2201 BMW M2 G87 PRE-PREG CARBON FIBRE FRONT GRILLES (2023+),,,,,,,,,,,,,,,,,,,,,,,,
adro-a14a90-2201-bmw-m2-g87-pre-preg-carbon-fibre-front-grilles-2023,,,,,,,,,,,,,,,,,,,,,,,,https://autoid.co/cdn/shop/files/bmw-m2-g87-pre-preg-carbon-fibre-front-grilles-by-adro-2023-adro-222704.webp?v=1726655164&width=800,3,Adro A14A90-2201 BMW M2 G87 PRE-PREG CARBON FIBRE FRONT GRILLES (2023+),,,,,,,,,,,,,,,,,,,,,,,,
adro-a14a90-2201-bmw-m2-g87-pre-preg-carbon-fibre-front-grilles-2023,,,,,,,,,,,,,,,,,,,,,,,,https://autoid.co/cdn/shop/files/bmw-m2-g87-pre-preg-carbon-fibre-front-grilles-by-adro-2023-adro-546595.webp?v=1726655164&width=800,4,Adro A14A90-2201 BMW M2 G87 PRE-PREG CARBON FIBRE FRONT GRILLES (2023+),,,,,,,,,,,,,,,,,,,,,,,,
adro-a14a90-2201-bmw-m2-g87-pre-preg-carbon-fibre-front-grilles-2023,,,,,,,,,,,,,,,,,,,,,,,,https://autoid.co/cdn/shop/files/bmw-m2-g87-pre-preg-carbon-fibre-front-grilles-by-adro-2023-adro-879515.jpg?v=1726655164&width=2048,5,Adro A14A90-2201 BMW M2 G87 PRE-PREG CARBON FIBRE FRONT GRILLES (2023+),,,,,,,,,,,,,,,,,,,,,,,,
adro-a14a90-2201-bmw-m2-g87-pre-preg-carbon-fibre-front-grilles-2023,,,,,,,,,,,,,,,,,,,,,,,,https://autoid.co/cdn/shop/files/bmw-m2-g87-pre-preg-carbon-fibre-front-grilles-by-adro-2023-adro-354870.jpg?v=1726655164&width=2048,6,Adro A14A90-2201 BMW M2 G87 PRE-PREG CARBON FIBRE FRONT GRILLES (2023+),,,,,,,,,,,,,,,,,,,,,,,,
adro-a14a90-2201-bmw-m2-g87-pre-preg-carbon-fibre-front-grilles-2023,,,,,,,,,,,,,,,,,,,,,,,,https://autoid.co/cdn/shop/files/bmw-m2-g87-pre-preg-carbon-fibre-front-grilles-by-adro-2023-adro-828719.jpg?v=1726655164&width=2048,7,Adro A14A90-2201 BMW M2 G87 PRE-PREG CARBON FIBRE FRONT GRILLES (2023+),,,,,,,,,,,,,,,,,,,,,,,,
adro-a14a90-2201-bmw-m2-g87-pre-preg-carbon-fibre-front-grilles-2023,,,,,,,,,,,,,,,,,,,,,,,,https://autoid.co/cdn/shop/files/bmw-m2-g87-pre-preg-carbon-fibre-front-grilles-by-adro-2023-adro-698220.jpg?v=1726655164&width=2048,8,Adro A14A90-2201 BMW M2 G87 PRE-PREG CARBON FIBRE FRONT GRILLES (2023+),,,,,,,,,,,,,,,,,,,,,,,,
adro-a14a90-2201-bmw-m2-g87-pre-preg-carbon-fibre-front-grilles-2023,,,,,,,,,,,,,,,,,,,,,,,,https://autoid.co/cdn/shop/files/bmw-m2-g87-pre-preg-carbon-fibre-front-grilles-by-adro-2023-adro-579902.jpg?v=1726655164&width=1638,9,Adro A14A90-2201 BMW M2 G87 PRE-PREG CARBON FIBRE FRONT GRILLES (2023+),,,,,,,,,,,,,,,,,,,,,,,,
adro-a14a90-2201-bmw-m2-g87-pre-preg-carbon-fibre-front-grilles-2023,,,,,,,,,,,,,,,,,,,,,,,,https://autoid.co/cdn/shop/files/bmw-m2-g87-pre-preg-carbon-fibre-front-grilles-by-adro-2023-adro-777013.jpg?v=1726655164&width=1638,10,Adro A14A90-2201 BMW M2 G87 PRE-PREG CARBON FIBRE FRONT GRILLES (2023+),,,,,,,,,,,,,,,,,,,,,,,,
adro-a14a90-2201-bmw-m2-g87-pre-preg-carbon-fibre-front-grilles-2023,,,,,,,,,,,,,,,,,,,,,,,,https://autoid.co/cdn/shop/files/bmw-m2-g87-pre-preg-carbon-fibre-front-grilles-by-adro-2023-adro-454295.jpg?v=1726655164&width=1638,11,Adro A14A90-2201 BMW M2 G87 PRE-PREG CARBON FIBRE FRONT GRILLES (2023+),,,,,,,,,,,,,,,,,,,,,,,,
adro-a14a90-2201-bmw-m2-g87-pre-preg-carbon-fibre-front-grilles-2023,,,,,,,,,,,,,,,,,,,,,,,,https://autoid.co/cdn/shop/files/bmw-m2-g87-pre-preg-carbon-fibre-front-grilles-by-adro-2023-adro-185348.jpg?v=1726655164&width=1638,12,Adro A14A90-2201 BMW M2 G87 PRE-PREG CARBON FIBRE FRONT GRILLES (2023+),,,,,,,,,,,,,,,,,,,,,,,,
adro-a14a90-2201-bmw-m2-g87-pre-preg-carbon-fibre-front-grilles-2023,,,,,,,,,,,,,,,,,,,,,,,,https://autoid.co/cdn/shop/files/bmw-m2-g87-pre-preg-carbon-fibre-front-grilles-by-adro-2023-adro-929140.jpg?v=1726655164&width=2048,13,Adro A14A90-2201 BMW M2 G87 PRE-PREG CARBON FIBRE FRONT GRILLES (2023+),,,,,,,,,,,,,,,,,,,,,,,,
adro-a16a10-1211-a16a10-1221-ford-mustang-carbon-fibre-front-splitter-2018,Adro A16A10-1211/A16A10-1221 Ford Mustang Carbon Fibre Front Splitter (2018+),"<h4><strong>Description</strong></h4><p><span>Arguably the most aggressive front lip kit for the S550 platform, this kit is made from 100% real carbon fiber and fits like a factory part. The ease of installation, perfect fit and finish, and neck-breaking design are what sets this lip kit apart from the rest. This kit includes both upper and lower lips that were designed specifically to fit the facelift S550.</span></p><p><meta><span>You can view the installation manual </span><span></span><a>here</a></p><p>&nbsp;</p><h4>What's Included</h4><ul><li>1 x Adro Carbon Fibre (2x2 weave) Upper Front Splitter</li><li>1 x Adro Carbon Fibre (2x2 weave) Lower Front Splitter</li><li>Installation Hardware<br></li></ul><p>&nbsp;</p><h4>Compatibility</h4><p>Feel free to contact us at info@mlperformance.co.uk should you wish to double check!</p><p>&nbsp;</p><h4>Compatibility Check</h4><p>To ensure the part(s) you have ordered fits your vehicle, we run a compatibility check prior to dispatch. We can do this either using your registration number (UK) or the last 7 digits of your VIN. Simply enter your car details prior to checkout.</p><p>&nbsp;</p><h4>Part Number</h4><p>ADRO-A16A10-1211/A16A10-1221</p><p>&nbsp;</p><h4>More Information</h4><p><strong>Manufactured by</strong></p><p>Adro</p>",Adro,,Exterior,"Uploaded by_Muazzim, MLP Discount 2025, Brand_Adro, 2025_New Products, Product Type_Exterior, Category_Front Splitters",TRUE,Title,Default Title,,,,,ADRO-A16A10-1211/A16A10-1221,40000,shopify,continue,manual,1399,1399,TRUE,TRUE,A16A10-1211/A16A10-1221,https://autoid.co/cdn/shop/files/ford-mustang-carbon-fibre-front-splitter-by-adro-2018-adro-492922.webp?v=1726655639&width=1600,1,Adro A16A10-1211/A16A10-1221 FORD MUSTANG CARBON FIBRE FRONT SPLITTER (2018+),,Adro A16A10-1211/A16A10-1221 FORD MUSTANG CARBON FIBRE FRONT SPLITTER (2018+),Get Adro A16A10-1211/A16A10-1221 FORD MUSTANG CARBON FIBRE FRONT SPLITTER (2018+) for your car to get your desired looks and performance from ML Performance at the lowest price with FREE UK shipping & next day delivery on in stock items. Very cheap prices & good service.,,,,A16A10-1211/A16A10-1221,,,new,,,,,,,,kg,8708949900,,,,,draft
adro-a16a10-1211-a16a10-1221-ford-mustang-carbon-fibre-front-splitter-2018,,,,,,,,,,,,,,,,,,,,,,,,https://autoid.co/cdn/shop/files/ford-mustang-carbon-fibre-front-splitter-by-adro-2018-adro-290960.webp?v=1726655639&width=1600,2,Adro A16A10-1211/A16A10-1221 FORD MUSTANG CARBON FIBRE FRONT SPLITTER (2018+),,,,,,,,,,,,,,,,,,,,,,,,
adro-a18a10-1301-toyota-gr86-subaru-brz-pre-preg-carbon-fibre-rear-diffuser-2022,Adro A18A10-1301 Toyota GR86 & Subaru BRZ Pre-Preg Carbon Fibre Rear Diffuser (2022+),"<h4><strong>Description</strong></h4><p><meta><span>The rear end of the GR86 was just redesigned, but now you can take it even further with the ADRO carbon fiber rear diffuser. This gorgeous rear diffuser is made from real, hand-crafted carbon fiber and will add a whole new level of aggression to the rear of the car. Of course, the exhaust outlets are also enlarged to fit a wide range of aftermarket exhaust systems. This is one of the most aggressive diffuser designs for this platform and is super easy to install.</span><br></p><p><span>You can view the installation manual <a>here</a></span></p><p>&nbsp;</p><h4>What's Included</h4><ul><li>1 x Adro Carbon Fibre (2x2 weave) Rear Diffuser</li><li>Installation Hardware<br></li></ul><p>&nbsp;</p><h4>Compatibility</h4><p>Feel free to contact us at info@mlperformance.co.uk should you wish to double check!</p><p>&nbsp;</p><h4>Compatibility Check</h4><p>To ensure the part(s) you have ordered fits your vehicle, we run a compatibility check prior to dispatch. We can do this either using your registration number (UK) or the last 7 digits of your VIN. Simply enter your car details prior to checkout.</p><p>&nbsp;</p><h4>Part Number</h4><p>ADRO-A18A10-1301</p><p>&nbsp;</p><h4>More Information</h4><p><strong>Manufactured by</strong></p><p>Adro</p>",Adro,,Exterior,"Uploaded by_Muazzim, MLP Discount 2025, Brand_Adro, 2025_New Products, Product Type_Exterior, Category_Rear Diffusers",TRUE,Title,Default Title,,,,,ADRO-A18A10-1301,35000,shopify,continue,manual,1399,1399,TRUE,TRUE,A18A10-1301,https://autoid.co/cdn/shop/files/toyota-gr86-subaru-brz-pre-preg-carbon-fibre-rear-diffuser-by-adro-2022-adro-761707.webp?v=1726655986&width=1600,1,Adro A18A10-1301 TOYOTA GR86 & SUBARU BRZ PRE-PREG CARBON FIBRE REAR DIFFUSER (2022+),,Adro A18A10-1301 TOYOTA GR86 & SUBARU BRZ PRE-PREG CARBON FIBRE REAR DIFFUSER (2022+),Get Adro A18A10-1301 TOYOTA GR86 & SUBARU BRZ PRE-PREG CARBON FIBRE REAR DIFFUSER (2022+) for your car to get your desired looks and performance from ML Performance at the lowest price with FREE UK shipping & next day delivery on in stock items. Very cheap prices & good service.,,,,A18A10-1301,,,new,,,,,,,,kg,8708949900,,,,,draft
adro-a18a10-1301-toyota-gr86-subaru-brz-pre-preg-carbon-fibre-rear-diffuser-2022,,,,,,,,,,,,,,,,,,,,,,,,https://autoid.co/cdn/shop/files/toyota-gr86-subaru-brz-pre-preg-carbon-fibre-rear-diffuser-by-adro-2022-adro-237026.webp?v=1726655986&width=1600,2,Adro A18A10-1301 TOYOTA GR86 & SUBARU BRZ PRE-PREG CARBON FIBRE REAR DIFFUSER (2022+),,,,,,,,,,,,,,,,,,,,,,,,
adro-a18a10-1301-toyota-gr86-subaru-brz-pre-preg-carbon-fibre-rear-diffuser-2022,,,,,,,,,,,,,,,,,,,,,,,,https://autoid.co/cdn/shop/files/toyota-gr86-subaru-brz-pre-preg-carbon-fibre-rear-diffuser-by-adro-2022-adro-218677.webp?v=1726655986&width=1600,3,Adro A18A10-1301 TOYOTA GR86 & SUBARU BRZ PRE-PREG CARBON FIBRE REAR DIFFUSER (2022+),,,,,,,,,,,,,,,,,,,,,,,,
adro-a18a10-1301-toyota-gr86-subaru-brz-pre-preg-carbon-fibre-rear-diffuser-2022,,,,,,,,,,,,,,,,,,,,,,,,https://autoid.co/cdn/shop/files/toyota-gr86-subaru-brz-pre-preg-carbon-fibre-rear-diffuser-by-adro-2022-adro-704900.webp?v=1726655986&width=1600,4,Adro A18A10-1301 TOYOTA GR86 & SUBARU BRZ PRE-PREG CARBON FIBRE REAR DIFFUSER (2022+),,,,,,,,,,,,,,,,,,,,,,,,
adro-a18a10-1301-toyota-gr86-subaru-brz-pre-preg-carbon-fibre-rear-diffuser-2022,,,,,,,,,,,,,,,,,,,,,,,,https://autoid.co/cdn/shop/files/toyota-gr86-subaru-brz-pre-preg-carbon-fibre-rear-diffuser-by-adro-2022-adro-399220.webp?v=1726655986&width=1600,5,Adro A18A10-1301 TOYOTA GR86 & SUBARU BRZ PRE-PREG CARBON FIBRE REAR DIFFUSER (2022+),,,,,,,,,,,,,,,,,,,,,,,,
adro-a18a10-1301-toyota-gr86-subaru-brz-pre-preg-carbon-fibre-rear-diffuser-2022,,,,,,,,,,,,,,,,,,,,,,,,https://autoid.co/cdn/shop/files/toyota-gr86-subaru-brz-pre-preg-carbon-fibre-rear-diffuser-by-adro-2022-adro-730343.webp?v=1726655986&width=1600,6,Adro A18A10-1301 TOYOTA GR86 & SUBARU BRZ PRE-PREG CARBON FIBRE REAR DIFFUSER (2022+),,,,,,,,,,,,,,,,,,,,,,,,
adro-a18a10-1301-toyota-gr86-subaru-brz-pre-preg-carbon-fibre-rear-diffuser-2022,,,,,,,,,,,,,,,,,,,,,,,,https://autoid.co/cdn/shop/files/toyota-gr86-subaru-brz-pre-preg-carbon-fibre-rear-diffuser-by-adro-2022-adro-226331.webp?v=1726655986&width=1600,7,Adro A18A10-1301 TOYOTA GR86 & SUBARU BRZ PRE-PREG CARBON FIBRE REAR DIFFUSER (2022+),,,,,,,,,,,,,,,,,,,,,,,,
adro-a18a10-1301-toyota-gr86-subaru-brz-pre-preg-carbon-fibre-rear-diffuser-2022,,,,,,,,,,,,,,,,,,,,,,,,https://autoid.co/cdn/shop/files/toyota-gr86-subaru-brz-pre-preg-carbon-fibre-rear-diffuser-by-adro-2022-adro-644023.webp?v=1726655986&width=1600,8,Adro A18A10-1301 TOYOTA GR86 & SUBARU BRZ PRE-PREG CARBON FIBRE REAR DIFFUSER (2022+),,,,,,,,,,,,,,,,,,,,,,,,
adro-a15a10-1402-tesla-model-3-carbon-fibre-v2-side-skirts-2017,Adro A15A10-1402 Tesla Model 3 Carbon Fibre V2 Side Skirts (2017+),"<h4><strong>Description</strong></h4><p>ADRO Carbon Fibre Side Skirts for the Tesla Model 3. As official ADRO distributors, we offer the full pre-preg carbon body kit for the Tesla Model 3 including this front splitter, rear diffuser, side skirts and a rear diffuser. </p><p>&nbsp;</p><h4>What's Included</h4><ul><li>2 x Adro Carbon Fibre (wet 2x2 weave) Side Skirts (Left & Right Side)</li><li>Installation Hardware<br></li></ul><p>&nbsp;</p><h4>Compatibility</h4><p>Feel free to contact us at info@mlperformance.co.uk should you wish to double check!</p><p>&nbsp;</p><h4>Compatibility Check</h4><p>To ensure the part(s) you have ordered fits your vehicle, we run a compatibility check prior to dispatch. We can do this either using your registration number (UK) or the last 7 digits of your VIN. Simply enter your car details prior to checkout.</p><p>&nbsp;</p><h4>Part Number</h4><p>ADRO-A15A10-1402</p><p>&nbsp;</p><h4>More Information</h4><p><strong>Manufactured by</strong></p><p>Adro</p>",Adro,,Exterior,"Uploaded by_Muazzim, MLP Discount 2025, Brand_Adro, 2025_New Products, Product Type_Exterior, Category_Side Skirts",TRUE,Title,Default Title,,,,,ADRO-A15A10-1402,26000,shopify,continue,manual,1399,1399,TRUE,TRUE,A15A10-1402,https://autoid.co/cdn/shop/files/tesla-model-3-carbon-fibre-v2-side-skirts-by-adro-2017-adro-185615.jpg?v=1726655872&width=2048,1,Adro A15A10-1402 TESLA MODEL 3 CARBON FIBRE V2 SIDE SKIRTS (2017+),,Adro A15A10-1402 TESLA MODEL 3 CARBON FIBRE V2 SIDE SKIRTS (2017+),Get Adro A15A10-1402 TESLA MODEL 3 CARBON FIBRE V2 SIDE SKIRTS (2017+) for your car to get your desired looks and performance from ML Performance at the lowest price with FREE UK shipping & next day delivery on in stock items. Very cheap prices & good service.,,,,A15A10-1402,,,new,,,,,,,,kg,8708949900,,,,,draft
adro-a15a10-1402-tesla-model-3-carbon-fibre-v2-side-skirts-2017,,,,,,,,,,,,,,,,,,,,,,,,https://autoid.co/cdn/shop/files/tesla-model-3-carbon-fibre-v2-side-skirts-by-adro-2017-adro-787731.webp?v=1726655872&width=800,2,Adro A15A10-1402 TESLA MODEL 3 CARBON FIBRE V2 SIDE SKIRTS (2017+),,,,,,,,,,,,,,,,,,,,,,,,
adro-a15a10-1402-tesla-model-3-carbon-fibre-v2-side-skirts-2017,,,,,,,,,,,,,,,,,,,,,,,,https://autoid.co/cdn/shop/files/tesla-model-3-carbon-fibre-v2-side-skirts-by-adro-2017-adro-727974.webp?v=1726655872&width=800,3,Adro A15A10-1402 TESLA MODEL 3 CARBON FIBRE V2 SIDE SKIRTS (2017+),,,,,,,,,,,,,,,,,,,,,,,,
adro-a15a10-1402-tesla-model-3-carbon-fibre-v2-side-skirts-2017,,,,,,,,,,,,,,,,,,,,,,,,https://autoid.co/cdn/shop/files/tesla-model-3-carbon-fibre-v2-side-skirts-by-adro-2017-adro-543226.webp?v=1726655872&width=800,4,Adro A15A10-1402 TESLA MODEL 3 CARBON FIBRE V2 SIDE SKIRTS (2017+),,,,,,,,,,,,,,,,,,,,,,,,
adro-a15a10-1402-tesla-model-3-carbon-fibre-v2-side-skirts-2017,,,,,,,,,,,,,,,,,,,,,,,,https://autoid.co/cdn/shop/files/tesla-model-3-carbon-fibre-v2-side-skirts-by-adro-2017-adro-185596.webp?v=1726655872&width=800,5,Adro A15A10-1402 TESLA MODEL 3 CARBON FIBRE V2 SIDE SKIRTS (2017+),,,,,,,,,,,,,,,,,,,,,,,,
adro-a15a10-1402-tesla-model-3-carbon-fibre-v2-side-skirts-2017,,,,,,,,,,,,,,,,,,,,,,,,https://autoid.co/cdn/shop/files/tesla-model-3-carbon-fibre-v2-side-skirts-by-adro-2017-adro-781952.jpg?v=1726655872&width=2048,6,Adro A15A10-1402 TESLA MODEL 3 CARBON FIBRE V2 SIDE SKIRTS (2017+),,,,,,,,,,,,,,,,,,,,,,,,
adro-a15a10-1402-tesla-model-3-carbon-fibre-v2-side-skirts-2017,,,,,,,,,,,,,,,,,,,,,,,,https://autoid.co/cdn/shop/files/tesla-model-3-carbon-fibre-v2-side-skirts-by-adro-2017-adro-259668.jpg?v=1726655872&width=2048,7,Adro A15A10-1402 TESLA MODEL 3 CARBON FIBRE V2 SIDE SKIRTS (2017+),,,,,,,,,,,,,,,,,,,,,,,,
adro-a15a10-1402-tesla-model-3-carbon-fibre-v2-side-skirts-2017,,,,,,,,,,,,,,,,,,,,,,,,https://autoid.co/cdn/shop/files/tesla-model-3-carbon-fibre-v2-side-skirts-by-adro-2017-adro-976626.jpg?v=1726655872&width=2048,8,Adro A15A10-1402 TESLA MODEL 3 CARBON FIBRE V2 SIDE SKIRTS (2017+),,,,,,,,,,,,,,,,,,,,,,,,
adro-a15a10-1402-tesla-model-3-carbon-fibre-v2-side-skirts-2017,,,,,,,,,,,,,,,,,,,,,,,,https://autoid.co/cdn/shop/files/tesla-model-3-carbon-fibre-v2-side-skirts-by-adro-2017-adro-379237.jpg?v=1726655872&width=2048,9,Adro A15A10-1402 TESLA MODEL 3 CARBON FIBRE V2 SIDE SKIRTS (2017+),,,,,,,,,,,,,,,,,,,,,,,,
adro-a15a10-1402-tesla-model-3-carbon-fibre-v2-side-skirts-2017,,,,,,,,,,,,,,,,,,,,,,,,https://autoid.co/cdn/shop/files/tesla-model-3-carbon-fibre-v2-side-skirts-by-adro-2017-adro-665507.jpg?v=1726655872&width=700,10,Adro A15A10-1402 TESLA MODEL 3 CARBON FIBRE V2 SIDE SKIRTS (2017+),,,,,,,,,,,,,,,,,,,,,,,,
adro-a15a10-1402-tesla-model-3-carbon-fibre-v2-side-skirts-2017,,,,,,,,,,,,,,,,,,,,,,,,https://autoid.co/cdn/shop/files/adro-tesla-model-3-wet-carbon-fiber-aero-kit-side-rolling_1_700x_jpg_1_b8717a6f-16e2-4cd4-b9ba-18124ca8d57c.jpg?v=1700239743&width=700,11,Adro A15A10-1402 TESLA MODEL 3 CARBON FIBRE V2 SIDE SKIRTS (2017+),,,,,,,,,,,,,,,,,,,,,,,,
adro-a15a10-1402-tesla-model-3-carbon-fibre-v2-side-skirts-2017,,,,,,,,,,,,,,,,,,,,,,,,https://autoid.co/cdn/shop/files/adro-tesla-model-3-wet-carbon-fiber-aero-kit-side-skirt-wing_700x_jpg_2__1_a77d212f-9037-4313-9dd7-ed22754beebf.jpg?v=1700239743&width=700,12,Adro A15A10-1402 TESLA MODEL 3 CARBON FIBRE V2 SIDE SKIRTS (2017+),,,,,,,,,,,,,,,,,,,,,,,,
adro-a14a10-1301-bmw-m3-f80-m4-f82-f83-pre-preg-carbon-fibre-rear-diffuser-2014-2020,Adro A14A10-1301 BMW M3 F80 & M4 F82 F83 Pre-Preg Carbon Fibre Rear Diffuser (2014-2020),"<h4><strong>Description</strong></h4><p>Adro Carbon Fibre Rear Diffuser for the F82 M4.</p><p><meta><span>You can view the installation manual </span><span></span><a>here</a></p><p>&nbsp;</p><h4>What's Included</h4><ul><li>1 x Adro Carbon Fibre (pre-preg, 2x2 weave) Rear Diffuser</li><li>Installation Hardware<br></li></ul><p>&nbsp;</p><h4>Compatibility</h4><p>Feel free to contact us at info@mlperformance.co.uk should you wish to double check!</p><p>&nbsp;</p><h4>Compatibility Check</h4><p>To ensure the part(s) you have ordered fits your vehicle, we run a compatibility check prior to dispatch. We can do this either using your registration number (UK) or the last 7 digits of your VIN. Simply enter your car details prior to checkout.</p><p>&nbsp;</p><h4>Part Number</h4><p>ADRO-A14A10-1301</p><p>&nbsp;</p><h4>More Information</h4><p><strong>Manufactured by</strong></p><p>Adro</p>",Adro,,Exterior,"Uploaded by_Muazzim, MLP Discount 2025, Brand_Adro, 2025_New Products, Product Type_Exterior, Category_Rear Diffusers",TRUE,Title,Default Title,,,,,ADRO-A14A10-1301,35000,shopify,continue,manual,1349,1349,TRUE,TRUE,A14A10-1301,https://autoid.co/cdn/shop/files/bmw-m3-f80-m4-f82-f83-pre-preg-carbon-fibre-rear-diffuser-by-adro-2014-2020-adro-774508.webp?v=1726655211&width=1400,1,Adro A14A10-1301 BMW M3 F80 & M4 F82 F83 PRE-PREG CARBON FIBRE REAR DIFFUSER (2014-2020),,Adro A14A10-1301 BMW M3 F80 & M4 F82 F83 PRE-PREG CARBON FIBRE REAR DIFFUSER (2014-2020),Get Adro A14A10-1301 BMW M3 F80 & M4 F82 F83 PRE-PREG CARBON FIBRE REAR DIFFUSER (2014-2020) for your car to get your desired looks and performance from ML Performance at the lowest price with FREE UK shipping & next day delivery on in stock items. Very cheap prices & good service.,,,,A14A10-1301,,,new,,,,,,,,kg,8708949900,,,,,draft
adro-a14a10-1301-bmw-m3-f80-m4-f82-f83-pre-preg-carbon-fibre-rear-diffuser-2014-2020,,,,,,,,,,,,,,,,,,,,,,,,https://autoid.co/cdn/shop/files/bmw-m3-f80-m4-f82-f83-pre-preg-carbon-fibre-rear-diffuser-by-adro-2014-2020-adro-321804.webp?v=1726655211&width=1400,2,Adro A14A10-1301 BMW M3 F80 & M4 F82 F83 PRE-PREG CARBON FIBRE REAR DIFFUSER (2014-2020),,,,,,,,,,,,,,,,,,,,,,,,
adro-a14a10-1301-bmw-m3-f80-m4-f82-f83-pre-preg-carbon-fibre-rear-diffuser-2014-2020,,,,,,,,,,,,,,,,,,,,,,,,https://autoid.co/cdn/shop/files/bmw-m3-f80-m4-f82-f83-pre-preg-carbon-fibre-rear-diffuser-by-adro-2014-2020-adro-143296.webp?v=1726655211&width=1600,3,Adro A14A10-1301 BMW M3 F80 & M4 F82 F83 PRE-PREG CARBON FIBRE REAR DIFFUSER (2014-2020),,,,,,,,,,,,,,,,,,,,,,,,
adro-a14a10-1301-bmw-m3-f80-m4-f82-f83-pre-preg-carbon-fibre-rear-diffuser-2014-2020,,,,,,,,,,,,,,,,,,,,,,,,https://autoid.co/cdn/shop/files/bmw-m3-f80-m4-f82-f83-pre-preg-carbon-fibre-rear-diffuser-by-adro-2014-2020-adro-586661.webp?v=1726655211&width=1400,4,Adro A14A10-1301 BMW M3 F80 & M4 F82 F83 PRE-PREG CARBON FIBRE REAR DIFFUSER (2014-2020),,,,,,,,,,,,,,,,,,,,,,,,
adro-a14a10-1301-bmw-m3-f80-m4-f82-f83-pre-preg-carbon-fibre-rear-diffuser-2014-2020,,,,,,,,,,,,,,,,,,,,,,,,https://autoid.co/cdn/shop/files/bmw-m3-f80-m4-f82-f83-pre-preg-carbon-fibre-rear-diffuser-by-adro-2014-2020-adro-442670.webp?v=1726655211&width=1400,5,Adro A14A10-1301 BMW M3 F80 & M4 F82 F83 PRE-PREG CARBON FIBRE REAR DIFFUSER (2014-2020),,,,,,,,,,,,,,,,,,,,,,,,
adro-a14a90-1502-bmw-m2-g87-pre-preg-duckbill-carbon-fibre-rear-spoiler-2023,Adro A14A90-1502 BMW M2 G87 Pre-Preg Duckbill Carbon Fibre Rear Spoiler (2023+),"<h4><strong>Description</strong></h4><b><strong>ADRO G87 M2 CARBON FIBER DUCKBILL SPOILER</strong></b><p>The <strong>ADRO Carbon Fiber Duckbill Spoiler</strong> is the ultimate blend of form and function for the <strong>BMW G87 M2</strong>. Designed to enhance both aesthetics and aerodynamics, its unique <strong>pass-through design</strong> optimizes airflow, reducing drag while maintaining downforce for improved stability.</p><p>Crafted from <strong>premium pre-preg carbon fiber</strong>, this spoiler offers a <strong>lightweight yet durable</strong> solution for those looking to elevate their M2's rear-end styling with a bold, race-inspired look. Whether you're on the street or the track, this upgrade delivers the perfect balance of <strong>performance and presence</strong>.</p><p>&nbsp;</p><h4>What's Included</h4><p>Carbon Fibre Rear Spoiler<br>3M Adhesive Tape</p><p>&nbsp;</p><h4>Compatibility</h4><p>Feel free to contact us at info@mlperformance.co.uk should you wish to double check!</p><p>&nbsp;</p><h4>Compatibility Check</h4><p>To ensure the part(s) you have ordered fits your vehicle, we run a compatibility check prior to dispatch. We can do this either using your registration number (UK) or the last 7 digits of your VIN. Simply enter your car details prior to checkout.</p><p>&nbsp;</p><h4>Part Number</h4><p>ADRO-A14A90-1502</p><p>&nbsp;</p><h4>More Information</h4><p><strong>Manufactured by</strong></p><p>Adro</p>",Adro,,Exterior,"Uploaded by_Muazzim, MLP Discount 2025, Brand_Adro, 2025_New Products, Product Type_Exterior, Category_Spoilers",TRUE,Title,Default Title,,,,,ADRO-A14A90-1502,25000,shopify,continue,manual,1299,1299,TRUE,TRUE,A14A90-1502,https://autoid.co/cdn/shop/files/bmw-m2-g87-pre-preg-duckbill-carbon-fibre-rear-spoiler-by-adro-2023-adro-108453.webp?v=1740675908&width=1200,1,Adro A14A90-1502 BMW M2 G87 PRE-PREG DUCKBILL CARBON FIBRE REAR SPOILER (2023+),,Adro A14A90-1502 BMW M2 G87 PRE-PREG DUCKBILL CARBON FIBRE REAR SPOILER (2023+),Get Adro A14A90-1502 BMW M2 G87 PRE-PREG DUCKBILL CARBON FIBRE REAR SPOILER (2023+) for your car to get your desired looks and performance from ML Performance at the lowest price with FREE UK shipping & next day delivery on in stock items. Very cheap prices & good service.,,,,A14A90-1502,,,new,,,,,,,,kg,8708949900,,,,,draft
adro-a14a90-1502-bmw-m2-g87-pre-preg-duckbill-carbon-fibre-rear-spoiler-2023,,,,,,,,,,,,,,,,,,,,,,,,https://autoid.co/cdn/shop/files/bmw-m2-g87-pre-preg-duckbill-carbon-fibre-rear-spoiler-by-adro-2023-adro-791606.webp?v=1740675909&width=1200,2,Adro A14A90-1502 BMW M2 G87 PRE-PREG DUCKBILL CARBON FIBRE REAR SPOILER (2023+),,,,,,,,,,,,,,,,,,,,,,,,
adro-a14a90-1502-bmw-m2-g87-pre-preg-duckbill-carbon-fibre-rear-spoiler-2023,,,,,,,,,,,,,,,,,,,,,,,,https://autoid.co/cdn/shop/files/bmw-m2-g87-pre-preg-duckbill-carbon-fibre-rear-spoiler-by-adro-2023-adro-513451.webp?v=1740675909&width=1200,3,Adro A14A90-1502 BMW M2 G87 PRE-PREG DUCKBILL CARBON FIBRE REAR SPOILER (2023+),,,,,,,,,,,,,,,,,,,,,,,,
adro-a14a90-1502-bmw-m2-g87-pre-preg-duckbill-carbon-fibre-rear-spoiler-2023,,,,,,,,,,,,,,,,,,,,,,,,https://autoid.co/cdn/shop/files/bmw-m2-g87-pre-preg-duckbill-carbon-fibre-rear-spoiler-by-adro-2023-adro-760046.webp?v=1740675910&width=1200,4,Adro A14A90-1502 BMW M2 G87 PRE-PREG DUCKBILL CARBON FIBRE REAR SPOILER (2023+),,,,,,,,,,,,,,,,,,,,,,,,
adro-a14a90-1502-bmw-m2-g87-pre-preg-duckbill-carbon-fibre-rear-spoiler-2023,,,,,,,,,,,,,,,,,,,,,,,,https://autoid.co/cdn/shop/files/bmw-m2-g87-pre-preg-duckbill-carbon-fibre-rear-spoiler-by-adro-2023-adro-568662.webp?v=1740675911&width=1200,5,Adro A14A90-1502 BMW M2 G87 PRE-PREG DUCKBILL CARBON FIBRE REAR SPOILER (2023+),,,,,,,,,,,,,,,,,,,,,,,,
adro-a14a90-1502-bmw-m2-g87-pre-preg-duckbill-carbon-fibre-rear-spoiler-2023,,,,,,,,,,,,,,,,,,,,,,,,https://autoid.co/cdn/shop/files/bmw-m2-g87-pre-preg-duckbill-carbon-fibre-rear-spoiler-by-adro-2023-adro-563338.webp?v=1740675910&width=1200,6,Adro A14A90-1502 BMW M2 G87 PRE-PREG DUCKBILL CARBON FIBRE REAR SPOILER (2023+),,,,,,,,,,,,,,,,,,,,,,,,
adro-a14a90-1502-bmw-m2-g87-pre-preg-duckbill-carbon-fibre-rear-spoiler-2023,,,,,,,,,,,,,,,,,,,,,,,,https://autoid.co/cdn/shop/files/bmw-m2-g87-pre-preg-duckbill-carbon-fibre-rear-spoiler-by-adro-2023-adro-767196.webp?v=1740675912&width=800,7,Adro A14A90-1502 BMW M2 G87 PRE-PREG DUCKBILL CARBON FIBRE REAR SPOILER (2023+),,,,,,,,,,,,,,,,,,,,,,,,
adro-a22a10-1401-honda-civic-fl5-type-r-carbon-fibre-side-skirts,Adro A22A10-1401 Honda Civic Fl5 Type R Carbon Fibre Side Skirts,"<h4><strong>Description</strong></h4><b>Honda Civic FL5 Type R Carbon Fibre Side Skirts by Adro</b><p>Transform your Honda FL5 Civic Type R with ADRO Carbon Fibre Side Skirts, meticulously engineered to elevate both performance and aesthetics. These side skirts seamlessly integrate with the Type R's design, adding a touch of aggression while optimising airflow for enhanced aerodynamic efficiency.</p><p>The ADRO Side Skirts are more than just a visual upgrade. Their design channels airflow more efficiently along the sides of your Civic, reducing drag and increasing downforce for improved handling and stability at high speeds. Whether you're pushing the limits on the track or cruising the streets, these side skirts deliver the perfect balance of form and function.</p><p><strong>Expected fulfilment is anticipated for the end of November '24.</strong></p><p>&nbsp;</p><h4>Features</h4><ul><li><strong>High-Quality Carbon Fibre Construction:</strong> Lightweight and durable, ensuring long-lasting performance and a premium look.</li><li><strong>Precision Engineering:</strong> Designed using advanced 3D modeling techniques for a perfect OEM fit and seamless integration with the FL5's body lines.</li><li><strong>Enhanced Aerodynamics:</strong> Reduced drag and increased downforce for improved handling and stability.</li><li><strong>Aggressive Styling:</strong> A bold, motorsport-inspired aesthetic that complements the Type R's lines and adds a lowered appearance.</li><li><strong>Easy Installation:</strong> Designed for straightforward installation, allowing you to transform your Civic with ease.</li></ul><p>Unleash your Honda FL5 Civic Type R's true potential with the ADRO Carbon Fibre Side Skirts. Experience the thrill of enhanced performance and head-turning style, all in one expertly crafted package.</p><p>&nbsp;</p><h4>What's Included</h4><ul><li>2 x Adro Carbon Fibre (2x2 weave) Side Skirts (Left & Right Side)</li><li>Installation Hardware</li></ul><p>&nbsp;</p><h4>Compatibility</h4><p>Feel free to contact us at info@mlperformance.co.uk should you wish to double check!</p><p>&nbsp;</p><h4>Compatibility Check</h4><p>To ensure the part(s) you have ordered fits your vehicle, we run a compatibility check prior to dispatch. We can do this either using your registration number (UK) or the last 7 digits of your VIN. Simply enter your car details prior to checkout.</p><p>&nbsp;</p><h4>Part Number</h4><p>ADRO-A22A10-1401</p><p>&nbsp;</p><h4>More Information</h4><p><strong>Manufactured by</strong></p><p>Adro</p>",Adro,,Exterior,"Uploaded by_Muazzim, MLP Discount 2025, Brand_Adro, 2025_New Products, Product Type_Exterior, Category_Side Skirts",TRUE,Title,Default Title,,,,,ADRO-A22A10-1401,26000,shopify,continue,manual,1299,1299,TRUE,TRUE,A22A10-1401,https://autoid.co/cdn/shop/files/honda-civic-fl5-type-r-carbon-fibre-side-skirts-by-adro-adro-278034.webp?v=1728637782&width=1800,1,Adro A22A10-1401 HONDA CIVIC FL5 TYPE R CARBON FIBRE SIDE SKIRTS,,Adro A22A10-1401 HONDA CIVIC FL5 TYPE R CARBON FIBRE SIDE SKIRTS,Get Adro A22A10-1401 HONDA CIVIC FL5 TYPE R CARBON FIBRE SIDE SKIRTS for your car to get your desired looks and performance from ML Performance at the lowest price with FREE UK shipping & next day delivery on in stock items. Very cheap prices & good service.,,,,A22A10-1401,,,new,,,,,,,,kg,8708949900,,,,,draft
adro-a22a10-1401-honda-civic-fl5-type-r-carbon-fibre-side-skirts,,,,,,,,,,,,,,,,,,,,,,,,https://autoid.co/cdn/shop/files/honda-civic-fl5-type-r-carbon-fibre-side-skirts-by-adro-adro-988744.webp?v=1728637782&width=1800,2,Adro A22A10-1401 HONDA CIVIC FL5 TYPE R CARBON FIBRE SIDE SKIRTS,,,,,,,,,,,,,,,,,,,,,,,,
adro-a22a10-1401-honda-civic-fl5-type-r-carbon-fibre-side-skirts,,,,,,,,,,,,,,,,,,,,,,,,https://autoid.co/cdn/shop/files/honda-civic-fl5-type-r-carbon-fibre-side-skirts-by-adro-adro-318557.webp?v=1728637782&width=1800,3,Adro A22A10-1401 HONDA CIVIC FL5 TYPE R CARBON FIBRE SIDE SKIRTS,,,,,,,,,,,,,,,,,,,,,,,,
adro-a22a10-1401-honda-civic-fl5-type-r-carbon-fibre-side-skirts,,,,,,,,,,,,,,,,,,,,,,,,https://autoid.co/cdn/shop/files/honda-civic-fl5-type-r-carbon-fibre-side-skirts-by-adro-adro-274460.webp?v=1728637782&width=1800,4,Adro A22A10-1401 HONDA CIVIC FL5 TYPE R CARBON FIBRE SIDE SKIRTS,,,,,,,,,,,,,,,,,,,,,,,,
adro-a22a10-1401-honda-civic-fl5-type-r-carbon-fibre-side-skirts,,,,,,,,,,,,,,,,,,,,,,,,https://autoid.co/cdn/shop/files/honda-civic-fl5-type-r-carbon-fibre-side-skirts-by-adro-adro-294452.webp?v=1728637782&width=1800,5,Adro A22A10-1401 HONDA CIVIC FL5 TYPE R CARBON FIBRE SIDE SKIRTS,,,,,,,,,,,,,,,,,,,,,,,,
adro-a22a10-1201-honda-civic-fl5-type-r-carbon-fibre-front-splitter,Adro A22A10-1201 Honda Civic Fl5 Type R Carbon Fibre Front Splitter,"<h4><strong>Description</strong></h4><b>Honda Civic FL5 Type R Carbon Fibre Front Splitter by ADRO</b><p>Enhance the aggressive stance and aerodynamic performance of your Honda FL5 Civic Type R with the ADRO Carbon Fibre Front Lip Spoiler. Meticulously crafted from high-quality, lightweight carbon fibre, this front lip seamlessly integrates with the Type R's design while delivering a bold, motorsport-inspired aesthetic.</p><p>Engineered to enhance downforce, improve high-speed stability, and reduce front-end lift, the ADRO Front Lip Spoiler optimises your Civic's aerodynamic performance for a more confident and exhilarating driving experience. Whether conquering the track or commanding the streets, this front lip spoiler ensures your Type R looks and performs at its best.</p><p><strong>Expected fulfilment is anticipated for the end of November '24.</strong></p><p>&nbsp;</p><h4>Features</h4><ul><li><strong>Premium Carbon Fibre Construction:</strong> Lightweight and durable for optimal performance and a refined appearance.</li><li><strong>Precision Fit:</strong> Designed specifically for the Honda FL5 Civic Type R, ensuring seamless integration with the car's factory lines.</li><li><strong>Enhanced Aerodynamics:</strong> Increased downforce and reduced lift for improved handling and stability at high speeds.</li><li><strong>Aggressive Styling:</strong> Adds a sporty and assertive edge to your Type R's front end.</li><li><strong>Easy Installation:</strong> Designed for a straightforward and hassle-free installation process.</li></ul><p>Transform your Honda FL5 Civic Type R into a head-turning performance machine with the ADRO Carbon Fiber Front Lip Spoiler. Experience the perfect fusion of style and function, elevating your driving experience to new heights.</p><p>Pair with the rear diffuser, side skirts and swan-neck rear spoiler by ADRO for the full look.</p><p>&nbsp;</p><h4>What's Included</h4><ul><li>1 x Adro Carbon Fibre (2x2 weave) Front Splitter</li><li>Installation Hardware</li></ul><p>&nbsp;</p><h4>Compatibility</h4><p>Feel free to contact us at info@mlperformance.co.uk should you wish to double check!</p><p>&nbsp;</p><h4>Compatibility Check</h4><p>To ensure the part(s) you have ordered fits your vehicle, we run a compatibility check prior to dispatch. We can do this either using your registration number (UK) or the last 7 digits of your VIN. Simply enter your car details prior to checkout.</p><p>&nbsp;</p><h4>Part Number</h4><p>ADRO-A22A10-1201</p><p>&nbsp;</p><h4>More Information</h4><p><strong>Manufactured by</strong></p><p>Adro</p>",Adro,,Exterior,"Uploaded by_Muazzim, MLP Discount 2025, Brand_Adro, 2025_New Products, Product Type_Exterior, Category_Front Splitters",TRUE,Title,Default Title,,,,,ADRO-A22A10-1201,40000,shopify,continue,manual,1299,1299,TRUE,TRUE,A22A10-1201,https://autoid.co/cdn/shop/files/honda-civic-fl5-type-r-carbon-fibre-front-splitter-by-adro-adro-555840.jpg?v=1728637785&width=1800,1,Adro A22A10-1201 HONDA CIVIC FL5 TYPE R CARBON FIBRE FRONT SPLITTER,,Adro A22A10-1201 HONDA CIVIC FL5 TYPE R CARBON FIBRE FRONT SPLITTER,Get Adro A22A10-1201 HONDA CIVIC FL5 TYPE R CARBON FIBRE FRONT SPLITTER for your car to get your desired looks and performance from ML Performance at the lowest price with FREE UK shipping & next day delivery on in stock items. Very cheap prices & good service.,,,,A22A10-1201,,,new,,,,,,,,kg,8708949900,,,,,draft
adro-a22a10-1201-honda-civic-fl5-type-r-carbon-fibre-front-splitter,,,,,,,,,,,,,,,,,,,,,,,,https://autoid.co/cdn/shop/files/honda-civic-fl5-type-r-carbon-fibre-front-splitter-by-adro-adro-599075.webp?v=1728637785&width=1800,2,Adro A22A10-1201 HONDA CIVIC FL5 TYPE R CARBON FIBRE FRONT SPLITTER,,,,,,,,,,,,,,,,,,,,,,,,
adro-a22a10-1201-honda-civic-fl5-type-r-carbon-fibre-front-splitter,,,,,,,,,,,,,,,,,,,,,,,,https://autoid.co/cdn/shop/files/honda-civic-fl5-type-r-carbon-fibre-front-splitter-by-adro-adro-508001.webp?v=1728637785&width=1800,3,Adro A22A10-1201 HONDA CIVIC FL5 TYPE R CARBON FIBRE FRONT SPLITTER,,,,,,,,,,,,,,,,,,,,,,,,
adro-a22a10-1201-honda-civic-fl5-type-r-carbon-fibre-front-splitter,,,,,,,,,,,,,,,,,,,,,,,,https://autoid.co/cdn/shop/files/honda-civic-fl5-type-r-carbon-fibre-front-splitter-by-adro-adro-998251.webp?v=1728637785&width=1800,4,Adro A22A10-1201 HONDA CIVIC FL5 TYPE R CARBON FIBRE FRONT SPLITTER,,,,,,,,,,,,,,,,,,,,,,,,
adro-a22a10-1201-honda-civic-fl5-type-r-carbon-fibre-front-splitter,,,,,,,,,,,,,,,,,,,,,,,,https://autoid.co/cdn/shop/files/honda-civic-fl5-type-r-carbon-fibre-front-splitter-by-adro-adro-405405.webp?v=1728637785&width=1800,5,Adro A22A10-1201 HONDA CIVIC FL5 TYPE R CARBON FIBRE FRONT SPLITTER,,,,,,,,,,,,,,,,,,,,,,,,
adro-a22a10-1201-honda-civic-fl5-type-r-carbon-fibre-front-splitter,,,,,,,,,,,,,,,,,,,,,,,,https://autoid.co/cdn/shop/files/honda-civic-fl5-type-r-carbon-fibre-front-splitter-by-adro-adro-135612.webp?v=1728637785&width=1800,6,Adro A22A10-1201 HONDA CIVIC FL5 TYPE R CARBON FIBRE FRONT SPLITTER,,,,,,,,,,,,,,,,,,,,,,,,
adro-a22a10-1201-honda-civic-fl5-type-r-carbon-fibre-front-splitter,,,,,,,,,,,,,,,,,,,,,,,,https://autoid.co/cdn/shop/files/honda-civic-fl5-type-r-carbon-fibre-front-splitter-by-adro-adro-902920.webp?v=1728637785&width=1800,7,Adro A22A10-1201 HONDA CIVIC FL5 TYPE R CARBON FIBRE FRONT SPLITTER,,,,,,,,,,,,,,,,,,,,,,,,
adro-a14a20-1201-bmw-m3-e92-carbon-fibre-front-splitter,Adro A14A20-1201 BMW M3 E92 Carbon Fibre Front Splitter,"<h4><strong>Description</strong></h4><b><strong>Elevate Your E92 M3 with a Handcrafted Carbon Fibre Front Lip</strong></b><p>Transform your E92 M3 into a head-turning masterpiece with our exclusive Front Lip. Meticulously crafted from wet carbon fibre, this bespoke piece showcases a unique glossy finish and unrivalled quality. Its design seamlessly integrates with the iconic lines of the E92 M3, enhancing both its visual appeal and aerodynamic performance.</p><p>Indulge your E92 M3 with this exceptional Front Lip, where luxury meets performance. Experience the transformative power of handcrafted quality and bespoke design.</p><p></p><div><table><tbody><tr><td>SKU:</td><td>A14A20-1201</td></tr><tr><td>Compatible with:</td><td>E90 M3<br>E92 M3<br>E93 M3</td></tr><tr><td>Material:</td><td>Wet Carbon Fiber</td></tr><tr><td>What's in the box:</td><td><ul><li>Carbon Fiber Front Lip</li><li>3M Tape</li><li>Screws</li></ul></td></tr><tr><td>Version:</td><td>V1</td></tr><tr><td>Installation Guide:</td><td>Coming Soon</td></tr></tbody></table></div><p></p><p><strong>Key Features:</strong></p><ul><li>Handcrafted Wet Carbon Fibre Construction: Exceptional strength, durability, and a stunning high-gloss finish.</li><li>Bespoke Design: Perfectly complements the E92 M3's lines, accentuating its aggressive stance.</li><li>Improved Aerodynamics: Optimised airflow reduces drag and increases downforce, enhancing stability and handling.</li><li>Enhanced Aesthetics: Adds a touch of sophistication and aggression to your M3's front end.</li><li>Precise Fit: Designed specifically for the E92 M3, ensuring a seamless and hassle-free installation.</li></ul><p></p><p>&nbsp;</p><h4>Compatibility</h4><p>Feel free to contact us at info@mlperformance.co.uk should you wish to double check!</p><p>&nbsp;</p><h4>Compatibility Check</h4><p>To ensure the part(s) you have ordered fits your vehicle, we run a compatibility check prior to dispatch. We can do this either using your registration number (UK) or the last 7 digits of your VIN. Simply enter your car details prior to checkout.</p><p>&nbsp;</p><h4>Part Number</h4><p>ADRO-A14A20-1201</p><p>&nbsp;</p><h4>More Information</h4><p><strong>Manufactured by</strong></p><p>Adro</p>",Adro,,Exterior,"Uploaded by_Muazzim, MLP Discount 2025, Brand_Adro, 2025_New Products, Product Type_Exterior, Category_Front Splitters",TRUE,Title,Default Title,,,,,ADRO-A14A20-1201,40000,shopify,continue,manual,1299,1299,TRUE,TRUE,A14A20-1201,https://autoid.co/cdn/shop/files/bmw-m3-e92-carbon-fibre-front-splitter-by-adro-adro-765556.webp?v=1726655203&width=1200,1,Adro A14A20-1201 BMW M3 E92 CARBON FIBRE FRONT SPLITTER,,Adro A14A20-1201 BMW M3 E92 CARBON FIBRE FRONT SPLITTER,Get Adro A14A20-1201 BMW M3 E92 CARBON FIBRE FRONT SPLITTER for your car to get your desired looks and performance from ML Performance at the lowest price with FREE UK shipping & next day delivery on in stock items. Very cheap prices & good service.,,,,A14A20-1201,,,new,,,,,,,,kg,8708949900,,,,,draft
adro-a14a20-1201-bmw-m3-e92-carbon-fibre-front-splitter,,,,,,,,,,,,,,,,,,,,,,,,https://autoid.co/cdn/shop/files/bmw-m3-e92-carbon-fibre-front-splitter-by-adro-adro-523586.webp?v=1726655203&width=1200,2,Adro A14A20-1201 BMW M3 E92 CARBON FIBRE FRONT SPLITTER,,,,,,,,,,,,,,,,,,,,,,,,
adro-a14a20-1201-bmw-m3-e92-carbon-fibre-front-splitter,,,,,,,,,,,,,,,,,,,,,,,,https://autoid.co/cdn/shop/files/bmw-m3-e92-carbon-fibre-front-splitter-by-adro-adro-808600.webp?v=1726655203&width=1200,3,Adro A14A20-1201 BMW M3 E92 CARBON FIBRE FRONT SPLITTER,,,,,,,,,,,,,,,,,,,,,,,,
adro-a14a20-1201-bmw-m3-e92-carbon-fibre-front-splitter,,,,,,,,,,,,,,,,,,,,,,,,https://autoid.co/cdn/shop/files/bmw-m3-e92-carbon-fibre-front-splitter-by-adro-adro-609290.webp?v=1726655203&width=1200,4,Adro A14A20-1201 BMW M3 E92 CARBON FIBRE FRONT SPLITTER,,,,,,,,,,,,,,,,,,,,,,,,
adro-a14a20-1201-bmw-m3-e92-carbon-fibre-front-splitter,,,,,,,,,,,,,,,,,,,,,,,,https://autoid.co/cdn/shop/files/bmw-m3-e92-carbon-fibre-front-splitter-by-adro-adro-169898.webp?v=1726655203&width=1200,5,Adro A14A20-1201 BMW M3 E92 CARBON FIBRE FRONT SPLITTER,,,,,,,,,,,,,,,,,,,,,,,,
adro-a18a20-1401-toyota-gr-supra-a90-mk5-carbon-fibre-side-skirts-2019,Adro A18A20-1401 Toyota GR Supra A90 MK5 Carbon Fibre Side Skirts (2019+),"<h4><strong>Description</strong></h4><p>Toyota Supra A90 Mk5 Side Skirts by Adro. </p><p>&nbsp;</p><h4>What's Included</h4><ul><li>2 x Adro Carbon Fibre (wet, 2x2 weave) Side Skirts (Left & Right Side)</li><li>Installation Hardware<br></li></ul><p>&nbsp;</p><h4>Compatibility</h4><p>Feel free to contact us at info@mlperformance.co.uk should you wish to double check!</p><p>&nbsp;</p><h4>Compatibility Check</h4><p>To ensure the part(s) you have ordered fits your vehicle, we run a compatibility check prior to dispatch. We can do this either using your registration number (UK) or the last 7 digits of your VIN. Simply enter your car details prior to checkout.</p><p>&nbsp;</p><h4>Part Number</h4><p>ADRO-A18A20-1401</p><p>&nbsp;</p><h4>More Information</h4><p><strong>Manufactured by</strong></p><p>Adro</p>",Adro,,Exterior,"Uploaded by_Muazzim, MLP Discount 2025, Brand_Adro, 2025_New Products, Product Type_Exterior, Category_Side Skirts",TRUE,Title,Default Title,,,,,ADRO-A18A20-1401,26000,shopify,continue,manual,1299,1299,TRUE,TRUE,A18A20-1401,https://autoid.co/cdn/shop/files/toyota-gr-supra-a90-mk5-carbon-fibre-side-skirts-by-adro-2019-adro-210057.webp?v=1726655984&width=800,1,Adro A18A20-1401 TOYOTA GR SUPRA A90 MK5 CARBON FIBRE SIDE SKIRTS (2019+),,Adro A18A20-1401 TOYOTA GR SUPRA A90 MK5 CARBON FIBRE SIDE SKIRTS (2019+),Get Adro A18A20-1401 TOYOTA GR SUPRA A90 MK5 CARBON FIBRE SIDE SKIRTS (2019+) for your car to get your desired looks and performance from ML Performance at the lowest price with FREE UK shipping & next day delivery on in stock items. Very cheap prices & good service.,,,,A18A20-1401,,,new,,,,,,,,kg,8708949900,,,,,draft
adro-a18a20-1401-toyota-gr-supra-a90-mk5-carbon-fibre-side-skirts-2019,,,,,,,,,,,,,,,,,,,,,,,,https://autoid.co/cdn/shop/files/toyota-gr-supra-a90-mk5-carbon-fibre-side-skirts-by-adro-2019-adro-498763.webp?v=1726655984&width=800,2,Adro A18A20-1401 TOYOTA GR SUPRA A90 MK5 CARBON FIBRE SIDE SKIRTS (2019+),,,,,,,,,,,,,,,,,,,,,,,,
adro-a18a20-1401-toyota-gr-supra-a90-mk5-carbon-fibre-side-skirts-2019,,,,,,,,,,,,,,,,,,,,,,,,https://autoid.co/cdn/shop/files/toyota-gr-supra-a90-mk5-carbon-fibre-side-skirts-by-adro-2019-adro-143273.webp?v=1726655984&width=800,3,Adro A18A20-1401 TOYOTA GR SUPRA A90 MK5 CARBON FIBRE SIDE SKIRTS (2019+),,,,,,,,,,,,,,,,,,,,,,,,
adro-a18a20-1401-toyota-gr-supra-a90-mk5-carbon-fibre-side-skirts-2019,,,,,,,,,,,,,,,,,,,,,,,,https://autoid.co/cdn/shop/files/toyota-gr-supra-a90-mk5-carbon-fibre-side-skirts-by-adro-2019-adro-962802.webp?v=1726655984&width=800,4,Adro A18A20-1401 TOYOTA GR SUPRA A90 MK5 CARBON FIBRE SIDE SKIRTS (2019+),,,,,,,,,,,,,,,,,,,,,,,,
adro-a18a20-1401-toyota-gr-supra-a90-mk5-carbon-fibre-side-skirts-2019,,,,,,,,,,,,,,,,,,,,,,,,https://autoid.co/cdn/shop/files/toyota-gr-supra-a90-mk5-carbon-fibre-side-skirts-by-adro-2019-adro-403146.webp?v=1726655984&width=800,5,Adro A18A20-1401 TOYOTA GR SUPRA A90 MK5 CARBON FIBRE SIDE SKIRTS (2019+),,,,,,,,,,,,,,,,,,,,,,,,
adro-a18a20-1401-toyota-gr-supra-a90-mk5-carbon-fibre-side-skirts-2019,,,,,,,,,,,,,,,,,,,,,,,,https://autoid.co/cdn/shop/files/toyota-gr-supra-a90-mk5-carbon-fibre-side-skirts-by-adro-2019-adro-754186.webp?v=1726655984&width=800,6,Adro A18A20-1401 TOYOTA GR SUPRA A90 MK5 CARBON FIBRE SIDE SKIRTS (2019+),,,,,,,,,,,,,,,,,,,,,,,,
adro-a18a20-1401-toyota-gr-supra-a90-mk5-carbon-fibre-side-skirts-2019,,,,,,,,,,,,,,,,,,,,,,,,https://autoid.co/cdn/shop/files/toyota-gr-supra-a90-mk5-carbon-fibre-side-skirts-by-adro-2019-adro-360272.webp?v=1726655984&width=800,7,Adro A18A20-1401 TOYOTA GR SUPRA A90 MK5 CARBON FIBRE SIDE SKIRTS (2019+),,,,,,,,,,,,,,,,,,,,,,,,
adro-a15a10-1302-tesla-model-3-carbon-fibre-v2-rear-diffuser-2017,Adro A15A10-1302 Tesla Model 3 Carbon Fibre V2 Rear Diffuser (2017+),"<h4><strong>Description</strong></h4><p>ADRO Carbon Fibre Rear Diffuser for the Tesla Model 3. As official ADRO distributors, we offer the full pre-preg carbon body kit for the Tesla Model 3 including this front splitter, rear diffuser, side skirts and a rear diffuser.</p><p>&nbsp;</p><h4>What's Included</h4><ul><li>1 x Adro Carbon Fibre (wet, 2x2 weave) Rear Diffuser</li><li>Installation Hardware<br></li></ul><p>&nbsp;</p><h4>Compatibility</h4><p>Feel free to contact us at info@mlperformance.co.uk should you wish to double check!</p><p>&nbsp;</p><h4>Compatibility Check</h4><p>To ensure the part(s) you have ordered fits your vehicle, we run a compatibility check prior to dispatch. We can do this either using your registration number (UK) or the last 7 digits of your VIN. Simply enter your car details prior to checkout.</p><p>&nbsp;</p><h4>Part Number</h4><p>ADRO-A15A10-1302</p><p>&nbsp;</p><h4>More Information</h4><p><strong>Manufactured by</strong></p><p>Adro</p>",Adro,,Exterior,"Uploaded by_Muazzim, MLP Discount 2025, Brand_Adro, 2025_New Products, Product Type_Exterior, Category_Rear Diffusers",TRUE,Title,Default Title,,,,,ADRO-A15A10-1302,35000,shopify,continue,manual,1299,1299,TRUE,TRUE,A15A10-1302,https://autoid.co/cdn/shop/files/tesla-model-3-carbon-fibre-v2-rear-diffuser-by-adro-2017-adro-893934.jpg?v=1726655869&width=2048,1,Adro A15A10-1302 TESLA MODEL 3 CARBON FIBRE V2 REAR DIFFUSER (2017+),,Adro A15A10-1302 TESLA MODEL 3 CARBON FIBRE V2 REAR DIFFUSER (2017+),Get Adro A15A10-1302 TESLA MODEL 3 CARBON FIBRE V2 REAR DIFFUSER (2017+) for your car to get your desired looks and performance from ML Performance at the lowest price with FREE UK shipping & next day delivery on in stock items. Very cheap prices & good service.,,,,A15A10-1302,,,new,,,,,,,,kg,8708949900,,,,,draft
adro-a15a10-1302-tesla-model-3-carbon-fibre-v2-rear-diffuser-2017,,,,,,,,,,,,,,,,,,,,,,,,https://autoid.co/cdn/shop/files/tesla-model-3-carbon-fibre-v2-rear-diffuser-by-adro-2017-adro-224115.webp?v=1726655869&width=800,2,Adro A15A10-1302 TESLA MODEL 3 CARBON FIBRE V2 REAR DIFFUSER (2017+),,,,,,,,,,,,,,,,,,,,,,,,
adro-a15a10-1302-tesla-model-3-carbon-fibre-v2-rear-diffuser-2017,,,,,,,,,,,,,,,,,,,,,,,,https://autoid.co/cdn/shop/files/tesla-model-3-carbon-fibre-v2-rear-diffuser-by-adro-2017-adro-224932.webp?v=1726655869&width=800,3,Adro A15A10-1302 TESLA MODEL 3 CARBON FIBRE V2 REAR DIFFUSER (2017+),,,,,,,,,,,,,,,,,,,,,,,,
adro-a15a10-1302-tesla-model-3-carbon-fibre-v2-rear-diffuser-2017,,,,,,,,,,,,,,,,,,,,,,,,https://autoid.co/cdn/shop/files/tesla-model-3-carbon-fibre-v2-rear-diffuser-by-adro-2017-adro-538892.webp?v=1726655869&width=800,4,Adro A15A10-1302 TESLA MODEL 3 CARBON FIBRE V2 REAR DIFFUSER (2017+),,,,,,,,,,,,,,,,,,,,,,,,
adro-a15a10-1302-tesla-model-3-carbon-fibre-v2-rear-diffuser-2017,,,,,,,,,,,,,,,,,,,,,,,,https://autoid.co/cdn/shop/files/tesla-model-3-carbon-fibre-v2-rear-diffuser-by-adro-2017-adro-272238.webp?v=1726655869&width=700,5,Adro A15A10-1302 TESLA MODEL 3 CARBON FIBRE V2 REAR DIFFUSER (2017+),,,,,,,,,,,,,,,,,,,,,,,,
adro-a15a10-1302-tesla-model-3-carbon-fibre-v2-rear-diffuser-2017,,,,,,,,,,,,,,,,,,,,,,,,https://autoid.co/cdn/shop/files/tesla-model-3-carbon-fibre-v2-rear-diffuser-by-adro-2017-adro-578560.jpg?v=1726655869&width=2048,6,Adro A15A10-1302 TESLA MODEL 3 CARBON FIBRE V2 REAR DIFFUSER (2017+),,,,,,,,,,,,,,,,,,,,,,,,
adro-a15a10-1302-tesla-model-3-carbon-fibre-v2-rear-diffuser-2017,,,,,,,,,,,,,,,,,,,,,,,,https://autoid.co/cdn/shop/files/tesla-model-3-carbon-fibre-v2-rear-diffuser-by-adro-2017-adro-981106.jpg?v=1726655869&width=2048,7,Adro A15A10-1302 TESLA MODEL 3 CARBON FIBRE V2 REAR DIFFUSER (2017+),,,,,,,,,,,,,,,,,,,,,,,,
adro-a15a10-1302-tesla-model-3-carbon-fibre-v2-rear-diffuser-2017,,,,,,,,,,,,,,,,,,,,,,,,https://autoid.co/cdn/shop/files/tesla-model-3-carbon-fibre-v2-rear-diffuser-by-adro-2017-adro-269057.jpg?v=1726655869&width=2048,8,Adro A15A10-1302 TESLA MODEL 3 CARBON FIBRE V2 REAR DIFFUSER (2017+),,,,,,,,,,,,,,,,,,,,,,,,
adro-a15a10-1302-tesla-model-3-carbon-fibre-v2-rear-diffuser-2017,,,,,,,,,,,,,,,,,,,,,,,,https://autoid.co/cdn/shop/files/tesla-model-3-carbon-fibre-v2-rear-diffuser-by-adro-2017-adro-444027.webp?v=1726655869&width=700,9,Adro A15A10-1302 TESLA MODEL 3 CARBON FIBRE V2 REAR DIFFUSER (2017+),,,,,,,,,,,,,,,,,,,,,,,,
adro-a15a10-1302-tesla-model-3-carbon-fibre-v2-rear-diffuser-2017,,,,,,,,,,,,,,,,,,,,,,,,https://autoid.co/cdn/shop/products/adro-tesla-model-3-wet-carbon-fiber-aero-kit-rear-diffuser_700x_jpg.webp?v=1700239649&width=700,10,Adro A15A10-1302 TESLA MODEL 3 CARBON FIBRE V2 REAR DIFFUSER (2017+),,,,,,,,,,,,,,,,,,,,,,,,
adro-a15a10-1302-tesla-model-3-carbon-fibre-v2-rear-diffuser-2017,,,,,,,,,,,,,,,,,,,,,,,,https://autoid.co/cdn/shop/products/adro-tesla-model-3-wet-carbon-fiber-aero-kit-rear-center_700x_jpg.webp?v=1700239649&width=700,11,Adro A15A10-1302 TESLA MODEL 3 CARBON FIBRE V2 REAR DIFFUSER (2017+),,,,,,,,,,,,,,,,,,,,,,,,
adro-a15a10-1302-tesla-model-3-carbon-fibre-v2-rear-diffuser-2017,,,,,,,,,,,,,,,,,,,,,,,,https://autoid.co/cdn/shop/products/adro-tesla-model-3-wet-carbon-fiber-aero-kit-rear-2_700x_jpg.webp?v=1700239649&width=700,12,Adro A15A10-1302 TESLA MODEL 3 CARBON FIBRE V2 REAR DIFFUSER (2017+),,,,,,,,,,,,,,,,,,,,,,,,
adro-a14a20-1401-bmw-m3-e92-carbon-fibre-side-skirts,Adro A14A20-1401 BMW M3 E92 Carbon Fibre Side Skirts,"<h4><strong>Description</strong></h4><b>Handcrafted Carbon Fibre Side Skirts for Your E92 M3</b><p>Indulge your passion for automotive excellence with our exclusive, one-of-a-kind E92 M3 Side Skirts. Meticulously handcrafted from premium wet carbon fibre, these side skirts are a testament to precision engineering and artistic flair.</p><b><strong>Key Features:</strong></b><ul><li>Handcrafted Wet Carbon Fibre Construction: Unparalleled strength, durability, and a stunning high-gloss finish.</li><li>Bespoke Design: Perfectly complements the E92 M3's lines, accentuating its aggressive stance.</li><li>Enhanced Aerodynamics: Optimised airflow reduces drag and improves stability at high speeds.</li><li>Seamless Integration: Blends flawlessly with the car's existing bodywork.</li><li>Easy Installation: Hassle-free fitting for a quick and satisfying upgrade.</li></ul><p>Unlike mass-produced alternatives, our side skirts are individually crafted, ensuring unparalleled quality. The wet carbon fibre construction doesn't just look incredible it delivers exceptional strength and durability, capable of withstanding the rigours of the road and track.</p><p>Every curve and contour of these side skirts has been meticulously designed to complement the iconic lines of your E92 M3. They create a sense of dynamic motion even when stationary.</p><p>Designed for discerning enthusiasts who demand the very best, these side skirts are a statement of individuality and refined taste. They elevate your M3 to new heights of exclusivity, turning heads wherever you go.</p><b><strong>Pros:</strong></b><ul><li>Exclusive craftsmanship and premium quality</li><li>Unparalleled strength and durability</li><li>Stunning high-gloss finish</li><li>Bespoke design, perfectly complementing the E92 M3's lines</li><li>Enhanced aerodynamic efficiency</li><li>Easy installation</li></ul><b><strong>Cons:</strong></b><ul><li>Premium price point reflecting the exceptional quality and craftsmanship</li><li>Limited availability due to handcrafted production</li></ul><p>Experience the transformative power of handcrafted quality and bespoke design. With our E92 M3 Side Skirts, luxury meets performance in every detail.</p><p>&nbsp;</p><h4>Compatibility</h4><p>Feel free to contact us at info@mlperformance.co.uk should you wish to double check!</p><p>&nbsp;</p><h4>Compatibility Check</h4><p>To ensure the part(s) you have ordered fits your vehicle, we run a compatibility check prior to dispatch. We can do this either using your registration number (UK) or the last 7 digits of your VIN. Simply enter your car details prior to checkout.</p><p>&nbsp;</p><h4>Part Number</h4><p>ADRO-A14A20-1401</p><p>&nbsp;</p><h4>More Information</h4><p><strong>Manufactured by</strong></p><p>Adro</p>",Adro,,Exterior,"Uploaded by_Muazzim, MLP Discount 2025, Brand_Adro, 2025_New Products, Product Type_Exterior, Category_Side Skirts",TRUE,Title,Default Title,,,,,ADRO-A14A20-1401,26000,shopify,continue,manual,1249,1249,TRUE,TRUE,A14A20-1401,https://autoid.co/cdn/shop/files/bmw-m3-e92-carbon-fibre-side-skirts-by-adro-adro-796883.webp?v=1726655206&width=1200,1,Adro A14A20-1401 BMW M3 E92 CARBON FIBRE SIDE SKIRTS,,Adro A14A20-1401 BMW M3 E92 CARBON FIBRE SIDE SKIRTS,Get Adro A14A20-1401 BMW M3 E92 CARBON FIBRE SIDE SKIRTS for your car to get your desired looks and performance from ML Performance at the lowest price with FREE UK shipping & next day delivery on in stock items. Very cheap prices & good service.,,,,A14A20-1401,,,new,,,,,,,,kg,8708949900,,,,,draft
adro-a14a20-1401-bmw-m3-e92-carbon-fibre-side-skirts,,,,,,,,,,,,,,,,,,,,,,,,https://autoid.co/cdn/shop/files/bmw-m3-e92-carbon-fibre-side-skirts-by-adro-adro-168741.webp?v=1726655206&width=1200,2,Adro A14A20-1401 BMW M3 E92 CARBON FIBRE SIDE SKIRTS,,,,,,,,,,,,,,,,,,,,,,,,
adro-a14a20-1401-bmw-m3-e92-carbon-fibre-side-skirts,,,,,,,,,,,,,,,,,,,,,,,,https://autoid.co/cdn/shop/files/bmw-m3-e92-carbon-fibre-side-skirts-by-adro-adro-865953.webp?v=1726655206&width=1200,3,Adro A14A20-1401 BMW M3 E92 CARBON FIBRE SIDE SKIRTS,,,,,,,,,,,,,,,,,,,,,,,,
adro-a14a20-1401-bmw-m3-e92-carbon-fibre-side-skirts,,,,,,,,,,,,,,,,,,,,,,,,https://autoid.co/cdn/shop/files/bmw-m3-e92-carbon-fibre-side-skirts-by-adro-adro-438536.webp?v=1726655206&width=1200,4,Adro A14A20-1401 BMW M3 E92 CARBON FIBRE SIDE SKIRTS,,,,,,,,,,,,,,,,,,,,,,,,
adro-a14a20-1401-bmw-m3-e92-carbon-fibre-side-skirts,,,,,,,,,,,,,,,,,,,,,,,,https://autoid.co/cdn/shop/files/bmw-m3-e92-carbon-fibre-side-skirts-by-adro-adro-973494.webp?v=1726655206&width=1200,5,Adro A14A20-1401 BMW M3 E92 CARBON FIBRE SIDE SKIRTS,,,,,,,,,,,,,,,,,,,,,,,,
adro-a14a20-1401-bmw-m3-e92-carbon-fibre-side-skirts,,,,,,,,,,,,,,,,,,,,,,,,https://autoid.co/cdn/shop/files/bmw-m3-e92-carbon-fibre-side-skirts-by-adro-adro-328483.webp?v=1726655206&width=1200,6,Adro A14A20-1401 BMW M3 E92 CARBON FIBRE SIDE SKIRTS,,,,,,,,,,,,,,,,,,,,,,,,
adro-a18a20-1201-toyota-gr-supra-a90-mk5-carbon-fibre-front-splitter-2019,Adro A18A20-1201 Toyota GR Supra A90 MK5 Carbon Fibre Front Splitter (2019+),"<h4><strong>Description</strong></h4><p>Toyota Supra A90 Mk5 Front Splitter by Adro. </p><p>&nbsp;</p><h4>What's Included</h4><ul><li>1 x Adro Carbon Fibre (wet, 2x2 weave) Front Splitter</li><li>Installation Hardware<br></li></ul><p>&nbsp;</p><h4>Compatibility</h4><p>Feel free to contact us at info@mlperformance.co.uk should you wish to double check!</p><p>&nbsp;</p><h4>Compatibility Check</h4><p>To ensure the part(s) you have ordered fits your vehicle, we run a compatibility check prior to dispatch. We can do this either using your registration number (UK) or the last 7 digits of your VIN. Simply enter your car details prior to checkout.</p><p>&nbsp;</p><h4>Part Number</h4><p>ADRO-A18A20-1201</p><p>&nbsp;</p><h4>More Information</h4><p><strong>Manufactured by</strong></p><p>Adro</p>",Adro,,Exterior,"Uploaded by_Muazzim, MLP Discount 2025, Brand_Adro, 2025_New Products, Product Type_Exterior, Category_Front Splitters",TRUE,Title,Default Title,,,,,ADRO-A18A20-1201,40000,shopify,continue,manual,1249,1249,TRUE,TRUE,A18A20-1201,https://autoid.co/cdn/shop/files/toyota-gr-supra-a90-mk5-carbon-fibre-front-splitter-by-adro-2019-adro-571043.webp?v=1726655991&width=800,1,Adro A18A20-1201 TOYOTA GR SUPRA A90 MK5 CARBON FIBRE FRONT SPLITTER (2019+),,Adro A18A20-1201 TOYOTA GR SUPRA A90 MK5 CARBON FIBRE FRONT SPLITTER (2019+),Get Adro A18A20-1201 TOYOTA GR SUPRA A90 MK5 CARBON FIBRE FRONT SPLITTER (2019+) for your car to get your desired looks and performance from ML Performance at the lowest price with FREE UK shipping & next day delivery on in stock items. Very cheap prices & good service.,,,,A18A20-1201,,,new,,,,,,,,kg,8708949900,,,,,draft
adro-a18a20-1201-toyota-gr-supra-a90-mk5-carbon-fibre-front-splitter-2019,,,,,,,,,,,,,,,,,,,,,,,,https://autoid.co/cdn/shop/files/toyota-gr-supra-a90-mk5-carbon-fibre-front-splitter-by-adro-2019-adro-179006.webp?v=1726655991&width=800,2,Adro A18A20-1201 TOYOTA GR SUPRA A90 MK5 CARBON FIBRE FRONT SPLITTER (2019+),,,,,,,,,,,,,,,,,,,,,,,,
adro-a18a20-1201-toyota-gr-supra-a90-mk5-carbon-fibre-front-splitter-2019,,,,,,,,,,,,,,,,,,,,,,,,https://autoid.co/cdn/shop/files/toyota-gr-supra-a90-mk5-carbon-fibre-front-splitter-by-adro-2019-adro-776161.jpg?v=1726655991&width=2048,3,Adro A18A20-1201 TOYOTA GR SUPRA A90 MK5 CARBON FIBRE FRONT SPLITTER (2019+),,,,,,,,,,,,,,,,,,,,,,,,
adro-a18a20-1201-toyota-gr-supra-a90-mk5-carbon-fibre-front-splitter-2019,,,,,,,,,,,,,,,,,,,,,,,,https://autoid.co/cdn/shop/files/toyota-gr-supra-a90-mk5-carbon-fibre-front-splitter-by-adro-2019-adro-812579.jpg?v=1726655991&width=2048,4,Adro A18A20-1201 TOYOTA GR SUPRA A90 MK5 CARBON FIBRE FRONT SPLITTER (2019+),,,,,,,,,,,,,,,,,,,,,,,,
adro-a18a20-1201-toyota-gr-supra-a90-mk5-carbon-fibre-front-splitter-2019,,,,,,,,,,,,,,,,,,,,,,,,https://autoid.co/cdn/shop/files/toyota-gr-supra-a90-mk5-carbon-fibre-front-splitter-by-adro-2019-adro-167759.jpg?v=1726655991&width=2048,5,Adro A18A20-1201 TOYOTA GR SUPRA A90 MK5 CARBON FIBRE FRONT SPLITTER (2019+),,,,,,,,,,,,,,,,,,,,,,,,
adro-a18a20-1201-toyota-gr-supra-a90-mk5-carbon-fibre-front-splitter-2019,,,,,,,,,,,,,,,,,,,,,,,,https://autoid.co/cdn/shop/files/toyota-gr-supra-a90-mk5-carbon-fibre-front-splitter-by-adro-2019-adro-335597.jpg?v=1726655991&width=1290,6,Adro A18A20-1201 TOYOTA GR SUPRA A90 MK5 CARBON FIBRE FRONT SPLITTER (2019+),,,,,,,,,,,,,,,,,,,,,,,,
adro-a18a20-1201-toyota-gr-supra-a90-mk5-carbon-fibre-front-splitter-2019,,,,,,,,,,,,,,,,,,,,,,,,https://autoid.co/cdn/shop/files/toyota-gr-supra-a90-mk5-carbon-fibre-front-splitter-by-adro-2019-adro-339956.jpg?v=1726655991&width=1290,7,Adro A18A20-1201 TOYOTA GR SUPRA A90 MK5 CARBON FIBRE FRONT SPLITTER (2019+),,,,,,,,,,,,,,,,,,,,,,,,
adro-a18a20-1201-toyota-gr-supra-a90-mk5-carbon-fibre-front-splitter-2019,,,,,,,,,,,,,,,,,,,,,,,,https://autoid.co/cdn/shop/files/toyota-gr-supra-a90-mk5-carbon-fibre-front-splitter-by-adro-2019-adro-126652.jpg?v=1726655991&width=1290,8,Adro A18A20-1201 TOYOTA GR SUPRA A90 MK5 CARBON FIBRE FRONT SPLITTER (2019+),,,,,,,,,,,,,,,,,,,,,,,,
adro-a18a20-1201-toyota-gr-supra-a90-mk5-carbon-fibre-front-splitter-2019,,,,,,,,,,,,,,,,,,,,,,,,https://autoid.co/cdn/shop/files/toyota-gr-supra-a90-mk5-carbon-fibre-front-splitter-by-adro-2019-adro-893823.jpg?v=1726655992&width=1290,9,Adro A18A20-1201 TOYOTA GR SUPRA A90 MK5 CARBON FIBRE FRONT SPLITTER (2019+),,,,,,,,,,,,,,,,,,,,,,,,
adro-a18a20-1201-toyota-gr-supra-a90-mk5-carbon-fibre-front-splitter-2019,,,,,,,,,,,,,,,,,,,,,,,,https://autoid.co/cdn/shop/files/toyota-gr-supra-a90-mk5-carbon-fibre-front-splitter-by-adro-2019-adro-223590.webp?v=1726655992&width=800,10,Adro A18A20-1201 TOYOTA GR SUPRA A90 MK5 CARBON FIBRE FRONT SPLITTER (2019+),,,,,,,,,,,,,,,,,,,,,,,,
adro-a18a20-1201-toyota-gr-supra-a90-mk5-carbon-fibre-front-splitter-2019,,,,,,,,,,,,,,,,,,,,,,,,https://autoid.co/cdn/shop/files/toyota-gr-supra-a90-mk5-carbon-fibre-front-splitter-by-adro-2019-adro-437912.webp?v=1726655992&width=800,11,Adro A18A20-1201 TOYOTA GR SUPRA A90 MK5 CARBON FIBRE FRONT SPLITTER (2019+),,,,,,,,,,,,,,,,,,,,,,,,
adro-a18a20-1201-toyota-gr-supra-a90-mk5-carbon-fibre-front-splitter-2019,,,,,,,,,,,,,,,,,,,,,,,,https://autoid.co/cdn/shop/files/toyota-gr-supra-a90-mk5-carbon-fibre-front-splitter-by-adro-2019-adro-410386.webp?v=1726655992&width=800,12,Adro A18A20-1201 TOYOTA GR SUPRA A90 MK5 CARBON FIBRE FRONT SPLITTER (2019+),,,,,,,,,,,,,,,,,,,,,,,,
adro-a18a20-1201-toyota-gr-supra-a90-mk5-carbon-fibre-front-splitter-2019,,,,,,,,,,,,,,,,,,,,,,,,https://autoid.co/cdn/shop/files/toyota-gr-supra-a90-mk5-carbon-fibre-front-splitter-by-adro-2019-adro-596807.webp?v=1726655992&width=800,13,Adro A18A20-1201 TOYOTA GR SUPRA A90 MK5 CARBON FIBRE FRONT SPLITTER (2019+),,,,,,,,,,,,,,,,,,,,,,,,
adro-a14a60-1301-bmw-3-series-m340i-g20-pre-lci-carbon-fibre-rear-diffuser-2018-2022,Adro A14A60-1301 BMW 3 Series M340I G20 (Pre-Lci) Carbon Fibre Rear Diffuser (2018-2022),"<h4><strong>Description</strong></h4><p>ADRO Carbon Fibre Rear Diffuser for the M340i G20 G21 Pre-LCI model. As official ADRO distributors, we offer the full carbon body kit for the M340i including this front splitter, rear diffuser, side skirts and a rear diffuser.</p><p>This carbon fibre is composed of a 2x2 weave, typical of most OEM carbon fibre pieces and comparable to Genuine M Performance parts.</p><p>&nbsp;</p><h4>What's Included</h4><ul><li>1 x Adro Carbon Fibre (2x2 weave) Rear Diffuser</li><li>Installation Hardware<br></li></ul><p>&nbsp;</p><h4>Compatibility</h4><p>Feel free to contact us at info@mlperformance.co.uk should you wish to double check!</p><p>&nbsp;</p><h4>Compatibility Check</h4><p>To ensure the part(s) you have ordered fits your vehicle, we run a compatibility check prior to dispatch. We can do this either using your registration number (UK) or the last 7 digits of your VIN. Simply enter your car details prior to checkout.</p><p>&nbsp;</p><h4>Part Number</h4><p>ADRO-A14A60-1301</p><p>&nbsp;</p><h4>More Information</h4><p><strong>Manufactured by</strong></p><p>Adro</p>",Adro,,Exterior,"Uploaded by_Muazzim, MLP Discount 2025, Brand_Adro, 2025_New Products, Product Type_Exterior, Category_Rear Diffusers",TRUE,Title,Default Title,,,,,ADRO-A14A60-1301,35000,shopify,continue,manual,1249,1249,TRUE,TRUE,A14A60-1301,https://autoid.co/cdn/shop/files/bmw-3-series-m340i-g20-pre-lci-carbon-fibre-rear-diffuser-by-adro-2018-2022-adro-972079.webp?v=1726654814&width=1200,1,Adro A14A60-1301 BMW 3 SERIES M340I G20 (PRE-LCI) CARBON FIBRE REAR DIFFUSER (2018-2022),,Adro A14A60-1301 BMW 3 SERIES M340I G20 (PRE-LCI) CARBON FIBRE REAR DIFFUSER (2018-2022),Get Adro A14A60-1301 BMW 3 SERIES M340I G20 (PRE-LCI) CARBON FIBRE REAR DIFFUSER (2018-2022) for your car to get your desired looks and performance from ML Performance at the lowest price with FREE UK shipping & next day delivery on in stock items. Very cheap prices & good service.,,,,A14A60-1301,,,new,,,,,,,,kg,8708949900,,,,,draft
adro-a14a60-1301-bmw-3-series-m340i-g20-pre-lci-carbon-fibre-rear-diffuser-2018-2022,,,,,,,,,,,,,,,,,,,,,,,,https://autoid.co/cdn/shop/files/bmw-3-series-m340i-g20-pre-lci-carbon-fibre-rear-diffuser-by-adro-2018-2022-adro-207367.webp?v=1726654814&width=1200,2,Adro A14A60-1301 BMW 3 SERIES M340I G20 (PRE-LCI) CARBON FIBRE REAR DIFFUSER (2018-2022),,,,,,,,,,,,,,,,,,,,,,,,
adro-a14a60-1301-bmw-3-series-m340i-g20-pre-lci-carbon-fibre-rear-diffuser-2018-2022,,,,,,,,,,,,,,,,,,,,,,,,https://autoid.co/cdn/shop/files/bmw-3-series-m340i-g20-pre-lci-carbon-fibre-rear-diffuser-by-adro-2018-2022-adro-786969.webp?v=1726654814&width=1200,3,Adro A14A60-1301 BMW 3 SERIES M340I G20 (PRE-LCI) CARBON FIBRE REAR DIFFUSER (2018-2022),,,,,,,,,,,,,,,,,,,,,,,,
adro-a14a60-1301-bmw-3-series-m340i-g20-pre-lci-carbon-fibre-rear-diffuser-2018-2022,,,,,,,,,,,,,,,,,,,,,,,,https://autoid.co/cdn/shop/files/bmw-3-series-m340i-g20-pre-lci-carbon-fibre-rear-diffuser-by-adro-2018-2022-adro-941641.webp?v=1726654814&width=1200,4,Adro A14A60-1301 BMW 3 SERIES M340I G20 (PRE-LCI) CARBON FIBRE REAR DIFFUSER (2018-2022),,,,,,,,,,,,,,,,,,,,,,,,
adro-a14a60-1301-bmw-3-series-m340i-g20-pre-lci-carbon-fibre-rear-diffuser-2018-2022,,,,,,,,,,,,,,,,,,,,,,,,https://autoid.co/cdn/shop/files/bmw-3-series-m340i-g20-pre-lci-carbon-fibre-rear-diffuser-by-adro-2018-2022-adro-912307.webp?v=1726654814&width=1200,5,Adro A14A60-1301 BMW 3 SERIES M340I G20 (PRE-LCI) CARBON FIBRE REAR DIFFUSER (2018-2022),,,,,,,,,,,,,,,,,,,,,,,,
adro-a14a60-1301-bmw-3-series-m340i-g20-pre-lci-carbon-fibre-rear-diffuser-2018-2022,,,,,,,,,,,,,,,,,,,,,,,,https://autoid.co/cdn/shop/files/bmw-3-series-m340i-g20-pre-lci-carbon-fibre-rear-diffuser-by-adro-2018-2022-adro-737092.jpg?v=1726654814&width=1638,6,Adro A14A60-1301 BMW 3 SERIES M340I G20 (PRE-LCI) CARBON FIBRE REAR DIFFUSER (2018-2022),,,,,,,,,,,,,,,,,,,,,,,,
adro-a14a60-1301-bmw-3-series-m340i-g20-pre-lci-carbon-fibre-rear-diffuser-2018-2022,,,,,,,,,,,,,,,,,,,,,,,,https://autoid.co/cdn/shop/files/bmw-3-series-m340i-g20-pre-lci-carbon-fibre-rear-diffuser-by-adro-2018-2022-adro-267841.jpg?v=1726654814&width=1638,7,Adro A14A60-1301 BMW 3 SERIES M340I G20 (PRE-LCI) CARBON FIBRE REAR DIFFUSER (2018-2022),,,,,,,,,,,,,,,,,,,,,,,,
adro-a14a60-1301-bmw-3-series-m340i-g20-pre-lci-carbon-fibre-rear-diffuser-2018-2022,,,,,,,,,,,,,,,,,,,,,,,,https://autoid.co/cdn/shop/files/bmw-3-series-m340i-g20-pre-lci-carbon-fibre-rear-diffuser-by-adro-2018-2022-adro-701101.jpg?v=1726654815&width=1638,8,Adro A14A60-1301 BMW 3 SERIES M340I G20 (PRE-LCI) CARBON FIBRE REAR DIFFUSER (2018-2022),,,,,,,,,,,,,,,,,,,,,,,,
adro-a14a60-1301-bmw-3-series-m340i-g20-pre-lci-carbon-fibre-rear-diffuser-2018-2022,,,,,,,,,,,,,,,,,,,,,,,,https://autoid.co/cdn/shop/files/bmw-3-series-m340i-g20-pre-lci-carbon-fibre-rear-diffuser-by-adro-2018-2022-adro-584693.jpg?v=1726654815&width=1638,9,Adro A14A60-1301 BMW 3 SERIES M340I G20 (PRE-LCI) CARBON FIBRE REAR DIFFUSER (2018-2022),,,,,,,,,,,,,,,,,,,,,,,,
adro-a18a10-1201-toyota-gr86-pre-preg-carbon-fibre-front-splitter-2022,Adro A18A10-1201 Toyota GR86 Pre-Preg Carbon Fibre Front Splitter (2022+),"<h4><strong>Description</strong></h4><p><meta><span>Whether you're building your GR86 for the track or for show, the ADRO carbon fiber front splitter will be up for the task. This front splitter is made from real carbon fiber and is designed to increase downforce while taking the front end design of the new GR86 to an entirely new level. This front splitter will fit just like an OEM part and will transform the front of your GR86. </span></p><p><meta><span>You can view the installation manual </span><span></span><a>here</a></p><p>&nbsp;</p><h4>What's Included</h4><ul><li>1 x Adro Carbon Fibre (wet, 2x2 weave) Front Splitter</li><li>Installation Hardware<br></li></ul><p>&nbsp;</p><h4>Compatibility</h4><p>Feel free to contact us at info@mlperformance.co.uk should you wish to double check!</p><p>&nbsp;</p><h4>Compatibility Check</h4><p>To ensure the part(s) you have ordered fits your vehicle, we run a compatibility check prior to dispatch. We can do this either using your registration number (UK) or the last 7 digits of your VIN. Simply enter your car details prior to checkout.</p><p>&nbsp;</p><h4>Part Number</h4><p>ADRO-A18A10-1201</p><p>&nbsp;</p><h4>More Information</h4><p><strong>Manufactured by</strong></p><p>Adro</p>",Adro,,Exterior,"Uploaded by_Muazzim, MLP Discount 2025, Brand_Adro, 2025_New Products, Product Type_Exterior, Category_Front Splitters",TRUE,Title,Default Title,,,,,ADRO-A18A10-1201,40000,shopify,continue,manual,1199,1199,TRUE,TRUE,A18A10-1201,https://autoid.co/cdn/shop/files/toyota-gr86-pre-preg-carbon-fibre-front-splitter-by-adro-2022-adro-444679.webp?v=1726655983&width=1600,1,Adro A18A10-1201 TOYOTA GR86 PRE-PREG CARBON FIBRE FRONT SPLITTER (2022+),,Adro A18A10-1201 TOYOTA GR86 PRE-PREG CARBON FIBRE FRONT SPLITTER (2022+),Get Adro A18A10-1201 TOYOTA GR86 PRE-PREG CARBON FIBRE FRONT SPLITTER (2022+) for your car to get your desired looks and performance from ML Performance at the lowest price with FREE UK shipping & next day delivery on in stock items. Very cheap prices & good service.,,,,A18A10-1201,,,new,,,,,,,,kg,8708949900,,,,,draft
adro-a18a10-1201-toyota-gr86-pre-preg-carbon-fibre-front-splitter-2022,,,,,,,,,,,,,,,,,,,,,,,,https://autoid.co/cdn/shop/files/toyota-gr86-pre-preg-carbon-fibre-front-splitter-by-adro-2022-adro-418283.webp?v=1726655983&width=1600,2,Adro A18A10-1201 TOYOTA GR86 PRE-PREG CARBON FIBRE FRONT SPLITTER (2022+),,,,,,,,,,,,,,,,,,,,,,,,
adro-a18a10-1201-toyota-gr86-pre-preg-carbon-fibre-front-splitter-2022,,,,,,,,,,,,,,,,,,,,,,,,https://autoid.co/cdn/shop/files/toyota-gr86-pre-preg-carbon-fibre-front-splitter-by-adro-2022-adro-921645.webp?v=1726655983&width=1600,3,Adro A18A10-1201 TOYOTA GR86 PRE-PREG CARBON FIBRE FRONT SPLITTER (2022+),,,,,,,,,,,,,,,,,,,,,,,,
adro-a18a10-1201-toyota-gr86-pre-preg-carbon-fibre-front-splitter-2022,,,,,,,,,,,,,,,,,,,,,,,,https://autoid.co/cdn/shop/files/toyota-gr86-pre-preg-carbon-fibre-front-splitter-by-adro-2022-adro-975768.webp?v=1726655983&width=1600,4,Adro A18A10-1201 TOYOTA GR86 PRE-PREG CARBON FIBRE FRONT SPLITTER (2022+),,,,,,,,,,,,,,,,,,,,,,,,
adro-a15a10-1202-tesla-model-3-carbon-fibre-v2-front-splitter-2017,Adro A15A10-1202 Tesla Model 3 Carbon Fibre V2 Front Splitter (2017+),"<h4><strong>Description</strong></h4><p>ADRO Carbon Fibre Front Splitter for the Tesla Model 3. As official ADRO distributors, we offer the full carbon body kit for the Tesla Model 3 including this front splitter, rear diffuser, side skirts and a rear diffuser.</p><p>&nbsp;</p><h4>What's Included</h4><ul><li>1 x Adro Carbon Fibre (wet 2x2 weave) Front Splitter</li><li>Installation Hardware<br></li></ul><p>&nbsp;</p><h4>Compatibility</h4><p>Feel free to contact us at info@mlperformance.co.uk should you wish to double check!</p><p>&nbsp;</p><h4>Compatibility Check</h4><p>To ensure the part(s) you have ordered fits your vehicle, we run a compatibility check prior to dispatch. We can do this either using your registration number (UK) or the last 7 digits of your VIN. Simply enter your car details prior to checkout.</p><p>&nbsp;</p><h4>Part Number</h4><p>ADRO-A15A10-1202</p><p>&nbsp;</p><h4>More Information</h4><p><strong>Manufactured by</strong></p><p>Adro</p>",Adro,,Exterior,"Uploaded by_Muazzim, MLP Discount 2025, Brand_Adro, 2025_New Products, Product Type_Exterior, Category_Front Splitters",TRUE,Title,Default Title,,,,,ADRO-A15A10-1202,40000,shopify,continue,manual,1199,1199,TRUE,TRUE,A15A10-1202,https://autoid.co/cdn/shop/files/tesla-model-3-carbon-fibre-v2-front-splitter-by-adro-2017-adro-975450.jpg?v=1726655871&width=2048,1,Adro A15A10-1202 TESLA MODEL 3 CARBON FIBRE V2 FRONT SPLITTER (2017+),,Adro A15A10-1202 TESLA MODEL 3 CARBON FIBRE V2 FRONT SPLITTER (2017+),Get Adro A15A10-1202 TESLA MODEL 3 CARBON FIBRE V2 FRONT SPLITTER (2017+) for your car to get your desired looks and performance from ML Performance at the lowest price with FREE UK shipping & next day delivery on in stock items. Very cheap prices & good service.,,,,A15A10-1202,,,new,,,,,,,,kg,8708949900,,,,,draft
adro-a15a10-1202-tesla-model-3-carbon-fibre-v2-front-splitter-2017,,,,,,,,,,,,,,,,,,,,,,,,https://autoid.co/cdn/shop/files/tesla-model-3-carbon-fibre-v2-front-splitter-by-adro-2017-adro-679370.webp?v=1726655871&width=800,2,Adro A15A10-1202 TESLA MODEL 3 CARBON FIBRE V2 FRONT SPLITTER (2017+),,,,,,,,,,,,,,,,,,,,,,,,
adro-a15a10-1202-tesla-model-3-carbon-fibre-v2-front-splitter-2017,,,,,,,,,,,,,,,,,,,,,,,,https://autoid.co/cdn/shop/files/tesla-model-3-carbon-fibre-v2-front-splitter-by-adro-2017-adro-678119.webp?v=1726655871&width=800,3,Adro A15A10-1202 TESLA MODEL 3 CARBON FIBRE V2 FRONT SPLITTER (2017+),,,,,,,,,,,,,,,,,,,,,,,,
adro-a15a10-1202-tesla-model-3-carbon-fibre-v2-front-splitter-2017,,,,,,,,,,,,,,,,,,,,,,,,https://autoid.co/cdn/shop/files/tesla-model-3-carbon-fibre-v2-front-splitter-by-adro-2017-adro-127450.webp?v=1726655871&width=800,4,Adro A15A10-1202 TESLA MODEL 3 CARBON FIBRE V2 FRONT SPLITTER (2017+),,,,,,,,,,,,,,,,,,,,,,,,
adro-a15a10-1202-tesla-model-3-carbon-fibre-v2-front-splitter-2017,,,,,,,,,,,,,,,,,,,,,,,,https://autoid.co/cdn/shop/files/tesla-model-3-carbon-fibre-v2-front-splitter-by-adro-2017-adro-102495.webp?v=1726655871&width=800,5,Adro A15A10-1202 TESLA MODEL 3 CARBON FIBRE V2 FRONT SPLITTER (2017+),,,,,,,,,,,,,,,,,,,,,,,,
adro-a15a10-1202-tesla-model-3-carbon-fibre-v2-front-splitter-2017,,,,,,,,,,,,,,,,,,,,,,,,https://autoid.co/cdn/shop/files/tesla-model-3-carbon-fibre-v2-front-splitter-by-adro-2017-adro-292163.webp?v=1726655871&width=800,6,Adro A15A10-1202 TESLA MODEL 3 CARBON FIBRE V2 FRONT SPLITTER (2017+),,,,,,,,,,,,,,,,,,,,,,,,
adro-a15a10-1202-tesla-model-3-carbon-fibre-v2-front-splitter-2017,,,,,,,,,,,,,,,,,,,,,,,,https://autoid.co/cdn/shop/files/tesla-model-3-carbon-fibre-v2-front-splitter-by-adro-2017-adro-741442.webp?v=1726655871&width=800,7,Adro A15A10-1202 TESLA MODEL 3 CARBON FIBRE V2 FRONT SPLITTER (2017+),,,,,,,,,,,,,,,,,,,,,,,,
adro-a15a10-1202-tesla-model-3-carbon-fibre-v2-front-splitter-2017,,,,,,,,,,,,,,,,,,,,,,,,https://autoid.co/cdn/shop/files/tesla-model-3-carbon-fibre-v2-front-splitter-by-adro-2017-adro-604683.jpg?v=1726655871&width=2048,8,Adro A15A10-1202 TESLA MODEL 3 CARBON FIBRE V2 FRONT SPLITTER (2017+),,,,,,,,,,,,,,,,,,,,,,,,
adro-a15a10-1202-tesla-model-3-carbon-fibre-v2-front-splitter-2017,,,,,,,,,,,,,,,,,,,,,,,,https://autoid.co/cdn/shop/files/tesla-model-3-carbon-fibre-v2-front-splitter-by-adro-2017-adro-572228.jpg?v=1726655871&width=2048,9,Adro A15A10-1202 TESLA MODEL 3 CARBON FIBRE V2 FRONT SPLITTER (2017+),,,,,,,,,,,,,,,,,,,,,,,,
adro-a15a10-1202-tesla-model-3-carbon-fibre-v2-front-splitter-2017,,,,,,,,,,,,,,,,,,,,,,,,https://autoid.co/cdn/shop/files/tesla-model-3-carbon-fibre-v2-front-splitter-by-adro-2017-adro-459361.jpg?v=1726655871&width=2048,10,Adro A15A10-1202 TESLA MODEL 3 CARBON FIBRE V2 FRONT SPLITTER (2017+),,,,,,,,,,,,,,,,,,,,,,,,
adro-a15a10-1202-tesla-model-3-carbon-fibre-v2-front-splitter-2017,,,,,,,,,,,,,,,,,,,,,,,,https://autoid.co/cdn/shop/files/tesla-model-3-carbon-fibre-v2-front-splitter-by-adro-2017-adro-340682.jpg?v=1726655871&width=2048,11,Adro A15A10-1202 TESLA MODEL 3 CARBON FIBRE V2 FRONT SPLITTER (2017+),,,,,,,,,,,,,,,,,,,,,,,,
adro-a15a10-1202-tesla-model-3-carbon-fibre-v2-front-splitter-2017,,,,,,,,,,,,,,,,,,,,,,,,https://autoid.co/cdn/shop/products/adro-tesla-model-3-wet-carbon-fiber-aero-kit-front-center_700x_jpg.webp?v=1700239705&width=700,12,Adro A15A10-1202 TESLA MODEL 3 CARBON FIBRE V2 FRONT SPLITTER (2017+),,,,,,,,,,,,,,,,,,,,,,,,
adro-a15a10-1202-tesla-model-3-carbon-fibre-v2-front-splitter-2017,,,,,,,,,,,,,,,,,,,,,,,,https://autoid.co/cdn/shop/products/adro-tesla-model-3-wet-carbon-fiber-aero-kit-front-lip-2_700x_jpg.webp?v=1700239705&width=700,13,Adro A15A10-1202 TESLA MODEL 3 CARBON FIBRE V2 FRONT SPLITTER (2017+),,,,,,,,,,,,,,,,,,,,,,,,
adro-a15a10-1202-tesla-model-3-carbon-fibre-v2-front-splitter-2017,,,,,,,,,,,,,,,,,,,,,,,,https://autoid.co/cdn/shop/products/adro-tesla-model-3-wet-carbon-fiber-aero-kit-front-lips_700x_jpg.webp?v=1700239705&width=700,14,Adro A15A10-1202 TESLA MODEL 3 CARBON FIBRE V2 FRONT SPLITTER (2017+),,,,,,,,,,,,,,,,,,,,,,,,
adro-a15a10-1202-tesla-model-3-carbon-fibre-v2-front-splitter-2017,,,,,,,,,,,,,,,,,,,,,,,,https://autoid.co/cdn/shop/products/adro-tesla-model-3-wet-carbon-fiber-aero-kit-front-q-driver_700x_jpg.webp?v=1700239705&width=700,15,Adro A15A10-1202 TESLA MODEL 3 CARBON FIBRE V2 FRONT SPLITTER (2017+),,,,,,,,,,,,,,,,,,,,,,,,
adro-a14a10-1401-bmw-m4-f82-f83-pre-preg-carbon-fibre-side-skirts-2014-2020,Adro A14A10-1401 BMW M4 F82 F83 Pre-Preg Carbon Fibre Side Skirts (2014-2020),"<h4><strong>Description</strong></h4><p>Full Length Carbon Fibre Side Skirts for the F82 M4.</p><p><meta><span>You can view the installation manual </span><span></span><a>here</a></p><p>&nbsp;</p><h4>What's Included</h4><ul><li>2 x Adro Carbon Fibre (pre-preg, 2x2 weave) Side Skirts (Left & Right Side)</li><li>Installation Hardware<br></li></ul><p>&nbsp;</p><h4>Compatibility</h4><p>Feel free to contact us at info@mlperformance.co.uk should you wish to double check!</p><p>&nbsp;</p><h4>Compatibility Check</h4><p>To ensure the part(s) you have ordered fits your vehicle, we run a compatibility check prior to dispatch. We can do this either using your registration number (UK) or the last 7 digits of your VIN. Simply enter your car details prior to checkout.</p><p>&nbsp;</p><h4>Part Number</h4><p>ADRO-A14A10-1401</p><p>&nbsp;</p><h4>More Information</h4><p><strong>Manufactured by</strong></p><p>Adro</p>",Adro,,Exterior,"Uploaded by_Muazzim, MLP Discount 2025, Brand_Adro, 2025_New Products, Product Type_Exterior, Category_Side Skirts",TRUE,Title,Default Title,,,,,ADRO-A14A10-1401,26000,shopify,continue,manual,1149,1149,TRUE,TRUE,A14A10-1401,https://autoid.co/cdn/shop/files/bmw-m4-f82-f83-pre-preg-carbon-fibre-side-skirts-by-adro-2014-2020-adro-624144.webp?v=1726655352&width=1440,1,Adro A14A10-1401 BMW M4 F82 F83 PRE-PREG CARBON FIBRE SIDE SKIRTS (2014-2020),,Adro A14A10-1401 BMW M4 F82 F83 PRE-PREG CARBON FIBRE SIDE SKIRTS (2014-2020),Get Adro A14A10-1401 BMW M4 F82 F83 PRE-PREG CARBON FIBRE SIDE SKIRTS (2014-2020) for your car to get your desired looks and performance from ML Performance at the lowest price with FREE UK shipping & next day delivery on in stock items. Very cheap prices & good service.,,,,A14A10-1401,,,new,,,,,,,,kg,8708949900,,,,,draft
adro-a14a10-1401-bmw-m4-f82-f83-pre-preg-carbon-fibre-side-skirts-2014-2020,,,,,,,,,,,,,,,,,,,,,,,,https://autoid.co/cdn/shop/files/bmw-m4-f82-f83-pre-preg-carbon-fibre-side-skirts-by-adro-2014-2020-adro-538333.webp?v=1726655352&width=1440,2,Adro A14A10-1401 BMW M4 F82 F83 PRE-PREG CARBON FIBRE SIDE SKIRTS (2014-2020),,,,,,,,,,,,,,,,,,,,,,,,
adro-a14a10-1401-bmw-m4-f82-f83-pre-preg-carbon-fibre-side-skirts-2014-2020,,,,,,,,,,,,,,,,,,,,,,,,https://autoid.co/cdn/shop/files/bmw-m4-f82-f83-pre-preg-carbon-fibre-side-skirts-by-adro-2014-2020-adro-955128.webp?v=1726655352&width=1440,3,Adro A14A10-1401 BMW M4 F82 F83 PRE-PREG CARBON FIBRE SIDE SKIRTS (2014-2020),,,,,,,,,,,,,,,,,,,,,,,,
adro-a14a10-1401-bmw-m4-f82-f83-pre-preg-carbon-fibre-side-skirts-2014-2020,,,,,,,,,,,,,,,,,,,,,,,,https://autoid.co/cdn/shop/files/bmw-m4-f82-f83-pre-preg-carbon-fibre-side-skirts-by-adro-2014-2020-adro-458059.webp?v=1726655352&width=1440,4,Adro A14A10-1401 BMW M4 F82 F83 PRE-PREG CARBON FIBRE SIDE SKIRTS (2014-2020),,,,,,,,,,,,,,,,,,,,,,,,
adro-a12a30-1303-kia-stinger-carbon-fibre-meister-rear-diffuser-v3-2018,Adro A12A30-1303 KIA Stinger Carbon Fibre Meister Rear Diffuser V3 (2018+),"<h4><strong>Description</strong></h4><p><meta><span>The Meister carbon fiber V3 rear diffuser is made specifically for the new 2022 Kia Stinger and takes a more subtle approach than the V2 model. The diffuser seamlessly integrates with the bottom of the factory rear bumper and contours elegantly around the quad exhaust tips that come from the factory on this car. Plus with its two center air dams, you still get that track inspired look without being over-the-top. Of course, just like the V2 variant from ADRO, the rear diffuser is made completely from handcrafted carbon fiber so it will be able to withstand plenty of abuse and still look great.</span><br></p><p>&nbsp;</p><h4>What's Included</h4><ul><li>1 x Adro Carbon Fibre (2x2 weave) Rear Diffuser</li><li>Installation Hardware<br></li></ul><p>&nbsp;</p><h4>Compatibility</h4><p>Feel free to contact us at info@mlperformance.co.uk should you wish to double check!</p><p>&nbsp;</p><h4>Compatibility Check</h4><p>To ensure the part(s) you have ordered fits your vehicle, we run a compatibility check prior to dispatch. We can do this either using your registration number (UK) or the last 7 digits of your VIN. Simply enter your car details prior to checkout.</p><p>&nbsp;</p><h4>Part Number</h4><p>ADRO-A12A30-1303</p><p>&nbsp;</p><h4>More Information</h4><p><strong>Manufactured by</strong></p><p>Adro</p>",Adro,,Exterior,"Uploaded by_Muazzim, MLP Discount 2025, Brand_Adro, 2025_New Products, Product Type_Exterior, Category_Rear Diffusers",TRUE,Title,Default Title,,,,,ADRO-A12A30-1303,35000,shopify,continue,manual,1099,1099,TRUE,TRUE,A12A30-1303,https://autoid.co/cdn/shop/files/kia-stinger-carbon-fibre-meister-rear-diffuser-v3-by-adro-2018-adro-204916.webp?v=1726655703&width=1600,1,Adro A12A30-1303 KIA STINGER CARBON FIBRE MEISTER REAR DIFFUSER V3 (2018+),,Adro A12A30-1303 KIA STINGER CARBON FIBRE MEISTER REAR DIFFUSER V3 (2018+),Get Adro A12A30-1303 KIA STINGER CARBON FIBRE MEISTER REAR DIFFUSER V3 (2018+) for your car to get your desired looks and performance from ML Performance at the lowest price with FREE UK shipping & next day delivery on in stock items. Very cheap prices & good service.,,,,A12A30-1303,,,new,,,,,,,,kg,8708949900,,,,,draft
adro-a12a30-1303-kia-stinger-carbon-fibre-meister-rear-diffuser-v3-2018,,,,,,,,,,,,,,,,,,,,,,,,https://autoid.co/cdn/shop/files/kia-stinger-carbon-fibre-meister-rear-diffuser-v3-by-adro-2018-adro-911671.webp?v=1726655703&width=1600,2,Adro A12A30-1303 KIA STINGER CARBON FIBRE MEISTER REAR DIFFUSER V3 (2018+),,,,,,,,,,,,,,,,,,,,,,,,
adro-a12a30-1303-kia-stinger-carbon-fibre-meister-rear-diffuser-v3-2018,,,,,,,,,,,,,,,,,,,,,,,,https://autoid.co/cdn/shop/files/kia-stinger-carbon-fibre-meister-rear-diffuser-v3-by-adro-2018-adro-667007.webp?v=1726655703&width=1600,3,Adro A12A30-1303 KIA STINGER CARBON FIBRE MEISTER REAR DIFFUSER V3 (2018+),,,,,,,,,,,,,,,,,,,,,,,,
adro-a12a30-1303-kia-stinger-carbon-fibre-meister-rear-diffuser-v3-2018,,,,,,,,,,,,,,,,,,,,,,,,https://autoid.co/cdn/shop/files/kia-stinger-carbon-fibre-meister-rear-diffuser-v3-by-adro-2018-adro-218628.webp?v=1726655703&width=1600,4,Adro A12A30-1303 KIA STINGER CARBON FIBRE MEISTER REAR DIFFUSER V3 (2018+),,,,,,,,,,,,,,,,,,,,,,,,
adro-a16a10-1401-ford-mustang-carbon-fibre-side-skirts-2018,Adro A16A10-1401 Ford Mustang Carbon Fibre Side Skirts (2018+),"<h4><strong>Description</strong></h4><p><meta><span>A subtle and aggressive design is what the ADRO side skirt kit brings to the S550. This side skirt was constructed using 100% real carbon fiber, designed specifically for this platform for the perfect fit, and pairs perfectly with the ADR front lip kit. If you're looking for the next subtle touch to make the S550 just a little more aggressive, this is it.</span></p><p><meta><span>You can view the installation manual </span><span></span><a>here</a></p><p>&nbsp;</p><h4>What's Included</h4><ul><li>2 x Adro Carbon Fibre (2x2 weave) Side Skirts (Left & Right Side)</li><li>Installation Hardware<br></li></ul><p>&nbsp;</p><h4>Compatibility</h4><p>Feel free to contact us at info@mlperformance.co.uk should you wish to double check!</p><p>&nbsp;</p><h4>Compatibility Check</h4><p>To ensure the part(s) you have ordered fits your vehicle, we run a compatibility check prior to dispatch. We can do this either using your registration number (UK) or the last 7 digits of your VIN. Simply enter your car details prior to checkout.</p><p>&nbsp;</p><h4>Part Number</h4><p>ADRO-A16A10-1401</p><p>&nbsp;</p><h4>More Information</h4><p><strong>Manufactured by</strong></p><p>Adro</p>",Adro,,Exterior,"Uploaded by_Muazzim, MLP Discount 2025, Brand_Adro, 2025_New Products, Product Type_Exterior, Category_Side Skirts",TRUE,Title,Default Title,,,,,ADRO-A16A10-1401,26000,shopify,continue,manual,1099,1099,TRUE,TRUE,A16A10-1401,https://autoid.co/cdn/shop/files/ford-mustang-carbon-fibre-side-skirts-by-adro-2018-adro-127315.webp?v=1726655639&width=1600,1,Adro A16A10-1401 FORD MUSTANG CARBON FIBRE SIDE SKIRTS (2018+),,Adro A16A10-1401 FORD MUSTANG CARBON FIBRE SIDE SKIRTS (2018+),Get Adro A16A10-1401 FORD MUSTANG CARBON FIBRE SIDE SKIRTS (2018+) for your car to get your desired looks and performance from ML Performance at the lowest price with FREE UK shipping & next day delivery on in stock items. Very cheap prices & good service.,,,,A16A10-1401,,,new,,,,,,,,kg,8708949900,,,,,draft
adro-a16a10-1401-ford-mustang-carbon-fibre-side-skirts-2018,,,,,,,,,,,,,,,,,,,,,,,,https://autoid.co/cdn/shop/files/ford-mustang-carbon-fibre-side-skirts-by-adro-2018-adro-312667.webp?v=1726655639&width=1600,2,Adro A16A10-1401 FORD MUSTANG CARBON FIBRE SIDE SKIRTS (2018+),,,,,,,,,,,,,,,,,,,,,,,,
adro-a14a40-1502-bmw-4-series-g22-m4-g82-dry-carbon-fibre-rear-trunk-lip-spoiler-2020,Adro A14A40-1502 BMW 4 Series G22 & M4 G82 Dry Carbon Fibre Rear Trunk Lip Spoiler (2020+),"<h4><strong>Description</strong></h4><div><meta><span>Introducing our high-quality prepreg carbon fiber trunk spoiler designed specifically for the BMW G82 M4. Made from premium-grade dry carbon fiber, this spoiler is lightweight, durable, and boasts a stunning glossy finish that is sure to turn heads on the road.</span><br><br><span>Our team of experts meticulously designed and crafted this spoiler to fit seamlessly onto your BMW G82 M4, ensuring an easy and hassle-free installation process. The spoiler not only enhances the look of your car but also improves its aerodynamics by reducing lift and improving stability at high speeds.</span><br><br><span>This carbon fiber trunk spoiler is the perfect addition to any BMW G82 M4 owner looking to upgrade their vehicle's performance and style. With its sleek and aggressive look, your car will have a more sporty and dynamic appearance that will make it stand out from the crowd.</span><br><br><span>Invest in this premium prepreg dry carbon fiber trunk spoiler for your BMW G82 M4 today and experience the ultimate in performance and style.</span></div><div><br></div><p>&nbsp;</p><h4>What's Included</h4><ul><li>1 x Adro Carbon Fibre (dry, pre-preg, 2x2 weave) Rear Spoiler</li><li>Installation Kit<br></li></ul><p>&nbsp;</p><h4>Compatibility</h4><p>Feel free to contact us at info@mlperformance.co.uk should you wish to double check!</p><p>&nbsp;</p><h4>Compatibility Check</h4><p>To ensure the part(s) you have ordered fits your vehicle, we run a compatibility check prior to dispatch. We can do this either using your registration number (UK) or the last 7 digits of your VIN. Simply enter your car details prior to checkout.</p><p>&nbsp;</p><h4>Part Number</h4><p>ADRO-A14A40-1502</p><p>&nbsp;</p><h4>More Information</h4><p><strong>Manufactured by</strong></p><p>Adro</p>",Adro,,Exterior,"Uploaded by_Muazzim, MLP Discount 2025, Brand_Adro, 2025_New Products, Product Type_Exterior, Category_Spoilers",TRUE,Title,Default Title,,,,,ADRO-A14A40-1502,25000,shopify,continue,manual,1099,1099,TRUE,TRUE,A14A40-1502,https://autoid.co/cdn/shop/files/bmw-m4-g82-dry-carbon-fibre-rear-trunk-lip-spoiler-by-adro-2021-adro-905391.webp?v=1726655357&width=1200,1,Adro A14A40-1502 BMW 4 SERIES G22 & M4 G82 DRY CARBON FIBRE REAR TRUNK LIP SPOILER (2020+),,Adro A14A40-1502 BMW 4 SERIES G22 & M4 G82 DRY CARBON FIBRE REAR TRUNK LIP SPOILER (2020+),Get Adro A14A40-1502 BMW 4 SERIES G22 & M4 G82 DRY CARBON FIBRE REAR TRUNK LIP SPOILER (2020+) for your car to get your desired looks and performance from ML Performance at the lowest price with FREE UK shipping & next day delivery on in stock items. Very cheap prices & good service.,,,,A14A40-1502,,,new,,,,,,,,kg,8708949900,,,,,draft
adro-a14a40-1502-bmw-4-series-g22-m4-g82-dry-carbon-fibre-rear-trunk-lip-spoiler-2020,,,,,,,,,,,,,,,,,,,,,,,,https://autoid.co/cdn/shop/files/bmw-m4-g82-dry-carbon-fibre-rear-trunk-lip-spoiler-by-adro-2021-adro-137501.webp?v=1726655357&width=1200,2,Adro A14A40-1502 BMW 4 SERIES G22 & M4 G82 DRY CARBON FIBRE REAR TRUNK LIP SPOILER (2020+),,,,,,,,,,,,,,,,,,,,,,,,
adro-a14a40-1502-bmw-4-series-g22-m4-g82-dry-carbon-fibre-rear-trunk-lip-spoiler-2020,,,,,,,,,,,,,,,,,,,,,,,,https://autoid.co/cdn/shop/files/bmw-m4-g82-dry-carbon-fibre-rear-trunk-lip-spoiler-by-adro-2021-adro-715542.webp?v=1726655357&width=1200,3,Adro A14A40-1502 BMW 4 SERIES G22 & M4 G82 DRY CARBON FIBRE REAR TRUNK LIP SPOILER (2020+),,,,,,,,,,,,,,,,,,,,,,,,
adro-a14a40-1502-bmw-4-series-g22-m4-g82-dry-carbon-fibre-rear-trunk-lip-spoiler-2020,,,,,,,,,,,,,,,,,,,,,,,,https://autoid.co/cdn/shop/files/bmw-m4-g82-dry-carbon-fibre-rear-trunk-lip-spoiler-by-adro-2021-adro-798782.webp?v=1726655357&width=1200,4,Adro A14A40-1502 BMW 4 SERIES G22 & M4 G82 DRY CARBON FIBRE REAR TRUNK LIP SPOILER (2020+),,,,,,,,,,,,,,,,,,,,,,,,
adro-a14a40-1502-bmw-4-series-g22-m4-g82-dry-carbon-fibre-rear-trunk-lip-spoiler-2020,,,,,,,,,,,,,,,,,,,,,,,,https://autoid.co/cdn/shop/files/bmw-m4-g82-dry-carbon-fibre-rear-trunk-lip-spoiler-by-adro-2021-adro-131741.webp?v=1726655357&width=1200,5,Adro A14A40-1502 BMW 4 SERIES G22 & M4 G82 DRY CARBON FIBRE REAR TRUNK LIP SPOILER (2020+),,,,,,,,,,,,,,,,,,,,,,,,
adro-a14a40-1502-bmw-4-series-g22-m4-g82-dry-carbon-fibre-rear-trunk-lip-spoiler-2020,,,,,,,,,,,,,,,,,,,,,,,,https://autoid.co/cdn/shop/files/bmw-m4-g82-dry-carbon-fibre-rear-trunk-lip-spoiler-by-adro-2021-adro-892588.webp?v=1726655357&width=1200,6,Adro A14A40-1502 BMW 4 SERIES G22 & M4 G82 DRY CARBON FIBRE REAR TRUNK LIP SPOILER (2020+),,,,,,,,,,,,,,,,,,,,,,,,
adro-a14a10-1201-bmw-m3-f80-m4-f82-f83-pre-preg-carbon-fibre-front-splitter-2014-2020,Adro A14A10-1201 BMW M3 F80 & M4 F82 F83 Pre-Preg Carbon Fibre Front Splitter (2014-2020),"<h4><strong>Description</strong></h4><p><meta><span>The ADRO carbon fiber front lip adds aggressive, race-inspired styling and additional downforce to your car. It's made completely of real, hand-crafted carbon fiber that's designed to withstand a beating at the racetrack or the wear and tear of everyday driving. This BMW M3 and M4 aftermarket front lip is designed to fit just like an OEM part but will give you the aggressive look. This front lip pairs well with the factory carbon fiber options from BMW or the aftermarket parts like the ADRO carbon fiber side skirts and rear diffuser. The carbon fiber front lip can be used as a standalone part or as the finishing touch to a full carbon fiber body kit.</span></p><p>&nbsp;</p><h4>What's Included</h4><ul><li>1 x Adro Carbon Fibre (pre-preg, 2x2 weave) Front Splitter</li><li>Installation Hardware<br></li></ul><p>&nbsp;</p><h4>Compatibility</h4><p>Feel free to contact us at info@mlperformance.co.uk should you wish to double check!</p><p>&nbsp;</p><h4>Compatibility Check</h4><p>To ensure the part(s) you have ordered fits your vehicle, we run a compatibility check prior to dispatch. We can do this either using your registration number (UK) or the last 7 digits of your VIN. Simply enter your car details prior to checkout.</p><p>&nbsp;</p><h4>Part Number</h4><p>ADRO-A14A10-1201</p><p>&nbsp;</p><h4>More Information</h4><p><strong>Manufactured by</strong></p><p>Adro</p>",Adro,,Exterior,"Uploaded by_Muazzim, MLP Discount 2025, Brand_Adro, 2025_New Products, Product Type_Exterior, Category_Front Splitters",TRUE,Title,Default Title,,,,,ADRO-A14A10-1201,40000,shopify,continue,manual,1099,1099,TRUE,TRUE,A14A10-1201,https://autoid.co/cdn/shop/files/bmw-m3-f80-m4-f82-f83-pre-preg-carbon-fibre-front-splitter-by-adro-2014-2020-adro-524958.webp?v=1726655209&width=1400,1,Adro A14A10-1201 BMW M3 F80 & M4 F82 F83 PRE-PREG CARBON FIBRE FRONT SPLITTER (2014-2020),,Adro A14A10-1201 BMW M3 F80 & M4 F82 F83 PRE-PREG CARBON FIBRE FRONT SPLITTER (2014-2020),Get Adro A14A10-1201 BMW M3 F80 & M4 F82 F83 PRE-PREG CARBON FIBRE FRONT SPLITTER (2014-2020) for your car to get your desired looks and performance from ML Performance at the lowest price with FREE UK shipping & next day delivery on in stock items. Very cheap prices & good service.,,,,A14A10-1201,,,new,,,,,,,,kg,8708949900,,,,,draft
adro-a14a10-1201-bmw-m3-f80-m4-f82-f83-pre-preg-carbon-fibre-front-splitter-2014-2020,,,,,,,,,,,,,,,,,,,,,,,,https://autoid.co/cdn/shop/files/bmw-m3-f80-m4-f82-f83-pre-preg-carbon-fibre-front-splitter-by-adro-2014-2020-adro-478838.webp?v=1726655209&width=1400,2,Adro A14A10-1201 BMW M3 F80 & M4 F82 F83 PRE-PREG CARBON FIBRE FRONT SPLITTER (2014-2020),,,,,,,,,,,,,,,,,,,,,,,,
adro-a14a10-1201-bmw-m3-f80-m4-f82-f83-pre-preg-carbon-fibre-front-splitter-2014-2020,,,,,,,,,,,,,,,,,,,,,,,,https://autoid.co/cdn/shop/files/bmw-m3-f80-m4-f82-f83-pre-preg-carbon-fibre-front-splitter-by-adro-2014-2020-adro-343696.webp?v=1726655209&width=1600,3,Adro A14A10-1201 BMW M3 F80 & M4 F82 F83 PRE-PREG CARBON FIBRE FRONT SPLITTER (2014-2020),,,,,,,,,,,,,,,,,,,,,,,,
adro-a14a10-1201-bmw-m3-f80-m4-f82-f83-pre-preg-carbon-fibre-front-splitter-2014-2020,,,,,,,,,,,,,,,,,,,,,,,,https://autoid.co/cdn/shop/files/bmw-m3-f80-m4-f82-f83-pre-preg-carbon-fibre-front-splitter-by-adro-2014-2020-adro-713038.webp?v=1726655209&width=1600,4,Adro A14A10-1201 BMW M3 F80 & M4 F82 F83 PRE-PREG CARBON FIBRE FRONT SPLITTER (2014-2020),,,,,,,,,,,,,,,,,,,,,,,,
adro-a14a10-1201-bmw-m3-f80-m4-f82-f83-pre-preg-carbon-fibre-front-splitter-2014-2020,,,,,,,,,,,,,,,,,,,,,,,,https://autoid.co/cdn/shop/files/bmw-m3-f80-m4-f82-f83-pre-preg-carbon-fibre-front-splitter-by-adro-2014-2020-adro-921494.webp?v=1726655209&width=1600,5,Adro A14A10-1201 BMW M3 F80 & M4 F82 F83 PRE-PREG CARBON FIBRE FRONT SPLITTER (2014-2020),,,,,,,,,,,,,,,,,,,,,,,,
adro-a12a30-1302-kia-stinger-carbon-fibre-rear-diffuser-v2-2018,Adro A12A30-1302 KIA Stinger Carbon Fibre Rear Diffuser V2 (2018+),"<h4><strong>Description</strong></h4><p><meta><span>Made from only real carbon fiber, the ADRO carbon fiber rear diffuser features vertical air vanes as well as air winglets on each side that create a look that seems to be straight from the racetrack. This is one of the most aggressive carbon fiber diffuser designs for the Kia Stinger and will fit on the GT, GT1, and GT2 models. This is by far one of the best modifications you can make to the look of your Kia Stinger. From the glossy carbon fiber finish to the perfect fitment, it's easy to see why that is one of the most popular parts we make for the Stinger.</span></p><p><meta><span>You can view the installation manual </span><span></span><a>here</a></p><p>&nbsp;</p><h4>What's Included</h4><ul><li>1 x Adro Carbon Fibre (wet, 2x2 weave) Centre Rear Diffuser</li><li>2 x Adro Carbon Fibre (wet, 2x2 weave) Side Winglets (Left & Right Side)</li><li>Installation Hardware<br></li></ul><p>&nbsp;</p><h4>Compatibility</h4><p>Feel free to contact us at info@mlperformance.co.uk should you wish to double check!</p><p>&nbsp;</p><h4>Compatibility Check</h4><p>To ensure the part(s) you have ordered fits your vehicle, we run a compatibility check prior to dispatch. We can do this either using your registration number (UK) or the last 7 digits of your VIN. Simply enter your car details prior to checkout.</p><p>&nbsp;</p><h4>Part Number</h4><p>ADRO-A12A30-1302</p><p>&nbsp;</p><h4>More Information</h4><p><strong>Manufactured by</strong></p><p>Adro</p>",Adro,,Exterior,"Uploaded by_Muazzim, MLP Discount 2025, Brand_Adro, 2025_New Products, Product Type_Exterior, Category_Rear Diffusers",TRUE,Title,Default Title,,,,,ADRO-A12A30-1302,35000,shopify,continue,manual,1099,1099,TRUE,TRUE,A12A30-1302,https://autoid.co/cdn/shop/files/kia-stinger-carbon-fibre-rear-diffuser-v2-by-adro-2018-adro-329340.webp?v=1726655704&width=1600,1,Adro A12A30-1302 KIA STINGER CARBON FIBRE REAR DIFFUSER V2 (2018+),,Adro A12A30-1302 KIA STINGER CARBON FIBRE REAR DIFFUSER V2 (2018+),Get Adro A12A30-1302 KIA STINGER CARBON FIBRE REAR DIFFUSER V2 (2018+) for your car to get your desired looks and performance from ML Performance at the lowest price with FREE UK shipping & next day delivery on in stock items. Very cheap prices & good service.,,,,A12A30-1302,,,new,,,,,,,,kg,8708949900,,,,,draft
adro-a12a30-1302-kia-stinger-carbon-fibre-rear-diffuser-v2-2018,,,,,,,,,,,,,,,,,,,,,,,,https://autoid.co/cdn/shop/files/kia-stinger-carbon-fibre-rear-diffuser-v2-by-adro-2018-adro-689353.webp?v=1726655704&width=1600,2,Adro A12A30-1302 KIA STINGER CARBON FIBRE REAR DIFFUSER V2 (2018+),,,,,,,,,,,,,,,,,,,,,,,,
adro-a12a30-1302-kia-stinger-carbon-fibre-rear-diffuser-v2-2018,,,,,,,,,,,,,,,,,,,,,,,,https://autoid.co/cdn/shop/files/kia-stinger-carbon-fibre-rear-diffuser-v2-by-adro-2018-adro-534542.webp?v=1726655704&width=1600,3,Adro A12A30-1302 KIA STINGER CARBON FIBRE REAR DIFFUSER V2 (2018+),,,,,,,,,,,,,,,,,,,,,,,,
adro-a12a30-1302-kia-stinger-carbon-fibre-rear-diffuser-v2-2018,,,,,,,,,,,,,,,,,,,,,,,,https://autoid.co/cdn/shop/files/kia-stinger-carbon-fibre-rear-diffuser-v2-by-adro-2018-adro-516424.webp?v=1726655704&width=900,4,Adro A12A30-1302 KIA STINGER CARBON FIBRE REAR DIFFUSER V2 (2018+),,,,,,,,,,,,,,,,,,,,,,,,
adro-a12a30-1302-kia-stinger-carbon-fibre-rear-diffuser-v2-2018,,,,,,,,,,,,,,,,,,,,,,,,https://autoid.co/cdn/shop/files/kia-stinger-carbon-fibre-rear-diffuser-v2-by-adro-2018-adro-398081.webp?v=1726655704&width=1600,5,Adro A12A30-1302 KIA STINGER CARBON FIBRE REAR DIFFUSER V2 (2018+),,,,,,,,,,,,,,,,,,,,,,,,
adro-a14a60-1501-bmw-3-series-m340i-g20-m3-g80-pre-preg-carbon-fibre-rear-spoiler-2018,"Adro A14A60-1501 BMW 3 Series, M340I G20 & M3 G80 Pre-Preg Carbon Fibre Rear Spoiler (2018+)","<h4><strong>Description</strong></h4><p>ADRO Pre-preg Carbon Fibre Rear Spoiler for the 3 Series & M340i G20 model. As official ADRO distributors, we offer the full carbon body kit for the M340i including this front splitter, rear diffuser, side skirts and a rear diffuser.</p><p>Pre-preg carbon fibre is a high-quality grade, it's lighter and stronger and more durable than the wet carbon alternative. It is composed of a 2x2 weave, typical of most OEM carbon fibre pieces.</p><p>&nbsp;</p><h4>What's Included</h4><ul><li>1 x Adro Carbon Fibre (pre-preg, 2x2 weave) Rear Spoiler</li><li>Installation Hardware<br></li></ul><p>&nbsp;</p><h4>Compatibility</h4><p>Feel free to contact us at info@mlperformance.co.uk should you wish to double check!</p><p>&nbsp;</p><h4>Compatibility Check</h4><p>To ensure the part(s) you have ordered fits your vehicle, we run a compatibility check prior to dispatch. We can do this either using your registration number (UK) or the last 7 digits of your VIN. Simply enter your car details prior to checkout.</p><p>&nbsp;</p><h4>Part Number</h4><p>ADRO-A14A60-1501</p><p>&nbsp;</p><h4>More Information</h4><p><strong>Manufactured by</strong></p><p>Adro</p>",Adro,,Exterior,"Uploaded by_Muazzim, MLP Discount 2025, Brand_Adro, 2025_New Products, Product Type_Exterior, Category_Spoilers",TRUE,Title,Default Title,,,,,ADRO-A14A60-1501,25000,shopify,continue,manual,1099,1099,TRUE,TRUE,A14A60-1501,https://autoid.co/cdn/shop/files/bmw-3-series-m340i-g20-m3-g80-pre-preg-carbon-fibre-rear-spoiler-by-adro-2018-adro-263056.webp?v=1726654874&width=1200,1,"Adro A14A60-1501 BMW 3 SERIES, M340I G20 & M3 G80 PRE-PREG CARBON FIBRE REAR SPOILER (2018+)",,"Adro A14A60-1501 BMW 3 SERIES, M340I G20 & M3 G80 PRE-PREG CARBON FIBRE REAR SPOILER (2018+)","Get Adro A14A60-1501 BMW 3 SERIES, M340I G20 & M3 G80 PRE-PREG CARBON FIBRE REAR SPOILER (2018+) for your car to get your desired looks and performance from ML Performance at the lowest price with FREE UK shipping & next day delivery on in stock items. Very cheap prices & good service.",,,,A14A60-1501,,,new,,,,,,,,kg,8708949900,,,,,draft
adro-a14a60-1501-bmw-3-series-m340i-g20-m3-g80-pre-preg-carbon-fibre-rear-spoiler-2018,,,,,,,,,,,,,,,,,,,,,,,,https://autoid.co/cdn/shop/files/bmw-3-series-m340i-g20-m3-g80-pre-preg-carbon-fibre-rear-spoiler-by-adro-2018-adro-607362.webp?v=1726654875&width=1200,2,"Adro A14A60-1501 BMW 3 SERIES, M340I G20 & M3 G80 PRE-PREG CARBON FIBRE REAR SPOILER (2018+)",,,,,,,,,,,,,,,,,,,,,,,,
adro-a14a60-1501-bmw-3-series-m340i-g20-m3-g80-pre-preg-carbon-fibre-rear-spoiler-2018,,,,,,,,,,,,,,,,,,,,,,,,https://autoid.co/cdn/shop/files/bmw-3-series-m340i-g20-m3-g80-pre-preg-carbon-fibre-rear-spoiler-by-adro-2018-adro-421453.webp?v=1726654875&width=1200,3,"Adro A14A60-1501 BMW 3 SERIES, M340I G20 & M3 G80 PRE-PREG CARBON FIBRE REAR SPOILER (2018+)",,,,,,,,,,,,,,,,,,,,,,,,
adro-a14a60-1501-bmw-3-series-m340i-g20-m3-g80-pre-preg-carbon-fibre-rear-spoiler-2018,,,,,,,,,,,,,,,,,,,,,,,,https://autoid.co/cdn/shop/files/bmw-3-series-m340i-g20-m3-g80-pre-preg-carbon-fibre-rear-spoiler-by-adro-2018-adro-151437.webp?v=1726654875&width=1200,4,"Adro A14A60-1501 BMW 3 SERIES, M340I G20 & M3 G80 PRE-PREG CARBON FIBRE REAR SPOILER (2018+)",,,,,,,,,,,,,,,,,,,,,,,,
adro-a14a60-1501-bmw-3-series-m340i-g20-m3-g80-pre-preg-carbon-fibre-rear-spoiler-2018,,,,,,,,,,,,,,,,,,,,,,,,https://autoid.co/cdn/shop/files/bmw-3-series-m340i-g20-m3-g80-pre-preg-carbon-fibre-rear-spoiler-by-adro-2018-adro-465507.webp?v=1726654875&width=1200,5,"Adro A14A60-1501 BMW 3 SERIES, M340I G20 & M3 G80 PRE-PREG CARBON FIBRE REAR SPOILER (2018+)",,,,,,,,,,,,,,,,,,,,,,,,
adro-a14a60-1501-bmw-3-series-m340i-g20-m3-g80-pre-preg-carbon-fibre-rear-spoiler-2018,,,,,,,,,,,,,,,,,,,,,,,,https://autoid.co/cdn/shop/files/bmw-3-series-m340i-g20-m3-g80-pre-preg-carbon-fibre-rear-spoiler-by-adro-2018-adro-432586.jpg?v=1726654875&width=1638,6,"Adro A14A60-1501 BMW 3 SERIES, M340I G20 & M3 G80 PRE-PREG CARBON FIBRE REAR SPOILER (2018+)",,,,,,,,,,,,,,,,,,,,,,,,
adro-a14a60-1501-bmw-3-series-m340i-g20-m3-g80-pre-preg-carbon-fibre-rear-spoiler-2018,,,,,,,,,,,,,,,,,,,,,,,,https://autoid.co/cdn/shop/files/bmw-3-series-m340i-g20-m3-g80-pre-preg-carbon-fibre-rear-spoiler-by-adro-2018-adro-984861.jpg?v=1726654875&width=2048,7,"Adro A14A60-1501 BMW 3 SERIES, M340I G20 & M3 G80 PRE-PREG CARBON FIBRE REAR SPOILER (2018+)",,,,,,,,,,,,,,,,,,,,,,,,
adro-a14a60-1501-bmw-3-series-m340i-g20-m3-g80-pre-preg-carbon-fibre-rear-spoiler-2018,,,,,,,,,,,,,,,,,,,,,,,,https://autoid.co/cdn/shop/files/bmw-3-series-m340i-g20-m3-g80-pre-preg-carbon-fibre-rear-spoiler-by-adro-2018-adro-200535.jpg?v=1726654875&width=2048,8,"Adro A14A60-1501 BMW 3 SERIES, M340I G20 & M3 G80 PRE-PREG CARBON FIBRE REAR SPOILER (2018+)",,,,,,,,,,,,,,,,,,,,,,,,
adro-a14a60-1501-bmw-3-series-m340i-g20-m3-g80-pre-preg-carbon-fibre-rear-spoiler-2018,,,,,,,,,,,,,,,,,,,,,,,,https://autoid.co/cdn/shop/files/bmw-3-series-m340i-g20-m3-g80-pre-preg-carbon-fibre-rear-spoiler-by-adro-2018-adro-621356.jpg?v=1726654875&width=1638,9,"Adro A14A60-1501 BMW 3 SERIES, M340I G20 & M3 G80 PRE-PREG CARBON FIBRE REAR SPOILER (2018+)",,,,,,,,,,,,,,,,,,,,,,,,
adro-a14a60-1201-bmw-3-series-m340i-g20-g21-pre-lci-carbon-fibre-front-splitter-2018-2022,Adro A14A60-1201 BMW 3 Series M340I G20 G21 (Pre-Lci) Carbon Fibre Front Splitter (2018-2022),"<h4><strong>Description</strong></h4><p>ADRO Carbon Fibre Front Splitter for the M340i G20 G21 Pre-LCI model. As official ADRO distributors, we offer the full carbon body kit for the M340i including this front splitter, rear diffuser, side skirts and a rear diffuser.</p><p><span>This carbon fibre is composed of a 2x2 weave, typical of most OEM carbon fibre pieces and comparable to Genuine M Performance parts.</span></p><p>&nbsp;</p><h4>What's Included</h4><ul><li>1 x Adro Carbon Fibre (2x2 weave) Front Splitter</li><li>Installation Hardware<br></li></ul><p>&nbsp;</p><h4>Compatibility</h4><p>Feel free to contact us at info@mlperformance.co.uk should you wish to double check!</p><p>&nbsp;</p><h4>Compatibility Check</h4><p>To ensure the part(s) you have ordered fits your vehicle, we run a compatibility check prior to dispatch. We can do this either using your registration number (UK) or the last 7 digits of your VIN. Simply enter your car details prior to checkout.</p><p>&nbsp;</p><h4>Part Number</h4><p>ADRO-A14A60-1201</p><p>&nbsp;</p><h4>More Information</h4><p><strong>Manufactured by</strong></p><p>Adro</p>",Adro,,Exterior,"Uploaded by_Muazzim, MLP Discount 2025, Brand_Adro, 2025_New Products, Product Type_Exterior, Category_Front Splitters",TRUE,Title,Default Title,,,,,ADRO-A14A60-1201,40000,shopify,continue,manual,1079.1,1079.1,TRUE,TRUE,A14A60-1201,https://autoid.co/cdn/shop/files/bmw-3-series-m340i-g20-g21-pre-lci-carbon-fibre-front-splitter-by-adro-2018-2022-adro-607427.webp?v=1726654873&width=1200,1,Adro A14A60-1201 BMW 3 SERIES M340I G20 G21 (PRE-LCI) CARBON FIBRE FRONT SPLITTER (2018-2022),,Adro A14A60-1201 BMW 3 SERIES M340I G20 G21 (PRE-LCI) CARBON FIBRE FRONT SPLITTER (2018-2022),Get Adro A14A60-1201 BMW 3 SERIES M340I G20 G21 (PRE-LCI) CARBON FIBRE FRONT SPLITTER (2018-2022) for your car to get your desired looks and performance from ML Performance at the lowest price with FREE UK shipping & next day delivery on in stock items. Very cheap prices & good service.,,,,A14A60-1201,,,new,,,,,,,,kg,8708949900,,,,,draft
adro-a14a60-1201-bmw-3-series-m340i-g20-g21-pre-lci-carbon-fibre-front-splitter-2018-2022,,,,,,,,,,,,,,,,,,,,,,,,https://autoid.co/cdn/shop/files/bmw-3-series-m340i-g20-g21-pre-lci-carbon-fibre-front-splitter-by-adro-2018-2022-adro-936623.webp?v=1726654873&width=1200,2,Adro A14A60-1201 BMW 3 SERIES M340I G20 G21 (PRE-LCI) CARBON FIBRE FRONT SPLITTER (2018-2022),,,,,,,,,,,,,,,,,,,,,,,,
adro-a14a60-1201-bmw-3-series-m340i-g20-g21-pre-lci-carbon-fibre-front-splitter-2018-2022,,,,,,,,,,,,,,,,,,,,,,,,https://autoid.co/cdn/shop/files/bmw-3-series-m340i-g20-g21-pre-lci-carbon-fibre-front-splitter-by-adro-2018-2022-adro-707054.webp?v=1726654873&width=1200,3,Adro A14A60-1201 BMW 3 SERIES M340I G20 G21 (PRE-LCI) CARBON FIBRE FRONT SPLITTER (2018-2022),,,,,,,,,,,,,,,,,,,,,,,,
adro-a14a60-1201-bmw-3-series-m340i-g20-g21-pre-lci-carbon-fibre-front-splitter-2018-2022,,,,,,,,,,,,,,,,,,,,,,,,https://autoid.co/cdn/shop/files/bmw-3-series-m340i-g20-g21-pre-lci-carbon-fibre-front-splitter-by-adro-2018-2022-adro-847167.webp?v=1726654873&width=1200,4,Adro A14A60-1201 BMW 3 SERIES M340I G20 G21 (PRE-LCI) CARBON FIBRE FRONT SPLITTER (2018-2022),,,,,,,,,,,,,,,,,,,,,,,,
adro-a14a60-1201-bmw-3-series-m340i-g20-g21-pre-lci-carbon-fibre-front-splitter-2018-2022,,,,,,,,,,,,,,,,,,,,,,,,https://autoid.co/cdn/shop/files/bmw-3-series-m340i-g20-g21-pre-lci-carbon-fibre-front-splitter-by-adro-2018-2022-adro-603513.webp?v=1726654873&width=1200,5,Adro A14A60-1201 BMW 3 SERIES M340I G20 G21 (PRE-LCI) CARBON FIBRE FRONT SPLITTER (2018-2022),,,,,,,,,,,,,,,,,,,,,,,,
adro-a14a60-1201-bmw-3-series-m340i-g20-g21-pre-lci-carbon-fibre-front-splitter-2018-2022,,,,,,,,,,,,,,,,,,,,,,,,https://autoid.co/cdn/shop/files/bmw-3-series-m340i-g20-g21-pre-lci-carbon-fibre-front-splitter-by-adro-2018-2022-adro-142810.jpg?v=1726654873&width=2048,6,Adro A14A60-1201 BMW 3 SERIES M340I G20 G21 (PRE-LCI) CARBON FIBRE FRONT SPLITTER (2018-2022),,,,,,,,,,,,,,,,,,,,,,,,
adro-a14a60-1201-bmw-3-series-m340i-g20-g21-pre-lci-carbon-fibre-front-splitter-2018-2022,,,,,,,,,,,,,,,,,,,,,,,,https://autoid.co/cdn/shop/files/bmw-3-series-m340i-g20-g21-pre-lci-carbon-fibre-front-splitter-by-adro-2018-2022-adro-220176.jpg?v=1726654873&width=2048,7,Adro A14A60-1201 BMW 3 SERIES M340I G20 G21 (PRE-LCI) CARBON FIBRE FRONT SPLITTER (2018-2022),,,,,,,,,,,,,,,,,,,,,,,,
adro-a14a60-1201-bmw-3-series-m340i-g20-g21-pre-lci-carbon-fibre-front-splitter-2018-2022,,,,,,,,,,,,,,,,,,,,,,,,https://autoid.co/cdn/shop/files/bmw-3-series-m340i-g20-g21-pre-lci-carbon-fibre-front-splitter-by-adro-2018-2022-adro-553522.jpg?v=1726654873&width=2048,8,Adro A14A60-1201 BMW 3 SERIES M340I G20 G21 (PRE-LCI) CARBON FIBRE FRONT SPLITTER (2018-2022),,,,,,,,,,,,,,,,,,,,,,,,
adro-a14a60-1201-bmw-3-series-m340i-g20-g21-pre-lci-carbon-fibre-front-splitter-2018-2022,,,,,,,,,,,,,,,,,,,,,,,,https://autoid.co/cdn/shop/files/bmw-3-series-m340i-g20-g21-pre-lci-carbon-fibre-front-splitter-by-adro-2018-2022-adro-272128.jpg?v=1726654873&width=2048,9,Adro A14A60-1201 BMW 3 SERIES M340I G20 G21 (PRE-LCI) CARBON FIBRE FRONT SPLITTER (2018-2022),,,,,,,,,,,,,,,,,,,,,,,,
adro-a14a60-1201-bmw-3-series-m340i-g20-g21-pre-lci-carbon-fibre-front-splitter-2018-2022,,,,,,,,,,,,,,,,,,,,,,,,https://autoid.co/cdn/shop/files/bmw-3-series-m340i-g20-g21-pre-lci-carbon-fibre-front-splitter-by-adro-2018-2022-adro-406598.jpg?v=1726654873&width=2048,10,Adro A14A60-1201 BMW 3 SERIES M340I G20 G21 (PRE-LCI) CARBON FIBRE FRONT SPLITTER (2018-2022),,,,,,,,,,,,,,,,,,,,,,,,
adro-a14a90-2202-bmw-g87-m2-carbon-fiber-front-grilles-for-adro-front-bumper,Adro A14A90-2202 BMW G87 M2 Carbon Fiber Front Grilles For Adro Front Bumper,"<h4><strong>Description</strong></h4><p>Refine the face of your BMW G87 M2 with the <strong>Carbon Fiber Front Grille by ADRO</strong>, designed specifically to pair with the ADRO front bumper. This motorsport-inspired component replaces the standard grille section with a lightweight, aggressive carbon fibre design that emphasises the M2's performance credentials.</p><p>Crafted from <strong>high-quality pre-preg carbon fibre</strong>, the grille delivers a clean weave, exceptional strength, and minimal weight. It's engineered for perfect fitment within the contours of the ADRO bumper, giving your M2 a more purposeful, track-ready aesthetic.</p><p><strong>Note:</strong> This grille is <strong>only compatible with the ADRO front bumper</strong> and is not suitable for the OEM BMW G87 M2 bumper.</p><p><strong>Key Features:</strong></p><ul><li>Compatible <strong>only</strong> with the <strong>ADRO front bumper for G87 M2</strong></li><li>Precision-moulded from <strong>pre-preg carbon fibre</strong></li><li>Lightweight construction for improved efficiency and style</li><li>Aggressive design enhances airflow and visual impact</li><li>UV-protected gloss finish to prevent fading or yellowing</li><li>Direct fitment with ADRO components (professional install recommended)</li></ul><p>&nbsp;</p><h4>Compatibility</h4><p>Feel free to contact us at info@mlperformance.co.uk should you wish to double check!</p><p>&nbsp;</p><h4>Compatibility Check</h4><p>To ensure the part(s) you have ordered fits your vehicle, we run a compatibility check prior to dispatch. We can do this either using your registration number (UK) or the last 7 digits of your VIN. Simply enter your car details prior to checkout.</p><p>&nbsp;</p><h4>Part Number</h4><p>ADRO-A14A90-2202</p><p>&nbsp;</p><h4>More Information</h4><p><strong>Manufactured by</strong></p><p>Adro</p>",Adro,,Exterior,"Uploaded by_Muazzim, MLP Discount 2025, Brand_Adro, 2025_New Products, Product Type_Exterior, Category_Grilles",TRUE,Title,Default Title,,,,,ADRO-A14A90-2202,10000,shopify,continue,manual,999,999,TRUE,TRUE,A14A90-2202,https://autoid.co/cdn/shop/files/bmw-g87-m2-carbon-fiber-front-grilles-for-adro-front-bumper-by-adro-adro-front-grille-9952229.jpg?v=1753277048&width=1200,1,Adro A14A90-2202 BMW G87 M2 CARBON FIBER FRONT GRILLES FOR ADRO FRONT BUMPER,,Adro A14A90-2202 BMW G87 M2 CARBON FIBER FRONT GRILLES FOR ADRO FRONT BUMPER,Get Adro A14A90-2202 BMW G87 M2 CARBON FIBER FRONT GRILLES FOR ADRO FRONT BUMPER for your car to get your desired looks and performance from ML Performance at the lowest price with FREE UK shipping & next day delivery on in stock items. Very cheap prices & good service.,,,,A14A90-2202,,,new,,,,,,,,kg,8708949900,,,,,draft
adro-a14a90-2202-bmw-g87-m2-carbon-fiber-front-grilles-for-adro-front-bumper,,,,,,,,,,,,,,,,,,,,,,,,https://autoid.co/cdn/shop/files/bmw-g87-m2-carbon-fiber-front-grilles-for-adro-front-bumper-by-adro-adro-front-grille-3661916.jpg?v=1753277049&width=1200,2,Adro A14A90-2202 BMW G87 M2 CARBON FIBER FRONT GRILLES FOR ADRO FRONT BUMPER,,,,,,,,,,,,,,,,,,,,,,,,
adro-a14a90-2202-bmw-g87-m2-carbon-fiber-front-grilles-for-adro-front-bumper,,,,,,,,,,,,,,,,,,,,,,,,https://autoid.co/cdn/shop/files/bmw-g87-m2-carbon-fiber-front-grilles-for-adro-front-bumper-by-adro-adro-front-grille-6908994.jpg?v=1753277049&width=1200,3,Adro A14A90-2202 BMW G87 M2 CARBON FIBER FRONT GRILLES FOR ADRO FRONT BUMPER,,,,,,,,,,,,,,,,,,,,,,,,
adro-a14a80-1401-bmw-4-series-m440i-g22-g23-carbon-fibre-side-skirts-2020,Adro A14A80-1401 BMW 4 Series & M440I G22 G23 Carbon Fibre Side Skirts (2020+),"<h4><strong>Description</strong></h4><p>ADRO Carbon Fibre Side Skirts for the 4 Series & M440i G22 G23 model. As official ADRO distributors, we offer the full carbon body kit for the M440i including a front splitter, rear diffuser, side skirts and a rear winglets.</p><p><span>This carbon fibre is composed of a 2x2 weave, typical of most OEM carbon fibre pieces and comparable to Genuine M Performance parts.</span></p><p>&nbsp;</p><h4>What's Included</h4><ul><li>2 x Adro Carbon Fibre (2x2 weave) Side Skirts (Left & Right Side)</li><li>Installation Hardware<br></li></ul><p>&nbsp;</p><h4>Compatibility</h4><p>Feel free to contact us at info@mlperformance.co.uk should you wish to double check!</p><p>&nbsp;</p><h4>Compatibility Check</h4><p>To ensure the part(s) you have ordered fits your vehicle, we run a compatibility check prior to dispatch. We can do this either using your registration number (UK) or the last 7 digits of your VIN. Simply enter your car details prior to checkout.</p><p>&nbsp;</p><h4>Part Number</h4><p>ADRO-A14A80-1401</p><p>&nbsp;</p><h4>More Information</h4><p><strong>Manufactured by</strong></p><p>Adro</p>",Adro,,Exterior,"Uploaded by_Muazzim, MLP Discount 2025, Brand_Adro, 2025_New Products, Product Type_Exterior, Category_Side Skirts",TRUE,Title,Default Title,,,,,ADRO-A14A80-1401,26000,shopify,continue,manual,999,999,TRUE,TRUE,A14A80-1401,https://autoid.co/cdn/shop/files/bmw-4-series-m440i-g22-g23-carbon-fibre-side-skirts-by-adro-2020-adro-290899.webp?v=1727005940&width=1200,1,Adro A14A80-1401 BMW 4 SERIES & M440I G22 G23 CARBON FIBRE SIDE SKIRTS (2020+),,Adro A14A80-1401 BMW 4 SERIES & M440I G22 G23 CARBON FIBRE SIDE SKIRTS (2020+),Get Adro A14A80-1401 BMW 4 SERIES & M440I G22 G23 CARBON FIBRE SIDE SKIRTS (2020+) for your car to get your desired looks and performance from ML Performance at the lowest price with FREE UK shipping & next day delivery on in stock items. Very cheap prices & good service.,,,,A14A80-1401,,,new,,,,,,,,kg,8708949900,,,,,draft
adro-a14a80-1401-bmw-4-series-m440i-g22-g23-carbon-fibre-side-skirts-2020,,,,,,,,,,,,,,,,,,,,,,,,https://autoid.co/cdn/shop/files/bmw-4-series-m440i-g22-g23-carbon-fibre-side-skirts-by-adro-2020-adro-286059.webp?v=1727005940&width=1200,2,Adro A14A80-1401 BMW 4 SERIES & M440I G22 G23 CARBON FIBRE SIDE SKIRTS (2020+),,,,,,,,,,,,,,,,,,,,,,,,
adro-a14a80-1401-bmw-4-series-m440i-g22-g23-carbon-fibre-side-skirts-2020,,,,,,,,,,,,,,,,,,,,,,,,https://autoid.co/cdn/shop/files/bmw-4-series-m440i-g22-g23-carbon-fibre-side-skirts-by-adro-2020-adro-620168.webp?v=1727005940&width=1200,3,Adro A14A80-1401 BMW 4 SERIES & M440I G22 G23 CARBON FIBRE SIDE SKIRTS (2020+),,,,,,,,,,,,,,,,,,,,,,,,
adro-a14a80-1201-bmw-4-series-m-sport-m440i-g22-carbon-fibre-front-splitter-2020,Adro A14A80-1201 BMW 4 Series M Sport & M440I G22 Carbon Fibre Front Splitter (2020+),"<h4><strong>Description</strong></h4><p>ADRO Carbon Fibre Front Splitter for the 4 Series M Sport & M440i G22 model. As official ADRO distributors, we offer the full carbon body kit for the M440i including this front splitter, rear diffuser, side skirts and a rear winglets.</p><p><span>This carbon fibre is composed of a 2x2 weave, typical of most OEM carbon fibre pieces and comparable to Genuine M Performance parts.</span></p><p>&nbsp;</p><h4>What's Included</h4><ul><li>1 x Adro Carbon Fibre (2x2 weave) Front Splitter</li><li>Installation Hardware<br></li></ul><p>&nbsp;</p><h4>Compatibility</h4><p>Feel free to contact us at info@mlperformance.co.uk should you wish to double check!</p><p>&nbsp;</p><h4>Compatibility Check</h4><p>To ensure the part(s) you have ordered fits your vehicle, we run a compatibility check prior to dispatch. We can do this either using your registration number (UK) or the last 7 digits of your VIN. Simply enter your car details prior to checkout.</p><p>&nbsp;</p><h4>Part Number</h4><p>ADRO-A14A80-1201</p><p>&nbsp;</p><h4>More Information</h4><p><strong>Manufactured by</strong></p><p>Adro</p>",Adro,,Exterior,"Uploaded by_Muazzim, MLP Discount 2025, Brand_Adro, 2025_New Products, Product Type_Exterior, Category_Front Splitters",TRUE,Title,Default Title,,,,,ADRO-A14A80-1201,40000,shopify,continue,manual,999,999,TRUE,TRUE,A14A80-1201,https://autoid.co/cdn/shop/files/bmw-4-series-m-sport-m440i-g22-carbon-fibre-front-splitter-by-adro-2020-adro-134022.webp?v=1727005943&width=1200,1,Adro A14A80-1201 BMW 4 SERIES M SPORT & M440I G22 CARBON FIBRE FRONT SPLITTER (2020+),,Adro A14A80-1201 BMW 4 SERIES M SPORT & M440I G22 CARBON FIBRE FRONT SPLITTER (2020+),Get Adro A14A80-1201 BMW 4 SERIES M SPORT & M440I G22 CARBON FIBRE FRONT SPLITTER (2020+) for your car to get your desired looks and performance from ML Performance at the lowest price with FREE UK shipping & next day delivery on in stock items. Very cheap prices & good service.,,,,A14A80-1201,,,new,,,,,,,,kg,8708949900,,,,,draft
adro-a14a80-1201-bmw-4-series-m-sport-m440i-g22-carbon-fibre-front-splitter-2020,,,,,,,,,,,,,,,,,,,,,,,,https://autoid.co/cdn/shop/files/bmw-4-series-m-sport-m440i-g22-carbon-fibre-front-splitter-by-adro-2020-adro-392327.webp?v=1727005943&width=1200,2,Adro A14A80-1201 BMW 4 SERIES M SPORT & M440I G22 CARBON FIBRE FRONT SPLITTER (2020+),,,,,,,,,,,,,,,,,,,,,,,,
adro-a14a80-1201-bmw-4-series-m-sport-m440i-g22-carbon-fibre-front-splitter-2020,,,,,,,,,,,,,,,,,,,,,,,,https://autoid.co/cdn/shop/files/bmw-4-series-m-sport-m440i-g22-carbon-fibre-front-splitter-by-adro-2020-adro-841216.jpg?v=1727005943&width=1200,3,Adro A14A80-1201 BMW 4 SERIES M SPORT & M440I G22 CARBON FIBRE FRONT SPLITTER (2020+),,,,,,,,,,,,,,,,,,,,,,,,
adro-a14a80-1201-bmw-4-series-m-sport-m440i-g22-carbon-fibre-front-splitter-2020,,,,,,,,,,,,,,,,,,,,,,,,https://autoid.co/cdn/shop/files/bmw-4-series-m-sport-m440i-g22-carbon-fibre-front-splitter-by-adro-2020-adro-219623.webp?v=1727005943&width=1200,4,Adro A14A80-1201 BMW 4 SERIES M SPORT & M440I G22 CARBON FIBRE FRONT SPLITTER (2020+),,,,,,,,,,,,,,,,,,,,,,,,
adro-a14a80-1201-bmw-4-series-m-sport-m440i-g22-carbon-fibre-front-splitter-2020,,,,,,,,,,,,,,,,,,,,,,,,https://autoid.co/cdn/shop/files/bmw-4-series-m-sport-m440i-g22-carbon-fibre-front-splitter-by-adro-2020-adro-539922.webp?v=1727005943&width=1200,5,Adro A14A80-1201 BMW 4 SERIES M SPORT & M440I G22 CARBON FIBRE FRONT SPLITTER (2020+),,,,,,,,,,,,,,,,,,,,,,,,
adro-a14a80-1201-bmw-4-series-m-sport-m440i-g22-carbon-fibre-front-splitter-2020,,,,,,,,,,,,,,,,,,,,,,,,https://autoid.co/cdn/shop/files/bmw-4-series-m-sport-m440i-g22-carbon-fibre-front-splitter-by-adro-2020-adro-868166.webp?v=1727005943&width=1200,6,Adro A14A80-1201 BMW 4 SERIES M SPORT & M440I G22 CARBON FIBRE FRONT SPLITTER (2020+),,,,,,,,,,,,,,,,,,,,,,,,
adro-bmw-m3-g80-m4-g82-pre-preg-carbon-fibre-front-grilles-front-ducts-2021,Adro BMW M3 G80 & M4 G82 Pre-Preg Carbon Fibre Front Grilles & Front Ducts (2021+),"<h4><strong>Description</strong></h4><p>To go alongside Adro's very well known front bumper, they have now designed carbon fibre front grilles and front ducts to go with it.<br><br>This just adds synonymously to the bumper giving it that bit extra aggression and finesse with carbon fibre. the pre-preg carbon fibre is manufactured using the same technique as the rest of the G8X M3/M4 kit to keep everything in line.</p><p><strong>NOTE:</strong> This product is designed for the Adro Front Bumper only. This will not fit with the OEM Front Bumper.</p><p>&nbsp;</p><h4>What's Included</h4><ul><li>1 x Adro Carbon Fibre (pre-preg) Front Grille</li><li>2 x Adro Carbon Fibre (pre-preg) Front Ducts (Left & Right Side)</li></ul><p>&nbsp;</p><h4>Compatibility</h4><p>Feel free to contact us at info@mlperformance.co.uk should you wish to double check!</p><p>&nbsp;</p><h4>Compatibility Check</h4><p>To ensure the part(s) you have ordered fits your vehicle, we run a compatibility check prior to dispatch. We can do this either using your registration number (UK) or the last 7 digits of your VIN. Simply enter your car details prior to checkout.</p><p>&nbsp;</p><h4>Part Number</h4><p>ADRO-A14A11-2201 (Front Grille Only)</p><p>ADRO-A14A11-2301 (Front Ducts Only)</p><p>&nbsp;</p><h4>More Information</h4><p><strong>Manufactured by</strong></p><p>Adro</p>",Adro,,Exterior,"Uploaded by_Muazzim, MLP Discount 2025, Brand_Adro, 2025_New Products, Product Type_Exterior, Category_Grilles",TRUE,Option,Front Grille Only,,,,,ADRO-A14A11-2201,10000,shopify,continue,manual,1062.83,1062.83,TRUE,TRUE,A14A11-2201,https://autoid.co/cdn/shop/files/bmw-m3-g80-g81-m4-g82-g83-pre-preg-carbon-fibre-front-grilles-front-ducts-set-by-adro-2021-adro-637736.jpg?v=1726655352&width=1143,1,Adro BMW M3 G80 & M4 G82 PRE-PREG CARBON FIBRE FRONT GRILLES & FRONT DUCTS (2021+),,Adro BMW M3 G80 & M4 G82 PRE-PREG CARBON FIBRE FRONT GRILLES & FRONT DUCTS (2021+),Get Adro BMW M3 G80 & M4 G82 PRE-PREG CARBON FIBRE FRONT GRILLES & FRONT DUCTS (2021+) for your car to get your desired looks and performance from ML Performance at the lowest price with FREE UK shipping & next day delivery on in stock items. Very cheap prices & good service.,,,,A14A11-2201,,,new,,,,,,,,kg,8708949900,,,,,draft
adro-bmw-m3-g80-m4-g82-pre-preg-carbon-fibre-front-grilles-front-ducts-2021,,,,,,,,,Front Ducts Only,,,,,ADRO-A14A11-2301,10000,shopify,continue,manual,924.08,924.08,TRUE,TRUE,A14A11-2301,https://autoid.co/cdn/shop/files/bmw-m3-g80-g81-m4-g82-g83-pre-preg-carbon-fibre-front-grilles-front-ducts-set-by-adro-2021-adro-624128.jpg?v=1726655352&width=1121,2,Adro BMW M3 G80 & M4 G82 PRE-PREG CARBON FIBRE FRONT GRILLES & FRONT DUCTS (2021+),,,,,,,,,,,,,,,,,,kg,,,,,,
adro-bmw-m3-g80-m4-g82-pre-preg-carbon-fibre-front-grilles-front-ducts-2021,,,,,,,,,,,,,,,,,,,,,,,,https://autoid.co/cdn/shop/files/bmw-m3-g80-g81-m4-g82-g83-pre-preg-carbon-fibre-front-grilles-front-ducts-set-by-adro-2021-adro-990163.jpg?v=1726655352&width=1189,3,Adro BMW M3 G80 & M4 G82 PRE-PREG CARBON FIBRE FRONT GRILLES & FRONT DUCTS (2021+),,,,,,,,,,,,,,,,,,,,,,,,
adro-bmw-m3-g80-m4-g82-pre-preg-carbon-fibre-front-grilles-front-ducts-2021,,,,,,,,,,,,,,,,,,,,,,,,https://autoid.co/cdn/shop/files/bmw-m3-g80-g81-m4-g82-g83-pre-preg-carbon-fibre-front-grilles-front-ducts-set-by-adro-2021-adro-442267.jpg?v=1726655352&width=1806,4,Adro BMW M3 G80 & M4 G82 PRE-PREG CARBON FIBRE FRONT GRILLES & FRONT DUCTS (2021+),,,,,,,,,,,,,,,,,,,,,,,,
adro-bmw-m3-g80-m4-g82-pre-preg-carbon-fibre-front-grilles-front-ducts-2021,,,,,,,,,,,,,,,,,,,,,,,,https://autoid.co/cdn/shop/files/bmw-m3-g80-g81-m4-g82-g83-pre-preg-carbon-fibre-front-grilles-front-ducts-set-by-adro-2021-adro-724824.jpg?v=1726655352&width=1954,5,Adro BMW M3 G80 & M4 G82 PRE-PREG CARBON FIBRE FRONT GRILLES & FRONT DUCTS (2021+),,,,,,,,,,,,,,,,,,,,,,,,
adro-bmw-m3-g80-m4-g82-pre-preg-carbon-fibre-front-grilles-front-ducts-2021,,,,,,,,,,,,,,,,,,,,,,,,https://autoid.co/cdn/shop/files/bmw-m3-g80-g81-m4-g82-g83-pre-preg-carbon-fibre-front-grilles-front-ducts-set-by-adro-2021-adro-368801.jpg?v=1726655352&width=1000,6,Adro BMW M3 G80 & M4 G82 PRE-PREG CARBON FIBRE FRONT GRILLES & FRONT DUCTS (2021+),,,,,,,,,,,,,,,,,,,,,,,,
adro-bmw-m3-g80-m4-g82-pre-preg-carbon-fibre-front-grilles-front-ducts-2021,,,,,,,,,,,,,,,,,,,,,,,,https://autoid.co/cdn/shop/files/bmw-m3-g80-g81-m4-g82-g83-pre-preg-carbon-fibre-front-grilles-front-ducts-set-by-adro-2021-adro-383077.jpg?v=1726655352&width=2048,7,Adro BMW M3 G80 & M4 G82 PRE-PREG CARBON FIBRE FRONT GRILLES & FRONT DUCTS (2021+),,,,,,,,,,,,,,,,,,,,,,,,
adro-bmw-m3-g80-m4-g82-pre-preg-carbon-fibre-front-grilles-front-ducts-2021,,,,,,,,,,,,,,,,,,,,,,,,https://autoid.co/cdn/shop/files/bmw-m3-g80-g81-m4-g82-g83-pre-preg-carbon-fibre-front-grilles-front-ducts-set-by-adro-2021-adro-592441.jpg?v=1726655352&width=2048,8,Adro BMW M3 G80 & M4 G82 PRE-PREG CARBON FIBRE FRONT GRILLES & FRONT DUCTS (2021+),,,,,,,,,,,,,,,,,,,,,,,,
adro-bmw-m3-g80-m4-g82-pre-preg-carbon-fibre-front-grilles-front-ducts-2021,,,,,,,,,,,,,,,,,,,,,,,,https://autoid.co/cdn/shop/files/bmw-m3-g80-g81-m4-g82-g83-pre-preg-carbon-fibre-front-grilles-front-ducts-set-by-adro-2021-adro-527962.jpg?v=1726655352&width=2048,9,Adro BMW M3 G80 & M4 G82 PRE-PREG CARBON FIBRE FRONT GRILLES & FRONT DUCTS (2021+),,,,,,,,,,,,,,,,,,,,,,,,
adro-bmw-m3-g80-m4-g82-pre-preg-carbon-fibre-front-grilles-front-ducts-2021,,,,,,,,,,,,,,,,,,,,,,,,https://autoid.co/cdn/shop/files/bmw-m3-g80-g81-m4-g82-g83-pre-preg-carbon-fibre-front-grilles-front-ducts-set-by-adro-2021-adro-260992.jpg?v=1726655352&width=2048,10,Adro BMW M3 G80 & M4 G82 PRE-PREG CARBON FIBRE FRONT GRILLES & FRONT DUCTS (2021+),,,,,,,,,,,,,,,,,,,,,,,,
adro-bmw-m3-g80-m4-g82-pre-preg-carbon-fibre-front-grilles-front-ducts-2021,,,,,,,,,,,,,,,,,,,,,,,,https://autoid.co/cdn/shop/files/bmw-m3-g80-g81-m4-g82-g83-pre-preg-carbon-fibre-front-grilles-front-ducts-set-by-adro-2021-adro-429896.jpg?v=1726655352&width=2048,11,Adro BMW M3 G80 & M4 G82 PRE-PREG CARBON FIBRE FRONT GRILLES & FRONT DUCTS (2021+),,,,,,,,,,,,,,,,,,,,,,,,
adro-bmw-m3-g80-m4-g82-pre-preg-carbon-fibre-front-grilles-front-ducts-2021,,,,,,,,,,,,,,,,,,,,,,,,https://autoid.co/cdn/shop/files/bmw-m3-g80-g81-m4-g82-g83-pre-preg-carbon-fibre-front-grilles-front-ducts-set-by-adro-2021-adro-349269.jpg?v=1726655352&width=1144,12,Adro BMW M3 G80 & M4 G82 PRE-PREG CARBON FIBRE FRONT GRILLES & FRONT DUCTS (2021+),,,,,,,,,,,,,,,,,,,,,,,,
adro-a10a20-1302-hyundai-veloster-n-carbon-fibre-rear-diffuser-2019,Adro A10A20-1302 Hyundai Veloster N Carbon Fibre Rear Diffuser (2019+),"<h4><strong>Description</strong></h4><p><meta><span>Made from real handcrafted carbon fiber, the ADRO rear diffuser kit was designed by real car enthusiasts that wanted to create a diffuser for the already aggressive Veloster N that perfectly matched the car's styling and fit better than any other diffuser on the market. Featuring several air channels and huge exhaust cutouts, this diffuser not only looks good, but it's designed to fit with a variety of aftermarket exhaust systems without having to worry about fit and finish. This is the perfect addition to any Veloster N. </span></p><p>&nbsp;</p><h4>What's Included</h4><ul><li>1 x Adro Carbon Fibre (wet, 2x2 weave) Rear Diffuser</li><li>Installation Hardware<br></li></ul><p>&nbsp;</p><h4>Compatibility</h4><p>Feel free to contact us at info@mlperformance.co.uk should you wish to double check!</p><p>&nbsp;</p><h4>Compatibility Check</h4><p>To ensure the part(s) you have ordered fits your vehicle, we run a compatibility check prior to dispatch. We can do this either using your registration number (UK) or the last 7 digits of your VIN. Simply enter your car details prior to checkout.</p><p>&nbsp;</p><h4>Part Number</h4><p>ADRO-A10A20-1302</p><p>&nbsp;</p><h4>More Information</h4><p><strong>Manufactured by</strong></p><p>Adro</p>",Adro,,Exterior,"Uploaded by_Muazzim, MLP Discount 2025, Brand_Adro, 2025_New Products, Product Type_Exterior, Category_Rear Diffusers",TRUE,Title,Default Title,,,,,ADRO-A10A20-1302,35000,shopify,continue,manual,999,999,TRUE,TRUE,A10A20-1302,https://autoid.co/cdn/shop/files/hyundai-veloster-n-carbon-fibre-rear-diffuser-by-adro-2019-adro-345564.webp?v=1726655699&width=1400,1,Adro A10A20-1302 HYUNDAI VELOSTER N CARBON FIBRE REAR DIFFUSER (2019+),,Adro A10A20-1302 HYUNDAI VELOSTER N CARBON FIBRE REAR DIFFUSER (2019+),Get Adro A10A20-1302 HYUNDAI VELOSTER N CARBON FIBRE REAR DIFFUSER (2019+) for your car to get your desired looks and performance from ML Performance at the lowest price with FREE UK shipping & next day delivery on in stock items. Very cheap prices & good service.,,,,A10A20-1302,,,new,,,,,,,,kg,8708949900,,,,,draft
adro-a10a20-1302-hyundai-veloster-n-carbon-fibre-rear-diffuser-2019,,,,,,,,,,,,,,,,,,,,,,,,https://autoid.co/cdn/shop/files/hyundai-veloster-n-carbon-fibre-rear-diffuser-by-adro-2019-adro-677387.webp?v=1726655699&width=1400,2,Adro A10A20-1302 HYUNDAI VELOSTER N CARBON FIBRE REAR DIFFUSER (2019+),,,,,,,,,,,,,,,,,,,,,,,,
adro-a10a20-1302-hyundai-veloster-n-carbon-fibre-rear-diffuser-2019,,,,,,,,,,,,,,,,,,,,,,,,https://autoid.co/cdn/shop/files/hyundai-veloster-n-carbon-fibre-rear-diffuser-by-adro-2019-adro-837725.webp?v=1726655699&width=1400,3,Adro A10A20-1302 HYUNDAI VELOSTER N CARBON FIBRE REAR DIFFUSER (2019+),,,,,,,,,,,,,,,,,,,,,,,,
adro-a10a20-1302-hyundai-veloster-n-carbon-fibre-rear-diffuser-2019,,,,,,,,,,,,,,,,,,,,,,,,https://autoid.co/cdn/shop/files/hyundai-veloster-n-carbon-fibre-rear-diffuser-by-adro-2019-adro-539603.webp?v=1726655699&width=1400,4,Adro A10A20-1302 HYUNDAI VELOSTER N CARBON FIBRE REAR DIFFUSER (2019+),,,,,,,,,,,,,,,,,,,,,,,,
adro-a10a20-1302-hyundai-veloster-n-carbon-fibre-rear-diffuser-2019,,,,,,,,,,,,,,,,,,,,,,,,https://autoid.co/cdn/shop/files/hyundai-veloster-n-carbon-fibre-rear-diffuser-by-adro-2019-adro-796496.webp?v=1726655699&width=1400,5,Adro A10A20-1302 HYUNDAI VELOSTER N CARBON FIBRE REAR DIFFUSER (2019+),,,,,,,,,,,,,,,,,,,,,,,,
adro-a14a10-1501-bmw-m4-f82-pre-preg-carbon-fibre-rear-trunk-spoiler-2014-2020,Adro A14A10-1501 BMW M4 F82 Pre-Preg Carbon Fibre Rear Trunk Spoiler (2014-2020),"<h4><strong>Description</strong></h4><p>While some of the F82 BMW M4s have the optional rear trunk spoiler from the factory, a lot of owners find that it's not quite aggressive enough for their car; especially if they have a lot of other carbon fiber or cosmetic modifications installed. ADRO developed this hand-crafted carbon fiber spoiler for the BMW M4 that draws some inspiration from the optional OEM spoiler, but adds a whole new level of aggression. This carbon fiber BMW M4 spoiler sits higher than the factory spoiler and has angled edges to compliment the sharp edged styling of the F82 M4. Plus, you may even feel a slight increase in downforce when compared to the OEM counterpart, thanks to its elevated and more aerodynamic design that allows for more air to pass under the wing to create more downforce. This carbon fiber spoiler is one of the easiest parts to install and will immediately take your M4 to the next level in performance and design.</p><p><meta><span>You can view the installation manual </span><span></span><a>here</a></p><p>&nbsp;</p><h4>What's Included</h4><ul><li>1 x Adro Carbon Fibre (pre-preg, 2x2 weave) Rear Lip Spoiler</li><li>Installation Hardware<br></li></ul><p>&nbsp;</p><h4>Compatibility</h4><p>Feel free to contact us at info@mlperformance.co.uk should you wish to double check!</p><p>&nbsp;</p><h4>Compatibility Check</h4><p>To ensure the part(s) you have ordered fits your vehicle, we run a compatibility check prior to dispatch. We can do this either using your registration number (UK) or the last 7 digits of your VIN. Simply enter your car details prior to checkout.</p><p>&nbsp;</p><h4>Part Number</h4><p>ADRO-A14A10-1501</p><p>&nbsp;</p><h4>More Information</h4><p><strong>Manufactured by</strong></p><p>Adro</p>",Adro,,Exterior,"Uploaded by_Muazzim, MLP Discount 2025, Brand_Adro, 2025_New Products, Product Type_Exterior, Category_Spoilers",TRUE,Title,Default Title,,,,,ADRO-A14A10-1501,25000,shopify,continue,manual,999,999,TRUE,TRUE,A14A10-1501,https://autoid.co/cdn/shop/files/bmw-m4-f82-pre-preg-carbon-fibre-rear-trunk-spoiler-by-adro-2014-2020-adro-474745.webp?v=1726655356&width=1400,1,Adro A14A10-1501 BMW M4 F82 PRE-PREG CARBON FIBRE REAR TRUNK SPOILER (2014-2020),,Adro A14A10-1501 BMW M4 F82 PRE-PREG CARBON FIBRE REAR TRUNK SPOILER (2014-2020),Get Adro A14A10-1501 BMW M4 F82 PRE-PREG CARBON FIBRE REAR TRUNK SPOILER (2014-2020) for your car to get your desired looks and performance from ML Performance at the lowest price with FREE UK shipping & next day delivery on in stock items. Very cheap prices & good service.,,,,A14A10-1501,,,new,,,,,,,,kg,8708949900,,,,,draft
adro-a14a10-1501-bmw-m4-f82-pre-preg-carbon-fibre-rear-trunk-spoiler-2014-2020,,,,,,,,,,,,,,,,,,,,,,,,https://autoid.co/cdn/shop/files/bmw-m4-f82-pre-preg-carbon-fibre-rear-trunk-spoiler-by-adro-2014-2020-adro-789236.webp?v=1726655356&width=1400,2,Adro A14A10-1501 BMW M4 F82 PRE-PREG CARBON FIBRE REAR TRUNK SPOILER (2014-2020),,,,,,,,,,,,,,,,,,,,,,,,
adro-a14a10-1501-bmw-m4-f82-pre-preg-carbon-fibre-rear-trunk-spoiler-2014-2020,,,,,,,,,,,,,,,,,,,,,,,,https://autoid.co/cdn/shop/files/bmw-m4-f82-pre-preg-carbon-fibre-rear-trunk-spoiler-by-adro-2014-2020-adro-135613.webp?v=1726655356&width=1400,3,Adro A14A10-1501 BMW M4 F82 PRE-PREG CARBON FIBRE REAR TRUNK SPOILER (2014-2020),,,,,,,,,,,,,,,,,,,,,,,,
adro-a14a10-1501-bmw-m4-f82-pre-preg-carbon-fibre-rear-trunk-spoiler-2014-2020,,,,,,,,,,,,,,,,,,,,,,,,https://autoid.co/cdn/shop/files/bmw-m4-f82-pre-preg-carbon-fibre-rear-trunk-spoiler-by-adro-2014-2020-adro-630387.webp?v=1726655356&width=1400,4,Adro A14A10-1501 BMW M4 F82 PRE-PREG CARBON FIBRE REAR TRUNK SPOILER (2014-2020),,,,,,,,,,,,,,,,,,,,,,,,
adro-a14a10-1501-bmw-m4-f82-pre-preg-carbon-fibre-rear-trunk-spoiler-2014-2020,,,,,,,,,,,,,,,,,,,,,,,,https://autoid.co/cdn/shop/files/bmw-m4-f82-pre-preg-carbon-fibre-rear-trunk-spoiler-by-adro-2014-2020-adro-789037.webp?v=1726655356&width=1400,5,Adro A14A10-1501 BMW M4 F82 PRE-PREG CARBON FIBRE REAR TRUNK SPOILER (2014-2020),,,,,,,,,,,,,,,,,,,,,,,,
adro-a12a30-1402-kia-stinger-carbon-fibre-side-skirts-v2-2018,Adro A12A30-1402 KIA Stinger Carbon Fibre Side Skirts V2 (2018+),"<h4><strong>Description</strong></h4><p><meta><span>The V2 carbon fiber side skirt kit is still made from the same high-quality handcrafted carbon fiber that you're used to seeing from ADRO, but drops down just a little bit lower than the V1 variant. It also features a built-in air winglet, making a pair perfectly with the ADRO V2 carbon fiber rear diffuser. The side skirt is designed to fit all Kia Stinger models from 2018 to 2022, no matter what trim level you have. It's super easy to install and will fit properly the first time. This will make a massive difference in the appearance of the side profile of your Kia Stinger and it looks right at home on everything from a 2.0 base model all the way up to the GT2.</span></p><p><meta><span>You can view the installation manual </span><span></span><a>here</a></p><p>&nbsp;</p><h4>What's Included</h4><ul><li>2 x Adro Carbon Fibre (wet, 2x2 weave) Side Skirts (Left & Right Side)</li><li>Installation Hardware<br></li></ul><p>&nbsp;</p><h4>Compatibility</h4><p>Feel free to contact us at info@mlperformance.co.uk should you wish to double check!</p><p>&nbsp;</p><h4>Compatibility Check</h4><p>To ensure the part(s) you have ordered fits your vehicle, we run a compatibility check prior to dispatch. We can do this either using your registration number (UK) or the last 7 digits of your VIN. Simply enter your car details prior to checkout.</p><p>&nbsp;</p><h4>Part Number</h4><p>ADRO-A12A30-1402</p><p>&nbsp;</p><h4>More Information</h4><p><strong>Manufactured by</strong></p><p>Adro</p>",Adro,,Exterior,"Uploaded by_Muazzim, MLP Discount 2025, Brand_Adro, 2025_New Products, Product Type_Exterior, Category_Side Skirts",TRUE,Title,Default Title,,,,,ADRO-A12A30-1402,26000,shopify,continue,manual,999,999,TRUE,TRUE,A12A30-1402,https://autoid.co/cdn/shop/files/kia-stinger-carbon-fibre-side-skirts-v2-by-adro-2018-adro-382360.webp?v=1726655758&width=1600,1,Adro A12A30-1402 KIA STINGER CARBON FIBRE SIDE SKIRTS V2 (2018+),,Adro A12A30-1402 KIA STINGER CARBON FIBRE SIDE SKIRTS V2 (2018+),Get Adro A12A30-1402 KIA STINGER CARBON FIBRE SIDE SKIRTS V2 (2018+) for your car to get your desired looks and performance from ML Performance at the lowest price with FREE UK shipping & next day delivery on in stock items. Very cheap prices & good service.,,,,A12A30-1402,,,new,,,,,,,,kg,8708949900,,,,,draft
adro-a12a30-1402-kia-stinger-carbon-fibre-side-skirts-v2-2018,,,,,,,,,,,,,,,,,,,,,,,,https://autoid.co/cdn/shop/files/kia-stinger-carbon-fibre-side-skirts-v2-by-adro-2018-adro-173778.webp?v=1726655758&width=1600,2,Adro A12A30-1402 KIA STINGER CARBON FIBRE SIDE SKIRTS V2 (2018+),,,,,,,,,,,,,,,,,,,,,,,,
adro-a12a30-1402-kia-stinger-carbon-fibre-side-skirts-v2-2018,,,,,,,,,,,,,,,,,,,,,,,,https://autoid.co/cdn/shop/files/kia-stinger-carbon-fibre-side-skirts-v2-by-adro-2018-adro-116319.webp?v=1726655758&width=1600,3,Adro A12A30-1402 KIA STINGER CARBON FIBRE SIDE SKIRTS V2 (2018+),,,,,,,,,,,,,,,,,,,,,,,,
adro-a12a30-1402-kia-stinger-carbon-fibre-side-skirts-v2-2018,,,,,,,,,,,,,,,,,,,,,,,,https://autoid.co/cdn/shop/files/kia-stinger-carbon-fibre-side-skirts-v2-by-adro-2018-adro-903943.webp?v=1726655758&width=1600,4,Adro A12A30-1402 KIA STINGER CARBON FIBRE SIDE SKIRTS V2 (2018+),,,,,,,,,,,,,,,,,,,,,,,,
adro-a12a30-1402-kia-stinger-carbon-fibre-side-skirts-v2-2018,,,,,,,,,,,,,,,,,,,,,,,,https://autoid.co/cdn/shop/files/kia-stinger-carbon-fibre-side-skirts-v2-by-adro-2018-adro-879396.webp?v=1726655758&width=1600,5,Adro A12A30-1402 KIA STINGER CARBON FIBRE SIDE SKIRTS V2 (2018+),,,,,,,,,,,,,,,,,,,,,,,,
adro-a14a70-1201-bmw-3-series-m340i-g20-g21-lci-carbon-fibre-front-splitter-2022,Adro A14A70-1201 BMW 3 Series M340I G20 G21 Lci Carbon Fibre Front Splitter (2022+),"<h4><strong>Description</strong></h4><p>ADRO Carbon Fibre Front Splitter for the M340i G20 G21 Pre-LCI model. As official ADRO distributors, we offer the full carbon body kit for the M340i including this front splitter, rear diffuser, side skirts and a rear diffuser.</p><p><span>This carbon fibre is composed of a 2x2 weave, typical of most OEM carbon fibre pieces and comparable to Genuine M Performance parts.</span></p><p>&nbsp;</p><h4>What's Included</h4><ul><li>1 x Adro Carbon Fibre (2x2 weave) Front Splitter</li><li>Installation Hardware<br></li></ul><p>&nbsp;</p><h4>Compatibility</h4><p>Feel free to contact us at info@mlperformance.co.uk should you wish to double check!</p><p>&nbsp;</p><h4>Compatibility Check</h4><p>To ensure the part(s) you have ordered fits your vehicle, we run a compatibility check prior to dispatch. We can do this either using your registration number (UK) or the last 7 digits of your VIN. Simply enter your car details prior to checkout.</p><p>&nbsp;</p><h4>Part Number</h4><p>ADRO-A14A70-1201</p><p>&nbsp;</p><h4>More Information</h4><p><strong>Manufactured by</strong></p><p>Adro</p>",Adro,,Exterior,"Uploaded by_Muazzim, MLP Discount 2025, Brand_Adro, 2025_New Products, Product Type_Exterior, Category_Front Splitters",TRUE,Title,Default Title,,,,,ADRO-A14A70-1201,40000,shopify,continue,manual,999,999,TRUE,TRUE,A14A70-1201,https://autoid.co/cdn/shop/files/bmw-3-series-m340i-g20-g21-lci-carbon-fibre-front-splitter-by-adro-2022-adro-232853.webp?v=1726654871&width=800,1,Adro A14A70-1201 BMW 3 SERIES M340I G20 G21 LCI CARBON FIBRE FRONT SPLITTER (2022+),,Adro A14A70-1201 BMW 3 SERIES M340I G20 G21 LCI CARBON FIBRE FRONT SPLITTER (2022+),Get Adro A14A70-1201 BMW 3 SERIES M340I G20 G21 LCI CARBON FIBRE FRONT SPLITTER (2022+) for your car to get your desired looks and performance from ML Performance at the lowest price with FREE UK shipping & next day delivery on in stock items. Very cheap prices & good service.,,,,A14A70-1201,,,new,,,,,,,,kg,8708949900,,,,,draft
adro-a14a70-1201-bmw-3-series-m340i-g20-g21-lci-carbon-fibre-front-splitter-2022,,,,,,,,,,,,,,,,,,,,,,,,https://autoid.co/cdn/shop/files/bmw-3-series-m340i-g20-g21-lci-carbon-fibre-front-splitter-by-adro-2022-adro-950927.webp?v=1726654871&width=800,2,Adro A14A70-1201 BMW 3 SERIES M340I G20 G21 LCI CARBON FIBRE FRONT SPLITTER (2022+),,,,,,,,,,,,,,,,,,,,,,,,
adro-a14a70-1201-bmw-3-series-m340i-g20-g21-lci-carbon-fibre-front-splitter-2022,,,,,,,,,,,,,,,,,,,,,,,,https://autoid.co/cdn/shop/files/bmw-3-series-m340i-g20-g21-lci-carbon-fibre-front-splitter-by-adro-2022-adro-702492.jpg?v=1726654871&width=2000,3,Adro A14A70-1201 BMW 3 SERIES M340I G20 G21 LCI CARBON FIBRE FRONT SPLITTER (2022+),,,,,,,,,,,,,,,,,,,,,,,,
adro-a14a70-1201-bmw-3-series-m340i-g20-g21-lci-carbon-fibre-front-splitter-2022,,,,,,,,,,,,,,,,,,,,,,,,https://autoid.co/cdn/shop/files/bmw-3-series-m340i-g20-g21-lci-carbon-fibre-front-splitter-by-adro-2022-adro-243311.jpg?v=1726654871&width=2000,4,Adro A14A70-1201 BMW 3 SERIES M340I G20 G21 LCI CARBON FIBRE FRONT SPLITTER (2022+),,,,,,,,,,,,,,,,,,,,,,,,
adro-a14a70-1201-bmw-3-series-m340i-g20-g21-lci-carbon-fibre-front-splitter-2022,,,,,,,,,,,,,,,,,,,,,,,,https://autoid.co/cdn/shop/files/bmw-3-series-m340i-g20-g21-lci-carbon-fibre-front-splitter-by-adro-2022-adro-665004.jpg?v=1726654871&width=2000,5,Adro A14A70-1201 BMW 3 SERIES M340I G20 G21 LCI CARBON FIBRE FRONT SPLITTER (2022+),,,,,,,,,,,,,,,,,,,,,,,,
adro-a14a70-1201-bmw-3-series-m340i-g20-g21-lci-carbon-fibre-front-splitter-2022,,,,,,,,,,,,,,,,,,,,,,,,https://autoid.co/cdn/shop/files/bmw-3-series-m340i-g20-g21-lci-carbon-fibre-front-splitter-by-adro-2022-adro-759014.jpg?v=1726654871&width=2000,6,Adro A14A70-1201 BMW 3 SERIES M340I G20 G21 LCI CARBON FIBRE FRONT SPLITTER (2022+),,,,,,,,,,,,,,,,,,,,,,,,
adro-a14a70-1201-bmw-3-series-m340i-g20-g21-lci-carbon-fibre-front-splitter-2022,,,,,,,,,,,,,,,,,,,,,,,,https://autoid.co/cdn/shop/files/bmw-3-series-m340i-g20-g21-lci-carbon-fibre-front-splitter-by-adro-2022-adro-938138.jpg?v=1726654871&width=2000,7,Adro A14A70-1201 BMW 3 SERIES M340I G20 G21 LCI CARBON FIBRE FRONT SPLITTER (2022+),,,,,,,,,,,,,,,,,,,,,,,,
adro-a14a60-1401-bmw-3-series-m340i-g20-carbon-fibre-side-skirt-2018,Adro A14A60-1401 BMW 3 Series M340I G20 Carbon Fibre Side Skirt (2018+),"<h4><strong>Description</strong></h4><p>ADRO Carbon Fibre Side Skirts for the M340i G20 G21. As official ADRO distributors, we offer the full carbon body kit for the M340i including this front splitter, rear diffuser, side skirts and a rear diffuser.</p><p><span>This carbon fibre is composed of a 2x2 weave, typical of most OEM carbon fibre pieces and comparable to Genuine M Performance parts.</span></p><p>&nbsp;</p><h4>What's Included</h4><ul><li>1 x Adro Carbon Fibre (2x2 weave) Side Skirts (Left & Right Side)</li><li>Installation Hardware<br></li></ul><p>&nbsp;</p><h4>Compatibility</h4><p>Feel free to contact us at info@mlperformance.co.uk should you wish to double check!</p><p>&nbsp;</p><h4>Compatibility Check</h4><p>To ensure the part(s) you have ordered fits your vehicle, we run a compatibility check prior to dispatch. We can do this either using your registration number (UK) or the last 7 digits of your VIN. Simply enter your car details prior to checkout.</p><p>&nbsp;</p><h4>Part Number</h4><p>ADRO-A14A60-1401</p><p>&nbsp;</p><h4>More Information</h4><p><strong>Manufactured by</strong></p><p>Adro</p>",Adro,,Exterior,"Uploaded by_Muazzim, MLP Discount 2025, Brand_Adro, 2025_New Products, Product Type_Exterior, Category_Side Skirts",TRUE,Title,Default Title,,,,,ADRO-A14A60-1401,26000,shopify,continue,manual,999,999,TRUE,TRUE,A14A60-1401,https://autoid.co/cdn/shop/files/bmw-3-series-m340i-g20-carbon-fibre-side-skirt-by-adro-2018-adro-902294.webp?v=1726654875&width=1200,1,Adro A14A60-1401 BMW 3 SERIES M340I G20 CARBON FIBRE SIDE SKIRT (2018+),,Adro A14A60-1401 BMW 3 SERIES M340I G20 CARBON FIBRE SIDE SKIRT (2018+),Get Adro A14A60-1401 BMW 3 SERIES M340I G20 CARBON FIBRE SIDE SKIRT (2018+) for your car to get your desired looks and performance from ML Performance at the lowest price with FREE UK shipping & next day delivery on in stock items. Very cheap prices & good service.,,,,A14A60-1401,,,new,,,,,,,,kg,8708949900,,,,,draft
adro-a14a60-1401-bmw-3-series-m340i-g20-carbon-fibre-side-skirt-2018,,,,,,,,,,,,,,,,,,,,,,,,https://autoid.co/cdn/shop/files/bmw-3-series-m340i-g20-carbon-fibre-side-skirt-by-adro-2018-adro-910916.webp?v=1726654875&width=1200,2,Adro A14A60-1401 BMW 3 SERIES M340I G20 CARBON FIBRE SIDE SKIRT (2018+),,,,,,,,,,,,,,,,,,,,,,,,
adro-a14a60-1401-bmw-3-series-m340i-g20-carbon-fibre-side-skirt-2018,,,,,,,,,,,,,,,,,,,,,,,,https://autoid.co/cdn/shop/files/bmw-3-series-m340i-g20-carbon-fibre-side-skirt-by-adro-2018-adro-230615.webp?v=1726654875&width=1200,3,Adro A14A60-1401 BMW 3 SERIES M340I G20 CARBON FIBRE SIDE SKIRT (2018+),,,,,,,,,,,,,,,,,,,,,,,,
adro-a14a60-1401-bmw-3-series-m340i-g20-carbon-fibre-side-skirt-2018,,,,,,,,,,,,,,,,,,,,,,,,https://autoid.co/cdn/shop/files/bmw-3-series-m340i-g20-carbon-fibre-side-skirt-by-adro-2018-adro-775068.webp?v=1726654875&width=1200,4,Adro A14A60-1401 BMW 3 SERIES M340I G20 CARBON FIBRE SIDE SKIRT (2018+),,,,,,,,,,,,,,,,,,,,,,,,
adro-a14a60-1401-bmw-3-series-m340i-g20-carbon-fibre-side-skirt-2018,,,,,,,,,,,,,,,,,,,,,,,,https://autoid.co/cdn/shop/files/bmw-3-series-m340i-g20-carbon-fibre-side-skirt-by-adro-2018-adro-371586.webp?v=1726654875&width=1200,5,Adro A14A60-1401 BMW 3 SERIES M340I G20 CARBON FIBRE SIDE SKIRT (2018+),,,,,,,,,,,,,,,,,,,,,,,,
adro-a14a60-1401-bmw-3-series-m340i-g20-carbon-fibre-side-skirt-2018,,,,,,,,,,,,,,,,,,,,,,,,https://autoid.co/cdn/shop/files/bmw-3-series-m340i-g20-carbon-fibre-side-skirt-by-adro-2018-adro-226801.jpg?v=1726654875&width=2000,6,Adro A14A60-1401 BMW 3 SERIES M340I G20 CARBON FIBRE SIDE SKIRT (2018+),,,,,,,,,,,,,,,,,,,,,,,,
adro-a14a60-1401-bmw-3-series-m340i-g20-carbon-fibre-side-skirt-2018,,,,,,,,,,,,,,,,,,,,,,,,https://autoid.co/cdn/shop/files/bmw-3-series-m340i-g20-carbon-fibre-side-skirt-by-adro-2018-adro-175072.jpg?v=1726654875&width=2000,7,Adro A14A60-1401 BMW 3 SERIES M340I G20 CARBON FIBRE SIDE SKIRT (2018+),,,,,,,,,,,,,,,,,,,,,,,,
adro-a14a60-1401-bmw-3-series-m340i-g20-carbon-fibre-side-skirt-2018,,,,,,,,,,,,,,,,,,,,,,,,https://autoid.co/cdn/shop/files/bmw-3-series-m340i-g20-carbon-fibre-side-skirt-by-adro-2018-adro-560820.jpg?v=1726654875&width=2000,8,Adro A14A60-1401 BMW 3 SERIES M340I G20 CARBON FIBRE SIDE SKIRT (2018+),,,,,,,,,,,,,,,,,,,,,,,,
adro-a14a60-1401-bmw-3-series-m340i-g20-carbon-fibre-side-skirt-2018,,,,,,,,,,,,,,,,,,,,,,,,https://autoid.co/cdn/shop/files/bmw-3-series-m340i-g20-carbon-fibre-side-skirt-by-adro-2018-adro-132700.jpg?v=1726654875&width=1638,9,Adro A14A60-1401 BMW 3 SERIES M340I G20 CARBON FIBRE SIDE SKIRT (2018+),,,,,,,,,,,,,,,,,,,,,,,,
adro-a14a60-1401-bmw-3-series-m340i-g20-carbon-fibre-side-skirt-2018,,,,,,,,,,,,,,,,,,,,,,,,https://autoid.co/cdn/shop/files/bmw-3-series-m340i-g20-carbon-fibre-side-skirt-by-adro-2018-adro-104208.jpg?v=1726654875&width=2048,10,Adro A14A60-1401 BMW 3 SERIES M340I G20 CARBON FIBRE SIDE SKIRT (2018+),,,,,,,,,,,,,,,,,,,,,,,,
adro-a14a60-1401-bmw-3-series-m340i-g20-carbon-fibre-side-skirt-2018,,,,,,,,,,,,,,,,,,,,,,,,https://autoid.co/cdn/shop/files/bmw-3-series-m340i-g20-carbon-fibre-side-skirt-by-adro-2018-adro-154839.jpg?v=1726654875&width=2048,11,Adro A14A60-1401 BMW 3 SERIES M340I G20 CARBON FIBRE SIDE SKIRT (2018+),,,,,,,,,,,,,,,,,,,,,,,,
adro-a14a60-1401-bmw-3-series-m340i-g20-carbon-fibre-side-skirt-2018,,,,,,,,,,,,,,,,,,,,,,,,https://autoid.co/cdn/shop/files/bmw-3-series-m340i-g20-carbon-fibre-side-skirt-by-adro-2018-adro-860691.jpg?v=1726654875&width=2048,12,Adro A14A60-1401 BMW 3 SERIES M340I G20 CARBON FIBRE SIDE SKIRT (2018+),,,,,,,,,,,,,,,,,,,,,,,,
adro-a14a30-1401-bmw-m2-competition-f87-carbon-fibre-side-skirts-2018-2021,Adro A14A30-1401 BMW M2 Competition F87 Carbon Fibre Side Skirts (2018-2021),"<h4><strong>Description</strong></h4><p>ADRO Carbon Fibre Side Skirts for the M2 Competition. As official ADRO distributors, we offer the full carbon body kit for the M2 Competition including this front splitter, rear diffuser, side skirts and a rear diffuser.</p><p><meta><span>You can view the installation manual </span><span></span><a>here</a></p><p>&nbsp;</p><h4>What's Included</h4><ul><li>2 x Adro Carbon Fibre (2x2 weave) Side Skirts (Left & Right Side)</li><li>Installation Hardware<br></li></ul><p>&nbsp;</p><h4>Compatibility</h4><p>Feel free to contact us at info@mlperformance.co.uk should you wish to double check!</p><p>&nbsp;</p><h4>Compatibility Check</h4><p>To ensure the part(s) you have ordered fits your vehicle, we run a compatibility check prior to dispatch. We can do this either using your registration number (UK) or the last 7 digits of your VIN. Simply enter your car details prior to checkout.</p><p>&nbsp;</p><h4>Part Number</h4><p>ADRO-A14A30-1401</p><p>&nbsp;</p><h4>More Information</h4><p><strong>Manufactured by</strong></p><p>Adro</p>",Adro,,Exterior,"Uploaded by_Muazzim, MLP Discount 2025, Brand_Adro, 2025_New Products, Product Type_Exterior, Category_Side Skirts",TRUE,Title,Default Title,,,,,ADRO-A14A30-1401,26000,shopify,continue,manual,999,999,TRUE,TRUE,A14A30-1401,https://autoid.co/cdn/shop/files/bmw-m2-competition-f87-carbon-fibre-side-skirts-by-adro-2018-2021-adro-948959.webp?v=1726655106&width=1550,1,Adro A14A30-1401 BMW M2 COMPETITION F87 CARBON FIBRE SIDE SKIRTS (2018-2021),,Adro A14A30-1401 BMW M2 COMPETITION F87 CARBON FIBRE SIDE SKIRTS (2018-2021),Get Adro A14A30-1401 BMW M2 COMPETITION F87 CARBON FIBRE SIDE SKIRTS (2018-2021) for your car to get your desired looks and performance from ML Performance at the lowest price with FREE UK shipping & next day delivery on in stock items. Very cheap prices & good service.,,,,A14A30-1401,,,new,,,,,,,,kg,8708949900,,,,,draft
adro-a14a30-1401-bmw-m2-competition-f87-carbon-fibre-side-skirts-2018-2021,,,,,,,,,,,,,,,,,,,,,,,,https://autoid.co/cdn/shop/files/bmw-m2-competition-f87-carbon-fibre-side-skirts-by-adro-2018-2021-adro-431420.jpg?v=1734622820&width=2048,2,Adro A14A30-1401 BMW M2 COMPETITION F87 CARBON FIBRE SIDE SKIRTS (2018-2021),,,,,,,,,,,,,,,,,,,,,,,,
adro-a14a30-1401-bmw-m2-competition-f87-carbon-fibre-side-skirts-2018-2021,,,,,,,,,,,,,,,,,,,,,,,,https://autoid.co/cdn/shop/files/bmw-m2-competition-f87-carbon-fibre-side-skirts-by-adro-2018-2021-adro-313141.jpg?v=1734622820&width=2048,3,Adro A14A30-1401 BMW M2 COMPETITION F87 CARBON FIBRE SIDE SKIRTS (2018-2021),,,,,,,,,,,,,,,,,,,,,,,,
adro-a14a30-1401-bmw-m2-competition-f87-carbon-fibre-side-skirts-2018-2021,,,,,,,,,,,,,,,,,,,,,,,,https://autoid.co/cdn/shop/files/bmw-m2-competition-f87-carbon-fibre-side-skirts-by-adro-2018-2021-adro-124755.jpg?v=1734622820&width=2048,4,Adro A14A30-1401 BMW M2 COMPETITION F87 CARBON FIBRE SIDE SKIRTS (2018-2021),,,,,,,,,,,,,,,,,,,,,,,,
adro-a14a30-1401-bmw-m2-competition-f87-carbon-fibre-side-skirts-2018-2021,,,,,,,,,,,,,,,,,,,,,,,,https://autoid.co/cdn/shop/files/bmw-m2-competition-f87-carbon-fibre-side-skirts-by-adro-2018-2021-adro-616566.jpg?v=1734622820&width=2048,5,Adro A14A30-1401 BMW M2 COMPETITION F87 CARBON FIBRE SIDE SKIRTS (2018-2021),,,,,,,,,,,,,,,,,,,,,,,,
adro-a14a30-1401-bmw-m2-competition-f87-carbon-fibre-side-skirts-2018-2021,,,,,,,,,,,,,,,,,,,,,,,,https://autoid.co/cdn/shop/files/bmw-m2-competition-f87-carbon-fibre-side-skirts-by-adro-2018-2021-adro-368595.jpg?v=1734622820&width=2048,6,Adro A14A30-1401 BMW M2 COMPETITION F87 CARBON FIBRE SIDE SKIRTS (2018-2021),,,,,,,,,,,,,,,,,,,,,,,,
adro-a14a30-1401-bmw-m2-competition-f87-carbon-fibre-side-skirts-2018-2021,,,,,,,,,,,,,,,,,,,,,,,,https://autoid.co/cdn/shop/files/bmw-m2-competition-f87-carbon-fibre-side-skirts-by-adro-2018-2021-adro-464043.jpg?v=1734622820&width=2048,7,Adro A14A30-1401 BMW M2 COMPETITION F87 CARBON FIBRE SIDE SKIRTS (2018-2021),,,,,,,,,,,,,,,,,,,,,,,,
adro-a14a30-1401-bmw-m2-competition-f87-carbon-fibre-side-skirts-2018-2021,,,,,,,,,,,,,,,,,,,,,,,,https://autoid.co/cdn/shop/files/bmw-m2-competition-f87-carbon-fibre-side-skirts-by-adro-2018-2021-adro-116555.jpg?v=1734622820&width=2048,8,Adro A14A30-1401 BMW M2 COMPETITION F87 CARBON FIBRE SIDE SKIRTS (2018-2021),,,,,,,,,,,,,,,,,,,,,,,,
adro-a14a30-1401-bmw-m2-competition-f87-carbon-fibre-side-skirts-2018-2021,,,,,,,,,,,,,,,,,,,,,,,,https://autoid.co/cdn/shop/files/bmw-m2-competition-f87-carbon-fibre-side-skirts-by-adro-2018-2021-adro-366357.webp?v=1734611658&width=1620,9,Adro A14A30-1401 BMW M2 COMPETITION F87 CARBON FIBRE SIDE SKIRTS (2018-2021),,,,,,,,,,,,,,,,,,,,,,,,
adro-a14a30-1401-bmw-m2-competition-f87-carbon-fibre-side-skirts-2018-2021,,,,,,,,,,,,,,,,,,,,,,,,https://autoid.co/cdn/shop/files/bmw-m2-competition-f87-carbon-fibre-side-skirts-by-adro-2018-2021-adro-889387.webp?v=1734611658&width=1639,10,Adro A14A30-1401 BMW M2 COMPETITION F87 CARBON FIBRE SIDE SKIRTS (2018-2021),,,,,,,,,,,,,,,,,,,,,,,,
adro-a14a30-1401-bmw-m2-competition-f87-carbon-fibre-side-skirts-2018-2021,,,,,,,,,,,,,,,,,,,,,,,,https://autoid.co/cdn/shop/files/bmw-m2-competition-f87-carbon-fibre-side-skirts-by-adro-2018-2021-adro-354554.webp?v=1734611658&width=1620,11,Adro A14A30-1401 BMW M2 COMPETITION F87 CARBON FIBRE SIDE SKIRTS (2018-2021),,,,,,,,,,,,,,,,,,,,,,,,
adro-a14b30-1501-bmw-g90-m5-carbon-fibre-rear-spoiler,Adro A14B30-1501 BMW G90 M5 Carbon Fibre Rear Spoiler,"<h4><strong>Description</strong></h4><p><span>Give your G90 G99 M5 a subtle yet striking rear accent with ADRO's carbon fibre boot spoiler - designed to enhance both aesthetics and aerodynamic balance.</span></p><p>&nbsp;</p><h4>Features</h4><p><strong>Premium Pre‑preg Carbon Construction</strong><br><span>Crafted from top-grade pre-preg carbon fibre, with a deep weave and show-worthy gloss finish.</span></p><p><strong>Flawless OEM Fit</strong><br><span>Developed using 3D scan data to align perfectly with the trunk—no drilling or trimming needed.</span><span><span></span></span></p><p><strong>CFD Refined Aero Profile</strong><br><span>Shape optimised with CFD to enhance rear downforce, reduce lift, and improve stability at high speeds</span> .</p><p><strong>Subtle Yet Striking Design</strong><br><span>Low-profile silhouette provides a clean, aggressive edge that elevates the factory lines without overpowering them.</span><span><span></span></span></p><p>&nbsp;</p><h4>Compatibility</h4><p>Feel free to contact us at info@mlperformance.co.uk should you wish to double check!</p><p>&nbsp;</p><h4>Compatibility Check</h4><p>To ensure the part(s) you have ordered fits your vehicle, we run a compatibility check prior to dispatch. We can do this either using your registration number (UK) or the last 7 digits of your VIN. Simply enter your car details prior to checkout.</p><p>&nbsp;</p><h4>Part Number</h4><p>ADRO-A14B30-1501</p><p>&nbsp;</p><h4>More Information</h4><p><strong>Manufactured by</strong></p><p>Adro</p>",Adro,,Exterior,"Uploaded by_Muazzim, MLP Discount 2025, Brand_Adro, 2025_New Products, Product Type_Exterior, Category_Spoilers",TRUE,Title,Default Title,,,,,ADRO-A14B30-1501,25000,shopify,continue,manual,950,950,TRUE,TRUE,A14B30-1501,https://autoid.co/cdn/shop/files/bmw-g90-m5-carbon-fibre-rear-spoiler-by-adro-adro-rear-spoilers-704076.webp?v=1749719205&width=1200,1,Adro A14B30-1501 BMW G90 M5 CARBON FIBRE REAR SPOILER,,Adro A14B30-1501 BMW G90 M5 CARBON FIBRE REAR SPOILER,Get Adro A14B30-1501 BMW G90 M5 CARBON FIBRE REAR SPOILER for your car to get your desired looks and performance from ML Performance at the lowest price with FREE UK shipping & next day delivery on in stock items. Very cheap prices & good service.,,,,A14B30-1501,,,new,,,,,,,,kg,8708949900,,,,,draft
adro-a14b30-1501-bmw-g90-m5-carbon-fibre-rear-spoiler,,,,,,,,,,,,,,,,,,,,,,,,https://autoid.co/cdn/shop/files/bmw-g90-m5-carbon-fibre-rear-spoiler-by-adro-adro-rear-spoilers-424824.webp?v=1749719204&width=1200,2,Adro A14B30-1501 BMW G90 M5 CARBON FIBRE REAR SPOILER,,,,,,,,,,,,,,,,,,,,,,,,
adro-a14b30-1501-bmw-g90-m5-carbon-fibre-rear-spoiler,,,,,,,,,,,,,,,,,,,,,,,,https://autoid.co/cdn/shop/files/bmw-g90-m5-carbon-fibre-rear-spoiler-by-adro-adro-rear-spoilers-462262.webp?v=1749719207&width=1200,3,Adro A14B30-1501 BMW G90 M5 CARBON FIBRE REAR SPOILER,,,,,,,,,,,,,,,,,,,,,,,,
adro-a14b30-1501-bmw-g90-m5-carbon-fibre-rear-spoiler,,,,,,,,,,,,,,,,,,,,,,,,https://autoid.co/cdn/shop/files/bmw-g90-m5-carbon-fibre-rear-spoiler-by-adro-adro-rear-spoilers-502459.webp?v=1749719206&width=1200,4,Adro A14B30-1501 BMW G90 M5 CARBON FIBRE REAR SPOILER,,,,,,,,,,,,,,,,,,,,,,,,
adro-a14b30-1501-bmw-g90-m5-carbon-fibre-rear-spoiler,,,,,,,,,,,,,,,,,,,,,,,,https://autoid.co/cdn/shop/files/bmw-g90-m5-carbon-fibre-rear-spoiler-by-adro-adro-rear-spoilers-979671.webp?v=1749719207&width=1200,5,Adro A14B30-1501 BMW G90 M5 CARBON FIBRE REAR SPOILER,,,,,,,,,,,,,,,,,,,,,,,,
adro-a18a20-2501-toyota-gr-supra-a90-mk5-carbon-fibre-door-garnish-trims-2019,Adro A18A20-2501 Toyota GR Supra A90 MK5 Carbon Fibre Door Garnish Trims (2019+),"<h4><strong>Description</strong></h4><p><strong>Elevate Your GR Supra's Style with ADRO Carbon Fibre Door Garnishes</strong></p><p>Want to add a touch of sporty elegance to your Toyota GR Supra? ADRO Carbon Fibre Door Garnishes are the perfect way to enhance your car's side profile with a premium, motorsport-inspired aesthetic.</p><p>These door garnishes are meticulously crafted from high-quality carbon fibre, adding a touch of sophistication and aggression to your GR Supra. They're not just about looks, though; they're designed to seamlessly integrate with the Supra's body lines, creating a cohesive and refined appearance.</p><p>&nbsp;</p><h4>Features</h4><ul><li><strong>Premium Materials:</strong> Made from genuine, high-quality carbon fibre for a lightweight and durable finish.</li><li><strong>Precision Fitment:</strong> Designed to perfectly match the contours of your GR Supra's doors.</li><li><strong>Enhanced Aesthetics:</strong> Adds a sporty and sophisticated touch to your car's side profile.</li><li><strong>UV Resistant:</strong> Finished with a UV-resistant clear coat to prevent fading and yellowing.</li><li><strong>Easy Installation:</strong> Installs with pre-applied 3M double-sided tape for a quick and straightforward upgrade.</li></ul><p>&nbsp;</p><h4>Compatibility</h4><p>Feel free to contact us at info@mlperformance.co.uk should you wish to double check!</p><p>&nbsp;</p><h4>Compatibility Check</h4><p>To ensure the part(s) you have ordered fits your vehicle, we run a compatibility check prior to dispatch. We can do this either using your registration number (UK) or the last 7 digits of your VIN. Simply enter your car details prior to checkout.</p><p>&nbsp;</p><h4>Part Number</h4><p>ADRO-A18A20-2501</p><p>&nbsp;</p><h4>More Information</h4><p><strong>Manufactured by</strong></p><p>Adro</p>",Adro,,Exterior,"Uploaded by_Muazzim, MLP Discount 2025, Brand_Adro, 2025_New Products, Product Type_Exterior",TRUE,Title,Default Title,,,,,ADRO-A18A20-2501,17000,shopify,continue,manual,949,949,TRUE,TRUE,A18A20-2501,https://autoid.co/cdn/shop/files/toyota-gr-supra-a90-mk5-carbon-fibre-door-garnish-trims-by-adro-2019-adro-921353.webp?v=1731948353&width=1200,1,Adro A18A20-2501 TOYOTA GR SUPRA A90 MK5 CARBON FIBRE DOOR GARNISH TRIMS (2019+),,Adro A18A20-2501 TOYOTA GR SUPRA A90 MK5 CARBON FIBRE DOOR GARNISH TRIMS (2019+),Get Adro A18A20-2501 TOYOTA GR SUPRA A90 MK5 CARBON FIBRE DOOR GARNISH TRIMS (2019+) for your car to get your desired looks and performance from ML Performance at the lowest price with FREE UK shipping & next day delivery on in stock items. Very cheap prices & good service.,,,,A18A20-2501,,,new,,,,,,,,kg,8708949900,,,,,draft
adro-a18a20-2501-toyota-gr-supra-a90-mk5-carbon-fibre-door-garnish-trims-2019,,,,,,,,,,,,,,,,,,,,,,,,https://autoid.co/cdn/shop/files/toyota-gr-supra-a90-mk5-carbon-fibre-door-garnish-trims-by-adro-2019-adro-438391.webp?v=1731948353&width=1200,2,Adro A18A20-2501 TOYOTA GR SUPRA A90 MK5 CARBON FIBRE DOOR GARNISH TRIMS (2019+),,,,,,,,,,,,,,,,,,,,,,,,
adro-a18a20-2501-toyota-gr-supra-a90-mk5-carbon-fibre-door-garnish-trims-2019,,,,,,,,,,,,,,,,,,,,,,,,https://autoid.co/cdn/shop/files/toyota-gr-supra-a90-mk5-carbon-fibre-door-garnish-trims-by-adro-2019-adro-992419.webp?v=1731948353&width=1200,3,Adro A18A20-2501 TOYOTA GR SUPRA A90 MK5 CARBON FIBRE DOOR GARNISH TRIMS (2019+),,,,,,,,,,,,,,,,,,,,,,,,
adro-a18a20-2501-toyota-gr-supra-a90-mk5-carbon-fibre-door-garnish-trims-2019,,,,,,,,,,,,,,,,,,,,,,,,https://autoid.co/cdn/shop/files/toyota-gr-supra-a90-mk5-carbon-fibre-door-garnish-trims-by-adro-2019-adro-101435.webp?v=1731948353&width=1200,4,Adro A18A20-2501 TOYOTA GR SUPRA A90 MK5 CARBON FIBRE DOOR GARNISH TRIMS (2019+),,,,,,,,,,,,,,,,,,,,,,,,
adro-a18a20-2501-toyota-gr-supra-a90-mk5-carbon-fibre-door-garnish-trims-2019,,,,,,,,,,,,,,,,,,,,,,,,https://autoid.co/cdn/shop/files/toyota-gr-supra-a90-mk5-carbon-fibre-door-garnish-trims-by-adro-2019-adro-148342.webp?v=1731948353&width=1200,5,Adro A18A20-2501 TOYOTA GR SUPRA A90 MK5 CARBON FIBRE DOOR GARNISH TRIMS (2019+),,,,,,,,,,,,,,,,,,,,,,,,
adro-a18a20-2501-toyota-gr-supra-a90-mk5-carbon-fibre-door-garnish-trims-2019,,,,,,,,,,,,,,,,,,,,,,,,https://autoid.co/cdn/shop/files/toyota-gr-supra-a90-mk5-carbon-fibre-door-garnish-trims-by-adro-2019-adro-557913.webp?v=1731948353&width=1200,6,Adro A18A20-2501 TOYOTA GR SUPRA A90 MK5 CARBON FIBRE DOOR GARNISH TRIMS (2019+),,,,,,,,,,,,,,,,,,,,,,,,
adro-a18a20-2501-toyota-gr-supra-a90-mk5-carbon-fibre-door-garnish-trims-2019,,,,,,,,,,,,,,,,,,,,,,,,https://autoid.co/cdn/shop/files/toyota-gr-supra-a90-mk5-carbon-fibre-door-garnish-trims-by-adro-2019-adro-588869.webp?v=1731948353&width=1200,7,Adro A18A20-2501 TOYOTA GR SUPRA A90 MK5 CARBON FIBRE DOOR GARNISH TRIMS (2019+),,,,,,,,,,,,,,,,,,,,,,,,
adro-a18a20-2501-toyota-gr-supra-a90-mk5-carbon-fibre-door-garnish-trims-2019,,,,,,,,,,,,,,,,,,,,,,,,https://autoid.co/cdn/shop/files/toyota-gr-supra-a90-mk5-carbon-fibre-door-garnish-trims-by-adro-2019-adro-541191.webp?v=1731948353&width=1200,8,Adro A18A20-2501 TOYOTA GR SUPRA A90 MK5 CARBON FIBRE DOOR GARNISH TRIMS (2019+),,,,,,,,,,,,,,,,,,,,,,,,
adro-a18a20-2501-toyota-gr-supra-a90-mk5-carbon-fibre-door-garnish-trims-2019,,,,,,,,,,,,,,,,,,,,,,,,https://autoid.co/cdn/shop/files/preview_images/hqdefault_90c0359f-6299-437a-982a-17ce4055977e.jpg?v=1732618941&width=480,9,Adro A18A20-2501 TOYOTA GR SUPRA A90 MK5 CARBON FIBRE DOOR GARNISH TRIMS (2019+),,,,,,,,,,,,,,,,,,,,,,,,
adro-a15a20-1501-tesla-model-y-pre-preg-carbon-fibre-rear-spoiler-2020,Adro A15A20-1501 Tesla Model Y Pre-Preg Carbon Fibre Rear Spoiler (2020+),"<h4><strong>Description</strong></h4><p>The ADRO carbon fiber rear spoiler is made from our handcrafted carbon fiber to make sure that it's as strong and lightweight as possible, while aiding in performance by reducing drag to help with the efficiency of the Tesla Model Y's electric powertrain. The spoiler is incredibly easy to install and will fit as if it came from the factory with no weird panel gaps or uneven surfaces as we've used our proprietary 3D scanning process to ensure that our components are a perfect fit. The Tesla Model Y carbon fiber spoiler is what the Model Y has been missing all along.<br></p><ul></ul><p><span>This premium front lip is manufactured from 100% genuine prepreg carbon fiber and is ultra-lightweight, with maximum durability, and quality. Commonly used in high-end race cars and supercars, prepreg (aka dry) carbon fiber is now available for drivers looking for the very best.</span></p><p><span>Using computational fluid dynamics (CFD), our team of aerodynamicists tested the efficiency gains of a Tesla Model Y fitted with ADRO's full body kit compared to a factory car.</span></p><p><span>Our CFD analyses showed a 4.4% reduction in total vehicle drag and a downforce increase of 727 N, resulting from the installation of all four ADRO parts - front lip, side skirt, rear diffuser, and spoiler. </span></p><p><span>This means that ADRO's Premium Prepreg Carbon Fiber Full Body Kit made the Model Y even more aerodynamically efficient, which will ultimately result in a positive effect on overall range and performance.</span></p><p>&nbsp;</p><h4>What's Included</h4><ul><li>1 x Adro Carbon Fibre (pre-preg, 2x2 weave) Rear Spoiler</li></ul><p>&nbsp;</p><h4>Compatibility</h4><p>Feel free to contact us at info@mlperformance.co.uk should you wish to double check!</p><p>&nbsp;</p><h4>Compatibility Check</h4><p>To ensure the part(s) you have ordered fits your vehicle, we run a compatibility check prior to dispatch. We can do this either using your registration number (UK) or the last 7 digits of your VIN. Simply enter your car details prior to checkout.</p><p>&nbsp;</p><h4>Part Number</h4><p>ADRO-A15A20-1501</p><p>&nbsp;</p><h4>More Information</h4><p><strong>Manufactured by</strong></p><p>Adro</p>",Adro,,Exterior,"Uploaded by_Muazzim, MLP Discount 2025, Brand_Adro, 2025_New Products, Product Type_Exterior, Category_Spoilers",TRUE,Title,Default Title,,,,,ADRO-A15A20-1501,25000,shopify,continue,manual,949,949,TRUE,TRUE,A15A20-1501,https://autoid.co/cdn/shop/files/tesla-model-y-pre-preg-carbon-fibre-rear-spoiler-by-adro-2020-adro-207550.webp?v=1726655944&width=800,1,Adro A15A20-1501 TESLA MODEL Y PRE-PREG CARBON FIBRE REAR SPOILER (2020+),,Adro A15A20-1501 TESLA MODEL Y PRE-PREG CARBON FIBRE REAR SPOILER (2020+),Get Adro A15A20-1501 TESLA MODEL Y PRE-PREG CARBON FIBRE REAR SPOILER (2020+) for your car to get your desired looks and performance from ML Performance at the lowest price with FREE UK shipping & next day delivery on in stock items. Very cheap prices & good service.,,,,A15A20-1501,,,new,,,,,,,,kg,8708949900,,,,,draft
adro-a15a20-1501-tesla-model-y-pre-preg-carbon-fibre-rear-spoiler-2020,,,,,,,,,,,,,,,,,,,,,,,,https://autoid.co/cdn/shop/files/tesla-model-y-pre-preg-carbon-fibre-rear-spoiler-by-adro-2020-adro-730054.webp?v=1726655944&width=800,2,Adro A15A20-1501 TESLA MODEL Y PRE-PREG CARBON FIBRE REAR SPOILER (2020+),,,,,,,,,,,,,,,,,,,,,,,,
adro-a15a20-1501-tesla-model-y-pre-preg-carbon-fibre-rear-spoiler-2020,,,,,,,,,,,,,,,,,,,,,,,,https://autoid.co/cdn/shop/files/tesla-model-y-pre-preg-carbon-fibre-rear-spoiler-by-adro-2020-adro-405474.jpg?v=1726655944&width=800,3,Adro A15A20-1501 TESLA MODEL Y PRE-PREG CARBON FIBRE REAR SPOILER (2020+),,,,,,,,,,,,,,,,,,,,,,,,
adro-a15a20-1501-tesla-model-y-pre-preg-carbon-fibre-rear-spoiler-2020,,,,,,,,,,,,,,,,,,,,,,,,https://autoid.co/cdn/shop/files/tesla-model-y-pre-preg-carbon-fibre-rear-spoiler-by-adro-2020-adro-117199.webp?v=1726655944&width=800,4,Adro A15A20-1501 TESLA MODEL Y PRE-PREG CARBON FIBRE REAR SPOILER (2020+),,,,,,,,,,,,,,,,,,,,,,,,
adro-a15a20-1501-tesla-model-y-pre-preg-carbon-fibre-rear-spoiler-2020,,,,,,,,,,,,,,,,,,,,,,,,https://autoid.co/cdn/shop/files/tesla-model-y-pre-preg-carbon-fibre-rear-spoiler-by-adro-2020-adro-568000.webp?v=1726655944&width=800,5,Adro A15A20-1501 TESLA MODEL Y PRE-PREG CARBON FIBRE REAR SPOILER (2020+),,,,,,,,,,,,,,,,,,,,,,,,
adro-a15a20-1501-tesla-model-y-pre-preg-carbon-fibre-rear-spoiler-2020,,,,,,,,,,,,,,,,,,,,,,,,https://autoid.co/cdn/shop/files/tesla-model-y-pre-preg-carbon-fibre-rear-spoiler-by-adro-2020-adro-643929.jpg?v=1726655944&width=1290,6,Adro A15A20-1501 TESLA MODEL Y PRE-PREG CARBON FIBRE REAR SPOILER (2020+),,,,,,,,,,,,,,,,,,,,,,,,
adro-a15a20-1501-tesla-model-y-pre-preg-carbon-fibre-rear-spoiler-2020,,,,,,,,,,,,,,,,,,,,,,,,https://autoid.co/cdn/shop/files/tesla-model-y-pre-preg-carbon-fibre-rear-spoiler-by-adro-2020-adro-398767.jpg?v=1726655944&width=1289,7,Adro A15A20-1501 TESLA MODEL Y PRE-PREG CARBON FIBRE REAR SPOILER (2020+),,,,,,,,,,,,,,,,,,,,,,,,
adro-a15a20-1501-tesla-model-y-pre-preg-carbon-fibre-rear-spoiler-2020,,,,,,,,,,,,,,,,,,,,,,,,https://autoid.co/cdn/shop/files/tesla-model-y-pre-preg-carbon-fibre-rear-spoiler-by-adro-2020-adro-808191.jpg?v=1726655944&width=1290,8,Adro A15A20-1501 TESLA MODEL Y PRE-PREG CARBON FIBRE REAR SPOILER (2020+),,,,,,,,,,,,,,,,,,,,,,,,
adro-a15a20-1501-tesla-model-y-pre-preg-carbon-fibre-rear-spoiler-2020,,,,,,,,,,,,,,,,,,,,,,,,https://autoid.co/cdn/shop/files/tesla-model-y-pre-preg-carbon-fibre-rear-spoiler-by-adro-2020-adro-788633.jpg?v=1726655944&width=1290,9,Adro A15A20-1501 TESLA MODEL Y PRE-PREG CARBON FIBRE REAR SPOILER (2020+),,,,,,,,,,,,,,,,,,,,,,,,
adro-a15a20-1501-tesla-model-y-pre-preg-carbon-fibre-rear-spoiler-2020,,,,,,,,,,,,,,,,,,,,,,,,https://autoid.co/cdn/shop/files/IMG_1587_e0fc8908-d309-4c7a-a460-8d3ff6c502ef.jpg?v=1706717577&width=1290,10,Adro A15A20-1501 TESLA MODEL Y PRE-PREG CARBON FIBRE REAR SPOILER (2020+),,,,,,,,,,,,,,,,,,,,,,,,
adro-a14a90-1203-bmw-g87-m2-carbon-fibre-v2-front-lip-for-adro-front-bumper,Adro A14A90-1203 BMW G87 M2 Carbon Fibre V2 Front Lip For Adro Front Bumper,"<h4><strong>Description</strong></h4><p>Upgrade the front-end aggression of your BMW G87 M2 with the <strong>Carbon Fibre Front Lip V2 by ADRO</strong>, engineered exclusively for use with the ADRO front bumper. This premium aerodynamic enhancement is designed to elevate both style and performance, integrating seamlessly into the bumper's existing lines for a motorsport-inspired finish.</p><p>Constructed from high-quality <strong>pre-preg carbon fibre</strong>, the V2 front lip offers lightweight durability and a flawless weave pattern that reflects ADRO's commitment to form and function. Whether you're hitting the track or refining your street presence, this front lip adds downforce and presence without compromise.</p><p>Please note: This front lip is <strong>only compatible with the ADRO front bumper</strong> and will not fit the OEM G87 bumper.</p><p><strong>Key Features:</strong></p><ul><li>Designed exclusively for the <strong>BMW G87 M2 with ADRO front bumper</strong></li><li>High-grade <strong>pre-preg carbon fibre</strong> construction</li><li>Lightweight and rigid for improved aerodynamics</li><li>Motorsport styling that complements ADRO's widebody lines</li><li>UV-resistant clear coat to maintain finish over time</li><li>Direct bolt-on installation (professional fitting recommended)</li></ul><p>&nbsp;</p><h4>Compatibility</h4><p>Feel free to contact us at info@mlperformance.co.uk should you wish to double check!</p><p>&nbsp;</p><h4>Compatibility Check</h4><p>To ensure the part(s) you have ordered fits your vehicle, we run a compatibility check prior to dispatch. We can do this either using your registration number (UK) or the last 7 digits of your VIN. Simply enter your car details prior to checkout.</p><p>&nbsp;</p><h4>Part Number</h4><p>ADRO-A14A90-1203</p><p>&nbsp;</p><h4>More Information</h4><p><strong>Manufactured by</strong></p><p>Adro</p>",Adro,,Exterior,"Uploaded by_Muazzim, MLP Discount 2025, Brand_Adro, 2025_New Products, Product Type_Exterior, Category_Front Splitters",TRUE,Title,Default Title,,,,,ADRO-A14A90-1203,40000,shopify,continue,manual,899,899,TRUE,TRUE,A14A90-1203,https://autoid.co/cdn/shop/files/bmw-g87-m2-carbon-fibre-front-lip-for-adro-front-bumper-by-adro-adro-front-lips-splitters-7647361.jpg?v=1753277050&width=1200,1,Adro A14A90-1203 BMW G87 M2 CARBON FIBRE V2 FRONT LIP FOR ADRO FRONT BUMPER,,Adro A14A90-1203 BMW G87 M2 CARBON FIBRE V2 FRONT LIP FOR ADRO FRONT BUMPER,Get Adro A14A90-1203 BMW G87 M2 CARBON FIBRE V2 FRONT LIP FOR ADRO FRONT BUMPER for your car to get your desired looks and performance from ML Performance at the lowest price with FREE UK shipping & next day delivery on in stock items. Very cheap prices & good service.,,,,A14A90-1203,,,new,,,,,,,,kg,8708949900,,,,,draft
adro-a14a90-1203-bmw-g87-m2-carbon-fibre-v2-front-lip-for-adro-front-bumper,,,,,,,,,,,,,,,,,,,,,,,,https://autoid.co/cdn/shop/files/bmw-g87-m2-carbon-fibre-front-lip-for-adro-front-bumper-by-adro-adro-front-lips-splitters-4356828.png?v=1753277051&width=1000,2,Adro A14A90-1203 BMW G87 M2 CARBON FIBRE V2 FRONT LIP FOR ADRO FRONT BUMPER,,,,,,,,,,,,,,,,,,,,,,,,
adro-a14a90-1203-bmw-g87-m2-carbon-fibre-v2-front-lip-for-adro-front-bumper,,,,,,,,,,,,,,,,,,,,,,,,https://autoid.co/cdn/shop/files/bmw-g87-m2-carbon-fibre-front-lip-for-adro-front-bumper-by-adro-adro-front-lips-splitters-5605159.png?v=1753277052&width=1000,3,Adro A14A90-1203 BMW G87 M2 CARBON FIBRE V2 FRONT LIP FOR ADRO FRONT BUMPER,,,,,,,,,,,,,,,,,,,,,,,,
adro-a14a90-1203-bmw-g87-m2-carbon-fibre-v2-front-lip-for-adro-front-bumper,,,,,,,,,,,,,,,,,,,,,,,,https://autoid.co/cdn/shop/files/bmw-g87-m2-carbon-fibre-front-lip-for-adro-front-bumper-by-adro-adro-front-lips-splitters-4885862.png?v=1753277052&width=1000,4,Adro A14A90-1203 BMW G87 M2 CARBON FIBRE V2 FRONT LIP FOR ADRO FRONT BUMPER,,,,,,,,,,,,,,,,,,,,,,,,
adro-a10a20-1401-hyundai-veloster-n-turbo-carbon-fibre-side-skirts-v1-2018,Adro A10A20-1401 Hyundai Veloster N & Turbo Carbon Fibre Side Skirts V1 (2018+),"<h4><strong>Description</strong></h4><p>Aerodynamic Development Race Optimization or ADRO, is bringing you our premier carbon fiber KDM aftermarket parts for the Hyundai Veloster N. ADRO Hyundai Veloster N carbon fiber side skirts are designed in California.<br></p><p><strong>This part is compatible with both the Veloster Turbo and the N. </strong><br></p><p><strong>Direct Install<br></strong><span><strong>Hardware is NOT included</strong><br><strong>Self tapping screws and/or rivets are recommended</strong></span></p><p>&nbsp;</p><h4>What's Included</h4><ul><li>2 x Adro Carbon Fibre (wet, 2x2 weave) Side Skirts (Left & Right Side)</li></ul><p>&nbsp;</p><h4>Compatibility</h4><p>Feel free to contact us at info@mlperformance.co.uk should you wish to double check!</p><p>&nbsp;</p><h4>Compatibility Check</h4><p>To ensure the part(s) you have ordered fits your vehicle, we run a compatibility check prior to dispatch. We can do this either using your registration number (UK) or the last 7 digits of your VIN. Simply enter your car details prior to checkout.</p><p>&nbsp;</p><h4>Part Number</h4><p>ADRO-A10A20-1401</p><p>&nbsp;</p><h4>More Information</h4><p><strong>Manufactured by</strong></p><p>Adro</p>",Adro,,Exterior,"Uploaded by_Muazzim, MLP Discount 2025, Brand_Adro, 2025_New Products, Product Type_Exterior, Category_Side Skirts",TRUE,Title,Default Title,,,,,ADRO-A10A20-1401,26000,shopify,continue,manual,899,899,TRUE,TRUE,A10A20-1401,https://autoid.co/cdn/shop/files/hyundai-veloster-n-turbo-carbon-fibre-side-skirts-v1-by-adro-2018-adro-241564.jpg?v=1726655703&width=1600,1,Adro A10A20-1401 HYUNDAI VELOSTER N & TURBO CARBON FIBRE SIDE SKIRTS V1 (2018+),,Adro A10A20-1401 HYUNDAI VELOSTER N & TURBO CARBON FIBRE SIDE SKIRTS V1 (2018+),Get Adro A10A20-1401 HYUNDAI VELOSTER N & TURBO CARBON FIBRE SIDE SKIRTS V1 (2018+) for your car to get your desired looks and performance from ML Performance at the lowest price with FREE UK shipping & next day delivery on in stock items. Very cheap prices & good service.,,,,A10A20-1401,,,new,,,,,,,,kg,8708949900,,,,,draft
adro-a10a20-1401-hyundai-veloster-n-turbo-carbon-fibre-side-skirts-v1-2018,,,,,,,,,,,,,,,,,,,,,,,,https://autoid.co/cdn/shop/files/hyundai-veloster-n-turbo-carbon-fibre-side-skirts-v1-by-adro-2018-adro-206608.jpg?v=1726655703&width=1600,2,Adro A10A20-1401 HYUNDAI VELOSTER N & TURBO CARBON FIBRE SIDE SKIRTS V1 (2018+),,,,,,,,,,,,,,,,,,,,,,,,
adro-a10a20-1401-hyundai-veloster-n-turbo-carbon-fibre-side-skirts-v1-2018,,,,,,,,,,,,,,,,,,,,,,,,https://autoid.co/cdn/shop/files/hyundai-veloster-n-turbo-carbon-fibre-side-skirts-v1-by-adro-2018-adro-422409.jpg?v=1726655703&width=1600,3,Adro A10A20-1401 HYUNDAI VELOSTER N & TURBO CARBON FIBRE SIDE SKIRTS V1 (2018+),,,,,,,,,,,,,,,,,,,,,,,,
adro-a10a20-1401-hyundai-veloster-n-turbo-carbon-fibre-side-skirts-v1-2018,,,,,,,,,,,,,,,,,,,,,,,,https://autoid.co/cdn/shop/files/hyundai-veloster-n-turbo-carbon-fibre-side-skirts-v1-by-adro-2018-adro-801090.jpg?v=1726655703&width=1600,4,Adro A10A20-1401 HYUNDAI VELOSTER N & TURBO CARBON FIBRE SIDE SKIRTS V1 (2018+),,,,,,,,,,,,,,,,,,,,,,,,
adro-a10a20-1401-hyundai-veloster-n-turbo-carbon-fibre-side-skirts-v1-2018,,,,,,,,,,,,,,,,,,,,,,,,https://autoid.co/cdn/shop/files/hyundai-veloster-n-turbo-carbon-fibre-side-skirts-v1-by-adro-2018-adro-129482.jpg?v=1726655703&width=1600,5,Adro A10A20-1401 HYUNDAI VELOSTER N & TURBO CARBON FIBRE SIDE SKIRTS V1 (2018+),,,,,,,,,,,,,,,,,,,,,,,,
adro-a10a20-1401-hyundai-veloster-n-turbo-carbon-fibre-side-skirts-v1-2018,,,,,,,,,,,,,,,,,,,,,,,,https://autoid.co/cdn/shop/files/hyundai-veloster-n-turbo-carbon-fibre-side-skirts-v1-by-adro-2018-adro-487769.jpg?v=1726655703&width=1600,6,Adro A10A20-1401 HYUNDAI VELOSTER N & TURBO CARBON FIBRE SIDE SKIRTS V1 (2018+),,,,,,,,,,,,,,,,,,,,,,,,
adro-a10a20-1401-hyundai-veloster-n-turbo-carbon-fibre-side-skirts-v1-2018,,,,,,,,,,,,,,,,,,,,,,,,https://autoid.co/cdn/shop/files/hyundai-veloster-n-turbo-carbon-fibre-side-skirts-v1-by-adro-2018-adro-246185.webp?v=1726655703&width=1200,7,Adro A10A20-1401 HYUNDAI VELOSTER N & TURBO CARBON FIBRE SIDE SKIRTS V1 (2018+),,,,,,,,,,,,,,,,,,,,,,,,
adro-a10a20-1401-hyundai-veloster-n-turbo-carbon-fibre-side-skirts-v1-2018,,,,,,,,,,,,,,,,,,,,,,,,https://autoid.co/cdn/shop/files/hyundai-veloster-n-turbo-carbon-fibre-side-skirts-v1-by-adro-2018-adro-126795.webp?v=1726655703&width=1200,8,Adro A10A20-1401 HYUNDAI VELOSTER N & TURBO CARBON FIBRE SIDE SKIRTS V1 (2018+),,,,,,,,,,,,,,,,,,,,,,,,
adro-a10a20-1201-hyundai-veloster-n-turbo-carbon-fibre-front-splitter-v1-2018,Adro A10A20-1201 Hyundai Veloster N & Turbo Carbon Fibre Front Splitter V1 (2018+),"<h4><strong>Description</strong></h4><p><span><span>The Front Lip V1 from ADRO features a unique, hand-crafted design for an aggressive aerodynamic style. Constructed with precision for superior quality and a stylish finish, this premium front lip kit offers a distinct look.</span></span></p><p>This part is compatible with both the Veloster Turbo and the N. </p><p>&nbsp;</p><h4>What's Included</h4><ul><li>1 x Adro Carbon Fibre (wet, 2x2 weave) Front Lip</li><li>Installation Hardware<br></li></ul><p>&nbsp;</p><h4>Compatibility</h4><p>Feel free to contact us at info@mlperformance.co.uk should you wish to double check!</p><p>&nbsp;</p><h4>Compatibility Check</h4><p>To ensure the part(s) you have ordered fits your vehicle, we run a compatibility check prior to dispatch. We can do this either using your registration number (UK) or the last 7 digits of your VIN. Simply enter your car details prior to checkout.</p><p>&nbsp;</p><h4>Part Number</h4><p>ADRO-A10A20-1201</p><p>&nbsp;</p><h4>More Information</h4><p><strong>Manufactured by</strong></p><p>Adro</p>",Adro,,Exterior,"Uploaded by_Muazzim, MLP Discount 2025, Brand_Adro, 2025_New Products, Product Type_Exterior, Category_Front Splitters",TRUE,Title,Default Title,,,,,ADRO-A10A20-1201,40000,shopify,continue,manual,899,899,TRUE,TRUE,A10A20-1201,https://autoid.co/cdn/shop/files/hyundai-veloster-n-turbo-carbon-fibre-front-splitter-v1-by-adro-2018-adro-866733.jpg?v=1726655702&width=1600,1,Adro A10A20-1201 HYUNDAI VELOSTER N & TURBO CARBON FIBRE FRONT SPLITTER V1 (2018+),,Adro A10A20-1201 HYUNDAI VELOSTER N & TURBO CARBON FIBRE FRONT SPLITTER V1 (2018+),Get Adro A10A20-1201 HYUNDAI VELOSTER N & TURBO CARBON FIBRE FRONT SPLITTER V1 (2018+) for your car to get your desired looks and performance from ML Performance at the lowest price with FREE UK shipping & next day delivery on in stock items. Very cheap prices & good service.,,,,A10A20-1201,,,new,,,,,,,,kg,8708949900,,,,,draft
adro-a10a20-1201-hyundai-veloster-n-turbo-carbon-fibre-front-splitter-v1-2018,,,,,,,,,,,,,,,,,,,,,,,,https://autoid.co/cdn/shop/files/hyundai-veloster-n-turbo-carbon-fibre-front-splitter-v1-by-adro-2018-adro-413425.webp?v=1726655702&width=1600,2,Adro A10A20-1201 HYUNDAI VELOSTER N & TURBO CARBON FIBRE FRONT SPLITTER V1 (2018+),,,,,,,,,,,,,,,,,,,,,,,,
adro-a10a20-1201-hyundai-veloster-n-turbo-carbon-fibre-front-splitter-v1-2018,,,,,,,,,,,,,,,,,,,,,,,,https://autoid.co/cdn/shop/files/hyundai-veloster-n-turbo-carbon-fibre-front-splitter-v1-by-adro-2018-adro-506522.jpg?v=1726655702&width=1600,3,Adro A10A20-1201 HYUNDAI VELOSTER N & TURBO CARBON FIBRE FRONT SPLITTER V1 (2018+),,,,,,,,,,,,,,,,,,,,,,,,
adro-a10a20-1201-hyundai-veloster-n-turbo-carbon-fibre-front-splitter-v1-2018,,,,,,,,,,,,,,,,,,,,,,,,https://autoid.co/cdn/shop/files/hyundai-veloster-n-turbo-carbon-fibre-front-splitter-v1-by-adro-2018-adro-859916.jpg?v=1726655702&width=1600,4,Adro A10A20-1201 HYUNDAI VELOSTER N & TURBO CARBON FIBRE FRONT SPLITTER V1 (2018+),,,,,,,,,,,,,,,,,,,,,,,,
adro-a10a20-1201-hyundai-veloster-n-turbo-carbon-fibre-front-splitter-v1-2018,,,,,,,,,,,,,,,,,,,,,,,,https://autoid.co/cdn/shop/files/hyundai-veloster-n-turbo-carbon-fibre-front-splitter-v1-by-adro-2018-adro-411767.jpg?v=1726655702&width=1600,5,Adro A10A20-1201 HYUNDAI VELOSTER N & TURBO CARBON FIBRE FRONT SPLITTER V1 (2018+),,,,,,,,,,,,,,,,,,,,,,,,
adro-a10a20-1201-hyundai-veloster-n-turbo-carbon-fibre-front-splitter-v1-2018,,,,,,,,,,,,,,,,,,,,,,,,https://autoid.co/cdn/shop/files/hyundai-veloster-n-turbo-carbon-fibre-front-splitter-v1-by-adro-2018-adro-381077.jpg?v=1726655702&width=1600,6,Adro A10A20-1201 HYUNDAI VELOSTER N & TURBO CARBON FIBRE FRONT SPLITTER V1 (2018+),,,,,,,,,,,,,,,,,,,,,,,,
adro-a10a20-1201-hyundai-veloster-n-turbo-carbon-fibre-front-splitter-v1-2018,,,,,,,,,,,,,,,,,,,,,,,,https://autoid.co/cdn/shop/files/hyundai-veloster-n-turbo-carbon-fibre-front-splitter-v1-by-adro-2018-adro-941349.webp?v=1726655703&width=400,7,Adro A10A20-1201 HYUNDAI VELOSTER N & TURBO CARBON FIBRE FRONT SPLITTER V1 (2018+),,,,,,,,,,,,,,,,,,,,,,,,
adro-a14a11-1201-bmw-m3-g80-g81-m4-g82-g83-carbon-fibre-splitter-for-front-bumper-2021,Adro A14A11-1201 BMW M3 G80 G81 & M4 G82 G83 Carbon Fibre Splitter For Front Bumper (2021+),"<h4><strong>Description</strong></h4><p><span><strong>This is designed for the Adro Front Bumper only.</strong></span></p><p>&nbsp;</p><h4>What's Included</h4><ul><li>1 x Adro Carbon Fibre (wet) Front Splitter Lip</li><li>3M Tape </li><li>Installation Screws</li></ul><p>&nbsp;</p><h4>Compatibility</h4><p>Feel free to contact us at info@mlperformance.co.uk should you wish to double check!</p><p>&nbsp;</p><h4>Compatibility Check</h4><p>To ensure the part(s) you have ordered fits your vehicle, we run a compatibility check prior to dispatch. We can do this either using your registration number (UK) or the last 7 digits of your VIN. Simply enter your car details prior to checkout.</p><p>&nbsp;</p><h4>Part Number</h4><p>ADRO-A14A11-1201</p><p>&nbsp;</p><h4>More Information</h4><p><strong>Manufactured by</strong></p><p>Adro</p>",Adro,,Exterior,"Uploaded by_Muazzim, MLP Discount 2025, Brand_Adro, 2025_New Products, Product Type_Exterior, Category_Splitters",TRUE,Title,Default Title,,,,,ADRO-A14A11-1201,40000,shopify,continue,manual,849,849,TRUE,TRUE,A14A11-1201,https://autoid.co/cdn/shop/files/bmw-m3-g80-g81-m4-g82-g83-carbon-fibre-splitter-for-front-bumper-by-adro-2021-adro-842843.jpg?v=1726655341&width=2048,1,Adro A14A11-1201 BMW M3 G80 G81 & M4 G82 G83 CARBON FIBRE SPLITTER FOR FRONT BUMPER (2021+),,Adro A14A11-1201 BMW M3 G80 G81 & M4 G82 G83 CARBON FIBRE SPLITTER FOR FRONT BUMPER (2021+),Get Adro A14A11-1201 BMW M3 G80 G81 & M4 G82 G83 CARBON FIBRE SPLITTER FOR FRONT BUMPER (2021+) for your car to get your desired looks and performance from ML Performance at the lowest price with FREE UK shipping & next day delivery on in stock items. Very cheap prices & good service.,,,,A14A11-1201,,,new,,,,,,,,kg,8708949900,,,,,draft
adro-a14a11-1201-bmw-m3-g80-g81-m4-g82-g83-carbon-fibre-splitter-for-front-bumper-2021,,,,,,,,,,,,,,,,,,,,,,,,https://autoid.co/cdn/shop/files/bmw-m3-g80-g81-m4-g82-g83-carbon-fibre-splitter-for-front-bumper-by-adro-2021-adro-113002.jpg?v=1726655341&width=1290,2,Adro A14A11-1201 BMW M3 G80 G81 & M4 G82 G83 CARBON FIBRE SPLITTER FOR FRONT BUMPER (2021+),,,,,,,,,,,,,,,,,,,,,,,,
adro-a14a11-1201-bmw-m3-g80-g81-m4-g82-g83-carbon-fibre-splitter-for-front-bumper-2021,,,,,,,,,,,,,,,,,,,,,,,,https://autoid.co/cdn/shop/files/bmw-m3-g80-g81-m4-g82-g83-carbon-fibre-splitter-for-front-bumper-by-adro-2021-adro-662792.jpg?v=1726655341&width=1290,3,Adro A14A11-1201 BMW M3 G80 G81 & M4 G82 G83 CARBON FIBRE SPLITTER FOR FRONT BUMPER (2021+),,,,,,,,,,,,,,,,,,,,,,,,
adro-a14a11-1201-bmw-m3-g80-g81-m4-g82-g83-carbon-fibre-splitter-for-front-bumper-2021,,,,,,,,,,,,,,,,,,,,,,,,https://autoid.co/cdn/shop/files/bmw-m3-g80-g81-m4-g82-g83-carbon-fibre-splitter-for-front-bumper-by-adro-2021-adro-232850.jpg?v=1726655341&width=1290,4,Adro A14A11-1201 BMW M3 G80 G81 & M4 G82 G83 CARBON FIBRE SPLITTER FOR FRONT BUMPER (2021+),,,,,,,,,,,,,,,,,,,,,,,,
adro-a14a11-1201-bmw-m3-g80-g81-m4-g82-g83-carbon-fibre-splitter-for-front-bumper-2021,,,,,,,,,,,,,,,,,,,,,,,,https://autoid.co/cdn/shop/files/bmw-m3-g80-g81-m4-g82-g83-carbon-fibre-splitter-for-front-bumper-by-adro-2021-adro-497825.jpg?v=1726655341&width=1290,5,Adro A14A11-1201 BMW M3 G80 G81 & M4 G82 G83 CARBON FIBRE SPLITTER FOR FRONT BUMPER (2021+),,,,,,,,,,,,,,,,,,,,,,,,
adro-a14a11-1201-bmw-m3-g80-g81-m4-g82-g83-carbon-fibre-splitter-for-front-bumper-2021,,,,,,,,,,,,,,,,,,,,,,,,https://autoid.co/cdn/shop/files/bmw-m3-g80-g81-m4-g82-g83-carbon-fibre-splitter-for-front-bumper-by-adro-2021-adro-115794.jpg?v=1726655341&width=2048,6,Adro A14A11-1201 BMW M3 G80 G81 & M4 G82 G83 CARBON FIBRE SPLITTER FOR FRONT BUMPER (2021+),,,,,,,,,,,,,,,,,,,,,,,,
adro-a14a11-1201-bmw-m3-g80-g81-m4-g82-g83-carbon-fibre-splitter-for-front-bumper-2021,,,,,,,,,,,,,,,,,,,,,,,,https://autoid.co/cdn/shop/files/bmw-m3-g80-g81-m4-g82-g83-carbon-fibre-splitter-for-front-bumper-by-adro-2021-adro-453244.webp?v=1726655341&width=1400,7,Adro A14A11-1201 BMW M3 G80 G81 & M4 G82 G83 CARBON FIBRE SPLITTER FOR FRONT BUMPER (2021+),,,,,,,,,,,,,,,,,,,,,,,,
adro-a14a11-1201-bmw-m3-g80-g81-m4-g82-g83-carbon-fibre-splitter-for-front-bumper-2021,,,,,,,,,,,,,,,,,,,,,,,,https://autoid.co/cdn/shop/files/bmw-m3-g80-g81-m4-g82-g83-carbon-fibre-splitter-for-front-bumper-by-adro-2021-adro-381738.jpg?v=1726655341&width=2048,8,Adro A14A11-1201 BMW M3 G80 G81 & M4 G82 G83 CARBON FIBRE SPLITTER FOR FRONT BUMPER (2021+),,,,,,,,,,,,,,,,,,,,,,,,
adro-a14a11-1201-bmw-m3-g80-g81-m4-g82-g83-carbon-fibre-splitter-for-front-bumper-2021,,,,,,,,,,,,,,,,,,,,,,,,https://autoid.co/cdn/shop/files/bmw-m3-g80-g81-m4-g82-g83-carbon-fibre-splitter-for-front-bumper-by-adro-2021-adro-414725.webp?v=1726655341&width=1400,9,Adro A14A11-1201 BMW M3 G80 G81 & M4 G82 G83 CARBON FIBRE SPLITTER FOR FRONT BUMPER (2021+),,,,,,,,,,,,,,,,,,,,,,,,
adro-a14a11-1201-bmw-m3-g80-g81-m4-g82-g83-carbon-fibre-splitter-for-front-bumper-2021,,,,,,,,,,,,,,,,,,,,,,,,https://autoid.co/cdn/shop/files/bmw-m3-g80-g81-m4-g82-g83-carbon-fibre-splitter-for-front-bumper-by-adro-2021-adro-742286.webp?v=1726655341&width=1400,10,Adro A14A11-1201 BMW M3 G80 G81 & M4 G82 G83 CARBON FIBRE SPLITTER FOR FRONT BUMPER (2021+),,,,,,,,,,,,,,,,,,,,,,,,
adro-a14a11-1201-bmw-m3-g80-g81-m4-g82-g83-carbon-fibre-splitter-for-front-bumper-2021,,,,,,,,,,,,,,,,,,,,,,,,https://autoid.co/cdn/shop/files/bmw-m3-g80-g81-m4-g82-g83-carbon-fibre-splitter-for-front-bumper-by-adro-2021-adro-683625.webp?v=1726655341&width=1400,11,Adro A14A11-1201 BMW M3 G80 G81 & M4 G82 G83 CARBON FIBRE SPLITTER FOR FRONT BUMPER (2021+),,,,,,,,,,,,,,,,,,,,,,,,
adro-a14a11-1201-bmw-m3-g80-g81-m4-g82-g83-carbon-fibre-splitter-for-front-bumper-2021,,,,,,,,,,,,,,,,,,,,,,,,https://autoid.co/cdn/shop/files/bmw-m3-g80-g81-m4-g82-g83-carbon-fibre-splitter-for-front-bumper-by-adro-2021-adro-556731.webp?v=1726655341&width=1400,12,Adro A14A11-1201 BMW M3 G80 G81 & M4 G82 G83 CARBON FIBRE SPLITTER FOR FRONT BUMPER (2021+),,,,,,,,,,,,,,,,,,,,,,,,
adro-a14a11-1201-bmw-m3-g80-g81-m4-g82-g83-carbon-fibre-splitter-for-front-bumper-2021,,,,,,,,,,,,,,,,,,,,,,,,https://autoid.co/cdn/shop/files/bmw-m3-g80-g81-m4-g82-g83-carbon-fibre-splitter-for-front-bumper-by-adro-2021-adro-411680.webp?v=1726655341&width=1400,13,Adro A14A11-1201 BMW M3 G80 G81 & M4 G82 G83 CARBON FIBRE SPLITTER FOR FRONT BUMPER (2021+),,,,,,,,,,,,,,,,,,,,,,,,
adro-a12a30-1201-kia-stinger-carbon-fibre-front-lip-v1-2018,Adro A12A30-1201 KIA Stinger Carbon Fibre Front Lip V1 (2018+),"<h4><strong>Description</strong></h4><p><span><span>Adro hand-crafted carbon fiber accessories for the automotive aftermarket. Design in California. Engineered and made in Korea.</span></span></p><p>&nbsp;</p><h4>What's Included</h4><ul><li>1 x Adro Carbon Fibre (wet, 2x2 weave) Front Lip</li><li>Installation Hardware<br></li></ul><p>&nbsp;</p><h4>Compatibility</h4><p>Feel free to contact us at info@mlperformance.co.uk should you wish to double check!</p><p>&nbsp;</p><h4>Compatibility Check</h4><p>To ensure the part(s) you have ordered fits your vehicle, we run a compatibility check prior to dispatch. We can do this either using your registration number (UK) or the last 7 digits of your VIN. Simply enter your car details prior to checkout.</p><p>&nbsp;</p><h4>Part Number</h4><p>ADRO-A12A30-1201</p><p>&nbsp;</p><h4>More Information</h4><p><strong>Manufactured by</strong></p><p>Adro</p>",Adro,,Exterior,"Uploaded by_Muazzim, MLP Discount 2025, Brand_Adro, 2025_New Products, Product Type_Exterior, Category_Front Splitters",TRUE,Title,Default Title,,,,,ADRO-A12A30-1201,40000,shopify,continue,manual,849,849,TRUE,TRUE,A12A30-1201,https://autoid.co/cdn/shop/files/kia-stinger-carbon-fibre-front-lip-v1-by-adro-2018-adro-349106.webp?v=1726655703&width=1600,1,Adro A12A30-1201 KIA STINGER CARBON FIBRE FRONT LIP V1 (2018+),,Adro A12A30-1201 KIA STINGER CARBON FIBRE FRONT LIP V1 (2018+),Get Adro A12A30-1201 KIA STINGER CARBON FIBRE FRONT LIP V1 (2018+) for your car to get your desired looks and performance from ML Performance at the lowest price with FREE UK shipping & next day delivery on in stock items. Very cheap prices & good service.,,,,A12A30-1201,,,new,,,,,,,,kg,8708949900,,,,,draft
adro-a12a30-1201-kia-stinger-carbon-fibre-front-lip-v1-2018,,,,,,,,,,,,,,,,,,,,,,,,https://autoid.co/cdn/shop/files/kia-stinger-carbon-fibre-front-lip-v1-by-adro-2018-adro-407293.webp?v=1726655703&width=1600,2,Adro A12A30-1201 KIA STINGER CARBON FIBRE FRONT LIP V1 (2018+),,,,,,,,,,,,,,,,,,,,,,,,
adro-a12a30-1201-kia-stinger-carbon-fibre-front-lip-v1-2018,,,,,,,,,,,,,,,,,,,,,,,,https://autoid.co/cdn/shop/files/kia-stinger-carbon-fibre-front-lip-v1-by-adro-2018-adro-875435.webp?v=1726655703&width=1600,3,Adro A12A30-1201 KIA STINGER CARBON FIBRE FRONT LIP V1 (2018+),,,,,,,,,,,,,,,,,,,,,,,,
adro-a12a30-1201-kia-stinger-carbon-fibre-front-lip-v1-2018,,,,,,,,,,,,,,,,,,,,,,,,https://autoid.co/cdn/shop/files/kia-stinger-carbon-fibre-front-lip-v1-by-adro-2018-adro-430429.webp?v=1726655703&width=1600,4,Adro A12A30-1201 KIA STINGER CARBON FIBRE FRONT LIP V1 (2018+),,,,,,,,,,,,,,,,,,,,,,,,
adro-a12a30-1201-kia-stinger-carbon-fibre-front-lip-v1-2018,,,,,,,,,,,,,,,,,,,,,,,,https://autoid.co/cdn/shop/files/kia-stinger-carbon-fibre-front-lip-v1-by-adro-2018-adro-316838.webp?v=1726655703&width=1600,5,Adro A12A30-1201 KIA STINGER CARBON FIBRE FRONT LIP V1 (2018+),,,,,,,,,,,,,,,,,,,,,,,,
adro-a12a30-1501-kia-stinger-carbon-fibre-rear-trunk-lip-spoiler-v1-2018,Adro A12A30-1501 KIA Stinger Carbon Fibre Rear Trunk Lip Spoiler V1 (2018+),"<h4><strong>Description</strong></h4><p><meta><span>The Kia Stinger has a beautiful fastback design in the rear that can be perfectly complemented with the ADRO Kia Stinger carbon fiber trunk spoiler. The V1 spoiler in this instance, which features a ducktail style design that flows perfectly with the rounded light bar in the rear of the car. The spoiler is made from handcrafted carbon fiber and is designed to integrate seamlessly with the trunk of the Kia Stinger. The spoiler will fit all 2018, 2019, 2020, and 2021 Kia Stinger models no matter what trim level or engine you may have. You can also pair this with the many other carbon fiber Kia Stinger parts from ADRO to create your own Kia Stinger carbon fiber body kit. This is one of our favorite parts for the Kia Stinger and is also one of the easiest to install.</span></p><p>&nbsp;</p><h4>What's Included</h4><ul><li>1 x Adro Carbon Fibre (2x2 weave) Rear Spoiler</li><li>Installation Hardware<br></li></ul><p>&nbsp;</p><h4>Compatibility</h4><p>Feel free to contact us at info@mlperformance.co.uk should you wish to double check!</p><p>&nbsp;</p><h4>Compatibility Check</h4><p>To ensure the part(s) you have ordered fits your vehicle, we run a compatibility check prior to dispatch. We can do this either using your registration number (UK) or the last 7 digits of your VIN. Simply enter your car details prior to checkout.</p><p>&nbsp;</p><h4>Part Number</h4><p>ADRO-A12A30-1501</p><p>&nbsp;</p><h4>More Information</h4><p><strong>Manufactured by</strong></p><p>Adro</p>",Adro,,Exterior,"Uploaded by_Muazzim, MLP Discount 2025, Brand_Adro, 2025_New Products, Product Type_Exterior, Category_Spoilers",TRUE,Title,Default Title,,,,,ADRO-A12A30-1501,25000,shopify,continue,manual,819,819,TRUE,TRUE,A12A30-1501,https://autoid.co/cdn/shop/files/kia-stinger-carbon-fibre-rear-trunk-lip-spoiler-v1-by-adro-2018-adro-181875.webp?v=1726655702&width=1600,1,Adro A12A30-1501 KIA STINGER CARBON FIBRE REAR TRUNK LIP SPOILER V1 (2018+),,Adro A12A30-1501 KIA STINGER CARBON FIBRE REAR TRUNK LIP SPOILER V1 (2018+),Get Adro A12A30-1501 KIA STINGER CARBON FIBRE REAR TRUNK LIP SPOILER V1 (2018+) for your car to get your desired looks and performance from ML Performance at the lowest price with FREE UK shipping & next day delivery on in stock items. Very cheap prices & good service.,,,,A12A30-1501,,,new,,,,,,,,kg,8708949900,,,,,draft
adro-a12a30-1501-kia-stinger-carbon-fibre-rear-trunk-lip-spoiler-v1-2018,,,,,,,,,,,,,,,,,,,,,,,,https://autoid.co/cdn/shop/files/kia-stinger-carbon-fibre-rear-trunk-lip-spoiler-v1-by-adro-2018-adro-812748.webp?v=1726655702&width=1600,2,Adro A12A30-1501 KIA STINGER CARBON FIBRE REAR TRUNK LIP SPOILER V1 (2018+),,,,,,,,,,,,,,,,,,,,,,,,
adro-a12a30-1501-kia-stinger-carbon-fibre-rear-trunk-lip-spoiler-v1-2018,,,,,,,,,,,,,,,,,,,,,,,,https://autoid.co/cdn/shop/files/kia-stinger-carbon-fibre-rear-trunk-lip-spoiler-v1-by-adro-2018-adro-809571.webp?v=1726655702&width=1600,3,Adro A12A30-1501 KIA STINGER CARBON FIBRE REAR TRUNK LIP SPOILER V1 (2018+),,,,,,,,,,,,,,,,,,,,,,,,
adro-a12a30-1502-kia-stinger-carbon-fibre-rear-trunk-lip-spoiler-v2-2018,Adro A12A30-1502 KIA Stinger Carbon Fibre Rear Trunk Lip Spoiler V2 (2018+),"<h4><strong>Description</strong></h4><p><span>Adro hand-crafted carbon fiber accessories for the automotive aftermarket. Design in California. Engineered and made in Korea.</span></p><p>&nbsp;</p><h4>What's Included</h4><ul><li>1 x Adro Carbon Fibre (2x2 weave) Rear Spoiler</li><li>Installation Hardware<br></li></ul><p>&nbsp;</p><h4>Compatibility</h4><p>Feel free to contact us at info@mlperformance.co.uk should you wish to double check!</p><p>&nbsp;</p><h4>Compatibility Check</h4><p>To ensure the part(s) you have ordered fits your vehicle, we run a compatibility check prior to dispatch. We can do this either using your registration number (UK) or the last 7 digits of your VIN. Simply enter your car details prior to checkout.</p><p>&nbsp;</p><h4>Part Number</h4><p>ADRO-A12A30-1502</p><p>&nbsp;</p><h4>More Information</h4><p><strong>Manufactured by</strong></p><p>Adro</p>",Adro,,Exterior,"Uploaded by_Muazzim, MLP Discount 2025, Brand_Adro, 2025_New Products, Product Type_Exterior, Category_Spoilers",TRUE,Title,Default Title,,,,,ADRO-A12A30-1502,25000,shopify,continue,manual,819,819,TRUE,TRUE,A12A30-1502,https://autoid.co/cdn/shop/files/kia-stinger-carbon-fibre-rear-trunk-lip-spoiler-v2-by-adro-2018-adro-984061.webp?v=1726655709&width=1600,1,Adro A12A30-1502 KIA STINGER CARBON FIBRE REAR TRUNK LIP SPOILER V2 (2018+),,Adro A12A30-1502 KIA STINGER CARBON FIBRE REAR TRUNK LIP SPOILER V2 (2018+),Get Adro A12A30-1502 KIA STINGER CARBON FIBRE REAR TRUNK LIP SPOILER V2 (2018+) for your car to get your desired looks and performance from ML Performance at the lowest price with FREE UK shipping & next day delivery on in stock items. Very cheap prices & good service.,,,,A12A30-1502,,,new,,,,,,,,kg,8708949900,,,,,draft
adro-a12a30-1502-kia-stinger-carbon-fibre-rear-trunk-lip-spoiler-v2-2018,,,,,,,,,,,,,,,,,,,,,,,,https://autoid.co/cdn/shop/files/kia-stinger-carbon-fibre-rear-trunk-lip-spoiler-v2-by-adro-2018-adro-732192.webp?v=1726655709&width=1600,2,Adro A12A30-1502 KIA STINGER CARBON FIBRE REAR TRUNK LIP SPOILER V2 (2018+),,,,,,,,,,,,,,,,,,,,,,,,
adro-a12a30-1502-kia-stinger-carbon-fibre-rear-trunk-lip-spoiler-v2-2018,,,,,,,,,,,,,,,,,,,,,,,,https://autoid.co/cdn/shop/files/kia-stinger-carbon-fibre-rear-trunk-lip-spoiler-v2-by-adro-2018-adro-963037.webp?v=1726655709&width=1600,3,Adro A12A30-1502 KIA STINGER CARBON FIBRE REAR TRUNK LIP SPOILER V2 (2018+),,,,,,,,,,,,,,,,,,,,,,,,
adro-a12a30-1502-kia-stinger-carbon-fibre-rear-trunk-lip-spoiler-v2-2018,,,,,,,,,,,,,,,,,,,,,,,,https://autoid.co/cdn/shop/files/kia-stinger-carbon-fibre-rear-trunk-lip-spoiler-v2-by-adro-2018-adro-784200.webp?v=1726655710&width=1600,4,Adro A12A30-1502 KIA STINGER CARBON FIBRE REAR TRUNK LIP SPOILER V2 (2018+),,,,,,,,,,,,,,,,,,,,,,,,
adro-a12a30-1502-kia-stinger-carbon-fibre-rear-trunk-lip-spoiler-v2-2018,,,,,,,,,,,,,,,,,,,,,,,,https://autoid.co/cdn/shop/files/kia-stinger-carbon-fibre-rear-trunk-lip-spoiler-v2-by-adro-2018-adro-917409.webp?v=1726655710&width=1600,5,Adro A12A30-1502 KIA STINGER CARBON FIBRE REAR TRUNK LIP SPOILER V2 (2018+),,,,,,,,,,,,,,,,,,,,,,,,
adro-a12a30-1502-kia-stinger-carbon-fibre-rear-trunk-lip-spoiler-v2-2018,,,,,,,,,,,,,,,,,,,,,,,,https://autoid.co/cdn/shop/files/kia-stinger-carbon-fibre-rear-trunk-lip-spoiler-v2-by-adro-2018-adro-717529.webp?v=1726655710&width=1600,6,Adro A12A30-1502 KIA STINGER CARBON FIBRE REAR TRUNK LIP SPOILER V2 (2018+),,,,,,,,,,,,,,,,,,,,,,,,
adro-a12a30-1502-kia-stinger-carbon-fibre-rear-trunk-lip-spoiler-v2-2018,,,,,,,,,,,,,,,,,,,,,,,,https://autoid.co/cdn/shop/files/kia-stinger-carbon-fibre-rear-trunk-lip-spoiler-v2-by-adro-2018-adro-855897.webp?v=1726655710&width=1600,7,Adro A12A30-1502 KIA STINGER CARBON FIBRE REAR TRUNK LIP SPOILER V2 (2018+),,,,,,,,,,,,,,,,,,,,,,,,
adro-bmw-m2-competition-f87-carbon-fibre-front-splitter-2018-2021,Adro BMW M2 Competition F87 Carbon Fibre Front Splitter (2018-2021),"<h4><strong>Description</strong></h4><p>ADRO Carbon Fibre Front Splitter for the M2 Competition. As official ADRO distributors, we offer the full carbon body kit for the M2 Competition including this front splitter, rear diffuser, side skirts and a rear diffuser.</p><p>The style of this splitter adds aggression to the front end with wide side spats whilst complementing the curvy lines of the M2 Competition front bumper.</p><p><meta><span>You can view the installation manual </span><span></span><a>here</a></p><p>&nbsp;</p><h4>What's Included</h4><ul><li>1 x Adro Carbon Fibre (2x2 weave) Front Splitter</li><li>Installation Hardware<br></li></ul><p>&nbsp;</p><h4>Compatibility</h4><p>Feel free to contact us at info@mlperformance.co.uk should you wish to double check!</p><p>&nbsp;</p><h4>Compatibility Check</h4><p>To ensure the part(s) you have ordered fits your vehicle, we run a compatibility check prior to dispatch. We can do this either using your registration number (UK) or the last 7 digits of your VIN. Simply enter your car details prior to checkout.</p><p>&nbsp;</p><h4>Part Number</h4><p>ADRO-A14A30-1211+A14A30-1221 (Front Splitter & Front Duct Set)</p><p>ADRO-A14A30-1221 (Front Splitter only)</p><p>ADRO-A14A30-1211 (Front Duct only)</p><p>&nbsp;</p><h4>More Information</h4><p><strong>Manufactured by</strong></p><p>Adro</p>",Adro,,Exterior,"Uploaded by_Muazzim, MLP Discount 2025, Brand_Adro, 2025_New Products, Product Type_Exterior, Category_Front Splitters",TRUE,Option,Front Splitter & Front Duct Set,,,,,ADRO-A14A30-1211+A14A30-1221,40000,shopify,continue,manual,1449,1449,TRUE,TRUE,A14A30-1211+A14A30-1221,https://autoid.co/cdn/shop/files/bmw-m2-competition-f87-carbon-fibre-front-splitter-by-adro-2018-2021-adro-995551.webp?v=1726655107&width=800,1,Adro BMW M2 COMPETITION F87 CARBON FIBRE FRONT SPLITTER (2018-2021),,Adro BMW M2 COMPETITION F87 CARBON FIBRE FRONT SPLITTER (2018-2021),Get Adro BMW M2 COMPETITION F87 CARBON FIBRE FRONT SPLITTER (2018-2021) for your car to get your desired looks and performance from ML Performance at the lowest price with FREE UK shipping & next day delivery on in stock items. Very cheap prices & good service.,,,,A14A30-1211+A14A30-1221,,,new,,,,,,,,kg,8708949900,,,,,draft
adro-bmw-m2-competition-f87-carbon-fibre-front-splitter-2018-2021,,,,,,,,,Front Splitter only,,,,,ADRO-A14A30-1221,30000,shopify,continue,manual,749,749,TRUE,TRUE,A14A30-1221,https://autoid.co/cdn/shop/files/bmw-m2-competition-f87-carbon-fibre-front-splitter-by-adro-2018-2021-adro-301467.webp?v=1726655107&width=1620,2,Adro BMW M2 COMPETITION F87 CARBON FIBRE FRONT SPLITTER (2018-2021),,,,,,,,,,,,,,,,,,kg,,,,,,
adro-bmw-m2-competition-f87-carbon-fibre-front-splitter-2018-2021,,,,,,,,,Front Duct only,,,,,ADRO-A14A30-1211,10000,shopify,continue,manual,949,949,TRUE,TRUE,A14A30-1211,https://autoid.co/cdn/shop/files/bmw-m2-competition-f87-carbon-fibre-front-splitter-by-adro-2018-2021-adro-484416.webp?v=1726655107&width=1620,3,Adro BMW M2 COMPETITION F87 CARBON FIBRE FRONT SPLITTER (2018-2021),,,,,,,,,,,,,,,,,,kg,,,,,,
adro-bmw-m2-competition-f87-carbon-fibre-front-splitter-2018-2021,,,,,,,,,,,,,,,,,,,,,,,,https://autoid.co/cdn/shop/files/bmw-m2-competition-f87-carbon-fibre-front-splitter-by-adro-2018-2021-adro-173822.webp?v=1726655107&width=1620,4,Adro BMW M2 COMPETITION F87 CARBON FIBRE FRONT SPLITTER (2018-2021),,,,,,,,,,,,,,,,,,,,,,,,
adro-bmw-m2-competition-f87-carbon-fibre-front-splitter-2018-2021,,,,,,,,,,,,,,,,,,,,,,,,https://autoid.co/cdn/shop/files/bmw-m2-competition-f87-carbon-fibre-front-splitter-by-adro-2018-2021-adro-214537.webp?v=1726655107&width=1620,5,Adro BMW M2 COMPETITION F87 CARBON FIBRE FRONT SPLITTER (2018-2021),,,,,,,,,,,,,,,,,,,,,,,,
adro-bmw-m2-competition-f87-carbon-fibre-front-splitter-2018-2021,,,,,,,,,,,,,,,,,,,,,,,,https://autoid.co/cdn/shop/files/bmw-m2-competition-f87-carbon-fibre-front-splitter-by-adro-2018-2021-adro-260794.webp?v=1726655107&width=800,6,Adro BMW M2 COMPETITION F87 CARBON FIBRE FRONT SPLITTER (2018-2021),,,,,,,,,,,,,,,,,,,,,,,,
adro-a14a10-1801-bmw-m3-f80-m4-f82-f83-pre-preg-carbon-fibre-front-air-ducts-2014-2020,Adro A14A10-1801 BMW M3 F80 & M4 F82 F83 Pre-Preg Carbon Fibre Front Air Ducts (2014-2020),"<h4><strong>Description</strong></h4><p>Adro Carbon Fibre Front Air Ducts for the F82 M4 & F80 M3.</p><p>You can view the installation manual <a>here</a></p><p>&nbsp;</p><h4>What's Included</h4><ul><li>2 x Adro Carbon Fibre (pre-preg, 2x2 weave) Front Air Ducts (Left & Right Side)</li><li>Installation Hardware<br></li></ul><p>&nbsp;</p><h4>Compatibility</h4><p>Feel free to contact us at info@mlperformance.co.uk should you wish to double check!</p><p>&nbsp;</p><h4>Compatibility Check</h4><p>To ensure the part(s) you have ordered fits your vehicle, we run a compatibility check prior to dispatch. We can do this either using your registration number (UK) or the last 7 digits of your VIN. Simply enter your car details prior to checkout.</p><p>&nbsp;</p><h4>Part Number</h4><p>ADRO-A14A10-1801</p><p>&nbsp;</p><h4>More Information</h4><p><strong>Manufactured by</strong></p><p>Adro</p>",Adro,,Exterior,"Uploaded by_Muazzim, MLP Discount 2025, Brand_Adro, 2025_New Products, Product Type_Exterior",TRUE,Title,Default Title,,,,,ADRO-A14A10-1801,15000,shopify,continue,manual,729,729,TRUE,TRUE,A14A10-1801,https://autoid.co/cdn/shop/files/bmw-m3-f80-m4-f82-f83-pre-preg-carbon-fibre-front-air-ducts-by-adro-2014-2020-adro-597610.webp?v=1726655211&width=1600,1,Adro A14A10-1801 BMW M3 F80 & M4 F82 F83 PRE-PREG CARBON FIBRE FRONT AIR DUCTS (2014-2020),,Adro A14A10-1801 BMW M3 F80 & M4 F82 F83 PRE-PREG CARBON FIBRE FRONT AIR DUCTS (2014-2020),Get Adro A14A10-1801 BMW M3 F80 & M4 F82 F83 PRE-PREG CARBON FIBRE FRONT AIR DUCTS (2014-2020) for your car to get your desired looks and performance from ML Performance at the lowest price with FREE UK shipping & next day delivery on in stock items. Very cheap prices & good service.,,,,A14A10-1801,,,new,,,,,,,,kg,8708949900,,,,,draft
adro-a14a10-1801-bmw-m3-f80-m4-f82-f83-pre-preg-carbon-fibre-front-air-ducts-2014-2020,,,,,,,,,,,,,,,,,,,,,,,,https://autoid.co/cdn/shop/files/bmw-m3-f80-m4-f82-f83-pre-preg-carbon-fibre-front-air-ducts-by-adro-2014-2020-adro-593101.webp?v=1726655211&width=1600,2,Adro A14A10-1801 BMW M3 F80 & M4 F82 F83 PRE-PREG CARBON FIBRE FRONT AIR DUCTS (2014-2020),,,,,,,,,,,,,,,,,,,,,,,,
adro-a14a10-1801-bmw-m3-f80-m4-f82-f83-pre-preg-carbon-fibre-front-air-ducts-2014-2020,,,,,,,,,,,,,,,,,,,,,,,,https://autoid.co/cdn/shop/files/bmw-m3-f80-m4-f82-f83-pre-preg-carbon-fibre-front-air-ducts-by-adro-2014-2020-adro-474140.webp?v=1726655211&width=1400,3,Adro A14A10-1801 BMW M3 F80 & M4 F82 F83 PRE-PREG CARBON FIBRE FRONT AIR DUCTS (2014-2020),,,,,,,,,,,,,,,,,,,,,,,,
adro-a14a10-1801-bmw-m3-f80-m4-f82-f83-pre-preg-carbon-fibre-front-air-ducts-2014-2020,,,,,,,,,,,,,,,,,,,,,,,,https://autoid.co/cdn/shop/files/bmw-m3-f80-m4-f82-f83-pre-preg-carbon-fibre-front-air-ducts-by-adro-2014-2020-adro-890763.webp?v=1726655211&width=1400,4,Adro A14A10-1801 BMW M3 F80 & M4 F82 F83 PRE-PREG CARBON FIBRE FRONT AIR DUCTS (2014-2020),,,,,,,,,,,,,,,,,,,,,,,,
adro-a14a10-1801-bmw-m3-f80-m4-f82-f83-pre-preg-carbon-fibre-front-air-ducts-2014-2020,,,,,,,,,,,,,,,,,,,,,,,,https://autoid.co/cdn/shop/files/bmw-m3-f80-m4-f82-f83-pre-preg-carbon-fibre-front-air-ducts-by-adro-2014-2020-adro-642967.webp?v=1726655211&width=1400,5,Adro A14A10-1801 BMW M3 F80 & M4 F82 F83 PRE-PREG CARBON FIBRE FRONT AIR DUCTS (2014-2020),,,,,,,,,,,,,,,,,,,,,,,,
adro-kia-stinger-carbon-fibre-front-lip-v2-2018,Adro KIA Stinger Carbon Fibre Front Lip V2 (2018+),"<h4><strong>Description</strong></h4><p><meta><span><meta>ADRO Kia Stinger carbon fiber V2 front lip is a two-piece kit that comes with an upper and lower part and still allows the vent to be 100% functional.</span></p><p><meta><span>You can view the installation manual </span><span></span><a>here</a></p><p>&nbsp;</p><h4>What's Included</h4><ul><li>1 x Adro Carbon Fibre (wet, 2x2 weave) Upper Lip</li><li>1 x Adro Carbon Fibre (wet, 2x2 weave) Lower Lip</li><li>Installation Hardware<br></li></ul><p>&nbsp;</p><h4>Compatibility</h4><p>Feel free to contact us at info@mlperformance.co.uk should you wish to double check!</p><p>&nbsp;</p><h4>Compatibility Check</h4><p>To ensure the part(s) you have ordered fits your vehicle, we run a compatibility check prior to dispatch. We can do this either using your registration number (UK) or the last 7 digits of your VIN. Simply enter your car details prior to checkout.</p><p>&nbsp;</p><h4>Part Number</h4><p>ADRO-A12A30-1212/A12A30-1222 (Lower & Upper Lip)</p><p>ADRO-A12A30-1212 (Upper Lip)</p><p>ADRO-A12A30-1222 (Lower Lip)</p><p>&nbsp;</p><h4>More Information</h4><p><strong>Manufactured by</strong></p><p>Adro</p>",Adro,,Exterior,"Uploaded by_Muazzim, MLP Discount 2025, Brand_Adro, 2025_New Products, Product Type_Exterior, Category_Front Splitters",TRUE,Option,Lower & Upper Lip,,,,,ADRO-A12A30-1212/A12A30-1222,40000,shopify,continue,manual,1449,1449,TRUE,TRUE,A12A30-1212/A12A30-1222,https://autoid.co/cdn/shop/files/kia-stinger-carbon-fibre-front-lip-v2-by-adro-2018-adro-675720.webp?v=1726655705&width=1600,1,Adro KIA STINGER CARBON FIBRE FRONT LIP V2 (2018+),,Adro KIA STINGER CARBON FIBRE FRONT LIP V2 (2018+),Get Adro KIA STINGER CARBON FIBRE FRONT LIP V2 (2018+) for your car to get your desired looks and performance from ML Performance at the lowest price with FREE UK shipping & next day delivery on in stock items. Very cheap prices & good service.,,,,A12A30-1212/A12A30-1222,,,new,,,,,,,,kg,8708949900,,,,,draft
adro-kia-stinger-carbon-fibre-front-lip-v2-2018,,,,,,,,,Upper Lip,,,,,ADRO-A12A30-1212,20000,shopify,continue,manual,719,719,TRUE,TRUE,A12A30-1212,https://autoid.co/cdn/shop/files/kia-stinger-carbon-fibre-front-lip-v2-by-adro-2018-adro-804846.webp?v=1726655705&width=1600,2,Adro KIA STINGER CARBON FIBRE FRONT LIP V2 (2018+),,,,,,,,,,,,,,,,,,kg,,,,,,
adro-kia-stinger-carbon-fibre-front-lip-v2-2018,,,,,,,,,Lower Lip,,,,,ADRO-A12A30-1222,20000,shopify,continue,manual,849,849,TRUE,TRUE,A12A30-1222,https://autoid.co/cdn/shop/files/kia-stinger-carbon-fibre-front-lip-v2-by-adro-2018-adro-574735.webp?v=1726655705&width=1600,3,Adro KIA STINGER CARBON FIBRE FRONT LIP V2 (2018+),,,,,,,,,,,,,,,,,,kg,,,,,,
adro-kia-stinger-carbon-fibre-front-lip-v2-2018,,,,,,,,,,,,,,,,,,,,,,,,https://autoid.co/cdn/shop/files/kia-stinger-carbon-fibre-front-lip-v2-by-adro-2018-adro-225276.webp?v=1726655705&width=1600,4,Adro KIA STINGER CARBON FIBRE FRONT LIP V2 (2018+),,,,,,,,,,,,,,,,,,,,,,,,
adro-kia-stinger-carbon-fibre-front-lip-v2-2018,,,,,,,,,,,,,,,,,,,,,,,,https://autoid.co/cdn/shop/files/kia-stinger-carbon-fibre-front-lip-v2-by-adro-2018-adro-244844.webp?v=1726655705&width=900,5,Adro KIA STINGER CARBON FIBRE FRONT LIP V2 (2018+),,,,,,,,,,,,,,,,,,,,,,,,
adro-kia-stinger-carbon-fibre-front-lip-v2-2018,,,,,,,,,,,,,,,,,,,,,,,,https://autoid.co/cdn/shop/files/kia-stinger-carbon-fibre-front-lip-v2-by-adro-2018-adro-439460.webp?v=1726655705&width=1600,6,Adro KIA STINGER CARBON FIBRE FRONT LIP V2 (2018+),,,,,,,,,,,,,,,,,,,,,,,,
adro-kia-stinger-carbon-fibre-front-lip-v2-2018,,,,,,,,,,,,,,,,,,,,,,,,https://autoid.co/cdn/shop/files/kia-stinger-carbon-fibre-front-lip-v2-by-adro-2018-adro-435345.webp?v=1726655705&width=1600,7,Adro KIA STINGER CARBON FIBRE FRONT LIP V2 (2018+),,,,,,,,,,,,,,,,,,,,,,,,
adro-a14a80-1301-bmw-4-series-m440i-g22-carbon-fibre-rear-winglets-2020,Adro A14A80-1301 BMW 4 Series & M440I G22 Carbon Fibre Rear Winglets (2020+),"<h4><strong>Description</strong></h4><p>ADRO Carbon Fibre Rear Winglets for the 4 Series & M440i G22 model. As official ADRO distributors, we offer the full carbon body kit for the M440i including a front splitter, rear diffuser, side skirts and a rear winglets.</p><p><span>This carbon fibre is composed of a 2x2 weave, typical of most OEM carbon fibre pieces and comparable to Genuine M Performance parts.</span></p><p>&nbsp;</p><h4>What's Included</h4><ul><li>2 x Adro Carbon Fibre (2x2 weave) Rear Winglets (Left & Right Side)</li><li>Installation Hardware<br></li></ul><p>&nbsp;</p><h4>Compatibility</h4><p>Feel free to contact us at info@mlperformance.co.uk should you wish to double check!</p><p>&nbsp;</p><h4>Compatibility Check</h4><p>To ensure the part(s) you have ordered fits your vehicle, we run a compatibility check prior to dispatch. We can do this either using your registration number (UK) or the last 7 digits of your VIN. Simply enter your car details prior to checkout.</p><p>&nbsp;</p><h4>Part Number</h4><p>ADRO-A14A80-1301</p><p>&nbsp;</p><h4>More Information</h4><p><strong>Manufactured by</strong></p><p>Adro</p>",Adro,,Exterior,"Uploaded by_Muazzim, MLP Discount 2025, Brand_Adro, 2025_New Products, Product Type_Exterior, Category_Winglets",TRUE,Title,Default Title,,,,,ADRO-A14A80-1301,15000,shopify,continue,manual,699,699,TRUE,TRUE,A14A80-1301,https://autoid.co/cdn/shop/files/bmw-4-series-m440i-g22-carbon-fibre-rear-winglets-by-adro-2020-adro-788280.webp?v=1727005942&width=1200,1,Adro A14A80-1301 BMW 4 SERIES & M440I G22 CARBON FIBRE REAR WINGLETS (2020+),,Adro A14A80-1301 BMW 4 SERIES & M440I G22 CARBON FIBRE REAR WINGLETS (2020+),Get Adro A14A80-1301 BMW 4 SERIES & M440I G22 CARBON FIBRE REAR WINGLETS (2020+) for your car to get your desired looks and performance from ML Performance at the lowest price with FREE UK shipping & next day delivery on in stock items. Very cheap prices & good service.,,,,A14A80-1301,,,new,,,,,,,,kg,8708949900,,,,,draft
adro-a14a80-1301-bmw-4-series-m440i-g22-carbon-fibre-rear-winglets-2020,,,,,,,,,,,,,,,,,,,,,,,,https://autoid.co/cdn/shop/files/bmw-4-series-m440i-g22-carbon-fibre-rear-winglets-by-adro-2020-adro-226796.webp?v=1727005942&width=1200,2,Adro A14A80-1301 BMW 4 SERIES & M440I G22 CARBON FIBRE REAR WINGLETS (2020+),,,,,,,,,,,,,,,,,,,,,,,,
adro-a14a80-1301-bmw-4-series-m440i-g22-carbon-fibre-rear-winglets-2020,,,,,,,,,,,,,,,,,,,,,,,,https://autoid.co/cdn/shop/files/bmw-4-series-m440i-g22-carbon-fibre-rear-winglets-by-adro-2020-adro-349127.webp?v=1727005942&width=1200,3,Adro A14A80-1301 BMW 4 SERIES & M440I G22 CARBON FIBRE REAR WINGLETS (2020+),,,,,,,,,,,,,,,,,,,,,,,,
adro-a14a80-1301-bmw-4-series-m440i-g22-carbon-fibre-rear-winglets-2020,,,,,,,,,,,,,,,,,,,,,,,,https://autoid.co/cdn/shop/files/bmw-4-series-m440i-g22-carbon-fibre-rear-winglets-by-adro-2020-adro-283444.jpg?v=1727005942&width=1200,4,Adro A14A80-1301 BMW 4 SERIES & M440I G22 CARBON FIBRE REAR WINGLETS (2020+),,,,,,,,,,,,,,,,,,,,,,,,
adro-a14a80-1301-bmw-4-series-m440i-g22-carbon-fibre-rear-winglets-2020,,,,,,,,,,,,,,,,,,,,,,,,https://autoid.co/cdn/shop/files/bmw-4-series-m440i-g22-carbon-fibre-rear-winglets-by-adro-2020-adro-360368.webp?v=1727005942&width=1200,5,Adro A14A80-1301 BMW 4 SERIES & M440I G22 CARBON FIBRE REAR WINGLETS (2020+),,,,,,,,,,,,,,,,,,,,,,,,
adro-a15a10-1502-tesla-model-3-carbon-fibre-v2-rear-spoiler-2017,Adro A15A10-1502 Tesla Model 3 Carbon Fibre V2 Rear Spoiler (2017+),"<h4><strong>Description</strong></h4><p>ADRO Carbon Fibre Rear Spoiler for the Tesla Model 3. As official ADRO distributors, we offer the full pre-preg carbon body kit for the Tesla Model 3 including this front splitter, rear diffuser, side skirts and a rear diffuser.</p><p>&nbsp;</p><h4>What's Included</h4><ul><li>1 x Adro Carbon Fibre (wet, 2x2 weave) Rear Spoiler</li><li>Installation Hardware<br></li></ul><p>&nbsp;</p><h4>Compatibility</h4><p>Feel free to contact us at info@mlperformance.co.uk should you wish to double check!</p><p>&nbsp;</p><h4>Compatibility Check</h4><p>To ensure the part(s) you have ordered fits your vehicle, we run a compatibility check prior to dispatch. We can do this either using your registration number (UK) or the last 7 digits of your VIN. Simply enter your car details prior to checkout.</p><p>&nbsp;</p><h4>Part Number</h4><p>ADRO-A15A10-1502</p><p>&nbsp;</p><h4>More Information</h4><p><strong>Manufactured by</strong></p><p>Adro</p>",Adro,,Exterior,"Uploaded by_Muazzim, MLP Discount 2025, Brand_Adro, 2025_New Products, Product Type_Exterior, Category_Spoilers",TRUE,Title,Default Title,,,,,ADRO-A15A10-1502,25000,shopify,continue,manual,699,699,TRUE,TRUE,A15A10-1502,https://autoid.co/cdn/shop/files/tesla-model-3-carbon-fibre-v2-rear-spoiler-by-adro-2017-adro-986179.jpg?v=1726655869&width=2048,1,Adro A15A10-1502 TESLA MODEL 3 CARBON FIBRE V2 REAR SPOILER (2017+),,Adro A15A10-1502 TESLA MODEL 3 CARBON FIBRE V2 REAR SPOILER (2017+),Get Adro A15A10-1502 TESLA MODEL 3 CARBON FIBRE V2 REAR SPOILER (2017+) for your car to get your desired looks and performance from ML Performance at the lowest price with FREE UK shipping & next day delivery on in stock items. Very cheap prices & good service.,,,,A15A10-1502,,,new,,,,,,,,kg,8708949900,,,,,draft
adro-a15a10-1502-tesla-model-3-carbon-fibre-v2-rear-spoiler-2017,,,,,,,,,,,,,,,,,,,,,,,,https://autoid.co/cdn/shop/files/tesla-model-3-carbon-fibre-v2-rear-spoiler-by-adro-2017-adro-401765.webp?v=1726655869&width=700,2,Adro A15A10-1502 TESLA MODEL 3 CARBON FIBRE V2 REAR SPOILER (2017+),,,,,,,,,,,,,,,,,,,,,,,,
adro-a15a10-1502-tesla-model-3-carbon-fibre-v2-rear-spoiler-2017,,,,,,,,,,,,,,,,,,,,,,,,https://autoid.co/cdn/shop/files/tesla-model-3-carbon-fibre-v2-rear-spoiler-by-adro-2017-adro-137133.webp?v=1726655869&width=700,3,Adro A15A10-1502 TESLA MODEL 3 CARBON FIBRE V2 REAR SPOILER (2017+),,,,,,,,,,,,,,,,,,,,,,,,
adro-a15a10-1502-tesla-model-3-carbon-fibre-v2-rear-spoiler-2017,,,,,,,,,,,,,,,,,,,,,,,,https://autoid.co/cdn/shop/files/tesla-model-3-carbon-fibre-v2-rear-spoiler-by-adro-2017-adro-229624.webp?v=1726655869&width=700,4,Adro A15A10-1502 TESLA MODEL 3 CARBON FIBRE V2 REAR SPOILER (2017+),,,,,,,,,,,,,,,,,,,,,,,,
adro-a15a10-1502-tesla-model-3-carbon-fibre-v2-rear-spoiler-2017,,,,,,,,,,,,,,,,,,,,,,,,https://autoid.co/cdn/shop/files/tesla-model-3-carbon-fibre-v2-rear-spoiler-by-adro-2017-adro-303583.webp?v=1726655869&width=700,5,Adro A15A10-1502 TESLA MODEL 3 CARBON FIBRE V2 REAR SPOILER (2017+),,,,,,,,,,,,,,,,,,,,,,,,
adro-a15a10-1502-tesla-model-3-carbon-fibre-v2-rear-spoiler-2017,,,,,,,,,,,,,,,,,,,,,,,,https://autoid.co/cdn/shop/files/tesla-model-3-carbon-fibre-v2-rear-spoiler-by-adro-2017-adro-670911.webp?v=1726655869&width=700,6,Adro A15A10-1502 TESLA MODEL 3 CARBON FIBRE V2 REAR SPOILER (2017+),,,,,,,,,,,,,,,,,,,,,,,,
adro-a15a10-1502-tesla-model-3-carbon-fibre-v2-rear-spoiler-2017,,,,,,,,,,,,,,,,,,,,,,,,https://autoid.co/cdn/shop/files/tesla-model-3-carbon-fibre-v2-rear-spoiler-by-adro-2017-adro-516660.jpg?v=1726655869&width=2048,7,Adro A15A10-1502 TESLA MODEL 3 CARBON FIBRE V2 REAR SPOILER (2017+),,,,,,,,,,,,,,,,,,,,,,,,
adro-a15a10-1502-tesla-model-3-carbon-fibre-v2-rear-spoiler-2017,,,,,,,,,,,,,,,,,,,,,,,,https://autoid.co/cdn/shop/files/tesla-model-3-carbon-fibre-v2-rear-spoiler-by-adro-2017-adro-363148.jpg?v=1726655869&width=2048,8,Adro A15A10-1502 TESLA MODEL 3 CARBON FIBRE V2 REAR SPOILER (2017+),,,,,,,,,,,,,,,,,,,,,,,,
adro-a15a10-1502-tesla-model-3-carbon-fibre-v2-rear-spoiler-2017,,,,,,,,,,,,,,,,,,,,,,,,https://autoid.co/cdn/shop/files/tesla-model-3-carbon-fibre-v2-rear-spoiler-by-adro-2017-adro-209937.jpg?v=1726655869&width=2048,9,Adro A15A10-1502 TESLA MODEL 3 CARBON FIBRE V2 REAR SPOILER (2017+),,,,,,,,,,,,,,,,,,,,,,,,
adro-a14a70-1301-bmw-3-series-m340i-g20-lci-carbon-fibre-rear-winglets-2022,Adro A14A70-1301 BMW 3 Series M340I G20 Lci Carbon Fibre Rear Winglets (2022+),"<h4><strong>Description</strong></h4><p>ADRO Carbon Fibre Rear Winglets for the M340i G20 LCI model.</p><p>This carbon fibre is composed of a 2x2 weave, typical of most OEM carbon fibre pieces and comparable to Genuine M Performance parts.</p><p>&nbsp;</p><h4>What's Included</h4><ul><li>2 x Adro Carbon Fibre (2x2 weave) Rear Winglets</li><li>Installation Hardware<br></li></ul><p>&nbsp;</p><h4>Compatibility</h4><p>Feel free to contact us at info@mlperformance.co.uk should you wish to double check!</p><p>&nbsp;</p><h4>Compatibility Check</h4><p>To ensure the part(s) you have ordered fits your vehicle, we run a compatibility check prior to dispatch. We can do this either using your registration number (UK) or the last 7 digits of your VIN. Simply enter your car details prior to checkout.</p><p>&nbsp;</p><h4>Part Number</h4><p>ADRO-A14A70-1301</p><p>&nbsp;</p><h4>More Information</h4><p><strong>Manufactured by</strong></p><p>Adro</p>",Adro,,Exterior,"Uploaded by_Muazzim, MLP Discount 2025, Brand_Adro, 2025_New Products, Product Type_Exterior, Category_Winglets",TRUE,Title,Default Title,,,,,ADRO-A14A70-1301,15000,shopify,continue,manual,599,599,TRUE,TRUE,A14A70-1301,https://autoid.co/cdn/shop/files/bmw-3-series-m340i-g20-lci-carbon-fibre-rear-winglets-by-adro-2022-adro-409954.webp?v=1726654872&width=800,1,Adro A14A70-1301 BMW 3 SERIES M340I G20 LCI CARBON FIBRE REAR WINGLETS (2022+),,Adro A14A70-1301 BMW 3 SERIES M340I G20 LCI CARBON FIBRE REAR WINGLETS (2022+),Get Adro A14A70-1301 BMW 3 SERIES M340I G20 LCI CARBON FIBRE REAR WINGLETS (2022+) for your car to get your desired looks and performance from ML Performance at the lowest price with FREE UK shipping & next day delivery on in stock items. Very cheap prices & good service.,,,,A14A70-1301,,,new,,,,,,,,kg,8708949900,,,,,draft
adro-a14a70-1301-bmw-3-series-m340i-g20-lci-carbon-fibre-rear-winglets-2022,,,,,,,,,,,,,,,,,,,,,,,,https://autoid.co/cdn/shop/files/bmw-3-series-m340i-g20-lci-carbon-fibre-rear-winglets-by-adro-2022-adro-859409.webp?v=1726654872&width=800,2,Adro A14A70-1301 BMW 3 SERIES M340I G20 LCI CARBON FIBRE REAR WINGLETS (2022+),,,,,,,,,,,,,,,,,,,,,,,,
adro-a14a70-1301-bmw-3-series-m340i-g20-lci-carbon-fibre-rear-winglets-2022,,,,,,,,,,,,,,,,,,,,,,,,https://autoid.co/cdn/shop/files/bmw-3-series-m340i-g20-lci-carbon-fibre-rear-winglets-by-adro-2022-adro-696296.jpg?v=1726654872&width=2000,3,Adro A14A70-1301 BMW 3 SERIES M340I G20 LCI CARBON FIBRE REAR WINGLETS (2022+),,,,,,,,,,,,,,,,,,,,,,,,
adro-a14a70-1301-bmw-3-series-m340i-g20-lci-carbon-fibre-rear-winglets-2022,,,,,,,,,,,,,,,,,,,,,,,,https://autoid.co/cdn/shop/files/bmw-3-series-m340i-g20-lci-carbon-fibre-rear-winglets-by-adro-2022-adro-566490.jpg?v=1726654872&width=2000,4,Adro A14A70-1301 BMW 3 SERIES M340I G20 LCI CARBON FIBRE REAR WINGLETS (2022+),,,,,,,,,,,,,,,,,,,,,,,,
adro-a14a70-1301-bmw-3-series-m340i-g20-lci-carbon-fibre-rear-winglets-2022,,,,,,,,,,,,,,,,,,,,,,,,https://autoid.co/cdn/shop/files/bmw-3-series-m340i-g20-lci-carbon-fibre-rear-winglets-by-adro-2022-adro-742915.jpg?v=1726654872&width=2000,5,Adro A14A70-1301 BMW 3 SERIES M340I G20 LCI CARBON FIBRE REAR WINGLETS (2022+),,,,,,,,,,,,,,,,,,,,,,,,
adro-a14a70-1301-bmw-3-series-m340i-g20-lci-carbon-fibre-rear-winglets-2022,,,,,,,,,,,,,,,,,,,,,,,,https://autoid.co/cdn/shop/files/bmw-3-series-m340i-g20-lci-carbon-fibre-rear-winglets-by-adro-2022-adro-140776.jpg?v=1726654872&width=2000,6,Adro A14A70-1301 BMW 3 SERIES M340I G20 LCI CARBON FIBRE REAR WINGLETS (2022+),,,,,,,,,,,,,,,,,,,,,,,,
adro-a14a70-1301-bmw-3-series-m340i-g20-lci-carbon-fibre-rear-winglets-2022,,,,,,,,,,,,,,,,,,,,,,,,https://autoid.co/cdn/shop/files/bmw-3-series-m340i-g20-lci-carbon-fibre-rear-winglets-by-adro-2022-adro-897361.jpg?v=1726654872&width=2000,7,Adro A14A70-1301 BMW 3 SERIES M340I G20 LCI CARBON FIBRE REAR WINGLETS (2022+),,,,,,,,,,,,,,,,,,,,,,,,
adro-a14a70-1301-bmw-3-series-m340i-g20-lci-carbon-fibre-rear-winglets-2022,,,,,,,,,,,,,,,,,,,,,,,,https://autoid.co/cdn/shop/files/bmw-3-series-m340i-g20-lci-carbon-fibre-rear-winglets-by-adro-2022-adro-487102.jpg?v=1726654872&width=2000,8,Adro A14A70-1301 BMW 3 SERIES M340I G20 LCI CARBON FIBRE REAR WINGLETS (2022+),,,,,,,,,,,,,,,,,,,,,,,,
adro-a18a20-1301-toyota-gr-supra-a90-mk5-carbon-fibre-rear-winglets-2019,Adro A18A20-1301 Toyota GR Supra A90 MK5 Carbon Fibre Rear Winglets (2019+),"<h4><strong>Description</strong></h4><p>Toyota Supra A90 Mk5 Rear Winglets by Adro. </p><p>&nbsp;</p><h4>What's Included</h4><ul><li>2 x Adro Carbon Fibre (wet, 2x2 weave) Rear Winglets (Left & Right Side)</li><li>Installation Hardware<br></li></ul><p>&nbsp;</p><h4>Compatibility</h4><p>Feel free to contact us at info@mlperformance.co.uk should you wish to double check!</p><p>&nbsp;</p><h4>Compatibility Check</h4><p>To ensure the part(s) you have ordered fits your vehicle, we run a compatibility check prior to dispatch. We can do this either using your registration number (UK) or the last 7 digits of your VIN. Simply enter your car details prior to checkout.</p><p>&nbsp;</p><h4>Part Number</h4><p>ADRO-A18A20-1301</p><p>&nbsp;</p><h4>More Information</h4><p><strong>Manufactured by</strong></p><p>Adro</p>",Adro,,Exterior,"Uploaded by_Muazzim, MLP Discount 2025, Brand_Adro, 2025_New Products, Product Type_Exterior, Category_Winglets",TRUE,Title,Default Title,,,,,ADRO-A18A20-1301,15000,shopify,continue,manual,579,579,TRUE,TRUE,A18A20-1301,https://autoid.co/cdn/shop/files/toyota-gr-supra-a90-mk5-carbon-fibre-rear-winglets-by-adro-2019-adro-296490.webp?v=1726655984&width=800,1,Adro A18A20-1301 TOYOTA GR SUPRA A90 MK5 CARBON FIBRE REAR WINGLETS (2019+),,Adro A18A20-1301 TOYOTA GR SUPRA A90 MK5 CARBON FIBRE REAR WINGLETS (2019+),Get Adro A18A20-1301 TOYOTA GR SUPRA A90 MK5 CARBON FIBRE REAR WINGLETS (2019+) for your car to get your desired looks and performance from ML Performance at the lowest price with FREE UK shipping & next day delivery on in stock items. Very cheap prices & good service.,,,,A18A20-1301,,,new,,,,,,,,kg,8708949900,,,,,draft
adro-a18a20-1301-toyota-gr-supra-a90-mk5-carbon-fibre-rear-winglets-2019,,,,,,,,,,,,,,,,,,,,,,,,https://autoid.co/cdn/shop/files/toyota-gr-supra-a90-mk5-carbon-fibre-rear-winglets-by-adro-2019-adro-251992.webp?v=1726655984&width=800,2,Adro A18A20-1301 TOYOTA GR SUPRA A90 MK5 CARBON FIBRE REAR WINGLETS (2019+),,,,,,,,,,,,,,,,,,,,,,,,
adro-a18a20-1301-toyota-gr-supra-a90-mk5-carbon-fibre-rear-winglets-2019,,,,,,,,,,,,,,,,,,,,,,,,https://autoid.co/cdn/shop/files/toyota-gr-supra-a90-mk5-carbon-fibre-rear-winglets-by-adro-2019-adro-415357.webp?v=1726655984&width=800,3,Adro A18A20-1301 TOYOTA GR SUPRA A90 MK5 CARBON FIBRE REAR WINGLETS (2019+),,,,,,,,,,,,,,,,,,,,,,,,
adro-a18a20-1301-toyota-gr-supra-a90-mk5-carbon-fibre-rear-winglets-2019,,,,,,,,,,,,,,,,,,,,,,,,https://autoid.co/cdn/shop/files/toyota-gr-supra-a90-mk5-carbon-fibre-rear-winglets-by-adro-2019-adro-353529.webp?v=1726655984&width=800,4,Adro A18A20-1301 TOYOTA GR SUPRA A90 MK5 CARBON FIBRE REAR WINGLETS (2019+),,,,,,,,,,,,,,,,,,,,,,,,
adro-a18a20-1301-toyota-gr-supra-a90-mk5-carbon-fibre-rear-winglets-2019,,,,,,,,,,,,,,,,,,,,,,,,https://autoid.co/cdn/shop/files/toyota-gr-supra-a90-mk5-carbon-fibre-rear-winglets-by-adro-2019-adro-342010.webp?v=1726655984&width=800,5,Adro A18A20-1301 TOYOTA GR SUPRA A90 MK5 CARBON FIBRE REAR WINGLETS (2019+),,,,,,,,,,,,,,,,,,,,,,,,
adro-a18a20-1301-toyota-gr-supra-a90-mk5-carbon-fibre-rear-winglets-2019,,,,,,,,,,,,,,,,,,,,,,,,https://autoid.co/cdn/shop/files/toyota-gr-supra-a90-mk5-carbon-fibre-rear-winglets-by-adro-2019-adro-431879.webp?v=1726655984&width=800,6,Adro A18A20-1301 TOYOTA GR SUPRA A90 MK5 CARBON FIBRE REAR WINGLETS (2019+),,,,,,,,,,,,,,,,,,,,,,,,
adro-a18a20-1301-toyota-gr-supra-a90-mk5-carbon-fibre-rear-winglets-2019,,,,,,,,,,,,,,,,,,,,,,,,https://autoid.co/cdn/shop/files/toyota-gr-supra-a90-mk5-carbon-fibre-rear-winglets-by-adro-2019-adro-446923.webp?v=1726655984&width=800,7,Adro A18A20-1301 TOYOTA GR SUPRA A90 MK5 CARBON FIBRE REAR WINGLETS (2019+),,,,,,,,,,,,,,,,,,,,,,,,
adro-a14a10-1901-bmw-m4-f82-f83-pre-preg-carbon-fibre-side-fender-trim-cover-2014-2020,Adro A14A10-1901 BMW M4 F82 F83 Pre-Preg Carbon Fibre Side Fender Trim Cover (2014-2020),"<h4><strong>Description</strong></h4><p>The BMW M4 F82 Fender Trim Cover is hand-crafted from premium carbon fiber and designed to accentuate the vents on your BMW. This durable fender trim cover offers an exquisite look while providing protection to the underlying fender.</p><p><span>Design in California.</span></p><p><meta><span>You can view the installation manual </span><span></span><a>here</a></p><p>&nbsp;</p><h4>What's Included</h4><ul><li>2 x Adro Carbon Fibre (pre-preg, 2x2 weave) Side Fender Trim Covers</li><li>Installation Hardware<br></li></ul><p>&nbsp;</p><h4>Compatibility</h4><p>Feel free to contact us at info@mlperformance.co.uk should you wish to double check!</p><p>&nbsp;</p><h4>Compatibility Check</h4><p>To ensure the part(s) you have ordered fits your vehicle, we run a compatibility check prior to dispatch. We can do this either using your registration number (UK) or the last 7 digits of your VIN. Simply enter your car details prior to checkout.</p><p>&nbsp;</p><h4>Part Number</h4><p>ADRO-A14A10-1901</p><p>&nbsp;</p><h4>More Information</h4><p><strong>Manufactured by</strong></p><p>Adro</p>",Adro,,Exterior,"Uploaded by_Muazzim, MLP Discount 2025, Brand_Adro, 2025_New Products, Product Type_Exterior",TRUE,Title,Default Title,,,,,ADRO-A14A10-1901,5000,shopify,continue,manual,549,549,TRUE,TRUE,A14A10-1901,https://autoid.co/cdn/shop/files/bmw-m4-f82-f83-pre-preg-carbon-fibre-side-fender-trim-cover-by-adro-2014-2020-adro-416062.webp?v=1726655351&width=1600,1,Adro A14A10-1901 BMW M4 F82 F83 PRE-PREG CARBON FIBRE SIDE FENDER TRIM COVER (2014-2020),,Adro A14A10-1901 BMW M4 F82 F83 PRE-PREG CARBON FIBRE SIDE FENDER TRIM COVER (2014-2020),Get Adro A14A10-1901 BMW M4 F82 F83 PRE-PREG CARBON FIBRE SIDE FENDER TRIM COVER (2014-2020) for your car to get your desired looks and performance from ML Performance at the lowest price with FREE UK shipping & next day delivery on in stock items. Very cheap prices & good service.,,,,A14A10-1901,,,new,,,,,,,,kg,8708949900,,,,,draft
adro-a14a10-1901-bmw-m4-f82-f83-pre-preg-carbon-fibre-side-fender-trim-cover-2014-2020,,,,,,,,,,,,,,,,,,,,,,,,https://autoid.co/cdn/shop/files/bmw-m4-f82-f83-pre-preg-carbon-fibre-side-fender-trim-cover-by-adro-2014-2020-adro-326638.webp?v=1726655351&width=1400,2,Adro A14A10-1901 BMW M4 F82 F83 PRE-PREG CARBON FIBRE SIDE FENDER TRIM COVER (2014-2020),,,,,,,,,,,,,,,,,,,,,,,,
adro-a14a10-1901-bmw-m4-f82-f83-pre-preg-carbon-fibre-side-fender-trim-cover-2014-2020,,,,,,,,,,,,,,,,,,,,,,,,https://autoid.co/cdn/shop/files/bmw-m4-f82-f83-pre-preg-carbon-fibre-side-fender-trim-cover-by-adro-2014-2020-adro-570350.webp?v=1726655351&width=1400,3,Adro A14A10-1901 BMW M4 F82 F83 PRE-PREG CARBON FIBRE SIDE FENDER TRIM COVER (2014-2020),,,,,,,,,,,,,,,,,,,,,,,,
adro-a14a10-1901-bmw-m4-f82-f83-pre-preg-carbon-fibre-side-fender-trim-cover-2014-2020,,,,,,,,,,,,,,,,,,,,,,,,https://autoid.co/cdn/shop/files/bmw-m4-f82-f83-pre-preg-carbon-fibre-side-fender-trim-cover-by-adro-2014-2020-adro-779828.webp?v=1726655351&width=1400,4,Adro A14A10-1901 BMW M4 F82 F83 PRE-PREG CARBON FIBRE SIDE FENDER TRIM COVER (2014-2020),,,,,,,,,,,,,,,,,,,,,,,,
adro-a14a10-1601-bmw-m3-f80-m4-f82-pre-preg-carbon-fibre-front-bumper-canards-2014-2020,Adro A14A10-1601 BMW M3 F80 & M4 F82 Pre-Preg Carbon Fibre Front Bumper Canards (2014-2020),"<h4><strong>Description</strong></h4><p><meta><span>Get an edge at the racetrack or just add some more style to your BMW. The ADRO carbon fiber canards will be an easy to install modification for any M car. For the most part, canards are universal, but ADRO specifically designed these to fit the styling of both the BMW F80 M3 and F82 M4. These canards are subtle, made from the highest-quality handcrafted carbon fiber, and are proven to increase downforce for better cornering performance. This is one of the easiest ways to get both a cosmetic and a performance benefit in one product that doesn't require a ton of installation time. Get ready to dominate the street and the track with these carbon fiber front bumper canards for the BMW M3 and M4.</span></p><p><meta><span>You can view the installation manual </span><span></span><a>here</a></p><p>&nbsp;</p><h4>What's Included</h4><ul><li>2 x Adro Carbon Fibre (pre-preg, 2x2 weave) Front Cards (Left & Right Side)</li><li>Installation Hardware<br></li></ul><p>&nbsp;</p><h4>Compatibility</h4><p>Feel free to contact us at info@mlperformance.co.uk should you wish to double check!</p><p>&nbsp;</p><h4>Compatibility Check</h4><p>To ensure the part(s) you have ordered fits your vehicle, we run a compatibility check prior to dispatch. We can do this either using your registration number (UK) or the last 7 digits of your VIN. Simply enter your car details prior to checkout.</p><p>&nbsp;</p><h4>Part Number</h4><p>ADRO-A14A10-1601</p><p>&nbsp;</p><h4>More Information</h4><p><strong>Manufactured by</strong></p><p>Adro</p>",Adro,,Exterior,"Uploaded by_Muazzim, MLP Discount 2025, Brand_Adro, 2025_New Products, Product Type_Exterior",TRUE,Title,Default Title,,,,,ADRO-A14A10-1601,10000,shopify,continue,manual,449,449,TRUE,TRUE,A14A10-1601,https://autoid.co/cdn/shop/files/bmw-m3-f80-m4-f82-pre-preg-carbon-fibre-front-bumper-canards-by-adro-2014-2020-adro-298113.webp?v=1726655213&width=1600,1,Adro A14A10-1601 BMW M3 F80 & M4 F82 PRE-PREG CARBON FIBRE FRONT BUMPER CANARDS (2014-2020),,Adro A14A10-1601 BMW M3 F80 & M4 F82 PRE-PREG CARBON FIBRE FRONT BUMPER CANARDS (2014-2020),Get Adro A14A10-1601 BMW M3 F80 & M4 F82 PRE-PREG CARBON FIBRE FRONT BUMPER CANARDS (2014-2020) for your car to get your desired looks and performance from ML Performance at the lowest price with FREE UK shipping & next day delivery on in stock items. Very cheap prices & good service.,,,,A14A10-1601,,,new,,,,,,,,kg,8708949900,,,,,draft
adro-a14a10-1601-bmw-m3-f80-m4-f82-pre-preg-carbon-fibre-front-bumper-canards-2014-2020,,,,,,,,,,,,,,,,,,,,,,,,https://autoid.co/cdn/shop/files/bmw-m3-f80-m4-f82-pre-preg-carbon-fibre-front-bumper-canards-by-adro-2014-2020-adro-824960.webp?v=1726655213&width=1400,2,Adro A14A10-1601 BMW M3 F80 & M4 F82 PRE-PREG CARBON FIBRE FRONT BUMPER CANARDS (2014-2020),,,,,,,,,,,,,,,,,,,,,,,,
adro-a14a10-1601-bmw-m3-f80-m4-f82-pre-preg-carbon-fibre-front-bumper-canards-2014-2020,,,,,,,,,,,,,,,,,,,,,,,,https://autoid.co/cdn/shop/files/bmw-m3-f80-m4-f82-pre-preg-carbon-fibre-front-bumper-canards-by-adro-2014-2020-adro-381892.webp?v=1726655213&width=1400,3,Adro A14A10-1601 BMW M3 F80 & M4 F82 PRE-PREG CARBON FIBRE FRONT BUMPER CANARDS (2014-2020),,,,,,,,,,,,,,,,,,,,,,,,
adro-a14a10-1601-bmw-m3-f80-m4-f82-pre-preg-carbon-fibre-front-bumper-canards-2014-2020,,,,,,,,,,,,,,,,,,,,,,,,https://autoid.co/cdn/shop/files/bmw-m3-f80-m4-f82-pre-preg-carbon-fibre-front-bumper-canards-by-adro-2014-2020-adro-144135.webp?v=1726655213&width=1600,4,Adro A14A10-1601 BMW M3 F80 & M4 F82 PRE-PREG CARBON FIBRE FRONT BUMPER CANARDS (2014-2020),,,,,,,,,,,,,,,,,,,,,,,,
adro-a14a10-1601-bmw-m3-f80-m4-f82-pre-preg-carbon-fibre-front-bumper-canards-2014-2020,,,,,,,,,,,,,,,,,,,,,,,,https://autoid.co/cdn/shop/files/bmw-m3-f80-m4-f82-pre-preg-carbon-fibre-front-bumper-canards-by-adro-2014-2020-adro-891967.webp?v=1726655213&width=1600,5,Adro A14A10-1601 BMW M3 F80 & M4 F82 PRE-PREG CARBON FIBRE FRONT BUMPER CANARDS (2014-2020),,,,,,,,,,,,,,,,,,,,,,,,
adro-a14a10-1601-bmw-m3-f80-m4-f82-pre-preg-carbon-fibre-front-bumper-canards-2014-2020,,,,,,,,,,,,,,,,,,,,,,,,https://autoid.co/cdn/shop/files/bmw-m3-f80-m4-f82-pre-preg-carbon-fibre-front-bumper-canards-by-adro-2014-2020-adro-849730.webp?v=1726655213&width=1400,6,Adro A14A10-1601 BMW M3 F80 & M4 F82 PRE-PREG CARBON FIBRE FRONT BUMPER CANARDS (2014-2020),,,,,,,,,,,,,,,,,,,,,,,,
adro-a15a11-1201-tesla-model-3-highland-carbon-fiber-front-lip,Adro A15A11-1201 Tesla Model 3 Highland Carbon Fiber Front Lip,"<h4><strong>Description</strong></h4><p>Crafted specifically for the Tesla Model 3 Highland, the ADRO Carbon Fiber Front Lip redefines the look of your EV with a sharper, more aggressive stance and a functional aerodynamic profile. Built from high-quality carbon fiber, it delivers the perfect balance of strength, lightweight performance, and a deep, uniform weave that enhances the vehicle's presence.</p><p>Engineered using precise 3D scans of the Model 3 Highland, and optimized using CFD, the lip integrates seamlessly with the factory bumper, lowering the visual profile while subtly improving airflow and stability at speed. The clean, sculpted lines amplify the car's minimalist design with a motorsport-inspired edge.</p><p>Whether you're refining the aesthetics or chasing performance gains, the ADRO Carbon Fiber Front Lip brings premium materials, track-proven aero, and a show-quality finish to your daily drive.</p><b><b>Key Features</b><b></b></b><ul><li><span><b>Carbon Fiber Construction:</b></span><span></span>Premium carbon fiber offers high strength, low weight, and a consistent visual finish.</li><li><span><b>OEM-Level Fitment:</b></span><span></span>Designed for a seamless installation without modification.</li><li><span><b>CFD-Tested Design:</b></span><span></span>Developed with Computational Fluid Dynamics (CFD) to improve aerodynamic efficiency and front-end downforce.</li><li><span><b>Aggressive Styling:</b></span><span></span>Enhances the front end with sharper lines and a performance-driven aesthetic.</li></ul><p>&nbsp;</p><h4>Compatibility</h4><p>Feel free to contact us at info@mlperformance.co.uk should you wish to double check!</p><p>&nbsp;</p><h4>Compatibility Check</h4><p>To ensure the part(s) you have ordered fits your vehicle, we run a compatibility check prior to dispatch. We can do this either using your registration number (UK) or the last 7 digits of your VIN. Simply enter your car details prior to checkout.</p><p>&nbsp;</p><h4>Part Number</h4><p>ADRO-A15A11-1201</p><p>&nbsp;</p><h4>More Information</h4><p><strong>Manufactured by</strong></p><p>Adro</p>",Adro,,Exterior,"Uploaded by_Muazzim, MLP Discount 2025, Brand_Adro, 2025_New Products, Product Type_Exterior, Category_Front Splitters",TRUE,Title,Default Title,,,,,ADRO-A15A11-1201,40000,shopify,continue,manual,1039,1039,TRUE,TRUE,A15A11-1201,https://autoid.co/cdn/shop/files/tesla-model-3-highland-carbon-fiber-front-lip-by-adro-adro-front-lips-splitters-8084741.webp?v=1753792673&width=1200,1,Adro A15A11-1201 TESLA MODEL 3 HIGHLAND CARBON FIBER FRONT LIP,,Adro A15A11-1201 TESLA MODEL 3 HIGHLAND CARBON FIBER FRONT LIP,Get Adro A15A11-1201 TESLA MODEL 3 HIGHLAND CARBON FIBER FRONT LIP for your car to get your desired looks and performance from ML Performance at the lowest price with FREE UK shipping & next day delivery on in stock items. Very cheap prices & good service.,,,,A15A11-1201,,,new,,,,,,,,kg,8708949900,,,,,draft
adro-a15a11-1201-tesla-model-3-highland-carbon-fiber-front-lip,,,,,,,,,,,,,,,,,,,,,,,,https://autoid.co/cdn/shop/files/tesla-model-3-highland-carbon-fiber-front-lip-by-adro-adro-front-lips-splitters-9127910.webp?v=1753792674&width=1200,2,Adro A15A11-1201 TESLA MODEL 3 HIGHLAND CARBON FIBER FRONT LIP,,,,,,,,,,,,,,,,,,,,,,,,
adro-a15a11-1201-tesla-model-3-highland-carbon-fiber-front-lip,,,,,,,,,,,,,,,,,,,,,,,,https://autoid.co/cdn/shop/files/tesla-model-3-highland-carbon-fiber-front-lip-by-adro-adro-front-lips-splitters-6193500.webp?v=1753792675&width=1200,3,Adro A15A11-1201 TESLA MODEL 3 HIGHLAND CARBON FIBER FRONT LIP,,,,,,,,,,,,,,,,,,,,,,,,
adro-a15a11-1201-tesla-model-3-highland-carbon-fiber-front-lip,,,,,,,,,,,,,,,,,,,,,,,,https://autoid.co/cdn/shop/files/tesla-model-3-highland-carbon-fiber-front-lip-by-adro-adro-front-lips-splitters-2322851.webp?v=1753792675&width=1200,4,Adro A15A11-1201 TESLA MODEL 3 HIGHLAND CARBON FIBER FRONT LIP,,,,,,,,,,,,,,,,,,,,,,,,
adro-a15a11-1401-tesla-model-3-highland-carbon-fiber-side-skirt,Adro A15A11-1401 Tesla Model 3 Highland Carbon Fiber Side Skirt,"<h4><strong>Description</strong></h4><p>Designed to complement the factory body lines of the Tesla Model 3 Highland, the ADRO Carbon Fiber Side Skirts add a bold, motorsport-inspired look while enhancing aerodynamic efficiency. Crafted from premium carbon fiber, they deliver strength, lightness, and a high-end finish that seamlessly integrates with the car's profile.</p><p>Each set is engineered using 3D scans of the Model 3 Highland to ensure a precise, OEM-level fit. The extended lower edge visually lowers the car's stance and helps control airflow along the sides, contributing to better high-speed stability and a more planted feel on the road.</p><p>Whether you're aiming for improved performance or a more aggressive aesthetic, the ADRO Carbon Fiber Side Skirts bring both function and form to your EV.</p><b><b>Key Features:</b><b></b></b><ul><li><span><b>Carbon Fiber Construction:</b></span><span></span>Built from high-quality carbon fiber for strength, low weight, and a deep, uniform weave.</li><li><span><b>Precision Fitment:</b></span><span></span>3D scanned and CAD-designed for a seamless fit with no modifications required.</li><li><span><b>Aerodynamic Efficiency:</b></span><span></span>CFD tested for optimized airflow and reduced turbulence to deliver improved stability.</li><li><span><b>Refined Styling:</b></span><span></span>Adds visual length and sharpness for a sleeker, more dynamic side profile.</li></ul><p>&nbsp;</p><h4>Compatibility</h4><p>Feel free to contact us at info@mlperformance.co.uk should you wish to double check!</p><p>&nbsp;</p><h4>Compatibility Check</h4><p>To ensure the part(s) you have ordered fits your vehicle, we run a compatibility check prior to dispatch. We can do this either using your registration number (UK) or the last 7 digits of your VIN. Simply enter your car details prior to checkout.</p><p>&nbsp;</p><h4>Part Number</h4><p>ADRO-A15A11-1401</p><p>&nbsp;</p><h4>More Information</h4><p><strong>Manufactured by</strong></p><p>Adro</p>",Adro,,Exterior,"Uploaded by_Muazzim, MLP Discount 2025, Brand_Adro, 2025_New Products, Product Type_Exterior, Category_Side Skirts",TRUE,Title,Default Title,,,,,ADRO-A15A11-1401,26000,shopify,continue,manual,1099,1099,TRUE,TRUE,A15A11-1401,https://autoid.co/cdn/shop/files/tesla-model-3-highland-carbon-fiber-side-skirt-by-adro-adro-side-skirts-winglets-3112012.webp?v=1753792672&width=1200,1,Adro A15A11-1401 TESLA MODEL 3 HIGHLAND CARBON FIBER SIDE SKIRT,,Adro A15A11-1401 TESLA MODEL 3 HIGHLAND CARBON FIBER SIDE SKIRT,Get Adro A15A11-1401 TESLA MODEL 3 HIGHLAND CARBON FIBER SIDE SKIRT for your car to get your desired looks and performance from ML Performance at the lowest price with FREE UK shipping & next day delivery on in stock items. Very cheap prices & good service.,,,,A15A11-1401,,,new,,,,,,,,kg,8708949900,,,,,draft
adro-a15a11-1401-tesla-model-3-highland-carbon-fiber-side-skirt,,,,,,,,,,,,,,,,,,,,,,,,https://autoid.co/cdn/shop/files/tesla-model-3-highland-carbon-fiber-side-skirt-by-adro-adro-side-skirts-winglets-1786943.webp?v=1753792673&width=1200,2,Adro A15A11-1401 TESLA MODEL 3 HIGHLAND CARBON FIBER SIDE SKIRT,,,,,,,,,,,,,,,,,,,,,,,,
adro-a15a11-1401-tesla-model-3-highland-carbon-fiber-side-skirt,,,,,,,,,,,,,,,,,,,,,,,,https://autoid.co/cdn/shop/files/tesla-model-3-highland-carbon-fiber-side-skirt-by-adro-adro-side-skirts-winglets-4183503.webp?v=1753792673&width=1200,3,Adro A15A11-1401 TESLA MODEL 3 HIGHLAND CARBON FIBER SIDE SKIRT,,,,,,,,,,,,,,,,,,,,,,,,
adro-a15a11-1401-tesla-model-3-highland-carbon-fiber-side-skirt,,,,,,,,,,,,,,,,,,,,,,,,https://autoid.co/cdn/shop/files/tesla-model-3-highland-carbon-fiber-side-skirt-by-adro-adro-side-skirts-winglets-5480546.webp?v=1753792674&width=1200,4,Adro A15A11-1401 TESLA MODEL 3 HIGHLAND CARBON FIBER SIDE SKIRT,,,,,,,,,,,,,,,,,,,,,,,,
adro-a15a11-1301-tesla-model-3-highland-carbon-fiber-rear-diffuser,Adro A15A11-1301 Tesla Model 3 Highland Carbon Fiber Rear Diffuser,"<h4><strong>Description</strong></h4><p>Transform the rear end of your Tesla Model 3 Highland with the ADRO Carbon Fiber Rear Diffuser, a bold upgrade that delivers both visual impact and aerodynamic function. Crafted from high-quality carbon fiber, this diffuser offers a race-inspired look with a premium finish that matches the rest of the ADRO aero package.</p><p>Developed using 3D scans and CFD testing, the diffuser is engineered for precision fitment and optimized airflow. The aggressive fins aren't just for show, they actively manage underbody airflow to reduce lift and increase rear-end stability at speed.</p><p>With its sharp contours and performance-focused design, the ADRO Rear Diffuser brings a functional and visually striking finish to your build.</p><b><b>Key Features:</b><b></b></b><ul><li><span><b>Carbon Fiber Construction:</b></span><span></span>Lightweight yet strong, with a deep, consistent weave for a high-end appearance.</li><li><span><b>Precision Fitment:</b></span><span></span>3D scanned and CAD-modeled for seamless, OEM-style installation.</li><li><span><b>CFD-Tested Aerodynamics:</b></span><span></span>Designed using Computational Fluid Dynamics to optimize airflow and enhance stability.</li><li><span><b>Aggressive Styling:</b></span><span></span>Adds a sharper, motorsport-inspired look to the rear of the Model 3 Highland.</li></ul><p>&nbsp;</p><h4>Compatibility</h4><p>Feel free to contact us at info@mlperformance.co.uk should you wish to double check!</p><p>&nbsp;</p><h4>Compatibility Check</h4><p>To ensure the part(s) you have ordered fits your vehicle, we run a compatibility check prior to dispatch. We can do this either using your registration number (UK) or the last 7 digits of your VIN. Simply enter your car details prior to checkout.</p><p>&nbsp;</p><h4>Part Number</h4><p>ADRO-A15A11-1301</p><p>&nbsp;</p><h4>More Information</h4><p><strong>Manufactured by</strong></p><p>Adro</p>",Adro,,Exterior,"Uploaded by_Muazzim, MLP Discount 2025, Brand_Adro, 2025_New Products, Product Type_Exterior, Category_Rear Diffusers",TRUE,Title,Default Title,,,,,ADRO-A15A11-1301,35000,shopify,continue,manual,1355,1355,TRUE,TRUE,A15A11-1301,https://autoid.co/cdn/shop/files/tesla-model-3-highland-carbon-fiber-rear-diffuser-by-adro-adro-rear-diffusers-1843108.webp?v=1753792672&width=1200,1,Adro A15A11-1301 TESLA MODEL 3 HIGHLAND CARBON FIBER REAR DIFFUSER,,Adro A15A11-1301 TESLA MODEL 3 HIGHLAND CARBON FIBER REAR DIFFUSER,Get Adro A15A11-1301 TESLA MODEL 3 HIGHLAND CARBON FIBER REAR DIFFUSER for your car to get your desired looks and performance from ML Performance at the lowest price with FREE UK shipping & next day delivery on in stock items. Very cheap prices & good service.,,,,A15A11-1301,,,new,,,,,,,,kg,8708949900,,,,,draft
adro-a15a11-1301-tesla-model-3-highland-carbon-fiber-rear-diffuser,,,,,,,,,,,,,,,,,,,,,,,,https://autoid.co/cdn/shop/files/tesla-model-3-highland-carbon-fiber-rear-diffuser-by-adro-adro-rear-diffusers-8728269.webp?v=1753792673&width=1200,2,Adro A15A11-1301 TESLA MODEL 3 HIGHLAND CARBON FIBER REAR DIFFUSER,,,,,,,,,,,,,,,,,,,,,,,,
adro-a15a11-1301-tesla-model-3-highland-carbon-fiber-rear-diffuser,,,,,,,,,,,,,,,,,,,,,,,,https://autoid.co/cdn/shop/files/tesla-model-3-highland-carbon-fiber-rear-diffuser-by-adro-adro-rear-diffusers-5266476.webp?v=1753792673&width=1200,3,Adro A15A11-1301 TESLA MODEL 3 HIGHLAND CARBON FIBER REAR DIFFUSER,,,,,,,,,,,,,,,,,,,,,,,,
adro-a15a11-1301-tesla-model-3-highland-carbon-fiber-rear-diffuser,,,,,,,,,,,,,,,,,,,,,,,,https://autoid.co/cdn/shop/files/tesla-model-3-highland-carbon-fiber-rear-diffuser-by-adro-adro-rear-diffusers-3607964.webp?v=1753792675&width=1200,4,Adro A15A11-1301 TESLA MODEL 3 HIGHLAND CARBON FIBER REAR DIFFUSER,,,,,,,,,,,,,,,,,,,,,,,,
adro-a15a11-1501-tesla-model-3-highland-carbon-fiber-rear-spoiler,Adro A15A11-1501 Tesla Model 3 Highland Carbon Fiber Rear Spoiler,"<h4><strong>Description</strong></h4><p>Finish off your Tesla Model 3 Highland build with the ADRO Carbon Fiber Trunk Spoiler, designed to add a clean, aggressive touch while enhancing rear-end aerodynamics. Made from high-quality carbon fiber, it offers a lightweight, high-strength solution with a deep gloss finish that complements the factory lines of the vehicle.</p><p>Developed using 3D scanning and CFD testing, this spoiler is engineered to improve airflow over the rear deck, helping to reduce lift and increase high-speed stability without compromising the Model 3's sleek silhouette.</p><p>Whether you're looking for a subtle styling enhancement or functional downforce, the ADRO Carbon Fiber Trunk Spoiler strikes the perfect balance between form and performance.</p><b><b>Key Features:</b><b></b></b><ul><li><span><b>Carbon Fiber Construction:</b></span><span></span>Premium carbon fiber offers strength, durability, and a refined visual finish.</li><li><span><b>CFD-Tested Design:</b></span><span></span>Developed using Computational Fluid Dynamics to optimize rear airflow and reduce lift.</li><li><span><b>OEM-Level Fitment:</b></span><span></span>Engineered using 3D scans for precise alignment and easy installation.</li><li><span><b>Refined Styling:</b></span><span></span>Sleek profile adds a sharp, motorsport-inspired edge to the rear of the vehicle.</li></ul><p>&nbsp;</p><h4>Compatibility</h4><p>Feel free to contact us at info@mlperformance.co.uk should you wish to double check!</p><p>&nbsp;</p><h4>Compatibility Check</h4><p>To ensure the part(s) you have ordered fits your vehicle, we run a compatibility check prior to dispatch. We can do this either using your registration number (UK) or the last 7 digits of your VIN. Simply enter your car details prior to checkout.</p><p>&nbsp;</p><h4>Part Number</h4><p>ADRO-A15A11-1501</p><p>&nbsp;</p><h4>More Information</h4><p><strong>Manufactured by</strong></p><p>Adro</p>",Adro,,Exterior,"Uploaded by_Muazzim, MLP Discount 2025, Brand_Adro, 2025_New Products, Product Type_Exterior, Category_Spoilers",TRUE,Title,Default Title,,,,,ADRO-A15A11-1501,25000,shopify,continue,manual,829,829,TRUE,TRUE,A15A11-1501,https://autoid.co/cdn/shop/files/tesla-model-3-highland-carbon-fiber-rear-spoiler-by-adro-adro-rear-spoilers-5060254.webp?v=1753792673&width=1200,1,Adro A15A11-1501 TESLA MODEL 3 HIGHLAND CARBON FIBER REAR SPOILER,,Adro A15A11-1501 TESLA MODEL 3 HIGHLAND CARBON FIBER REAR SPOILER,Get Adro A15A11-1501 TESLA MODEL 3 HIGHLAND CARBON FIBER REAR SPOILER for your car to get your desired looks and performance from ML Performance at the lowest price with FREE UK shipping & next day delivery on in stock items. Very cheap prices & good service.,,,,A15A11-1501,,,new,,,,,,,,kg,8708949900,,,,,draft
adro-a15a11-1501-tesla-model-3-highland-carbon-fiber-rear-spoiler,,,,,,,,,,,,,,,,,,,,,,,,https://autoid.co/cdn/shop/files/tesla-model-3-highland-carbon-fiber-rear-spoiler-by-adro-adro-rear-spoilers-3630042.webp?v=1753792675&width=1200,2,Adro A15A11-1501 TESLA MODEL 3 HIGHLAND CARBON FIBER REAR SPOILER,,,,,,,,,,,,,,,,,,,,,,,,
adro-a15a11-1501-tesla-model-3-highland-carbon-fiber-rear-spoiler,,,,,,,,,,,,,,,,,,,,,,,,https://autoid.co/cdn/shop/files/tesla-model-3-highland-carbon-fiber-rear-spoiler-by-adro-adro-rear-spoilers-5541127.webp?v=1753792674&width=1200,3,Adro A15A11-1501 TESLA MODEL 3 HIGHLAND CARBON FIBER REAR SPOILER,,,,,,,,,,,,,,,,,,,,,,,,
adro-a15a11-1501-tesla-model-3-highland-carbon-fiber-rear-spoiler,,,,,,,,,,,,,,,,,,,,,,,,https://autoid.co/cdn/shop/files/tesla-model-3-highland-carbon-fiber-rear-spoiler-by-adro-adro-rear-spoilers-4054799.webp?v=1753792675&width=1200,4,Adro A15A11-1501 TESLA MODEL 3 HIGHLAND CARBON FIBER REAR SPOILER,,,,,,,,,,,,,,,,,,,,,,,,
adro-a14a90-1202-bmw-g87-m2-carbon-fibre-v1-front-lip-for-adro-front-bumper,Adro A14A90-1202 BMW G87 M2 Carbon Fibre V1 Front Lip For Adro Front Bumper,"<h4><strong>Description</strong></h4><p>Upgrade the front-end aggression of your BMW G87 M2 with the <strong>Carbon Fibre Front Lip V1 by ADRO</strong>, engineered exclusively for use with the ADRO front bumper. This premium aerodynamic enhancement is designed to elevate both style and performance, integrating seamlessly into the bumper's existing lines for a motorsport-inspired finish.</p><p>Constructed from high-quality <strong>pre-preg carbon fibre</strong>, the V2 front lip offers lightweight durability and a flawless weave pattern that reflects ADRO's commitment to form and function. Whether you're hitting the track or refining your street presence, this front lip adds downforce and presence without compromise.</p><p>Please note: This front lip is <strong>only compatible with the ADRO front bumper</strong> and will not fit the OEM G87 bumper.</p><p><strong>Key Features:</strong></p><ul><li>Designed exclusively for the <strong>BMW G87 M2 with ADRO front bumper</strong></li><li>High-grade <strong>pre-preg carbon fibre</strong> construction</li><li>Lightweight and rigid for improved aerodynamics</li><li>Motorsport styling that complements ADRO's widebody lines</li><li>UV-resistant clear coat to maintain finish over time</li><li>Direct bolt-on installation (professional fitting recommended)</li></ul><p>&nbsp;</p><h4>Compatibility</h4><p>Feel free to contact us at info@mlperformance.co.uk should you wish to double check!</p><p>&nbsp;</p><h4>Compatibility Check</h4><p>To ensure the part(s) you have ordered fits your vehicle, we run a compatibility check prior to dispatch. We can do this either using your registration number (UK) or the last 7 digits of your VIN. Simply enter your car details prior to checkout.</p><p>&nbsp;</p><h4>Part Number</h4><p>ADRO-A14A90-1202</p><p>&nbsp;</p><h4>More Information</h4><p><strong>Manufactured by</strong></p><p>Adro</p>",Adro,,Exterior,"Uploaded by_Muazzim, MLP Discount 2025, Brand_Adro, 2025_New Products, Product Type_Exterior, Category_Front Splitters",TRUE,Title,Default Title,,,,,ADRO-A14A90-1202,40000,shopify,continue,manual,899,899,TRUE,TRUE,A14A90-1202,https://autoid.co/cdn/shop/files/bmw-g87-m2-carbon-fibre-v1-front-lip-for-adro-front-bumper-by-adro-adro-front-lips-splitters-5005267.jpg?v=1758555666&width=1200,1,Adro A14A90-1202 BMW G87 M2 CARBON FIBRE V1 FRONT LIP FOR ADRO FRONT BUMPER,,Adro A14A90-1202 BMW G87 M2 CARBON FIBRE V1 FRONT LIP FOR ADRO FRONT BUMPER,Get Adro A14A90-1202 BMW G87 M2 CARBON FIBRE V1 FRONT LIP FOR ADRO FRONT BUMPER for your car to get your desired looks and performance from ML Performance at the lowest price with FREE UK shipping & next day delivery on in stock items. Very cheap prices & good service.,,,,A14A90-1202,,,new,,,,,,,,kg,8708949900,,,,,draft
adro-a14a90-1202-bmw-g87-m2-carbon-fibre-v1-front-lip-for-adro-front-bumper,,,,,,,,,,,,,,,,,,,,,,,,https://autoid.co/cdn/shop/files/bmw-g87-m2-carbon-fibre-v1-front-lip-for-adro-front-bumper-by-adro-adro-front-lips-splitters-3761662.jpg?v=1758555667&width=1200,2,Adro A14A90-1202 BMW G87 M2 CARBON FIBRE V1 FRONT LIP FOR ADRO FRONT BUMPER,,,,,,,,,,,,,,,,,,,,,,,,
adro-a14a90-1202-bmw-g87-m2-carbon-fibre-v1-front-lip-for-adro-front-bumper,,,,,,,,,,,,,,,,,,,,,,,,https://autoid.co/cdn/shop/files/bmw-g87-m2-carbon-fibre-v1-front-lip-for-adro-front-bumper-by-adro-adro-front-lips-splitters-1358635.jpg?v=1758555667&width=1200,3,Adro A14A90-1202 BMW G87 M2 CARBON FIBRE V1 FRONT LIP FOR ADRO FRONT BUMPER,,,,,,,,,,,,,,,,,,,,,,,,
