Handle,Title,Body (HTML),Vendor,Standardized Product Type,Custom Product Type,Tags,Published,Option1 Name,Option1 Value,Option2 Name,Option2 Value,Option3 Name,Option3 Value,Variant SKU,Variant Grams,Variant Inventory Tracker,Variant Inventory Policy,Variant Fulfillment Service,Variant Price,Variant Compare At Price,Variant Requires Shipping,Variant Taxable,Variant Barcode,Image Src,Image Position,Image Alt Text,Gift Card,SEO Title,SEO Description,Google Shopping / Google Product Category,Google Shopping / Gender,Google Shopping / Age Group,Google Shopping / MPN,Google Shopping / AdWords Grouping,Google Shopping / AdWords Labels,Google Shopping / Condition,Google Shopping / Custom Product,Google Shopping / Custom Label 0,Google Shopping / Custom Label 1,Google Shopping / Custom Label 2,Google Shopping / Custom Label 3,Google Shopping / Custom Label 4,Variant Image,Variant Weight Unit,Variant Tax Code,Cost per item,Margins,Price / International,Compare At Price / International,Status
eurolub-211xxx-wiv-eco-5w-30,Eurolub 211XXX WIV ECO 5W-30,"<h4><strong>Description</strong></h4><p>Ultra high-tech engine oil for modern gas and iesel engines used in passenger cars.</p><p>Ultra high-tech engine oil for modern gasoline and diesel passenger cars. With its high fuel efficiency, WIV ECO 5W-30 helps reduce emissions and protect the environment. WIV ECO 5W-30 was specifically developed for engines with extended maintenance intervals (WIV). Additionally, this engine oil extends the service life of the particulate filter.</p>        <p>&nbsp;</p>        <h4>Compatibility</h4><ul><li>ACEA C3</li><li>API SN</li><li>BMW Longlife-04</li><li>MB 229.51</li><li>Fiat 9.55535-S3</li><li>Porsche C30</li><li>VW 504.00</li><li>VW 507.00</li></ul><p>Feel free to contact us at info@mlperformance.co.uk should you wish to double check!</p>        <p>&nbsp;</p>        <h4>Compatibility Check</h4><p>To ensure the part(s) you have ordered fits your vehicle, we run a compatibility check prior to dispatch. We can do this either using your registration number (UK) or the last 7 digits of your VIN. Simply enter your car details prior to checkout.</p>        <p>&nbsp;</p>        <h4>Part Number</h4><p>EUROLUB-211001 (1 L)</p><p>EUROLUB-211005 (5 L)</p><p>EUROLUB-211006 (6L)</p><p>EUROLUB-211020 (20 L)</p><p>EUROLUB-211030 (30 L)</p><p>EUROLUB-211060 (60 L)</p><p>EUROLUB-211208 (208 L)</p><p>EUROLUB-211100 (1000 L)</p>        <p>&nbsp;</p>        <h4>More Information</h4><p><strong>Manufactured by</strong></p><p>Eurolub</p>",Eurolub,Eurolub 211XXX WIV ECO 5W-30,,"Uploaded by_Muazzim, MLP Discount 2026, Brand_Eurolub, 2026_New Products, Product Type_",TRUE,Options,1 L,,,,,EUROLUB-211001,,shopify,continue,manual,,,TRUE,TRUE,211001,https://eurolub.com/userdata/dcshop/images/thumb_3/992392_211xxx.png,1,Eurolub 211XXX WIV ECO 5W-30,,Eurolub 211XXX WIV ECO 5W-30,Get Eurolub 211XXX WIV ECO 5W-30 for your car to get your desired looks and performance from ML Performance at the lowest price with FREE UK shipping & next day delivery on in stock items. Very cheap prices & good service.,,,,211001,,,new,,,,,,,https://eurolub.com/userdata/dcshop/images/thumb_2/937761_211001.png,kg,8708949900,,,,,active
eurolub-211xxx-wiv-eco-5w-30,,,,,,,,,5 L,,,,,EUROLUB-211005,,shopify,continue,manual,,,TRUE,TRUE,211005,https://eurolub.com/userdata/dcshop/images/thumb_2/937761_211001.png,2,Eurolub 211XXX WIV ECO 5W-30,,,,,,,,,,,,,,,,,https://eurolub.com/userdata/dcshop/images/thumb_2/423069_211005.png,kg,8708949900,,,,,
eurolub-211xxx-wiv-eco-5w-30,,,,,,,,,6L,,,,,EUROLUB-211006,,shopify,continue,manual,,,TRUE,TRUE,211006,https://eurolub.com/userdata/dcshop/images/thumb_2/423069_211005.png,3,Eurolub 211XXX WIV ECO 5W-30,,,,,,,,,,,,,,,,,https://eurolub.com/userdata/dcshop/images/thumb_2/203413_211006.png,kg,8708949900,,,,,
eurolub-211xxx-wiv-eco-5w-30,,,,,,,,,20 L,,,,,EUROLUB-211020,,shopify,continue,manual,,,TRUE,TRUE,211020,https://eurolub.com/userdata/dcshop/images/thumb_2/203413_211006.png,4,Eurolub 211XXX WIV ECO 5W-30,,,,,,,,,,,,,,,,,https://eurolub.com/userdata/dcshop/images/thumb_2/1051_211020.png,kg,8708949900,,,,,
eurolub-211xxx-wiv-eco-5w-30,,,,,,,,,30 L,,,,,EUROLUB-211030,,shopify,continue,manual,,,TRUE,TRUE,211030,https://eurolub.com/userdata/dcshop/images/thumb_2/1051_211020.png,5,Eurolub 211XXX WIV ECO 5W-30,,,,,,,,,,,,,,,,,https://eurolub.com/userdata/dcshop/images/thumb_2/421794_211030.png,kg,8708949900,,,,,
eurolub-211xxx-wiv-eco-5w-30,,,,,,,,,60 L,,,,,EUROLUB-211060,,shopify,continue,manual,,,TRUE,TRUE,211060,https://eurolub.com/userdata/dcshop/images/thumb_2/421794_211030.png,6,Eurolub 211XXX WIV ECO 5W-30,,,,,,,,,,,,,,,,,https://eurolub.com/userdata/dcshop/images/thumb_2/913745_211060.png,kg,8708949900,,,,,
eurolub-211xxx-wiv-eco-5w-30,,,,,,,,,208 L,,,,,EUROLUB-211208,,shopify,continue,manual,,,TRUE,TRUE,211208,https://eurolub.com/userdata/dcshop/images/thumb_2/913745_211060.png,7,Eurolub 211XXX WIV ECO 5W-30,,,,,,,,,,,,,,,,,https://eurolub.com/userdata/dcshop/images/thumb_2/522346_211208.png,kg,8708949900,,,,,
eurolub-211xxx-wiv-eco-5w-30,,,,,,,,,1000 L,,,,,EUROLUB-211100,,shopify,continue,manual,,,TRUE,TRUE,211100,https://eurolub.com/userdata/dcshop/images/thumb_2/522346_211208.png,8,Eurolub 211XXX WIV ECO 5W-30,,,,,,,,,,,,,,,,,https://eurolub.com/userdata/dcshop/images/thumb_2/51412_211100.png,kg,8708949900,,,,,
eurolub-211xxx-wiv-eco-5w-30,,,,,,,,,,,,,,,,,,,,,,,,https://eurolub.com/userdata/dcshop/images/thumb_2/51412_211100.png,9,Eurolub 211XXX WIV ECO 5W-30,,,,,,,,,,,,,,,,,,,,,,,,
eurolub-349xxx-cleantec-5w-30,Eurolub 349XXX CLEANTEC 5W-30,"<h4><strong>Description</strong></h4><p>Mid SAPS engine oil for modern gas and diesel engines used in passenger cars with exhaust post-treatment systems (diesel particle filter). Pump-jet engines in compliance with relevant regulation!</p>        <p>&nbsp;</p>        <h4>Compatibility</h4><ul><li>ACEA C2</li><li>ACEA C3</li><li>API SN</li><li>API CF</li><li>MB 229.51</li><li>MB 229.52</li><li>VW 502.00</li><li>VW 505.00</li><li>VW 505.01</li><li>Fiat 9.55535-S3</li><li>BMW Longlife-04</li><li>GM dexos2®</li><li>RN 0700</li><li>RN 0710</li><li>Opel OV0401547-D30</li><li>Chrysler MS 11106</li></ul><p>Feel free to contact us at info@mlperformance.co.uk should you wish to double check!</p>        <p>&nbsp;</p>        <h4>Compatibility Check</h4><p>To ensure the part(s) you have ordered fits your vehicle, we run a compatibility check prior to dispatch. We can do this either using your registration number (UK) or the last 7 digits of your VIN. Simply enter your car details prior to checkout.</p>        <p>&nbsp;</p>        <h4>Part Number</h4><p>EUROLUB-349001 (1 L)</p><p>EUROLUB-349005 (5 L)</p><p>EUROLUB-349020 (20 L)</p><p>EUROLUB-349060 (60 L)</p><p>EUROLUB-349208 (208 L)</p><p>EUROLUB-349100 (1000 L)</p>        <p>&nbsp;</p>        <h4>More Information</h4><p><strong>Manufactured by</strong></p><p>Eurolub</p>",Eurolub,Eurolub 349XXX CLEANTEC 5W-30,,"Uploaded by_Muazzim, MLP Discount 2026, Brand_Eurolub, 2026_New Products, Product Type_",TRUE,Options,1 L,,,,,EUROLUB-349001,,shopify,continue,manual,,,TRUE,TRUE,349001,https://eurolub.com/userdata/dcshop/images/thumb_3/275575_349xxx.png,1,Eurolub 349XXX CLEANTEC 5W-30,,Eurolub 349XXX CLEANTEC 5W-30,Get Eurolub 349XXX CLEANTEC 5W-30 for your car to get your desired looks and performance from ML Performance at the lowest price with FREE UK shipping & next day delivery on in stock items. Very cheap prices & good service.,,,,349001,,,new,,,,,,,https://eurolub.com/userdata/dcshop/images/thumb_2/55950_349001.png,kg,8708949900,,,,,active
eurolub-349xxx-cleantec-5w-30,,,,,,,,,5 L,,,,,EUROLUB-349005,,shopify,continue,manual,,,TRUE,TRUE,349005,https://eurolub.com/userdata/dcshop/images/thumb_2/55950_349001.png,2,Eurolub 349XXX CLEANTEC 5W-30,,,,,,,,,,,,,,,,,https://eurolub.com/userdata/dcshop/images/thumb_2/535629_349005.png,kg,8708949900,,,,,
eurolub-349xxx-cleantec-5w-30,,,,,,,,,20 L,,,,,EUROLUB-349020,,shopify,continue,manual,,,TRUE,TRUE,349020,https://eurolub.com/userdata/dcshop/images/thumb_2/535629_349005.png,3,Eurolub 349XXX CLEANTEC 5W-30,,,,,,,,,,,,,,,,,https://eurolub.com/userdata/dcshop/images/thumb_2/283427_349020.png,kg,8708949900,,,,,
eurolub-349xxx-cleantec-5w-30,,,,,,,,,60 L,,,,,EUROLUB-349060,,shopify,continue,manual,,,TRUE,TRUE,349060,https://eurolub.com/userdata/dcshop/images/thumb_2/283427_349020.png,4,Eurolub 349XXX CLEANTEC 5W-30,,,,,,,,,,,,,,,,,https://eurolub.com/userdata/dcshop/images/thumb_2/924139_349060.png,kg,8708949900,,,,,
eurolub-349xxx-cleantec-5w-30,,,,,,,,,208 L,,,,,EUROLUB-349208,,shopify,continue,manual,,,TRUE,TRUE,349208,https://eurolub.com/userdata/dcshop/images/thumb_2/924139_349060.png,5,Eurolub 349XXX CLEANTEC 5W-30,,,,,,,,,,,,,,,,,https://eurolub.com/userdata/dcshop/images/thumb_2/518659_349208.png,kg,8708949900,,,,,
eurolub-349xxx-cleantec-5w-30,,,,,,,,,1000 L,,,,,EUROLUB-349100,,shopify,continue,manual,,,TRUE,TRUE,349100,https://eurolub.com/userdata/dcshop/images/thumb_2/518659_349208.png,6,Eurolub 349XXX CLEANTEC 5W-30,,,,,,,,,,,,,,,,,https://eurolub.com/userdata/dcshop/images/thumb_2/437669_211100.png,kg,8708949900,,,,,
eurolub-349xxx-cleantec-5w-30,,,,,,,,,,,,,,,,,,,,,,,,https://eurolub.com/userdata/dcshop/images/thumb_2/437669_211100.png,7,Eurolub 349XXX CLEANTEC 5W-30,,,,,,,,,,,,,,,,,,,,,,,,
eurolub-214xxx-multitec-ford-5w-30,Eurolub 214XXX MULTITEC (FORD) 5W-30,"<h4><strong>Description</strong></h4><p>High-performance, low-viscosity engine oil for gas and diesel engines used in passenger cars and vehicles complying with the relevant regulation.</p>        <p>&nbsp;</p>        <h4>Compatibility</h4><ul><li>ACEA A5/B5</li><li>API SL</li><li>API CF</li><li>Ford WSS-M2C913-A</li><li>Ford WSS-M2C913-B</li><li>Ford WSS-M2C913-C</li><li>Ford WSS-M2C913-D</li><li>RN 0700</li><li>STJLR.03.5003</li><li>VWC 53036</li></ul><p>Feel free to contact us at info@mlperformance.co.uk should you wish to double check!</p>        <p>&nbsp;</p>        <h4>Compatibility Check</h4><p>To ensure the part(s) you have ordered fits your vehicle, we run a compatibility check prior to dispatch. We can do this either using your registration number (UK) or the last 7 digits of your VIN. Simply enter your car details prior to checkout.</p>        <p>&nbsp;</p>        <h4>Part Number</h4><p>EUROLUB-214001 (1 L)</p><p>EUROLUB-214005 (5 L)</p><p>EUROLUB-214020 (20 L)</p><p>EUROLUB-214060 (60 L)</p><p>EUROLUB-214208 (208 L)</p><p>EUROLUB-214100 (1000 L)</p>        <p>&nbsp;</p>        <h4>More Information</h4><p><strong>Manufactured by</strong></p><p>Eurolub</p>",Eurolub,Eurolub 214XXX MULTITEC (FORD) 5W-30,,"Uploaded by_Muazzim, MLP Discount 2026, Brand_Eurolub, 2026_New Products, Product Type_",TRUE,Options,1 L,,,,,EUROLUB-214001,,shopify,continue,manual,,,TRUE,TRUE,214001,https://eurolub.com/userdata/dcshop/images/thumb_3/800097_214xxx.png,1,Eurolub 214XXX MULTITEC (FORD) 5W-30,,Eurolub 214XXX MULTITEC (FORD) 5W-30,Get Eurolub 214XXX MULTITEC (FORD) 5W-30 for your car to get your desired looks and performance from ML Performance at the lowest price with FREE UK shipping & next day delivery on in stock items. Very cheap prices & good service.,,,,214001,,,new,,,,,,,https://eurolub.com/userdata/dcshop/images/thumb_2/321229_214001.png,kg,8708949900,,,,,active
eurolub-214xxx-multitec-ford-5w-30,,,,,,,,,5 L,,,,,EUROLUB-214005,,shopify,continue,manual,,,TRUE,TRUE,214005,https://eurolub.com/userdata/dcshop/images/thumb_2/321229_214001.png,2,Eurolub 214XXX MULTITEC (FORD) 5W-30,,,,,,,,,,,,,,,,,https://eurolub.com/userdata/dcshop/images/thumb_2/724478_214005.png,kg,8708949900,,,,,
eurolub-214xxx-multitec-ford-5w-30,,,,,,,,,20 L,,,,,EUROLUB-214020,,shopify,continue,manual,,,TRUE,TRUE,214020,https://eurolub.com/userdata/dcshop/images/thumb_2/724478_214005.png,3,Eurolub 214XXX MULTITEC (FORD) 5W-30,,,,,,,,,,,,,,,,,https://eurolub.com/userdata/dcshop/images/thumb_2/486680_214020.png,kg,8708949900,,,,,
eurolub-214xxx-multitec-ford-5w-30,,,,,,,,,60 L,,,,,EUROLUB-214060,,shopify,continue,manual,,,TRUE,TRUE,214060,https://eurolub.com/userdata/dcshop/images/thumb_2/486680_214020.png,4,Eurolub 214XXX MULTITEC (FORD) 5W-30,,,,,,,,,,,,,,,,,https://eurolub.com/userdata/dcshop/images/thumb_2/735348_214060.png,kg,8708949900,,,,,
eurolub-214xxx-multitec-ford-5w-30,,,,,,,,,208 L,,,,,EUROLUB-214208,,shopify,continue,manual,,,TRUE,TRUE,214208,https://eurolub.com/userdata/dcshop/images/thumb_2/735348_214060.png,5,Eurolub 214XXX MULTITEC (FORD) 5W-30,,,,,,,,,,,,,,,,,https://eurolub.com/userdata/dcshop/images/thumb_2/319017_214208.png,kg,8708949900,,,,,
eurolub-214xxx-multitec-ford-5w-30,,,,,,,,,1000 L,,,,,EUROLUB-214100,,shopify,continue,manual,,,TRUE,TRUE,214100,https://eurolub.com/userdata/dcshop/images/thumb_2/319017_214208.png,6,Eurolub 214XXX MULTITEC (FORD) 5W-30,,,,,,,,,,,,,,,,,https://eurolub.com/userdata/dcshop/images/thumb_2/622071_211100.png,kg,8708949900,,,,,
eurolub-214xxx-multitec-ford-5w-30,,,,,,,,,,,,,,,,,,,,,,,,https://eurolub.com/userdata/dcshop/images/thumb_2/622071_211100.png,7,Eurolub 214XXX MULTITEC (FORD) 5W-30,,,,,,,,,,,,,,,,,,,,,,,,
eurolub-337xxx-gt-10w-40,Eurolub 337XXX GT 10W-40,"<h4><strong>Description</strong></h4><p>Low-viscosity, partially synthetic engine oil for gas and diesel engines used in passenger cars (including turbo models and except pump-jet engines). Good cold start characteristics are combined with excellent ""stay in grade"" properties.</p>        <p>&nbsp;</p>        <h4>Compatibility</h4><ul><li>ACEA A3/B4</li><li>API SL</li><li>API CF</li><li>VW 501.01</li><li>VW 505.00</li></ul><p>Feel free to contact us at info@mlperformance.co.uk should you wish to double check!</p>        <p>&nbsp;</p>        <h4>Compatibility Check</h4><p>To ensure the part(s) you have ordered fits your vehicle, we run a compatibility check prior to dispatch. We can do this either using your registration number (UK) or the last 7 digits of your VIN. Simply enter your car details prior to checkout.</p>        <p>&nbsp;</p>        <h4>Part Number</h4><p>EUROLUB-337001 (1 L)</p><p>EUROLUB-337005 (5 L)</p><p>EUROLUB-337020 (20 L)</p><p>EUROLUB-337060 (60 L)</p><p>EUROLUB-337208 (208 L)</p><p>EUROLUB-337100 (1000 L)</p>        <p>&nbsp;</p>        <h4>More Information</h4><p><strong>Manufactured by</strong></p><p>Eurolub</p>",Eurolub,Eurolub 337XXX GT 10W-40,,"Uploaded by_Muazzim, MLP Discount 2026, Brand_Eurolub, 2026_New Products, Product Type_",TRUE,Options,1 L,,,,,EUROLUB-337001,,shopify,continue,manual,,,TRUE,TRUE,337001,https://eurolub.com/userdata/dcshop/images/thumb_3/762149_337xxx.png,1,Eurolub 337XXX GT 10W-40,,Eurolub 337XXX GT 10W-40,Get Eurolub 337XXX GT 10W-40 for your car to get your desired looks and performance from ML Performance at the lowest price with FREE UK shipping & next day delivery on in stock items. Very cheap prices & good service.,,,,337001,,,new,,,,,,,https://eurolub.com/userdata/dcshop/images/thumb_2/410475_337001.png,kg,8708949900,,,,,active
eurolub-337xxx-gt-10w-40,,,,,,,,,5 L,,,,,EUROLUB-337005,,shopify,continue,manual,,,TRUE,TRUE,337005,https://eurolub.com/userdata/dcshop/images/thumb_2/410475_337001.png,2,Eurolub 337XXX GT 10W-40,,,,,,,,,,,,,,,,,https://eurolub.com/userdata/dcshop/images/thumb_2/492178_337005.png,kg,8708949900,,,,,
eurolub-337xxx-gt-10w-40,,,,,,,,,20 L,,,,,EUROLUB-337020,,shopify,continue,manual,,,TRUE,TRUE,337020,https://eurolub.com/userdata/dcshop/images/thumb_2/492178_337005.png,3,Eurolub 337XXX GT 10W-40,,,,,,,,,,,,,,,,,https://eurolub.com/userdata/dcshop/images/thumb_2/364109_337020.png,kg,8708949900,,,,,
eurolub-337xxx-gt-10w-40,,,,,,,,,60 L,,,,,EUROLUB-337060,,shopify,continue,manual,,,TRUE,TRUE,337060,https://eurolub.com/userdata/dcshop/images/thumb_2/364109_337020.png,4,Eurolub 337XXX GT 10W-40,,,,,,,,,,,,,,,,,https://eurolub.com/userdata/dcshop/images/thumb_2/701370_337060.png,kg,8708949900,,,,,
eurolub-337xxx-gt-10w-40,,,,,,,,,208 L,,,,,EUROLUB-337208,,shopify,continue,manual,,,TRUE,TRUE,337208,https://eurolub.com/userdata/dcshop/images/thumb_2/701370_337060.png,5,Eurolub 337XXX GT 10W-40,,,,,,,,,,,,,,,,,https://eurolub.com/userdata/dcshop/images/thumb_2/602019_337208.png,kg,8708949900,,,,,
eurolub-337xxx-gt-10w-40,,,,,,,,,1000 L,,,,,EUROLUB-337100,,shopify,continue,manual,,,TRUE,TRUE,337100,https://eurolub.com/userdata/dcshop/images/thumb_2/602019_337208.png,6,Eurolub 337XXX GT 10W-40,,,,,,,,,,,,,,,,,https://eurolub.com/userdata/dcshop/images/thumb_2/998812_211100.png,kg,8708949900,,,,,
eurolub-337xxx-gt-10w-40,,,,,,,,,,,,,,,,,,,,,,,,https://eurolub.com/userdata/dcshop/images/thumb_2/998812_211100.png,7,Eurolub 337XXX GT 10W-40,,,,,,,,,,,,,,,,,,,,,,,,
eurolub-316xxx-synt-5w-40,Eurolub 316XXX SYNT 5W-40,"<h4><strong>Description</strong></h4><p>Synthetic high-performance engine oil for gas and diesel engines used in passenger cars (except pump-jet engines). Best possible oil penetration at all temperatures and in all usage conditions. Fuel-efficient.</p>        <p>&nbsp;</p>        <h4>Compatibility</h4><ul><li>ACEA A3/B4</li><li>API SN</li><li>API CF</li><li>BMW Longlife-01</li><li>MB 226.5</li><li>VW 502.00</li><li>MB 229.3</li><li>VW 505.00</li><li>Porsche A40</li><li>GM LL-B-025</li><li>Fiat 9.55535-M2</li><li>PSA B71 2296</li><li>RN 0700</li><li>RN 0710</li></ul><p>Feel free to contact us at info@mlperformance.co.uk should you wish to double check!</p>        <p>&nbsp;</p>        <h4>Compatibility Check</h4><p>To ensure the part(s) you have ordered fits your vehicle, we run a compatibility check prior to dispatch. We can do this either using your registration number (UK) or the last 7 digits of your VIN. Simply enter your car details prior to checkout.</p>        <p>&nbsp;</p>        <h4>Part Number</h4><p>EUROLUB-316001 (1 L)</p><p>EUROLUB-316005 (5 L)</p><p>EUROLUB-316020 (20 L)</p><p>EUROLUB-316060 (60 L)</p><p>EUROLUB-316208 (208 L)</p><p>EUROLUB-316100 (1000 L)</p>        <p>&nbsp;</p>        <h4>More Information</h4><p><strong>Manufactured by</strong></p><p>Eurolub</p>",Eurolub,Eurolub 316XXX SYNT 5W-40,,"Uploaded by_Muazzim, MLP Discount 2026, Brand_Eurolub, 2026_New Products, Product Type_",TRUE,Options,1 L,,,,,EUROLUB-316001,,shopify,continue,manual,,,TRUE,TRUE,316001,https://eurolub.com/userdata/dcshop/images/thumb_3/848147_316xxx.png,1,Eurolub 316XXX SYNT 5W-40,,Eurolub 316XXX SYNT 5W-40,Get Eurolub 316XXX SYNT 5W-40 for your car to get your desired looks and performance from ML Performance at the lowest price with FREE UK shipping & next day delivery on in stock items. Very cheap prices & good service.,,,,316001,,,new,,,,,,,https://eurolub.com/userdata/dcshop/images/thumb_2/620604_316001.png,kg,8708949900,,,,,active
eurolub-316xxx-synt-5w-40,,,,,,,,,5 L,,,,,EUROLUB-316005,,shopify,continue,manual,,,TRUE,TRUE,316005,https://eurolub.com/userdata/dcshop/images/thumb_2/620604_316001.png,2,Eurolub 316XXX SYNT 5W-40,,,,,,,,,,,,,,,,,https://eurolub.com/userdata/dcshop/images/thumb_2/420986_316005.png,kg,8708949900,,,,,
eurolub-316xxx-synt-5w-40,,,,,,,,,20 L,,,,,EUROLUB-316020,,shopify,continue,manual,,,TRUE,TRUE,316020,https://eurolub.com/userdata/dcshop/images/thumb_2/420986_316005.png,3,Eurolub 316XXX SYNT 5W-40,,,,,,,,,,,,,,,,,https://eurolub.com/userdata/dcshop/images/thumb_2/609832_316020.png,kg,8708949900,,,,,
eurolub-316xxx-synt-5w-40,,,,,,,,,60 L,,,,,EUROLUB-316060,,shopify,continue,manual,,,TRUE,TRUE,316060,https://eurolub.com/userdata/dcshop/images/thumb_2/609832_316020.png,4,Eurolub 316XXX SYNT 5W-40,,,,,,,,,,,,,,,,,https://eurolub.com/userdata/dcshop/images/thumb_2/769952_316060.png,kg,8708949900,,,,,
eurolub-316xxx-synt-5w-40,,,,,,,,,208 L,,,,,EUROLUB-316208,,shopify,continue,manual,,,TRUE,TRUE,316208,https://eurolub.com/userdata/dcshop/images/thumb_2/769952_316060.png,5,Eurolub 316XXX SYNT 5W-40,,,,,,,,,,,,,,,,,https://eurolub.com/userdata/dcshop/images/thumb_2/447846_316208.png,kg,8708949900,,,,,
eurolub-316xxx-synt-5w-40,,,,,,,,,1000 L,,,,,EUROLUB-316100,,shopify,continue,manual,,,TRUE,TRUE,316100,https://eurolub.com/userdata/dcshop/images/thumb_2/447846_316208.png,6,Eurolub 316XXX SYNT 5W-40,,,,,,,,,,,,,,,,,https://eurolub.com/userdata/dcshop/images/thumb_2/834823_211100.png,kg,8708949900,,,,,
eurolub-316xxx-synt-5w-40,,,,,,,,,,,,,,,,,,,,,,,,https://eurolub.com/userdata/dcshop/images/thumb_2/834823_211100.png,7,Eurolub 316XXX SYNT 5W-40,,,,,,,,,,,,,,,,,,,,,,,,
eurolub-393xxx-cleantec-stl-5w-30,Eurolub 393XXX CLEANTEC STL 5W-30,"<h4><strong>Description</strong></h4><p>Modern low viscosity motor oil.</p>        <p>&nbsp;</p>        <h4>Compatibility</h4><ul><li>ACEA C3</li><li>API SN PLUS</li><li>GM dexos2®</li><li>MB 229.31</li><li>MB 229.51</li><li>MB 229.52</li><li>PSA B71 2290</li><li>PSA B71 2297</li><li>STELLANTIS FPW9.55535/03</li></ul><p>Feel free to contact us at info@mlperformance.co.uk should you wish to double check!</p>        <p>&nbsp;</p>        <h4>Compatibility Check</h4><p>To ensure the part(s) you have ordered fits your vehicle, we run a compatibility check prior to dispatch. We can do this either using your registration number (UK) or the last 7 digits of your VIN. Simply enter your car details prior to checkout.</p>        <p>&nbsp;</p>        <h4>Part Number</h4><p>EUROLUB-393001 (1 L)</p><p>EUROLUB-393005 (5 L)</p><p>EUROLUB-393020 (20 L)</p><p>EUROLUB-393060 (60 L)</p><p>EUROLUB-393208 (208 L)</p><p>EUROLUB-393100 (1000 L)</p>        <p>&nbsp;</p>        <h4>More Information</h4><p><strong>Manufactured by</strong></p><p>Eurolub</p>",Eurolub,Eurolub 393XXX CLEANTEC STL 5W-30,,"Uploaded by_Muazzim, MLP Discount 2026, Brand_Eurolub, 2026_New Products, Product Type_",TRUE,Options,1 L,,,,,EUROLUB-393001,,shopify,continue,manual,,,TRUE,TRUE,393001,https://eurolub.com/userdata/dcshop/images/thumb_3/167801_393xxx.png,1,Eurolub 393XXX CLEANTEC STL 5W-30,,Eurolub 393XXX CLEANTEC STL 5W-30,Get Eurolub 393XXX CLEANTEC STL 5W-30 for your car to get your desired looks and performance from ML Performance at the lowest price with FREE UK shipping & next day delivery on in stock items. Very cheap prices & good service.,,,,393001,,,new,,,,,,,https://eurolub.com/userdata/dcshop/images/thumb_2/998474_393001.png,kg,8708949900,,,,,active
eurolub-393xxx-cleantec-stl-5w-30,,,,,,,,,5 L,,,,,EUROLUB-393005,,shopify,continue,manual,,,TRUE,TRUE,393005,https://eurolub.com/userdata/dcshop/images/thumb_2/998474_393001.png,2,Eurolub 393XXX CLEANTEC STL 5W-30,,,,,,,,,,,,,,,,,https://eurolub.com/userdata/dcshop/images/thumb_2/245522_393005.png,kg,8708949900,,,,,
eurolub-393xxx-cleantec-stl-5w-30,,,,,,,,,20 L,,,,,EUROLUB-393020,,shopify,continue,manual,,,TRUE,TRUE,393020,https://eurolub.com/userdata/dcshop/images/thumb_2/245522_393005.png,3,Eurolub 393XXX CLEANTEC STL 5W-30,,,,,,,,,,,,,,,,,https://eurolub.com/userdata/dcshop/images/thumb_2/911838_393020.png,kg,8708949900,,,,,
eurolub-393xxx-cleantec-stl-5w-30,,,,,,,,,60 L,,,,,EUROLUB-393060,,shopify,continue,manual,,,TRUE,TRUE,393060,https://eurolub.com/userdata/dcshop/images/thumb_2/911838_393020.png,4,Eurolub 393XXX CLEANTEC STL 5W-30,,,,,,,,,,,,,,,,,https://eurolub.com/userdata/dcshop/images/thumb_2/142921_393060.png,kg,8708949900,,,,,
eurolub-393xxx-cleantec-stl-5w-30,,,,,,,,,208 L,,,,,EUROLUB-393208,,shopify,continue,manual,,,TRUE,TRUE,393208,https://eurolub.com/userdata/dcshop/images/thumb_2/142921_393060.png,5,Eurolub 393XXX CLEANTEC STL 5W-30,,,,,,,,,,,,,,,,,https://eurolub.com/userdata/dcshop/images/thumb_2/262325_393208.png,kg,8708949900,,,,,
eurolub-393xxx-cleantec-stl-5w-30,,,,,,,,,1000 L,,,,,EUROLUB-393100,,shopify,continue,manual,,,TRUE,TRUE,393100,https://eurolub.com/userdata/dcshop/images/thumb_2/262325_393208.png,6,Eurolub 393XXX CLEANTEC STL 5W-30,,,,,,,,,,,,,,,,,https://eurolub.com/userdata/dcshop/images/thumb_2/941287_393100.png,kg,8708949900,,,,,
eurolub-393xxx-cleantec-stl-5w-30,,,,,,,,,,,,,,,,,,,,,,,,https://eurolub.com/userdata/dcshop/images/thumb_2/941287_393100.png,7,Eurolub 393XXX CLEANTEC STL 5W-30,,,,,,,,,,,,,,,,,,,,,,,,
eurolub-226xxx-super-eco-0w-20,Eurolub 226XXX SUPER ECO 0W-20,"<h4><strong>Description</strong></h4><p>Fuel-saving, specially composed engine oil. Suitable for modern petrol an diesel engines in cars and vans.</p>        <p>&nbsp;</p>        <h4>Compatibility</h4><ul><li>ACEA C5</li><li>API SQ (RC)</li><li>ACEA C6</li><li>MB 229.72</li><li>MB 229.71</li><li>ILSAC GF-7A</li><li>BMW Longlife-14 FE+</li><li>Ford WSS-M2C947-B1</li><li>BMW Longlife-17 FE+</li><li>Ford WSS-M2C954-A1</li><li>Ford WSS-M2C962-A1</li><li>GM dexosD„¢</li><li>Chrysler MS 12145</li><li>OPEL OV0401547-A20</li><li>Volvo VCC RBS0-2AE</li><li>Fiat 9.55535-GSX</li><li>VWC 53037</li></ul><p>Feel free to contact us at info@mlperformance.co.uk should you wish to double check!</p>        <p>&nbsp;</p>        <h4>Compatibility Check</h4><p>To ensure the part(s) you have ordered fits your vehicle, we run a compatibility check prior to dispatch. We can do this either using your registration number (UK) or the last 7 digits of your VIN. Simply enter your car details prior to checkout.</p>        <p>&nbsp;</p>        <h4>Part Number</h4><p>EUROLUB-226001 (1 L)</p><p>EUROLUB-226005 (5 L)</p><p>EUROLUB-226020 (20 L)</p><p>EUROLUB-226060 (60 L)</p><p>EUROLUB-226208 (208 L)</p><p>EUROLUB-226100 (1000 L)</p>        <p>&nbsp;</p>        <h4>More Information</h4><p><strong>Manufactured by</strong></p><p>Eurolub</p>",Eurolub,Eurolub 226XXX SUPER ECO 0W-20,,"Uploaded by_Muazzim, MLP Discount 2026, Brand_Eurolub, 2026_New Products, Product Type_",TRUE,Options,1 L,,,,,EUROLUB-226001,,shopify,continue,manual,,,TRUE,TRUE,226001,https://eurolub.com/userdata/dcshop/images/thumb_3/389175_226xxx.png,1,Eurolub 226XXX SUPER ECO 0W-20,,Eurolub 226XXX SUPER ECO 0W-20,Get Eurolub 226XXX SUPER ECO 0W-20 for your car to get your desired looks and performance from ML Performance at the lowest price with FREE UK shipping & next day delivery on in stock items. Very cheap prices & good service.,,,,226001,,,new,,,,,,,https://eurolub.com/userdata/dcshop/images/thumb_2/91774_226001.png,kg,8708949900,,,,,active
eurolub-226xxx-super-eco-0w-20,,,,,,,,,5 L,,,,,EUROLUB-226005,,shopify,continue,manual,,,TRUE,TRUE,226005,https://eurolub.com/userdata/dcshop/images/thumb_2/91774_226001.png,2,Eurolub 226XXX SUPER ECO 0W-20,,,,,,,,,,,,,,,,,https://eurolub.com/userdata/dcshop/images/thumb_2/699968_226005.png,kg,8708949900,,,,,
eurolub-226xxx-super-eco-0w-20,,,,,,,,,20 L,,,,,EUROLUB-226020,,shopify,continue,manual,,,TRUE,TRUE,226020,https://eurolub.com/userdata/dcshop/images/thumb_2/699968_226005.png,3,Eurolub 226XXX SUPER ECO 0W-20,,,,,,,,,,,,,,,,,https://eurolub.com/userdata/dcshop/images/thumb_2/847320_226020.png,kg,8708949900,,,,,
eurolub-226xxx-super-eco-0w-20,,,,,,,,,60 L,,,,,EUROLUB-226060,,shopify,continue,manual,,,TRUE,TRUE,226060,https://eurolub.com/userdata/dcshop/images/thumb_2/847320_226020.png,4,Eurolub 226XXX SUPER ECO 0W-20,,,,,,,,,,,,,,,,,https://eurolub.com/userdata/dcshop/images/thumb_2/635997_226060.png,kg,8708949900,,,,,
eurolub-226xxx-super-eco-0w-20,,,,,,,,,208 L,,,,,EUROLUB-226208,,shopify,continue,manual,,,TRUE,TRUE,226208,https://eurolub.com/userdata/dcshop/images/thumb_2/635997_226060.png,5,Eurolub 226XXX SUPER ECO 0W-20,,,,,,,,,,,,,,,,,https://eurolub.com/userdata/dcshop/images/thumb_2/645177_226208.png,kg,8708949900,,,,,
eurolub-226xxx-super-eco-0w-20,,,,,,,,,1000 L,,,,,EUROLUB-226100,,shopify,continue,manual,,,TRUE,TRUE,226100,https://eurolub.com/userdata/dcshop/images/thumb_2/645177_226208.png,6,Eurolub 226XXX SUPER ECO 0W-20,,,,,,,,,,,,,,,,,https://eurolub.com/userdata/dcshop/images/thumb_2/7826_211100.png,kg,8708949900,,,,,
eurolub-226xxx-super-eco-0w-20,,,,,,,,,,,,,,,,,,,,,,,,https://eurolub.com/userdata/dcshop/images/thumb_2/7826_211100.png,7,Eurolub 226XXX SUPER ECO 0W-20,,,,,,,,,,,,,,,,,,,,,,,,
eurolub-215xxx-eco-fe-ll4-0w-20,Eurolub 215XXX ECO FE LL4 0W-20,"<h4><strong>Description</strong></h4><p>Motor oil developed for VAG models for extreme fuel-saving.</p>        <p>&nbsp;</p>        <h4>Compatibility</h4><ul><li>ACEA C5</li><li>VW 508.00</li><li>VW 509.00</li><li>Porsche C20</li><li>Ford WSS-M2C956-A1</li></ul><p>Feel free to contact us at info@mlperformance.co.uk should you wish to double check!</p>        <p>&nbsp;</p>        <h4>Compatibility Check</h4><p>To ensure the part(s) you have ordered fits your vehicle, we run a compatibility check prior to dispatch. We can do this either using your registration number (UK) or the last 7 digits of your VIN. Simply enter your car details prior to checkout.</p>        <p>&nbsp;</p>        <h4>Part Number</h4><p>EUROLUB-215001 (1 L)</p><p>EUROLUB-215005 (5 L)</p><p>EUROLUB-215020 (20 L)</p><p>EUROLUB-215060 (60 L)</p><p>EUROLUB-215208 (208 L)</p><p>EUROLUB-215100 (1000 L)</p>        <p>&nbsp;</p>        <h4>More Information</h4><p><strong>Manufactured by</strong></p><p>Eurolub</p>",Eurolub,Eurolub 215XXX ECO FE LL4 0W-20,,"Uploaded by_Muazzim, MLP Discount 2026, Brand_Eurolub, 2026_New Products, Product Type_",TRUE,Options,1 L,,,,,EUROLUB-215001,,shopify,continue,manual,,,TRUE,TRUE,215001,https://eurolub.com/userdata/dcshop/images/thumb_3/945439_215xxx.png,1,Eurolub 215XXX ECO FE LL4 0W-20,,Eurolub 215XXX ECO FE LL4 0W-20,Get Eurolub 215XXX ECO FE LL4 0W-20 for your car to get your desired looks and performance from ML Performance at the lowest price with FREE UK shipping & next day delivery on in stock items. Very cheap prices & good service.,,,,215001,,,new,,,,,,,https://eurolub.com/userdata/dcshop/images/thumb_2/90941_215001.png,kg,8708949900,,,,,active
eurolub-215xxx-eco-fe-ll4-0w-20,,,,,,,,,5 L,,,,,EUROLUB-215005,,shopify,continue,manual,,,TRUE,TRUE,215005,https://eurolub.com/userdata/dcshop/images/thumb_2/90941_215001.png,2,Eurolub 215XXX ECO FE LL4 0W-20,,,,,,,,,,,,,,,,,https://eurolub.com/userdata/dcshop/images/thumb_2/841790_215005.png,kg,8708949900,,,,,
eurolub-215xxx-eco-fe-ll4-0w-20,,,,,,,,,20 L,,,,,EUROLUB-215020,,shopify,continue,manual,,,TRUE,TRUE,215020,https://eurolub.com/userdata/dcshop/images/thumb_2/841790_215005.png,3,Eurolub 215XXX ECO FE LL4 0W-20,,,,,,,,,,,,,,,,,https://eurolub.com/userdata/dcshop/images/thumb_2/515582_215020.png,kg,8708949900,,,,,
eurolub-215xxx-eco-fe-ll4-0w-20,,,,,,,,,60 L,,,,,EUROLUB-215060,,shopify,continue,manual,,,TRUE,TRUE,215060,https://eurolub.com/userdata/dcshop/images/thumb_2/515582_215020.png,4,Eurolub 215XXX ECO FE LL4 0W-20,,,,,,,,,,,,,,,,,https://eurolub.com/userdata/dcshop/images/thumb_2/518679_215060.png,kg,8708949900,,,,,
eurolub-215xxx-eco-fe-ll4-0w-20,,,,,,,,,208 L,,,,,EUROLUB-215208,,shopify,continue,manual,,,TRUE,TRUE,215208,https://eurolub.com/userdata/dcshop/images/thumb_2/518679_215060.png,5,Eurolub 215XXX ECO FE LL4 0W-20,,,,,,,,,,,,,,,,,https://eurolub.com/userdata/dcshop/images/thumb_2/795424_215208.png,kg,8708949900,,,,,
eurolub-215xxx-eco-fe-ll4-0w-20,,,,,,,,,1000 L,,,,,EUROLUB-215100,,shopify,continue,manual,,,TRUE,TRUE,215100,https://eurolub.com/userdata/dcshop/images/thumb_2/795424_215208.png,6,Eurolub 215XXX ECO FE LL4 0W-20,,,,,,,,,,,,,,,,,https://eurolub.com/userdata/dcshop/images/thumb_2/114144_211100.png,kg,8708949900,,,,,
eurolub-215xxx-eco-fe-ll4-0w-20,,,,,,,,,,,,,,,,,,,,,,,,https://eurolub.com/userdata/dcshop/images/thumb_2/114144_211100.png,7,Eurolub 215XXX ECO FE LL4 0W-20,,,,,,,,,,,,,,,,,,,,,,,,
eurolub-395xxx-synt-m-5w-40,Eurolub 395XXX SYNT M 5W-40,"<h4><strong>Description</strong></h4><p>State-of-the-art modern technology-based, premium, multi-grade, engine oil for use in car petrol and diesel engines according to manufacturer´s instructions.</p>        <p>&nbsp;</p>        <h4>Compatibility</h4><ul><li>ACEA A3/B4</li><li>API SN</li><li>API CF</li><li>MB 229.3</li><li>BMW Longlife-01</li><li>MB 229.5</li><li>VW 502.00</li><li>VW 505.00</li><li>Porsche A40</li><li>RN 0700</li><li>RN 0710</li><li>Fiat 9.55535-H2</li><li>Fiat 9.55535-M2</li><li>GM LL-B-025</li><li>PSA B71 2296</li></ul><p>Feel free to contact us at info@mlperformance.co.uk should you wish to double check!</p>        <p>&nbsp;</p>        <h4>Compatibility Check</h4><p>To ensure the part(s) you have ordered fits your vehicle, we run a compatibility check prior to dispatch. We can do this either using your registration number (UK) or the last 7 digits of your VIN. Simply enter your car details prior to checkout.</p>        <p>&nbsp;</p>        <h4>Part Number</h4><p>EUROLUB-395001 (1 L)</p><p>EUROLUB-395005 (5 L)</p><p>EUROLUB-395020 (20 L)</p><p>EUROLUB-395060 (60 L)</p><p>EUROLUB-395208 (208 L)</p><p>EUROLUB-395100 (1000 L)</p>        <p>&nbsp;</p>        <h4>More Information</h4><p><strong>Manufactured by</strong></p><p>Eurolub</p>",Eurolub,Eurolub 395XXX SYNT M 5W-40,,"Uploaded by_Muazzim, MLP Discount 2026, Brand_Eurolub, 2026_New Products, Product Type_",TRUE,Options,1 L,,,,,EUROLUB-395001,,shopify,continue,manual,,,TRUE,TRUE,395001,https://eurolub.com/userdata/dcshop/images/thumb_3/236247_395xxx.png,1,Eurolub 395XXX SYNT M 5W-40,,Eurolub 395XXX SYNT M 5W-40,Get Eurolub 395XXX SYNT M 5W-40 for your car to get your desired looks and performance from ML Performance at the lowest price with FREE UK shipping & next day delivery on in stock items. Very cheap prices & good service.,,,,395001,,,new,,,,,,,https://eurolub.com/userdata/dcshop/images/thumb_2/276616_395001.png,kg,8708949900,,,,,active
eurolub-395xxx-synt-m-5w-40,,,,,,,,,5 L,,,,,EUROLUB-395005,,shopify,continue,manual,,,TRUE,TRUE,395005,https://eurolub.com/userdata/dcshop/images/thumb_2/276616_395001.png,2,Eurolub 395XXX SYNT M 5W-40,,,,,,,,,,,,,,,,,https://eurolub.com/userdata/dcshop/images/thumb_2/357388_395005.png,kg,8708949900,,,,,
eurolub-395xxx-synt-m-5w-40,,,,,,,,,20 L,,,,,EUROLUB-395020,,shopify,continue,manual,,,TRUE,TRUE,395020,https://eurolub.com/userdata/dcshop/images/thumb_2/357388_395005.png,3,Eurolub 395XXX SYNT M 5W-40,,,,,,,,,,,,,,,,,https://eurolub.com/userdata/dcshop/images/thumb_2/652098_395020.png,kg,8708949900,,,,,
eurolub-395xxx-synt-m-5w-40,,,,,,,,,60 L,,,,,EUROLUB-395060,,shopify,continue,manual,,,TRUE,TRUE,395060,https://eurolub.com/userdata/dcshop/images/thumb_2/652098_395020.png,4,Eurolub 395XXX SYNT M 5W-40,,,,,,,,,,,,,,,,,https://eurolub.com/userdata/dcshop/images/thumb_2/492665_395060.png,kg,8708949900,,,,,
eurolub-395xxx-synt-m-5w-40,,,,,,,,,208 L,,,,,EUROLUB-395208,,shopify,continue,manual,,,TRUE,TRUE,395208,https://eurolub.com/userdata/dcshop/images/thumb_2/492665_395060.png,5,Eurolub 395XXX SYNT M 5W-40,,,,,,,,,,,,,,,,,https://eurolub.com/userdata/dcshop/images/thumb_2/593014_395208.png,kg,8708949900,,,,,
eurolub-395xxx-synt-m-5w-40,,,,,,,,,1000 L,,,,,EUROLUB-395100,,shopify,continue,manual,,,TRUE,TRUE,395100,https://eurolub.com/userdata/dcshop/images/thumb_2/593014_395208.png,6,Eurolub 395XXX SYNT M 5W-40,,,,,,,,,,,,,,,,,https://eurolub.com/userdata/dcshop/images/thumb_2/300048_211100.png,kg,8708949900,,,,,
eurolub-395xxx-synt-m-5w-40,,,,,,,,,,,,,,,,,,,,,,,,https://eurolub.com/userdata/dcshop/images/thumb_2/300048_211100.png,7,Eurolub 395XXX SYNT M 5W-40,,,,,,,,,,,,,,,,,,,,,,,,
eurolub-308xxx-synt-pdi-5w-40,Eurolub 308XXX SYNT PDI 5W-40,"<h4><strong>Description</strong></h4><p>Modern based, multi-grade engine oil for car petrol and diesel engines with and without turbocharger including soot particle filter according to manufacturer´s instructions.</p>        <p>&nbsp;</p>        <h4>Compatibility</h4><ul><li>ACEA C3</li><li>API SN</li><li>API CF</li><li>BMW Longlife-04</li><li>MB 229.51</li><li>MB 229.31</li><li>VW 505.00</li><li>VW 505.01</li><li>GM dexos2®</li><li>Ford WSS-M2C917-A</li><li>RN 0700</li><li>RN 0710</li><li>Porsche A40</li><li>Fiat 9.55535-S2</li></ul><p>Feel free to contact us at info@mlperformance.co.uk should you wish to double check!</p>        <p>&nbsp;</p>        <h4>Compatibility Check</h4><p>To ensure the part(s) you have ordered fits your vehicle, we run a compatibility check prior to dispatch. We can do this either using your registration number (UK) or the last 7 digits of your VIN. Simply enter your car details prior to checkout.</p>        <p>&nbsp;</p>        <h4>Part Number</h4><p>EUROLUB-308001 (1 L)</p><p>EUROLUB-308005 (5 L)</p><p>EUROLUB-308020 (20 L)</p><p>EUROLUB-308060 (60 L)</p><p>EUROLUB-308208 (208 L)</p><p>EUROLUB-308100 (1000 L)</p>        <p>&nbsp;</p>        <h4>More Information</h4><p><strong>Manufactured by</strong></p><p>Eurolub</p>",Eurolub,Eurolub 308XXX SYNT PDI 5W-40,,"Uploaded by_Muazzim, MLP Discount 2026, Brand_Eurolub, 2026_New Products, Product Type_",TRUE,Options,1 L,,,,,EUROLUB-308001,,shopify,continue,manual,,,TRUE,TRUE,308001,https://eurolub.com/userdata/dcshop/images/thumb_3/899345_308xxx.png,1,Eurolub 308XXX SYNT PDI 5W-40,,Eurolub 308XXX SYNT PDI 5W-40,Get Eurolub 308XXX SYNT PDI 5W-40 for your car to get your desired looks and performance from ML Performance at the lowest price with FREE UK shipping & next day delivery on in stock items. Very cheap prices & good service.,,,,308001,,,new,,,,,,,https://eurolub.com/userdata/dcshop/images/thumb_2/454654_308001.png,kg,8708949900,,,,,active
eurolub-308xxx-synt-pdi-5w-40,,,,,,,,,5 L,,,,,EUROLUB-308005,,shopify,continue,manual,,,TRUE,TRUE,308005,https://eurolub.com/userdata/dcshop/images/thumb_2/454654_308001.png,2,Eurolub 308XXX SYNT PDI 5W-40,,,,,,,,,,,,,,,,,https://eurolub.com/userdata/dcshop/images/thumb_2/620838_308005.png,kg,8708949900,,,,,
eurolub-308xxx-synt-pdi-5w-40,,,,,,,,,20 L,,,,,EUROLUB-308020,,shopify,continue,manual,,,TRUE,TRUE,308020,https://eurolub.com/userdata/dcshop/images/thumb_2/620838_308005.png,3,Eurolub 308XXX SYNT PDI 5W-40,,,,,,,,,,,,,,,,,https://eurolub.com/userdata/dcshop/images/thumb_2/41759_308020.png,kg,8708949900,,,,,
eurolub-308xxx-synt-pdi-5w-40,,,,,,,,,60 L,,,,,EUROLUB-308060,,shopify,continue,manual,,,TRUE,TRUE,308060,https://eurolub.com/userdata/dcshop/images/thumb_2/41759_308020.png,4,Eurolub 308XXX SYNT PDI 5W-40,,,,,,,,,,,,,,,,,https://eurolub.com/userdata/dcshop/images/thumb_2/142038_308060.png,kg,8708949900,,,,,
eurolub-308xxx-synt-pdi-5w-40,,,,,,,,,208 L,,,,,EUROLUB-308208,,shopify,continue,manual,,,TRUE,TRUE,308208,https://eurolub.com/userdata/dcshop/images/thumb_2/142038_308060.png,5,Eurolub 308XXX SYNT PDI 5W-40,,,,,,,,,,,,,,,,,https://eurolub.com/userdata/dcshop/images/thumb_2/737072_308208.png,kg,8708949900,,,,,
eurolub-308xxx-synt-pdi-5w-40,,,,,,,,,1000 L,,,,,EUROLUB-308100,,shopify,continue,manual,,,TRUE,TRUE,308100,https://eurolub.com/userdata/dcshop/images/thumb_2/737072_308208.png,6,Eurolub 308XXX SYNT PDI 5W-40,,,,,,,,,,,,,,,,,https://eurolub.com/userdata/dcshop/images/thumb_2/942159_211100.png,kg,8708949900,,,,,
eurolub-308xxx-synt-pdi-5w-40,,,,,,,,,,,,,,,,,,,,,,,,https://eurolub.com/userdata/dcshop/images/thumb_2/942159_211100.png,7,Eurolub 308XXX SYNT PDI 5W-40,,,,,,,,,,,,,,,,,,,,,,,,
eurolub-319xxx-multitec-fo-0w-30,Eurolub 319XXX MULTITEC FO 0W-30,"<h4><strong>Description</strong></h4><p>State-of-the-art low-viscosity oil of the latest generation. Use according to manufacturer specifications.</p>        <p>&nbsp;</p>        <h4>Compatibility</h4><ul><li>ACEA C2</li><li>Ford WSS-M2C950-A</li><li>STJLR.03.5007</li><li>VWC 53035</li></ul><p>Feel free to contact us at info@mlperformance.co.uk should you wish to double check!</p>        <p>&nbsp;</p>        <h4>Compatibility Check</h4><p>To ensure the part(s) you have ordered fits your vehicle, we run a compatibility check prior to dispatch. We can do this either using your registration number (UK) or the last 7 digits of your VIN. Simply enter your car details prior to checkout.</p>        <p>&nbsp;</p>        <h4>Part Number</h4><p>EUROLUB-319001 (1 L)</p><p>EUROLUB-319005 (5 L)</p><p>EUROLUB-319020 (20 L)</p><p>EUROLUB-319060 (60 L)</p><p>EUROLUB-319208 (208 L)</p><p>EUROLUB-319100 (1000 L)</p>        <p>&nbsp;</p>        <h4>More Information</h4><p><strong>Manufactured by</strong></p><p>Eurolub</p>",Eurolub,Eurolub 319XXX MULTITEC FO 0W-30,,"Uploaded by_Muazzim, MLP Discount 2026, Brand_Eurolub, 2026_New Products, Product Type_",TRUE,Options,1 L,,,,,EUROLUB-319001,,shopify,continue,manual,,,TRUE,TRUE,319001,https://eurolub.com/userdata/dcshop/images/thumb_3/516100_319xxx.png,1,Eurolub 319XXX MULTITEC FO 0W-30,,Eurolub 319XXX MULTITEC FO 0W-30,Get Eurolub 319XXX MULTITEC FO 0W-30 for your car to get your desired looks and performance from ML Performance at the lowest price with FREE UK shipping & next day delivery on in stock items. Very cheap prices & good service.,,,,319001,,,new,,,,,,,https://eurolub.com/userdata/dcshop/images/thumb_2/534382_319001.png,kg,8708949900,,,,,active
eurolub-319xxx-multitec-fo-0w-30,,,,,,,,,5 L,,,,,EUROLUB-319005,,shopify,continue,manual,,,TRUE,TRUE,319005,https://eurolub.com/userdata/dcshop/images/thumb_2/534382_319001.png,2,Eurolub 319XXX MULTITEC FO 0W-30,,,,,,,,,,,,,,,,,https://eurolub.com/userdata/dcshop/images/thumb_2/232788_319005.png,kg,8708949900,,,,,
eurolub-319xxx-multitec-fo-0w-30,,,,,,,,,20 L,,,,,EUROLUB-319020,,shopify,continue,manual,,,TRUE,TRUE,319020,https://eurolub.com/userdata/dcshop/images/thumb_2/232788_319005.png,3,Eurolub 319XXX MULTITEC FO 0W-30,,,,,,,,,,,,,,,,,https://eurolub.com/userdata/dcshop/images/thumb_2/738629_319020.png,kg,8708949900,,,,,
eurolub-319xxx-multitec-fo-0w-30,,,,,,,,,60 L,,,,,EUROLUB-319060,,shopify,continue,manual,,,TRUE,TRUE,319060,https://eurolub.com/userdata/dcshop/images/thumb_2/738629_319020.png,4,Eurolub 319XXX MULTITEC FO 0W-30,,,,,,,,,,,,,,,,,https://eurolub.com/userdata/dcshop/images/thumb_2/174962_319060.png,kg,8708949900,,,,,
eurolub-319xxx-multitec-fo-0w-30,,,,,,,,,208 L,,,,,EUROLUB-319208,,shopify,continue,manual,,,TRUE,TRUE,319208,https://eurolub.com/userdata/dcshop/images/thumb_2/174962_319060.png,5,Eurolub 319XXX MULTITEC FO 0W-30,,,,,,,,,,,,,,,,,https://eurolub.com/userdata/dcshop/images/thumb_2/408919_319208.png,kg,8708949900,,,,,
eurolub-319xxx-multitec-fo-0w-30,,,,,,,,,1000 L,,,,,EUROLUB-319100,,shopify,continue,manual,,,TRUE,TRUE,319100,https://eurolub.com/userdata/dcshop/images/thumb_2/408919_319208.png,6,Eurolub 319XXX MULTITEC FO 0W-30,,,,,,,,,,,,,,,,,https://eurolub.com/userdata/dcshop/images/thumb_2/647336_211100.png,kg,8708949900,,,,,
eurolub-319xxx-multitec-fo-0w-30,,,,,,,,,,,,,,,,,,,,,,,,https://eurolub.com/userdata/dcshop/images/thumb_2/647336_211100.png,7,Eurolub 319XXX MULTITEC FO 0W-30,,,,,,,,,,,,,,,,,,,,,,,,
eurolub-254xxx-wiv-eco-pro-5w-30,Eurolub 254XXX WIV ECO PRO 5W-30,"<h4><strong>Description</strong></h4><p>High-end engine oil modern technology-based.</p>        <p>&nbsp;</p>        <h4>Compatibility</h4><ul><li>ACEA C3</li><li>API SP</li><li>BMW Longlife-04</li><li>MB 229.31</li><li>MB 229.51</li><li>VW 504.00</li><li>MB 229.52</li><li>VW 507.00</li><li>Porsche C30</li><li>Opel OV0401547-G30</li><li>Opel OV0401547-D30</li><li>GM dexos1® Gen. 2</li><li>GM dexos2®</li></ul><p>Feel free to contact us at info@mlperformance.co.uk should you wish to double check!</p>        <p>&nbsp;</p>        <h4>Compatibility Check</h4><p>To ensure the part(s) you have ordered fits your vehicle, we run a compatibility check prior to dispatch. We can do this either using your registration number (UK) or the last 7 digits of your VIN. Simply enter your car details prior to checkout.</p>        <p>&nbsp;</p>        <h4>Part Number</h4><p>EUROLUB-254001 (1 L)</p><p>EUROLUB-254005 (5 L)</p><p>EUROLUB-254020 (20 L)</p><p>EUROLUB-254060 (60 L)</p><p>EUROLUB-254208 (208 L)</p><p>EUROLUB-254100 (1000 L)</p>        <p>&nbsp;</p>        <h4>More Information</h4><p><strong>Manufactured by</strong></p><p>Eurolub</p>",Eurolub,Eurolub 254XXX WIV ECO PRO 5W-30,,"Uploaded by_Muazzim, MLP Discount 2026, Brand_Eurolub, 2026_New Products, Product Type_",TRUE,Options,1 L,,,,,EUROLUB-254001,,shopify,continue,manual,,,TRUE,TRUE,254001,https://eurolub.com/userdata/dcshop/images/thumb_3/138573_254xxx.png,1,Eurolub 254XXX WIV ECO PRO 5W-30,,Eurolub 254XXX WIV ECO PRO 5W-30,Get Eurolub 254XXX WIV ECO PRO 5W-30 for your car to get your desired looks and performance from ML Performance at the lowest price with FREE UK shipping & next day delivery on in stock items. Very cheap prices & good service.,,,,254001,,,new,,,,,,,https://eurolub.com/userdata/dcshop/images/thumb_2/912446_254001.png,kg,8708949900,,,,,active
eurolub-254xxx-wiv-eco-pro-5w-30,,,,,,,,,5 L,,,,,EUROLUB-254005,,shopify,continue,manual,,,TRUE,TRUE,254005,https://eurolub.com/userdata/dcshop/images/thumb_2/912446_254001.png,2,Eurolub 254XXX WIV ECO PRO 5W-30,,,,,,,,,,,,,,,,,https://eurolub.com/userdata/dcshop/images/thumb_2/762124_254005.png,kg,8708949900,,,,,
eurolub-254xxx-wiv-eco-pro-5w-30,,,,,,,,,20 L,,,,,EUROLUB-254020,,shopify,continue,manual,,,TRUE,TRUE,254020,https://eurolub.com/userdata/dcshop/images/thumb_2/762124_254005.png,3,Eurolub 254XXX WIV ECO PRO 5W-30,,,,,,,,,,,,,,,,,https://eurolub.com/userdata/dcshop/images/thumb_2/855628_254020.png,kg,8708949900,,,,,
eurolub-254xxx-wiv-eco-pro-5w-30,,,,,,,,,60 L,,,,,EUROLUB-254060,,shopify,continue,manual,,,TRUE,TRUE,254060,https://eurolub.com/userdata/dcshop/images/thumb_2/855628_254020.png,4,Eurolub 254XXX WIV ECO PRO 5W-30,,,,,,,,,,,,,,,,,https://eurolub.com/userdata/dcshop/images/thumb_2/987180_254060.png,kg,8708949900,,,,,
eurolub-254xxx-wiv-eco-pro-5w-30,,,,,,,,,208 L,,,,,EUROLUB-254208,,shopify,continue,manual,,,TRUE,TRUE,254208,https://eurolub.com/userdata/dcshop/images/thumb_2/987180_254060.png,5,Eurolub 254XXX WIV ECO PRO 5W-30,,,,,,,,,,,,,,,,,https://eurolub.com/userdata/dcshop/images/thumb_2/316372_254208.png,kg,8708949900,,,,,
eurolub-254xxx-wiv-eco-pro-5w-30,,,,,,,,,1000 L,,,,,EUROLUB-254100,,shopify,continue,manual,,,TRUE,TRUE,254100,https://eurolub.com/userdata/dcshop/images/thumb_2/316372_254208.png,6,Eurolub 254XXX WIV ECO PRO 5W-30,,,,,,,,,,,,,,,,,https://eurolub.com/userdata/dcshop/images/thumb_2/602799_211100.png,kg,8708949900,,,,,
eurolub-254xxx-wiv-eco-pro-5w-30,,,,,,,,,,,,,,,,,,,,,,,,https://eurolub.com/userdata/dcshop/images/thumb_2/602799_211100.png,7,Eurolub 254XXX WIV ECO PRO 5W-30,,,,,,,,,,,,,,,,,,,,,,,,
eurolub-219xxx-eco-ps-c-0w-30,Eurolub 219XXX ECO PS-C 0W-30,"<h4><strong>Description</strong></h4><p>State-of-the-art motor oil for vehicles of the PSA group.</p>        <p>&nbsp;</p>        <h4>Compatibility</h4><ul><li>API CF</li><li>API SN PLUS RC</li><li>ACEA C2</li><li>PSA B71 2312</li><li>Fiat 9.55535-DS1</li><li>Fiat 9.55535-GS1</li><li>Iveco 18-1811 SC1 LV</li></ul><p>Feel free to contact us at info@mlperformance.co.uk should you wish to double check!</p>        <p>&nbsp;</p>        <h4>Compatibility Check</h4><p>To ensure the part(s) you have ordered fits your vehicle, we run a compatibility check prior to dispatch. We can do this either using your registration number (UK) or the last 7 digits of your VIN. Simply enter your car details prior to checkout.</p>        <p>&nbsp;</p>        <h4>Part Number</h4><p>EUROLUB-219001 (1 L)</p><p>EUROLUB-219005 (5 L)</p><p>EUROLUB-219020 (20 L)</p><p>EUROLUB-219060 (60 L)</p><p>EUROLUB-219208 (208 L)</p><p>EUROLUB-219100 (1000 L)</p>        <p>&nbsp;</p>        <h4>More Information</h4><p><strong>Manufactured by</strong></p><p>Eurolub</p>",Eurolub,Eurolub 219XXX ECO PS-C 0W-30,,"Uploaded by_Muazzim, MLP Discount 2026, Brand_Eurolub, 2026_New Products, Product Type_",TRUE,Options,1 L,,,,,EUROLUB-219001,,shopify,continue,manual,,,TRUE,TRUE,219001,https://eurolub.com/userdata/dcshop/images/thumb_3/593712_219xxx.png,1,Eurolub 219XXX ECO PS-C 0W-30,,Eurolub 219XXX ECO PS-C 0W-30,Get Eurolub 219XXX ECO PS-C 0W-30 for your car to get your desired looks and performance from ML Performance at the lowest price with FREE UK shipping & next day delivery on in stock items. Very cheap prices & good service.,,,,219001,,,new,,,,,,,https://eurolub.com/userdata/dcshop/images/thumb_2/728538_219001.png,kg,8708949900,,,,,active
eurolub-219xxx-eco-ps-c-0w-30,,,,,,,,,5 L,,,,,EUROLUB-219005,,shopify,continue,manual,,,TRUE,TRUE,219005,https://eurolub.com/userdata/dcshop/images/thumb_2/728538_219001.png,2,Eurolub 219XXX ECO PS-C 0W-30,,,,,,,,,,,,,,,,,https://eurolub.com/userdata/dcshop/images/thumb_2/479321_219005.png,kg,8708949900,,,,,
eurolub-219xxx-eco-ps-c-0w-30,,,,,,,,,20 L,,,,,EUROLUB-219020,,shopify,continue,manual,,,TRUE,TRUE,219020,https://eurolub.com/userdata/dcshop/images/thumb_2/479321_219005.png,3,Eurolub 219XXX ECO PS-C 0W-30,,,,,,,,,,,,,,,,,https://eurolub.com/userdata/dcshop/images/thumb_2/371441_219020.png,kg,8708949900,,,,,
eurolub-219xxx-eco-ps-c-0w-30,,,,,,,,,60 L,,,,,EUROLUB-219060,,shopify,continue,manual,,,TRUE,TRUE,219060,https://eurolub.com/userdata/dcshop/images/thumb_2/371441_219020.png,4,Eurolub 219XXX ECO PS-C 0W-30,,,,,,,,,,,,,,,,,https://eurolub.com/userdata/dcshop/images/thumb_2/670245_219060.png,kg,8708949900,,,,,
eurolub-219xxx-eco-ps-c-0w-30,,,,,,,,,208 L,,,,,EUROLUB-219208,,shopify,continue,manual,,,TRUE,TRUE,219208,https://eurolub.com/userdata/dcshop/images/thumb_2/670245_219060.png,5,Eurolub 219XXX ECO PS-C 0W-30,,,,,,,,,,,,,,,,,https://eurolub.com/userdata/dcshop/images/thumb_2/457631_219208.png,kg,8708949900,,,,,
eurolub-219xxx-eco-ps-c-0w-30,,,,,,,,,1000 L,,,,,EUROLUB-219100,,shopify,continue,manual,,,TRUE,TRUE,219100,https://eurolub.com/userdata/dcshop/images/thumb_2/457631_219208.png,6,Eurolub 219XXX ECO PS-C 0W-30,,,,,,,,,,,,,,,,,https://eurolub.com/userdata/dcshop/images/thumb_2/844075_211100.png,kg,8708949900,,,,,
eurolub-219xxx-eco-ps-c-0w-30,,,,,,,,,,,,,,,,,,,,,,,,https://eurolub.com/userdata/dcshop/images/thumb_2/844075_211100.png,7,Eurolub 219XXX ECO PS-C 0W-30,,,,,,,,,,,,,,,,,,,,,,,,
eurolub-385xxx-cleantec-dxs-5w-30,Eurolub 385XXX CLEANTEC DXS 5W-30,"<h4><strong>Description</strong></h4><p>Specially developed for modern cars that require the specification GM dexos 1 Gen 3.</p>        <p>&nbsp;</p>        <h4>Compatibility</h4><ul><li>GM dexos1® Gen. 3</li><li>API SQ (RC)</li><li>ILSAC GF-7A</li><li>Ford WSS-M2C946-A/-B1</li><li>Ford WSS-M2C929-A</li><li>GM 6094M</li><li>Chrysler MS 13340</li><li>Ford WSS-M2C961-A1</li><li>Chrysler MS 6395</li><li>Fiat 9.55535-CR1</li><li>VWC 53034</li></ul><p>Feel free to contact us at info@mlperformance.co.uk should you wish to double check!</p>        <p>&nbsp;</p>        <h4>Compatibility Check</h4><p>To ensure the part(s) you have ordered fits your vehicle, we run a compatibility check prior to dispatch. We can do this either using your registration number (UK) or the last 7 digits of your VIN. Simply enter your car details prior to checkout.</p>        <p>&nbsp;</p>        <h4>Part Number</h4><p>EUROLUB-385001 (1 L)</p><p>EUROLUB-385005 (5 L)</p><p>EUROLUB-385020 (20 L)</p><p>EUROLUB-385060 (60 L)</p><p>EUROLUB-385208 (208 L)</p><p>EUROLUB-385100 (1000 L)</p>        <p>&nbsp;</p>        <h4>More Information</h4><p><strong>Manufactured by</strong></p><p>Eurolub</p>",Eurolub,Eurolub 385XXX CLEANTEC DXS 5W-30,,"Uploaded by_Muazzim, MLP Discount 2026, Brand_Eurolub, 2026_New Products, Product Type_",TRUE,Options,1 L,,,,,EUROLUB-385001,,shopify,continue,manual,,,TRUE,TRUE,385001,https://eurolub.com/userdata/dcshop/images/thumb_3/261673_385xxx.png,1,Eurolub 385XXX CLEANTEC DXS 5W-30,,Eurolub 385XXX CLEANTEC DXS 5W-30,Get Eurolub 385XXX CLEANTEC DXS 5W-30 for your car to get your desired looks and performance from ML Performance at the lowest price with FREE UK shipping & next day delivery on in stock items. Very cheap prices & good service.,,,,385001,,,new,,,,,,,https://eurolub.com/userdata/dcshop/images/thumb_2/929649_385001.png,kg,8708949900,,,,,active
eurolub-385xxx-cleantec-dxs-5w-30,,,,,,,,,5 L,,,,,EUROLUB-385005,,shopify,continue,manual,,,TRUE,TRUE,385005,https://eurolub.com/userdata/dcshop/images/thumb_2/929649_385001.png,2,Eurolub 385XXX CLEANTEC DXS 5W-30,,,,,,,,,,,,,,,,,https://eurolub.com/userdata/dcshop/images/thumb_2/663352_385005.png,kg,8708949900,,,,,
eurolub-385xxx-cleantec-dxs-5w-30,,,,,,,,,20 L,,,,,EUROLUB-385020,,shopify,continue,manual,,,TRUE,TRUE,385020,https://eurolub.com/userdata/dcshop/images/thumb_2/663352_385005.png,3,Eurolub 385XXX CLEANTEC DXS 5W-30,,,,,,,,,,,,,,,,,https://eurolub.com/userdata/dcshop/images/thumb_2/266520_385020.png,kg,8708949900,,,,,
eurolub-385xxx-cleantec-dxs-5w-30,,,,,,,,,60 L,,,,,EUROLUB-385060,,shopify,continue,manual,,,TRUE,TRUE,385060,https://eurolub.com/userdata/dcshop/images/thumb_2/266520_385020.png,4,Eurolub 385XXX CLEANTEC DXS 5W-30,,,,,,,,,,,,,,,,,https://eurolub.com/userdata/dcshop/images/thumb_2/390760_385060.png,kg,8708949900,,,,,
eurolub-385xxx-cleantec-dxs-5w-30,,,,,,,,,208 L,,,,,EUROLUB-385208,,shopify,continue,manual,,,TRUE,TRUE,385208,https://eurolub.com/userdata/dcshop/images/thumb_2/390760_385060.png,5,Eurolub 385XXX CLEANTEC DXS 5W-30,,,,,,,,,,,,,,,,,https://eurolub.com/userdata/dcshop/images/thumb_2/465352_385208.png,kg,8708949900,,,,,
eurolub-385xxx-cleantec-dxs-5w-30,,,,,,,,,1000 L,,,,,EUROLUB-385100,,shopify,continue,manual,,,TRUE,TRUE,385100,https://eurolub.com/userdata/dcshop/images/thumb_2/465352_385208.png,6,Eurolub 385XXX CLEANTEC DXS 5W-30,,,,,,,,,,,,,,,,,https://eurolub.com/userdata/dcshop/images/thumb_2/217516_211100.png,kg,8708949900,,,,,
eurolub-385xxx-cleantec-dxs-5w-30,,,,,,,,,,,,,,,,,,,,,,,,https://eurolub.com/userdata/dcshop/images/thumb_2/217516_211100.png,7,Eurolub 385XXX CLEANTEC DXS 5W-30,,,,,,,,,,,,,,,,,,,,,,,,
eurolub-212xxx-eco-ll-0w-30,Eurolub 212XXX ECO LL 0W-30,"<h4><strong>Description</strong></h4><p>Ultra high-tech engine oil for modern gas and iesel engines used in passenger cars.</p>        <p>&nbsp;</p>        <h4>Compatibility</h4><ul><li>ACEA C3</li><li>API SN</li><li>VW 504.00</li><li>VW 507.00</li><li>MB 229.51</li><li>MB 229.52</li><li>BMW Longlife-04</li><li>Porsche C30</li></ul><p>Feel free to contact us at info@mlperformance.co.uk should you wish to double check!</p>        <p>&nbsp;</p>        <h4>Compatibility Check</h4><p>To ensure the part(s) you have ordered fits your vehicle, we run a compatibility check prior to dispatch. We can do this either using your registration number (UK) or the last 7 digits of your VIN. Simply enter your car details prior to checkout.</p>        <p>&nbsp;</p>        <h4>Part Number</h4><p>EUROLUB-212001 (1 L)</p><p>EUROLUB-212005 (5 L)</p><p>EUROLUB-212020 (20 L)</p><p>EUROLUB-212060 (60 L)</p><p>EUROLUB-212208 (208 L)</p><p>EUROLUB-212100 (1000 L)</p>        <p>&nbsp;</p>        <h4>More Information</h4><p><strong>Manufactured by</strong></p><p>Eurolub</p>",Eurolub,Eurolub 212XXX ECO LL 0W-30,,"Uploaded by_Muazzim, MLP Discount 2026, Brand_Eurolub, 2026_New Products, Product Type_",TRUE,Options,1 L,,,,,EUROLUB-212001,,shopify,continue,manual,,,TRUE,TRUE,212001,https://eurolub.com/userdata/dcshop/images/thumb_3/196296_212xxx.png,1,Eurolub 212XXX ECO LL 0W-30,,Eurolub 212XXX ECO LL 0W-30,Get Eurolub 212XXX ECO LL 0W-30 for your car to get your desired looks and performance from ML Performance at the lowest price with FREE UK shipping & next day delivery on in stock items. Very cheap prices & good service.,,,,212001,,,new,,,,,,,https://eurolub.com/userdata/dcshop/images/thumb_2/929789_212001.png,kg,8708949900,,,,,active
eurolub-212xxx-eco-ll-0w-30,,,,,,,,,5 L,,,,,EUROLUB-212005,,shopify,continue,manual,,,TRUE,TRUE,212005,https://eurolub.com/userdata/dcshop/images/thumb_2/929789_212001.png,2,Eurolub 212XXX ECO LL 0W-30,,,,,,,,,,,,,,,,,https://eurolub.com/userdata/dcshop/images/thumb_2/699208_212005.png,kg,8708949900,,,,,
eurolub-212xxx-eco-ll-0w-30,,,,,,,,,20 L,,,,,EUROLUB-212020,,shopify,continue,manual,,,TRUE,TRUE,212020,https://eurolub.com/userdata/dcshop/images/thumb_2/699208_212005.png,3,Eurolub 212XXX ECO LL 0W-30,,,,,,,,,,,,,,,,,https://eurolub.com/userdata/dcshop/images/thumb_2/108708_212020.png,kg,8708949900,,,,,
eurolub-212xxx-eco-ll-0w-30,,,,,,,,,60 L,,,,,EUROLUB-212060,,shopify,continue,manual,,,TRUE,TRUE,212060,https://eurolub.com/userdata/dcshop/images/thumb_2/108708_212020.png,4,Eurolub 212XXX ECO LL 0W-30,,,,,,,,,,,,,,,,,https://eurolub.com/userdata/dcshop/images/thumb_2/181840_212060.png,kg,8708949900,,,,,
eurolub-212xxx-eco-ll-0w-30,,,,,,,,,208 L,,,,,EUROLUB-212208,,shopify,continue,manual,,,TRUE,TRUE,212208,https://eurolub.com/userdata/dcshop/images/thumb_2/181840_212060.png,5,Eurolub 212XXX ECO LL 0W-30,,,,,,,,,,,,,,,,,https://eurolub.com/userdata/dcshop/images/thumb_2/206824_212208.png,kg,8708949900,,,,,
eurolub-212xxx-eco-ll-0w-30,,,,,,,,,1000 L,,,,,EUROLUB-212100,,shopify,continue,manual,,,TRUE,TRUE,212100,https://eurolub.com/userdata/dcshop/images/thumb_2/206824_212208.png,6,Eurolub 212XXX ECO LL 0W-30,,,,,,,,,,,,,,,,,https://eurolub.com/userdata/dcshop/images/thumb_2/573647_211100.png,kg,8708949900,,,,,
eurolub-212xxx-eco-ll-0w-30,,,,,,,,,,,,,,,,,,,,,,,,https://eurolub.com/userdata/dcshop/images/thumb_2/573647_211100.png,7,Eurolub 212XXX ECO LL 0W-30,,,,,,,,,,,,,,,,,,,,,,,,
eurolub-223xxx-cleanstar-c2-5w-30,Eurolub 223XXX CLEANSTAR C2 5W-30,"<h4><strong>Description</strong></h4><p>Specially developed for PSA models with an exhaust post-treatment system and vehicles complying with the relevant regulation.</p>        <p>&nbsp;</p>        <h4>Compatibility</h4><ul><li>ACEA C2</li><li>API SN</li><li>API CF</li><li>PSA B71 2290</li><li>RN 0700</li><li>Fiat 9.55535-S1</li></ul><p>Feel free to contact us at info@mlperformance.co.uk should you wish to double check!</p>        <p>&nbsp;</p>        <h4>Compatibility Check</h4><p>To ensure the part(s) you have ordered fits your vehicle, we run a compatibility check prior to dispatch. We can do this either using your registration number (UK) or the last 7 digits of your VIN. Simply enter your car details prior to checkout.</p>        <p>&nbsp;</p>        <h4>Part Number</h4><p>EUROLUB-223001 (1 L)</p><p>EUROLUB-223005 (5 L)</p><p>EUROLUB-223020 (20 L)</p><p>EUROLUB-223060 (60 L)</p><p>EUROLUB-223208 (208 L)</p><p>EUROLUB-223100 (1000 L)</p>        <p>&nbsp;</p>        <h4>More Information</h4><p><strong>Manufactured by</strong></p><p>Eurolub</p>",Eurolub,Eurolub 223XXX CLEANSTAR C2 5W-30,,"Uploaded by_Muazzim, MLP Discount 2026, Brand_Eurolub, 2026_New Products, Product Type_",TRUE,Options,1 L,,,,,EUROLUB-223001,,shopify,continue,manual,,,TRUE,TRUE,223001,https://eurolub.com/userdata/dcshop/images/thumb_3/261850_223xxx.png,1,Eurolub 223XXX CLEANSTAR C2 5W-30,,Eurolub 223XXX CLEANSTAR C2 5W-30,Get Eurolub 223XXX CLEANSTAR C2 5W-30 for your car to get your desired looks and performance from ML Performance at the lowest price with FREE UK shipping & next day delivery on in stock items. Very cheap prices & good service.,,,,223001,,,new,,,,,,,https://eurolub.com/userdata/dcshop/images/thumb_2/148245_223001.png,kg,8708949900,,,,,active
eurolub-223xxx-cleanstar-c2-5w-30,,,,,,,,,5 L,,,,,EUROLUB-223005,,shopify,continue,manual,,,TRUE,TRUE,223005,https://eurolub.com/userdata/dcshop/images/thumb_2/148245_223001.png,2,Eurolub 223XXX CLEANSTAR C2 5W-30,,,,,,,,,,,,,,,,,https://eurolub.com/userdata/dcshop/images/thumb_2/270472_223005.png,kg,8708949900,,,,,
eurolub-223xxx-cleanstar-c2-5w-30,,,,,,,,,20 L,,,,,EUROLUB-223020,,shopify,continue,manual,,,TRUE,TRUE,223020,https://eurolub.com/userdata/dcshop/images/thumb_2/270472_223005.png,3,Eurolub 223XXX CLEANSTAR C2 5W-30,,,,,,,,,,,,,,,,,https://eurolub.com/userdata/dcshop/images/thumb_2/903722_223020.png,kg,8708949900,,,,,
eurolub-223xxx-cleanstar-c2-5w-30,,,,,,,,,60 L,,,,,EUROLUB-223060,,shopify,continue,manual,,,TRUE,TRUE,223060,https://eurolub.com/userdata/dcshop/images/thumb_2/903722_223020.png,4,Eurolub 223XXX CLEANSTAR C2 5W-30,,,,,,,,,,,,,,,,,https://eurolub.com/userdata/dcshop/images/thumb_2/283559_223060.png,kg,8708949900,,,,,
eurolub-223xxx-cleanstar-c2-5w-30,,,,,,,,,208 L,,,,,EUROLUB-223208,,shopify,continue,manual,,,TRUE,TRUE,223208,https://eurolub.com/userdata/dcshop/images/thumb_2/283559_223060.png,5,Eurolub 223XXX CLEANSTAR C2 5W-30,,,,,,,,,,,,,,,,,https://eurolub.com/userdata/dcshop/images/thumb_2/987043_223208.png,kg,8708949900,,,,,
eurolub-223xxx-cleanstar-c2-5w-30,,,,,,,,,1000 L,,,,,EUROLUB-223100,,shopify,continue,manual,,,TRUE,TRUE,223100,https://eurolub.com/userdata/dcshop/images/thumb_2/987043_223208.png,6,Eurolub 223XXX CLEANSTAR C2 5W-30,,,,,,,,,,,,,,,,,https://eurolub.com/userdata/dcshop/images/thumb_2/321631_211100.png,kg,8708949900,,,,,
eurolub-223xxx-cleanstar-c2-5w-30,,,,,,,,,,,,,,,,,,,,,,,,https://eurolub.com/userdata/dcshop/images/thumb_2/321631_211100.png,7,Eurolub 223XXX CLEANSTAR C2 5W-30,,,,,,,,,,,,,,,,,,,,,,,,
eurolub-314xxx-supertec-5w-20,Eurolub 314XXX SUPERTEC 5W-20,"<h4><strong>Description</strong></h4><p>State-of-the-art low-viscosity engine oil. Conserving fuel and reducing wear.</p>        <p>&nbsp;</p>        <h4>Compatibility</h4><ul><li>ACEA C5</li><li>API SN</li><li>Ford WSS-M2C934-B</li><li>STJLR.03.5004</li></ul><p>Feel free to contact us at info@mlperformance.co.uk should you wish to double check!</p>        <p>&nbsp;</p>        <h4>Compatibility Check</h4><p>To ensure the part(s) you have ordered fits your vehicle, we run a compatibility check prior to dispatch. We can do this either using your registration number (UK) or the last 7 digits of your VIN. Simply enter your car details prior to checkout.</p>        <p>&nbsp;</p>        <h4>Part Number</h4><p>EUROLUB-314001 (1 L)</p><p>EUROLUB-314005 (5 L)</p><p>EUROLUB-314020 (20 L)</p><p>EUROLUB-314060 (60 L)</p><p>EUROLUB-314208 (208 L)</p><p>EUROLUB-314100 (1000 L)</p>        <p>&nbsp;</p>        <h4>More Information</h4><p><strong>Manufactured by</strong></p><p>Eurolub</p>",Eurolub,Eurolub 314XXX SUPERTEC 5W-20,,"Uploaded by_Muazzim, MLP Discount 2026, Brand_Eurolub, 2026_New Products, Product Type_",TRUE,Options,1 L,,,,,EUROLUB-314001,,shopify,continue,manual,,,TRUE,TRUE,314001,https://eurolub.com/userdata/dcshop/images/thumb_3/569207_314xxx.png,1,Eurolub 314XXX SUPERTEC 5W-20,,Eurolub 314XXX SUPERTEC 5W-20,Get Eurolub 314XXX SUPERTEC 5W-20 for your car to get your desired looks and performance from ML Performance at the lowest price with FREE UK shipping & next day delivery on in stock items. Very cheap prices & good service.,,,,314001,,,new,,,,,,,https://eurolub.com/userdata/dcshop/images/thumb_2/749757_314001.png,kg,8708949900,,,,,active
eurolub-314xxx-supertec-5w-20,,,,,,,,,5 L,,,,,EUROLUB-314005,,shopify,continue,manual,,,TRUE,TRUE,314005,https://eurolub.com/userdata/dcshop/images/thumb_2/749757_314001.png,2,Eurolub 314XXX SUPERTEC 5W-20,,,,,,,,,,,,,,,,,https://eurolub.com/userdata/dcshop/images/thumb_2/348226_314005.png,kg,8708949900,,,,,
eurolub-314xxx-supertec-5w-20,,,,,,,,,20 L,,,,,EUROLUB-314020,,shopify,continue,manual,,,TRUE,TRUE,314020,https://eurolub.com/userdata/dcshop/images/thumb_2/348226_314005.png,3,Eurolub 314XXX SUPERTEC 5W-20,,,,,,,,,,,,,,,,,https://eurolub.com/userdata/dcshop/images/thumb_2/713286_314020.png,kg,8708949900,,,,,
eurolub-314xxx-supertec-5w-20,,,,,,,,,60 L,,,,,EUROLUB-314060,,shopify,continue,manual,,,TRUE,TRUE,314060,https://eurolub.com/userdata/dcshop/images/thumb_2/713286_314020.png,4,Eurolub 314XXX SUPERTEC 5W-20,,,,,,,,,,,,,,,,,https://eurolub.com/userdata/dcshop/images/thumb_2/318603_314060.png,kg,8708949900,,,,,
eurolub-314xxx-supertec-5w-20,,,,,,,,,208 L,,,,,EUROLUB-314208,,shopify,continue,manual,,,TRUE,TRUE,314208,https://eurolub.com/userdata/dcshop/images/thumb_2/318603_314060.png,5,Eurolub 314XXX SUPERTEC 5W-20,,,,,,,,,,,,,,,,,https://eurolub.com/userdata/dcshop/images/thumb_2/400265_314208.png,kg,8708949900,,,,,
eurolub-314xxx-supertec-5w-20,,,,,,,,,1000 L,,,,,EUROLUB-314100,,shopify,continue,manual,,,TRUE,TRUE,314100,https://eurolub.com/userdata/dcshop/images/thumb_2/400265_314208.png,6,Eurolub 314XXX SUPERTEC 5W-20,,,,,,,,,,,,,,,,,https://eurolub.com/userdata/dcshop/images/thumb_2/440231_211100.png,kg,8708949900,,,,,
eurolub-314xxx-supertec-5w-20,,,,,,,,,,,,,,,,,,,,,,,,https://eurolub.com/userdata/dcshop/images/thumb_2/440231_211100.png,7,Eurolub 314XXX SUPERTEC 5W-20,,,,,,,,,,,,,,,,,,,,,,,,
eurolub-220xxx-cleantop-c4-5w-30,Eurolub 220XXX CLEANTOP C4 5W-30,"<h4><strong>Description</strong></h4><p>Specially developed for Renault vehicles equipped with an exhaust post-treatment system and vehicles complying with the relevant regulation.</p>        <p>&nbsp;</p>        <h4>Compatibility</h4><ul><li>ACEA C4</li><li>MB 226.51</li><li>MB 229.51</li><li>RN 0720</li></ul><p>Feel free to contact us at info@mlperformance.co.uk should you wish to double check!</p>        <p>&nbsp;</p>        <h4>Compatibility Check</h4><p>To ensure the part(s) you have ordered fits your vehicle, we run a compatibility check prior to dispatch. We can do this either using your registration number (UK) or the last 7 digits of your VIN. Simply enter your car details prior to checkout.</p>        <p>&nbsp;</p>        <h4>Part Number</h4><p>EUROLUB-220001 (1 L)</p><p>EUROLUB-220005 (5 L)</p><p>EUROLUB-220020 (20 L)</p><p>EUROLUB-220060 (60 L)</p><p>EUROLUB-220208 (208 L)</p><p>EUROLUB-220100 (1000 L)</p>        <p>&nbsp;</p>        <h4>More Information</h4><p><strong>Manufactured by</strong></p><p>Eurolub</p>",Eurolub,Eurolub 220XXX CLEANTOP C4 5W-30,,"Uploaded by_Muazzim, MLP Discount 2026, Brand_Eurolub, 2026_New Products, Product Type_",TRUE,Options,1 L,,,,,EUROLUB-220001,,shopify,continue,manual,,,TRUE,TRUE,220001,https://eurolub.com/userdata/dcshop/images/thumb_3/115527_220xxx.png,1,Eurolub 220XXX CLEANTOP C4 5W-30,,Eurolub 220XXX CLEANTOP C4 5W-30,Get Eurolub 220XXX CLEANTOP C4 5W-30 for your car to get your desired looks and performance from ML Performance at the lowest price with FREE UK shipping & next day delivery on in stock items. Very cheap prices & good service.,,,,220001,,,new,,,,,,,https://eurolub.com/userdata/dcshop/images/thumb_2/154231_220001.png,kg,8708949900,,,,,active
eurolub-220xxx-cleantop-c4-5w-30,,,,,,,,,5 L,,,,,EUROLUB-220005,,shopify,continue,manual,,,TRUE,TRUE,220005,https://eurolub.com/userdata/dcshop/images/thumb_2/154231_220001.png,2,Eurolub 220XXX CLEANTOP C4 5W-30,,,,,,,,,,,,,,,,,https://eurolub.com/userdata/dcshop/images/thumb_2/232594_220005.png,kg,8708949900,,,,,
eurolub-220xxx-cleantop-c4-5w-30,,,,,,,,,20 L,,,,,EUROLUB-220020,,shopify,continue,manual,,,TRUE,TRUE,220020,https://eurolub.com/userdata/dcshop/images/thumb_2/232594_220005.png,3,Eurolub 220XXX CLEANTOP C4 5W-30,,,,,,,,,,,,,,,,,https://eurolub.com/userdata/dcshop/images/thumb_2/863314_220020.png,kg,8708949900,,,,,
eurolub-220xxx-cleantop-c4-5w-30,,,,,,,,,60 L,,,,,EUROLUB-220060,,shopify,continue,manual,,,TRUE,TRUE,220060,https://eurolub.com/userdata/dcshop/images/thumb_2/863314_220020.png,4,Eurolub 220XXX CLEANTOP C4 5W-30,,,,,,,,,,,,,,,,,https://eurolub.com/userdata/dcshop/images/thumb_2/287314_220060.png,kg,8708949900,,,,,
eurolub-220xxx-cleantop-c4-5w-30,,,,,,,,,208 L,,,,,EUROLUB-220208,,shopify,continue,manual,,,TRUE,TRUE,220208,https://eurolub.com/userdata/dcshop/images/thumb_2/287314_220060.png,5,Eurolub 220XXX CLEANTOP C4 5W-30,,,,,,,,,,,,,,,,,https://eurolub.com/userdata/dcshop/images/thumb_2/415984_220208.png,kg,8708949900,,,,,
eurolub-220xxx-cleantop-c4-5w-30,,,,,,,,,1000 L,,,,,EUROLUB-220100,,shopify,continue,manual,,,TRUE,TRUE,220100,https://eurolub.com/userdata/dcshop/images/thumb_2/415984_220208.png,6,Eurolub 220XXX CLEANTOP C4 5W-30,,,,,,,,,,,,,,,,,https://eurolub.com/userdata/dcshop/images/thumb_2/29325_211100.png,kg,8708949900,,,,,
eurolub-220xxx-cleantop-c4-5w-30,,,,,,,,,,,,,,,,,,,,,,,,https://eurolub.com/userdata/dcshop/images/thumb_2/29325_211100.png,7,Eurolub 220XXX CLEANTOP C4 5W-30,,,,,,,,,,,,,,,,,,,,,,,,
eurolub-227xxx-eco-r-n-5w-30,Eurolub 227XXX ECO R-N 5W-30,"<h4><strong>Description</strong></h4><p>High-end engine oil modern technology-based. Use in Renault cars according to instructions.</p>        <p>&nbsp;</p>        <h4>Compatibility</h4><ul><li>ACEA C3</li><li>RN17</li><li>MB 226.52</li></ul><p>Feel free to contact us at info@mlperformance.co.uk should you wish to double check!</p>        <p>&nbsp;</p>        <h4>Compatibility Check</h4><p>To ensure the part(s) you have ordered fits your vehicle, we run a compatibility check prior to dispatch. We can do this either using your registration number (UK) or the last 7 digits of your VIN. Simply enter your car details prior to checkout.</p>        <p>&nbsp;</p>        <h4>Part Number</h4><p>EUROLUB-227001 (1 L)</p><p>EUROLUB-227005 (5 L)</p><p>EUROLUB-227020 (20 L)</p><p>EUROLUB-227060 (60 L)</p><p>EUROLUB-227208 (208 L)</p><p>EUROLUB-227100 (1000 L)</p>        <p>&nbsp;</p>        <h4>More Information</h4><p><strong>Manufactured by</strong></p><p>Eurolub</p>",Eurolub,Eurolub 227XXX ECO R-N 5W-30,,"Uploaded by_Muazzim, MLP Discount 2026, Brand_Eurolub, 2026_New Products, Product Type_",TRUE,Options,1 L,,,,,EUROLUB-227001,,shopify,continue,manual,,,TRUE,TRUE,227001,https://eurolub.com/userdata/dcshop/images/thumb_3/629339_227xxx.png,1,Eurolub 227XXX ECO R-N 5W-30,,Eurolub 227XXX ECO R-N 5W-30,Get Eurolub 227XXX ECO R-N 5W-30 for your car to get your desired looks and performance from ML Performance at the lowest price with FREE UK shipping & next day delivery on in stock items. Very cheap prices & good service.,,,,227001,,,new,,,,,,,https://eurolub.com/userdata/dcshop/images/thumb_2/715421_227001.png,kg,8708949900,,,,,active
eurolub-227xxx-eco-r-n-5w-30,,,,,,,,,5 L,,,,,EUROLUB-227005,,shopify,continue,manual,,,TRUE,TRUE,227005,https://eurolub.com/userdata/dcshop/images/thumb_2/715421_227001.png,2,Eurolub 227XXX ECO R-N 5W-30,,,,,,,,,,,,,,,,,https://eurolub.com/userdata/dcshop/images/thumb_2/114343_227005.png,kg,8708949900,,,,,
eurolub-227xxx-eco-r-n-5w-30,,,,,,,,,20 L,,,,,EUROLUB-227020,,shopify,continue,manual,,,TRUE,TRUE,227020,https://eurolub.com/userdata/dcshop/images/thumb_2/114343_227005.png,3,Eurolub 227XXX ECO R-N 5W-30,,,,,,,,,,,,,,,,,https://eurolub.com/userdata/dcshop/images/thumb_2/559000_227020.png,kg,8708949900,,,,,
eurolub-227xxx-eco-r-n-5w-30,,,,,,,,,60 L,,,,,EUROLUB-227060,,shopify,continue,manual,,,TRUE,TRUE,227060,https://eurolub.com/userdata/dcshop/images/thumb_2/559000_227020.png,4,Eurolub 227XXX ECO R-N 5W-30,,,,,,,,,,,,,,,,,https://eurolub.com/userdata/dcshop/images/thumb_2/871014_227060.png,kg,8708949900,,,,,
eurolub-227xxx-eco-r-n-5w-30,,,,,,,,,208 L,,,,,EUROLUB-227208,,shopify,continue,manual,,,TRUE,TRUE,227208,https://eurolub.com/userdata/dcshop/images/thumb_2/871014_227060.png,5,Eurolub 227XXX ECO R-N 5W-30,,,,,,,,,,,,,,,,,https://eurolub.com/userdata/dcshop/images/thumb_2/387663_227208.png,kg,8708949900,,,,,
eurolub-227xxx-eco-r-n-5w-30,,,,,,,,,1000 L,,,,,EUROLUB-227100,,shopify,continue,manual,,,TRUE,TRUE,227100,https://eurolub.com/userdata/dcshop/images/thumb_2/387663_227208.png,6,Eurolub 227XXX ECO R-N 5W-30,,,,,,,,,,,,,,,,,https://eurolub.com/userdata/dcshop/images/thumb_2/999220_211100.png,kg,8708949900,,,,,
eurolub-227xxx-eco-r-n-5w-30,,,,,,,,,,,,,,,,,,,,,,,,https://eurolub.com/userdata/dcshop/images/thumb_2/999220_211100.png,7,Eurolub 227XXX ECO R-N 5W-30,,,,,,,,,,,,,,,,,,,,,,,,
eurolub-218xxx-formel-3ll-5w-30,Eurolub 218XXX FORMEL 3LL 5W-30,"<h4><strong>Description</strong></h4><p>Ultra Hightec Engine Oil.</p></p>        <p>&nbsp;</p>        <h4>Compatibility</h4><ul><li>ACEA C3</li><li>API SN</li><li>VW 504.00</li><li>VW 507.00</li><li>MB 229.51</li><li>BMW Longlife-04</li><li>Porsche C30</li></ul><p>Feel free to contact us at info@mlperformance.co.uk should you wish to double check!</p>        <p>&nbsp;</p>        <h4>Compatibility Check</h4><p>To ensure the part(s) you have ordered fits your vehicle, we run a compatibility check prior to dispatch. We can do this either using your registration number (UK) or the last 7 digits of your VIN. Simply enter your car details prior to checkout.</p>        <p>&nbsp;</p>        <h4>Part Number</h4><p>EUROLUB-218005 (5 L)</p><p>EUROLUB-218060 (60 L)</p><p>EUROLUB-218208 (208 L)</p><p>EUROLUB-218100 (1000 L)</p>        <p>&nbsp;</p>        <h4>More Information</h4><p><strong>Manufactured by</strong></p><p>Eurolub</p>",Eurolub,Eurolub 218XXX FORMEL 3LL 5W-30,,"Uploaded by_Muazzim, MLP Discount 2026, Brand_Eurolub, 2026_New Products, Product Type_",TRUE,Options,5 L,,,,,EUROLUB-218005,,shopify,continue,manual,,,TRUE,TRUE,218005,https://eurolub.com/userdata/dcshop/images/thumb_3/412930_218xxx.png,1,Eurolub 218XXX FORMEL 3LL 5W-30,,Eurolub 218XXX FORMEL 3LL 5W-30,Get Eurolub 218XXX FORMEL 3LL 5W-30 for your car to get your desired looks and performance from ML Performance at the lowest price with FREE UK shipping & next day delivery on in stock items. Very cheap prices & good service.,,,,218005,,,new,,,,,,,https://eurolub.com/userdata/dcshop/images/thumb_2/260830_218005.png,kg,8708949900,,,,,active
eurolub-218xxx-formel-3ll-5w-30,,,,,,,,,60 L,,,,,EUROLUB-218060,,shopify,continue,manual,,,TRUE,TRUE,218060,https://eurolub.com/userdata/dcshop/images/thumb_2/260830_218005.png,2,Eurolub 218XXX FORMEL 3LL 5W-30,,,,,,,,,,,,,,,,,https://eurolub.com/userdata/dcshop/images/thumb_2/421156_218060.png,kg,8708949900,,,,,
eurolub-218xxx-formel-3ll-5w-30,,,,,,,,,208 L,,,,,EUROLUB-218208,,shopify,continue,manual,,,TRUE,TRUE,218208,https://eurolub.com/userdata/dcshop/images/thumb_2/421156_218060.png,3,Eurolub 218XXX FORMEL 3LL 5W-30,,,,,,,,,,,,,,,,,https://eurolub.com/userdata/dcshop/images/thumb_2/253750_218208.png,kg,8708949900,,,,,
eurolub-218xxx-formel-3ll-5w-30,,,,,,,,,1000 L,,,,,EUROLUB-218100,,shopify,continue,manual,,,TRUE,TRUE,218100,https://eurolub.com/userdata/dcshop/images/thumb_2/253750_218208.png,4,Eurolub 218XXX FORMEL 3LL 5W-30,,,,,,,,,,,,,,,,,https://eurolub.com/userdata/dcshop/images/thumb_2/174716_211100.png,kg,8708949900,,,,,
eurolub-218xxx-formel-3ll-5w-30,,,,,,,,,,,,,,,,,,,,,,,,https://eurolub.com/userdata/dcshop/images/thumb_2/174716_211100.png,5,Eurolub 218XXX FORMEL 3LL 5W-30,,,,,,,,,,,,,,,,,,,,,,,,
eurolub-216xxx-formel-1-5w-40,Eurolub 216XXX FORMEL 1 5W-40,"<h4><strong>Description</strong></h4><p>Super low-viscosity engien oil.</p>        <p>&nbsp;</p>        <h4>Compatibility</h4><ul><li>ACEA C3</li><li>API SN</li><li>API CF</li><li>MB 229.51</li><li>VW 505.01</li><li>VW 505.00</li><li>RN 0700</li><li>RN 0710</li><li>GM dexos2®</li><li>Ford WSS-M2C917-A</li><li>Porsche A40</li></ul><p>Feel free to contact us at info@mlperformance.co.uk should you wish to double check!</p>        <p>&nbsp;</p>        <h4>Compatibility Check</h4><p>To ensure the part(s) you have ordered fits your vehicle, we run a compatibility check prior to dispatch. We can do this either using your registration number (UK) or the last 7 digits of your VIN. Simply enter your car details prior to checkout.</p>        <p>&nbsp;</p>        <h4>Part Number</h4><p>EUROLUB-216005 (5 L)</p><p>EUROLUB-216060 (60 L)</p><p>EUROLUB-216208 (208 L)</p><p>EUROLUB-216100 (1000 L)</p>        <p>&nbsp;</p>        <h4>More Information</h4><p><strong>Manufactured by</strong></p><p>Eurolub</p>",Eurolub,Eurolub 216XXX FORMEL 1 5W-40,,"Uploaded by_Muazzim, MLP Discount 2026, Brand_Eurolub, 2026_New Products, Product Type_",TRUE,Options,5 L,,,,,EUROLUB-216005,,shopify,continue,manual,,,TRUE,TRUE,216005,https://eurolub.com/userdata/dcshop/images/thumb_3/759261_216xxx.png,1,Eurolub 216XXX FORMEL 1 5W-40,,Eurolub 216XXX FORMEL 1 5W-40,Get Eurolub 216XXX FORMEL 1 5W-40 for your car to get your desired looks and performance from ML Performance at the lowest price with FREE UK shipping & next day delivery on in stock items. Very cheap prices & good service.,,,,216005,,,new,,,,,,,https://eurolub.com/userdata/dcshop/images/thumb_2/8210_216005.png,kg,8708949900,,,,,active
eurolub-216xxx-formel-1-5w-40,,,,,,,,,60 L,,,,,EUROLUB-216060,,shopify,continue,manual,,,TRUE,TRUE,216060,https://eurolub.com/userdata/dcshop/images/thumb_2/8210_216005.png,2,Eurolub 216XXX FORMEL 1 5W-40,,,,,,,,,,,,,,,,,https://eurolub.com/userdata/dcshop/images/thumb_2/621200_216060.png,kg,8708949900,,,,,
eurolub-216xxx-formel-1-5w-40,,,,,,,,,208 L,,,,,EUROLUB-216208,,shopify,continue,manual,,,TRUE,TRUE,216208,https://eurolub.com/userdata/dcshop/images/thumb_2/621200_216060.png,3,Eurolub 216XXX FORMEL 1 5W-40,,,,,,,,,,,,,,,,,https://eurolub.com/userdata/dcshop/images/thumb_2/951775_216208.png,kg,8708949900,,,,,
eurolub-216xxx-formel-1-5w-40,,,,,,,,,1000 L,,,,,EUROLUB-216100,,shopify,continue,manual,,,TRUE,TRUE,216100,https://eurolub.com/userdata/dcshop/images/thumb_2/951775_216208.png,4,Eurolub 216XXX FORMEL 1 5W-40,,,,,,,,,,,,,,,,,https://eurolub.com/userdata/dcshop/images/thumb_2/740012_211100.png,kg,8708949900,,,,,
eurolub-216xxx-formel-1-5w-40,,,,,,,,,,,,,,,,,,,,,,,,https://eurolub.com/userdata/dcshop/images/thumb_2/740012_211100.png,5,Eurolub 216XXX FORMEL 1 5W-40,,,,,,,,,,,,,,,,,,,,,,,,
eurolub-237xxx-formel-2-10w-40,Eurolub 237XXX FORMEL 2 10W-40,"<h4><strong>Description</strong></h4><p>Low-viscosity engine oil.</p>        <p>&nbsp;</p>        <h4>Compatibility</h4><ul><li>ACEA A3/B4</li><li>API SL</li><li>API CF</li><li>MB 229.1</li></ul><p>Feel free to contact us at info@mlperformance.co.uk should you wish to double check!</p>        <p>&nbsp;</p>        <h4>Compatibility Check</h4><p>To ensure the part(s) you have ordered fits your vehicle, we run a compatibility check prior to dispatch. We can do this either using your registration number (UK) or the last 7 digits of your VIN. Simply enter your car details prior to checkout.</p>        <p>&nbsp;</p>        <h4>Part Number</h4><p>EUROLUB-237005 (5 L)</p><p>EUROLUB-237060 (60 L)</p><p>EUROLUB-237208 (208 L)</p><p>EUROLUB-237100 (1000 L)</p>        <p>&nbsp;</p>        <h4>More Information</h4><p><strong>Manufactured by</strong></p><p>Eurolub</p>",Eurolub,Eurolub 237XXX FORMEL 2 10W-40,,"Uploaded by_Muazzim, MLP Discount 2026, Brand_Eurolub, 2026_New Products, Product Type_",TRUE,Options,5 L,,,,,EUROLUB-237005,,shopify,continue,manual,,,TRUE,TRUE,237005,https://eurolub.com/userdata/dcshop/images/thumb_3/634264_237xxx.png,1,Eurolub 237XXX FORMEL 2 10W-40,,Eurolub 237XXX FORMEL 2 10W-40,Get Eurolub 237XXX FORMEL 2 10W-40 for your car to get your desired looks and performance from ML Performance at the lowest price with FREE UK shipping & next day delivery on in stock items. Very cheap prices & good service.,,,,237005,,,new,,,,,,,https://eurolub.com/userdata/dcshop/images/thumb_2/884662_237005.png,kg,8708949900,,,,,active
eurolub-237xxx-formel-2-10w-40,,,,,,,,,60 L,,,,,EUROLUB-237060,,shopify,continue,manual,,,TRUE,TRUE,237060,https://eurolub.com/userdata/dcshop/images/thumb_2/884662_237005.png,2,Eurolub 237XXX FORMEL 2 10W-40,,,,,,,,,,,,,,,,,https://eurolub.com/userdata/dcshop/images/thumb_2/723975_237060.png,kg,8708949900,,,,,
eurolub-237xxx-formel-2-10w-40,,,,,,,,,208 L,,,,,EUROLUB-237208,,shopify,continue,manual,,,TRUE,TRUE,237208,https://eurolub.com/userdata/dcshop/images/thumb_2/723975_237060.png,3,Eurolub 237XXX FORMEL 2 10W-40,,,,,,,,,,,,,,,,,https://eurolub.com/userdata/dcshop/images/thumb_2/805392_237208.png,kg,8708949900,,,,,
eurolub-237xxx-formel-2-10w-40,,,,,,,,,1000 L,,,,,EUROLUB-237100,,shopify,continue,manual,,,TRUE,TRUE,237100,https://eurolub.com/userdata/dcshop/images/thumb_2/805392_237208.png,4,Eurolub 237XXX FORMEL 2 10W-40,,,,,,,,,,,,,,,,,https://eurolub.com/userdata/dcshop/images/thumb_2/803306_211100.png,kg,8708949900,,,,,
eurolub-237xxx-formel-2-10w-40,,,,,,,,,,,,,,,,,,,,,,,,https://eurolub.com/userdata/dcshop/images/thumb_2/803306_211100.png,5,Eurolub 237XXX FORMEL 2 10W-40,,,,,,,,,,,,,,,,,,,,,,,,
eurolub-243xxx-motor-vo-0w-30,Eurolub 243XXX Motor VO 0W-30,"<h4><strong>Description</strong></h4><p>High-performance engine oil for passenger car engines with turbocharger for engine fuel economy according to A5/B5. Recommended for Volvo passenger cars in accordance with manufacturer´s specifications.</p>        <p>&nbsp;</p>        <h4>Compatibility</h4><ul><li>ACEA A5/B5</li><li>API SL</li><li>Volvo VCC 95200377</li></ul><p>Feel free to contact us at info@mlperformance.co.uk should you wish to double check!</p>        <p>&nbsp;</p>        <h4>Compatibility Check</h4><p>To ensure the part(s) you have ordered fits your vehicle, we run a compatibility check prior to dispatch. We can do this either using your registration number (UK) or the last 7 digits of your VIN. Simply enter your car details prior to checkout.</p>        <p>&nbsp;</p>        <h4>Part Number</h4><p>EUROLUB-243001 (1 L)</p><p>EUROLUB-243005 (5 L)</p><p>EUROLUB-243020 (20 L)</p><p>EUROLUB-243060 (60 L)</p><p>EUROLUB-243208 (208 L)</p><p>EUROLUB-243100 (1000 L)</p>        <p>&nbsp;</p>        <h4>More Information</h4><p><strong>Manufactured by</strong></p><p>Eurolub</p>",Eurolub,Eurolub 243XXX Motor VO 0W-30,,"Uploaded by_Muazzim, MLP Discount 2026, Brand_Eurolub, 2026_New Products, Product Type_",TRUE,Options,1 L,,,,,EUROLUB-243001,,shopify,continue,manual,,,TRUE,TRUE,243001,https://eurolub.com/userdata/dcshop/images/thumb_3/828898_243xxx.png,1,Eurolub 243XXX Motor VO 0W-30,,Eurolub 243XXX Motor VO 0W-30,Get Eurolub 243XXX Motor VO 0W-30 for your car to get your desired looks and performance from ML Performance at the lowest price with FREE UK shipping & next day delivery on in stock items. Very cheap prices & good service.,,,,243001,,,new,,,,,,,https://eurolub.com/userdata/dcshop/images/thumb_2/908616_243001.png,kg,8708949900,,,,,active
eurolub-243xxx-motor-vo-0w-30,,,,,,,,,5 L,,,,,EUROLUB-243005,,shopify,continue,manual,,,TRUE,TRUE,243005,https://eurolub.com/userdata/dcshop/images/thumb_2/908616_243001.png,2,Eurolub 243XXX Motor VO 0W-30,,,,,,,,,,,,,,,,,https://eurolub.com/userdata/dcshop/images/thumb_2/970410_243005.png,kg,8708949900,,,,,
eurolub-243xxx-motor-vo-0w-30,,,,,,,,,20 L,,,,,EUROLUB-243020,,shopify,continue,manual,,,TRUE,TRUE,243020,https://eurolub.com/userdata/dcshop/images/thumb_2/970410_243005.png,3,Eurolub 243XXX Motor VO 0W-30,,,,,,,,,,,,,,,,,https://eurolub.com/userdata/dcshop/images/thumb_2/200482_243020.png,kg,8708949900,,,,,
eurolub-243xxx-motor-vo-0w-30,,,,,,,,,60 L,,,,,EUROLUB-243060,,shopify,continue,manual,,,TRUE,TRUE,243060,https://eurolub.com/userdata/dcshop/images/thumb_2/200482_243020.png,4,Eurolub 243XXX Motor VO 0W-30,,,,,,,,,,,,,,,,,https://eurolub.com/userdata/dcshop/images/thumb_2/780609_243060.png,kg,8708949900,,,,,
eurolub-243xxx-motor-vo-0w-30,,,,,,,,,208 L,,,,,EUROLUB-243208,,shopify,continue,manual,,,TRUE,TRUE,243208,https://eurolub.com/userdata/dcshop/images/thumb_2/780609_243060.png,5,Eurolub 243XXX Motor VO 0W-30,,,,,,,,,,,,,,,,,https://eurolub.com/userdata/dcshop/images/thumb_2/372869_243208.png,kg,8708949900,,,,,
eurolub-243xxx-motor-vo-0w-30,,,,,,,,,1000 L,,,,,EUROLUB-243100,,shopify,continue,manual,,,TRUE,TRUE,243100,https://eurolub.com/userdata/dcshop/images/thumb_2/372869_243208.png,6,Eurolub 243XXX Motor VO 0W-30,,,,,,,,,,,,,,,,,https://eurolub.com/userdata/dcshop/images/thumb_2/55648_211100.png,kg,8708949900,,,,,
eurolub-243xxx-motor-vo-0w-30,,,,,,,,,,,,,,,,,,,,,,,,https://eurolub.com/userdata/dcshop/images/thumb_2/55648_211100.png,7,Eurolub 243XXX Motor VO 0W-30,,,,,,,,,,,,,,,,,,,,,,,,
eurolub-241xxx-megatec-0w-40,Eurolub 241XXX MEGATEC 0W-40,"<h4><strong>Description</strong></h4><p>High-performance engine oil for passenger car engines with turbocharger for engine fuel economy. The innovative combination of low viscosity and safety under all conditions.</p>        <p>&nbsp;</p>        <h4>Compatibility</h4><ul><li>ACEA A3/B4</li><li>API SN</li><li>API CF</li><li>MB 229.5</li><li>MB 229.3</li><li>MB 226.5</li><li>PSA B71 2296</li><li>Fiat 9.55535-M2</li><li>Fiat 9.55535-N2</li><li>Fiat 9.55535-Z2</li><li>BMW Longlife-01</li><li>VW 502.00</li><li>Ford WSS-M2C937-A</li><li>VW 505.00</li><li>Porsche A40</li><li>RN 0700</li><li>RN 0710</li></ul><p>Feel free to contact us at info@mlperformance.co.uk should you wish to double check!</p>        <p>&nbsp;</p>        <h4>Compatibility Check</h4><p>To ensure the part(s) you have ordered fits your vehicle, we run a compatibility check prior to dispatch. We can do this either using your registration number (UK) or the last 7 digits of your VIN. Simply enter your car details prior to checkout.</p>        <p>&nbsp;</p>        <h4>Part Number</h4><p>EUROLUB-241001 (1 L)</p><p>EUROLUB-241005 (5 L)</p><p>EUROLUB-241020 (20 L)</p><p>EUROLUB-241060 (60 L)</p><p>EUROLUB-241208 (208 L)</p><p>EUROLUB-241100 (1000 L)</p>        <p>&nbsp;</p>        <h4>More Information</h4><p><strong>Manufactured by</strong></p><p>Eurolub</p>",Eurolub,Eurolub 241XXX MEGATEC 0W-40,,"Uploaded by_Muazzim, MLP Discount 2026, Brand_Eurolub, 2026_New Products, Product Type_",TRUE,Options,1 L,,,,,EUROLUB-241001,,shopify,continue,manual,,,TRUE,TRUE,241001,https://eurolub.com/userdata/dcshop/images/thumb_3/344221_241xxx.png,1,Eurolub 241XXX MEGATEC 0W-40,,Eurolub 241XXX MEGATEC 0W-40,Get Eurolub 241XXX MEGATEC 0W-40 for your car to get your desired looks and performance from ML Performance at the lowest price with FREE UK shipping & next day delivery on in stock items. Very cheap prices & good service.,,,,241001,,,new,,,,,,,https://eurolub.com/userdata/dcshop/images/thumb_2/37644_241001.png,kg,8708949900,,,,,active
eurolub-241xxx-megatec-0w-40,,,,,,,,,5 L,,,,,EUROLUB-241005,,shopify,continue,manual,,,TRUE,TRUE,241005,https://eurolub.com/userdata/dcshop/images/thumb_2/37644_241001.png,2,Eurolub 241XXX MEGATEC 0W-40,,,,,,,,,,,,,,,,,https://eurolub.com/userdata/dcshop/images/thumb_2/423834_241005.png,kg,8708949900,,,,,
eurolub-241xxx-megatec-0w-40,,,,,,,,,20 L,,,,,EUROLUB-241020,,shopify,continue,manual,,,TRUE,TRUE,241020,https://eurolub.com/userdata/dcshop/images/thumb_2/423834_241005.png,3,Eurolub 241XXX MEGATEC 0W-40,,,,,,,,,,,,,,,,,https://eurolub.com/userdata/dcshop/images/thumb_2/317728_241020.png,kg,8708949900,,,,,
eurolub-241xxx-megatec-0w-40,,,,,,,,,60 L,,,,,EUROLUB-241060,,shopify,continue,manual,,,TRUE,TRUE,241060,https://eurolub.com/userdata/dcshop/images/thumb_2/317728_241020.png,4,Eurolub 241XXX MEGATEC 0W-40,,,,,,,,,,,,,,,,,https://eurolub.com/userdata/dcshop/images/thumb_2/735923_241060.png,kg,8708949900,,,,,
eurolub-241xxx-megatec-0w-40,,,,,,,,,208 L,,,,,EUROLUB-241208,,shopify,continue,manual,,,TRUE,TRUE,241208,https://eurolub.com/userdata/dcshop/images/thumb_2/735923_241060.png,5,Eurolub 241XXX MEGATEC 0W-40,,,,,,,,,,,,,,,,,https://eurolub.com/userdata/dcshop/images/thumb_2/462263_241208.png,kg,8708949900,,,,,
eurolub-241xxx-megatec-0w-40,,,,,,,,,1000 L,,,,,EUROLUB-241100,,shopify,continue,manual,,,TRUE,TRUE,241100,https://eurolub.com/userdata/dcshop/images/thumb_2/462263_241208.png,6,Eurolub 241XXX MEGATEC 0W-40,,,,,,,,,,,,,,,,,https://eurolub.com/userdata/dcshop/images/thumb_2/134577_211100.png,kg,8708949900,,,,,
eurolub-241xxx-megatec-0w-40,,,,,,,,,,,,,,,,,,,,,,,,https://eurolub.com/userdata/dcshop/images/thumb_2/134577_211100.png,7,Eurolub 241XXX MEGATEC 0W-40,,,,,,,,,,,,,,,,,,,,,,,,
eurolub-256xxx-eco-dxs-5w-20,Eurolub 256XXX ECO DXS 5W-20,"<h4><strong>Description</strong></h4><p>Modern low viscosity motor oil.</p>        <p>&nbsp;</p>        <h4>Compatibility</h4><ul><li>API SQ (RC)</li><li>GM dexos1® Gen. 3</li><li>ILSAC GF-7A</li><li>Chrysler MS 6395</li><li>Ford WSS-M2C945-B1</li><li>Ford WSS-M2C960-A</li></ul><p>Feel free to contact us at info@mlperformance.co.uk should you wish to double check!</p>        <p>&nbsp;</p>        <h4>Compatibility Check</h4><p>To ensure the part(s) you have ordered fits your vehicle, we run a compatibility check prior to dispatch. We can do this either using your registration number (UK) or the last 7 digits of your VIN. Simply enter your car details prior to checkout.</p>        <p>&nbsp;</p>        <h4>Part Number</h4><p>EUROLUB-256060 (60 L)</p><p>EUROLUB-256208 (208 L)</p><p>EUROLUB-256100 (1000 L)</p>        <p>&nbsp;</p>        <h4>More Information</h4><p><strong>Manufactured by</strong></p><p>Eurolub</p>",Eurolub,Eurolub 256XXX ECO DXS 5W-20,,"Uploaded by_Muazzim, MLP Discount 2026, Brand_Eurolub, 2026_New Products, Product Type_",TRUE,Options,60 L,,,,,EUROLUB-256060,,shopify,continue,manual,,,TRUE,TRUE,256060,https://eurolub.com/userdata/dcshop/images/thumb_3/956478_256xxx.png,1,Eurolub 256XXX ECO DXS 5W-20,,Eurolub 256XXX ECO DXS 5W-20,Get Eurolub 256XXX ECO DXS 5W-20 for your car to get your desired looks and performance from ML Performance at the lowest price with FREE UK shipping & next day delivery on in stock items. Very cheap prices & good service.,,,,256060,,,new,,,,,,,https://eurolub.com/userdata/dcshop/images/thumb_2/493747_256060.png,kg,8708949900,,,,,active
eurolub-256xxx-eco-dxs-5w-20,,,,,,,,,208 L,,,,,EUROLUB-256208,,shopify,continue,manual,,,TRUE,TRUE,256208,https://eurolub.com/userdata/dcshop/images/thumb_2/493747_256060.png,2,Eurolub 256XXX ECO DXS 5W-20,,,,,,,,,,,,,,,,,https://eurolub.com/userdata/dcshop/images/thumb_2/692057_256208.png,kg,8708949900,,,,,
eurolub-256xxx-eco-dxs-5w-20,,,,,,,,,1000 L,,,,,EUROLUB-256100,,shopify,continue,manual,,,TRUE,TRUE,256100,https://eurolub.com/userdata/dcshop/images/thumb_2/692057_256208.png,3,Eurolub 256XXX ECO DXS 5W-20,,,,,,,,,,,,,,,,,https://eurolub.com/userdata/dcshop/images/thumb_2/810900_xxx100.png,kg,8708949900,,,,,
eurolub-256xxx-eco-dxs-5w-20,,,,,,,,,,,,,,,,,,,,,,,,https://eurolub.com/userdata/dcshop/images/thumb_2/810900_xxx100.png,4,Eurolub 256XXX ECO DXS 5W-20,,,,,,,,,,,,,,,,,,,,,,,,
eurolub-250xxx-super-fo-0w-20,Eurolub 250XXX SUPER FO 0W-20,"<h4><strong>Description</strong></h4><p>Modern engine oil for use in car gasoline- and diesel-engines and hybrid concepts from various suppliers according to their specifications.</p>        <p>&nbsp;</p>        <h4>Compatibility</h4><ul><li>ACEA C5</li><li>ACEA C6</li><li>API SP</li><li>FORD WSS-M2C952-A1</li><li>API SN PLUS</li><li>STJLR.03.5006</li><li>MB 229.71</li><li>GM dexosD„¢</li><li>OPEL OV0401547-A20</li></ul><p>Feel free to contact us at info@mlperformance.co.uk should you wish to double check!</p>        <p>&nbsp;</p>        <h4>Compatibility Check</h4><p>To ensure the part(s) you have ordered fits your vehicle, we run a compatibility check prior to dispatch. We can do this either using your registration number (UK) or the last 7 digits of your VIN. Simply enter your car details prior to checkout.</p>        <p>&nbsp;</p>        <h4>Part Number</h4><p>EUROLUB-250001 (1 L)</p><p>EUROLUB-250005 (5 L)</p><p>EUROLUB-250020 (20 L)</p><p>EUROLUB-250060 (60 L)</p><p>EUROLUB-250208 (208 L)</p><p>EUROLUB-250100 (1000 L)</p>        <p>&nbsp;</p>        <h4>More Information</h4><p><strong>Manufactured by</strong></p><p>Eurolub</p>",Eurolub,Eurolub 250XXX SUPER FO 0W-20,,"Uploaded by_Muazzim, MLP Discount 2026, Brand_Eurolub, 2026_New Products, Product Type_",TRUE,Options,1 L,,,,,EUROLUB-250001,,shopify,continue,manual,,,TRUE,TRUE,250001,https://eurolub.com/userdata/dcshop/images/thumb_3/848651_250xxx.png,1,Eurolub 250XXX SUPER FO 0W-20,,Eurolub 250XXX SUPER FO 0W-20,Get Eurolub 250XXX SUPER FO 0W-20 for your car to get your desired looks and performance from ML Performance at the lowest price with FREE UK shipping & next day delivery on in stock items. Very cheap prices & good service.,,,,250001,,,new,,,,,,,https://eurolub.com/userdata/dcshop/images/thumb_2/870944_250001.png,kg,8708949900,,,,,active
eurolub-250xxx-super-fo-0w-20,,,,,,,,,5 L,,,,,EUROLUB-250005,,shopify,continue,manual,,,TRUE,TRUE,250005,https://eurolub.com/userdata/dcshop/images/thumb_2/870944_250001.png,2,Eurolub 250XXX SUPER FO 0W-20,,,,,,,,,,,,,,,,,https://eurolub.com/userdata/dcshop/images/thumb_2/101496_250005.png,kg,8708949900,,,,,
eurolub-250xxx-super-fo-0w-20,,,,,,,,,20 L,,,,,EUROLUB-250020,,shopify,continue,manual,,,TRUE,TRUE,250020,https://eurolub.com/userdata/dcshop/images/thumb_2/101496_250005.png,3,Eurolub 250XXX SUPER FO 0W-20,,,,,,,,,,,,,,,,,https://eurolub.com/userdata/dcshop/images/thumb_2/200366_250020.png,kg,8708949900,,,,,
eurolub-250xxx-super-fo-0w-20,,,,,,,,,60 L,,,,,EUROLUB-250060,,shopify,continue,manual,,,TRUE,TRUE,250060,https://eurolub.com/userdata/dcshop/images/thumb_2/200366_250020.png,4,Eurolub 250XXX SUPER FO 0W-20,,,,,,,,,,,,,,,,,https://eurolub.com/userdata/dcshop/images/thumb_2/349089_250060.png,kg,8708949900,,,,,
eurolub-250xxx-super-fo-0w-20,,,,,,,,,208 L,,,,,EUROLUB-250208,,shopify,continue,manual,,,TRUE,TRUE,250208,https://eurolub.com/userdata/dcshop/images/thumb_2/349089_250060.png,5,Eurolub 250XXX SUPER FO 0W-20,,,,,,,,,,,,,,,,,https://eurolub.com/userdata/dcshop/images/thumb_2/206565_250208.png,kg,8708949900,,,,,
eurolub-250xxx-super-fo-0w-20,,,,,,,,,1000 L,,,,,EUROLUB-250100,,shopify,continue,manual,,,TRUE,TRUE,250100,https://eurolub.com/userdata/dcshop/images/thumb_2/206565_250208.png,6,Eurolub 250XXX SUPER FO 0W-20,,,,,,,,,,,,,,,,,https://eurolub.com/userdata/dcshop/images/thumb_2/784400_211100.png,kg,8708949900,,,,,
eurolub-250xxx-super-fo-0w-20,,,,,,,,,,,,,,,,,,,,,,,,https://eurolub.com/userdata/dcshop/images/thumb_2/784400_211100.png,7,Eurolub 250XXX SUPER FO 0W-20,,,,,,,,,,,,,,,,,,,,,,,,
eurolub-252xxx-super-ps-c-0w-20,Eurolub 252XXX SUPER PS-C 0W-20,"<h4><strong>Description</strong></h4><p>Modern, synthetic fuel-efficient engine oil. With a special potential for fuel economy.</p>        <p>&nbsp;</p>        <h4>Compatibility</h4><ul><li>ACEA C5</li><li>API SN PLUS</li><li>PSA B71 2010</li><li>OPEL OV0401547-A20</li><li>Fiat 9.55535-DM1</li></ul><p>Feel free to contact us at info@mlperformance.co.uk should you wish to double check!</p>        <p>&nbsp;</p>        <h4>Compatibility Check</h4><p>To ensure the part(s) you have ordered fits your vehicle, we run a compatibility check prior to dispatch. We can do this either using your registration number (UK) or the last 7 digits of your VIN. Simply enter your car details prior to checkout.</p>        <p>&nbsp;</p>        <h4>Part Number</h4><p>EUROLUB-252001 (1 L)</p><p>EUROLUB-252005 (5 L)</p><p>EUROLUB-252020 (20 L)</p><p>EUROLUB-252060 (60 L)</p><p>EUROLUB-252208 (208 L)</p><p>EUROLUB-252100 (1000 L)</p>        <p>&nbsp;</p>        <h4>More Information</h4><p><strong>Manufactured by</strong></p><p>Eurolub</p>",Eurolub,Eurolub 252XXX SUPER PS-C 0W-20,,"Uploaded by_Muazzim, MLP Discount 2026, Brand_Eurolub, 2026_New Products, Product Type_",TRUE,Options,1 L,,,,,EUROLUB-252001,,shopify,continue,manual,,,TRUE,TRUE,252001,https://eurolub.com/userdata/dcshop/images/thumb_3/948180_252xxx.png,1,Eurolub 252XXX SUPER PS-C 0W-20,,Eurolub 252XXX SUPER PS-C 0W-20,Get Eurolub 252XXX SUPER PS-C 0W-20 for your car to get your desired looks and performance from ML Performance at the lowest price with FREE UK shipping & next day delivery on in stock items. Very cheap prices & good service.,,,,252001,,,new,,,,,,,https://eurolub.com/userdata/dcshop/images/thumb_2/184308_252001.png,kg,8708949900,,,,,active
eurolub-252xxx-super-ps-c-0w-20,,,,,,,,,5 L,,,,,EUROLUB-252005,,shopify,continue,manual,,,TRUE,TRUE,252005,https://eurolub.com/userdata/dcshop/images/thumb_2/184308_252001.png,2,Eurolub 252XXX SUPER PS-C 0W-20,,,,,,,,,,,,,,,,,https://eurolub.com/userdata/dcshop/images/thumb_2/727429_252005.png,kg,8708949900,,,,,
eurolub-252xxx-super-ps-c-0w-20,,,,,,,,,20 L,,,,,EUROLUB-252020,,shopify,continue,manual,,,TRUE,TRUE,252020,https://eurolub.com/userdata/dcshop/images/thumb_2/727429_252005.png,3,Eurolub 252XXX SUPER PS-C 0W-20,,,,,,,,,,,,,,,,,https://eurolub.com/userdata/dcshop/images/thumb_2/968718_252020.png,kg,8708949900,,,,,
eurolub-252xxx-super-ps-c-0w-20,,,,,,,,,60 L,,,,,EUROLUB-252060,,shopify,continue,manual,,,TRUE,TRUE,252060,https://eurolub.com/userdata/dcshop/images/thumb_2/968718_252020.png,4,Eurolub 252XXX SUPER PS-C 0W-20,,,,,,,,,,,,,,,,,https://eurolub.com/userdata/dcshop/images/thumb_2/4475_252060.png,kg,8708949900,,,,,
eurolub-252xxx-super-ps-c-0w-20,,,,,,,,,208 L,,,,,EUROLUB-252208,,shopify,continue,manual,,,TRUE,TRUE,252208,https://eurolub.com/userdata/dcshop/images/thumb_2/4475_252060.png,5,Eurolub 252XXX SUPER PS-C 0W-20,,,,,,,,,,,,,,,,,https://eurolub.com/userdata/dcshop/images/thumb_2/322376_252208.png,kg,8708949900,,,,,
eurolub-252xxx-super-ps-c-0w-20,,,,,,,,,1000 L,,,,,EUROLUB-252100,,shopify,continue,manual,,,TRUE,TRUE,252100,https://eurolub.com/userdata/dcshop/images/thumb_2/322376_252208.png,6,Eurolub 252XXX SUPER PS-C 0W-20,,,,,,,,,,,,,,,,,https://eurolub.com/userdata/dcshop/images/thumb_2/108526_211100.png,kg,8708949900,,,,,
eurolub-252xxx-super-ps-c-0w-20,,,,,,,,,,,,,,,,,,,,,,,,https://eurolub.com/userdata/dcshop/images/thumb_2/108526_211100.png,7,Eurolub 252XXX SUPER PS-C 0W-20,,,,,,,,,,,,,,,,,,,,,,,,
eurolub-222xxx-super-eco-0w-16,Eurolub 222XXX SUPER ECO 0W-16,"<h4><strong>Description</strong></h4><p>Modern low viscosity motor oil.</p>        <p>&nbsp;</p>        <h4>Compatibility</h4><ul><li>API SP RC</li><li>ILSAC GF-6B</li></ul><p>Feel free to contact us at info@mlperformance.co.uk should you wish to double check!</p>        <p>&nbsp;</p>        <h4>Compatibility Check</h4><p>To ensure the part(s) you have ordered fits your vehicle, we run a compatibility check prior to dispatch. We can do this either using your registration number (UK) or the last 7 digits of your VIN. Simply enter your car details prior to checkout.</p>        <p>&nbsp;</p>        <h4>Part Number</h4><p>EUROLUB-222001 (1 L)</p><p>EUROLUB-222005 (5 L)</p><p>EUROLUB-222020 (20 L)</p><p>EUROLUB-222060 (60 L)</p><p>EUROLUB-222208 (208 L)</p><p>EUROLUB-222100 (1000 L)</p>        <p>&nbsp;</p>        <h4>More Information</h4><p><strong>Manufactured by</strong></p><p>Eurolub</p>",Eurolub,Eurolub 222XXX SUPER ECO 0W-16,,"Uploaded by_Muazzim, MLP Discount 2026, Brand_Eurolub, 2026_New Products, Product Type_",TRUE,Options,1 L,,,,,EUROLUB-222001,,shopify,continue,manual,,,TRUE,TRUE,222001,https://eurolub.com/userdata/dcshop/images/thumb_3/488339_222xxx.png,1,Eurolub 222XXX SUPER ECO 0W-16,,Eurolub 222XXX SUPER ECO 0W-16,Get Eurolub 222XXX SUPER ECO 0W-16 for your car to get your desired looks and performance from ML Performance at the lowest price with FREE UK shipping & next day delivery on in stock items. Very cheap prices & good service.,,,,222001,,,new,,,,,,,https://eurolub.com/userdata/dcshop/images/thumb_2/462356_222001.png,kg,8708949900,,,,,active
eurolub-222xxx-super-eco-0w-16,,,,,,,,,5 L,,,,,EUROLUB-222005,,shopify,continue,manual,,,TRUE,TRUE,222005,https://eurolub.com/userdata/dcshop/images/thumb_2/462356_222001.png,2,Eurolub 222XXX SUPER ECO 0W-16,,,,,,,,,,,,,,,,,https://eurolub.com/userdata/dcshop/images/thumb_2/260610_222005.png,kg,8708949900,,,,,
eurolub-222xxx-super-eco-0w-16,,,,,,,,,20 L,,,,,EUROLUB-222020,,shopify,continue,manual,,,TRUE,TRUE,222020,https://eurolub.com/userdata/dcshop/images/thumb_2/260610_222005.png,3,Eurolub 222XXX SUPER ECO 0W-16,,,,,,,,,,,,,,,,,https://eurolub.com/userdata/dcshop/images/thumb_2/662168_222020.png,kg,8708949900,,,,,
eurolub-222xxx-super-eco-0w-16,,,,,,,,,60 L,,,,,EUROLUB-222060,,shopify,continue,manual,,,TRUE,TRUE,222060,https://eurolub.com/userdata/dcshop/images/thumb_2/662168_222020.png,4,Eurolub 222XXX SUPER ECO 0W-16,,,,,,,,,,,,,,,,,https://eurolub.com/userdata/dcshop/images/thumb_2/968493_222060.png,kg,8708949900,,,,,
eurolub-222xxx-super-eco-0w-16,,,,,,,,,208 L,,,,,EUROLUB-222208,,shopify,continue,manual,,,TRUE,TRUE,222208,https://eurolub.com/userdata/dcshop/images/thumb_2/968493_222060.png,5,Eurolub 222XXX SUPER ECO 0W-16,,,,,,,,,,,,,,,,,https://eurolub.com/userdata/dcshop/images/thumb_2/495290_222208.png,kg,8708949900,,,,,
eurolub-222xxx-super-eco-0w-16,,,,,,,,,1000 L,,,,,EUROLUB-222100,,shopify,continue,manual,,,TRUE,TRUE,222100,https://eurolub.com/userdata/dcshop/images/thumb_2/495290_222208.png,6,Eurolub 222XXX SUPER ECO 0W-16,,,,,,,,,,,,,,,,,https://eurolub.com/userdata/dcshop/images/thumb_2/404295_221100.png,kg,8708949900,,,,,
eurolub-222xxx-super-eco-0w-16,,,,,,,,,,,,,,,,,,,,,,,,https://eurolub.com/userdata/dcshop/images/thumb_2/404295_221100.png,7,Eurolub 222XXX SUPER ECO 0W-16,,,,,,,,,,,,,,,,,,,,,,,,
eurolub-311xxx-racing-gt2-10w-60,Eurolub 311XXX RACING GT2 10W-60,"<h4><strong>Description</strong></h4><p>High-performance engine oil for passenger car models. Low oil consumption. Heavy-duty lubricating film and oil pressure.</p>        <p>&nbsp;</p>        <h4>Compatibility</h4><ul><li>ACEA A3/B4</li><li>API SN</li><li>API CF</li></ul><p>Feel free to contact us at info@mlperformance.co.uk should you wish to double check!</p>        <p>&nbsp;</p>        <h4>Compatibility Check</h4><p>To ensure the part(s) you have ordered fits your vehicle, we run a compatibility check prior to dispatch. We can do this either using your registration number (UK) or the last 7 digits of your VIN. Simply enter your car details prior to checkout.</p>        <p>&nbsp;</p>        <h4>Part Number</h4><p>EUROLUB-311001 (1 L)</p><p>EUROLUB-311005 (5 L)</p><p>EUROLUB-311020 (20 L)</p><p>EUROLUB-311060 (60 L)</p><p>EUROLUB-311208 (208 L)</p>        <p>&nbsp;</p>        <h4>More Information</h4><p><strong>Manufactured by</strong></p><p>Eurolub</p>",Eurolub,Eurolub 311XXX RACING GT2 10W-60,,"Uploaded by_Muazzim, MLP Discount 2026, Brand_Eurolub, 2026_New Products, Product Type_",TRUE,Options,1 L,,,,,EUROLUB-311001,,shopify,continue,manual,,,TRUE,TRUE,311001,https://eurolub.com/userdata/dcshop/images/thumb_3/105261_311xxx.png,1,Eurolub 311XXX RACING GT2 10W-60,,Eurolub 311XXX RACING GT2 10W-60,Get Eurolub 311XXX RACING GT2 10W-60 for your car to get your desired looks and performance from ML Performance at the lowest price with FREE UK shipping & next day delivery on in stock items. Very cheap prices & good service.,,,,311001,,,new,,,,,,,https://eurolub.com/userdata/dcshop/images/thumb_2/48996_311001.png,kg,8708949900,,,,,active
eurolub-311xxx-racing-gt2-10w-60,,,,,,,,,5 L,,,,,EUROLUB-311005,,shopify,continue,manual,,,TRUE,TRUE,311005,https://eurolub.com/userdata/dcshop/images/thumb_2/48996_311001.png,2,Eurolub 311XXX RACING GT2 10W-60,,,,,,,,,,,,,,,,,https://eurolub.com/userdata/dcshop/images/thumb_2/284416_311005.png,kg,8708949900,,,,,
eurolub-311xxx-racing-gt2-10w-60,,,,,,,,,20 L,,,,,EUROLUB-311020,,shopify,continue,manual,,,TRUE,TRUE,311020,https://eurolub.com/userdata/dcshop/images/thumb_2/284416_311005.png,3,Eurolub 311XXX RACING GT2 10W-60,,,,,,,,,,,,,,,,,https://eurolub.com/userdata/dcshop/images/thumb_2/956653_311020.png,kg,8708949900,,,,,
eurolub-311xxx-racing-gt2-10w-60,,,,,,,,,60 L,,,,,EUROLUB-311060,,shopify,continue,manual,,,TRUE,TRUE,311060,https://eurolub.com/userdata/dcshop/images/thumb_2/956653_311020.png,4,Eurolub 311XXX RACING GT2 10W-60,,,,,,,,,,,,,,,,,https://eurolub.com/userdata/dcshop/images/thumb_2/66098_311060.png,kg,8708949900,,,,,
eurolub-311xxx-racing-gt2-10w-60,,,,,,,,,208 L,,,,,EUROLUB-311208,,shopify,continue,manual,,,TRUE,TRUE,311208,https://eurolub.com/userdata/dcshop/images/thumb_2/66098_311060.png,5,Eurolub 311XXX RACING GT2 10W-60,,,,,,,,,,,,,,,,,https://eurolub.com/userdata/dcshop/images/thumb_2/677917_311208.png,kg,8708949900,,,,,
eurolub-311xxx-racing-gt2-10w-60,,,,,,,,,,,,,,,,,,,,,,,,https://eurolub.com/userdata/dcshop/images/thumb_2/677917_311208.png,6,Eurolub 311XXX RACING GT2 10W-60,,,,,,,,,,,,,,,,,,,,,,,,
eurolub-255xxx-eco-dxs-0w-20,Eurolub 255XXX ECO DXS 0W-20,"<h4><strong>Description</strong></h4><p>Modern low viscosity motor oil.</p>        <p>&nbsp;</p>        <h4>Compatibility</h4><ul><li>GM dexos1® Gen. 3</li><li>API SQ (RC)</li><li>Chrysler MS 6395</li><li>ILSAC GF-7A</li><li>Fiat 9.55535-GSX</li><li>Fiat 9.55535-CR1</li><li>Ford WSS-M2C947-B1</li><li>Ford WSS-M2C962-A</li><li>GM 6094M</li></ul><p>Feel free to contact us at info@mlperformance.co.uk should you wish to double check!</p>        <p>&nbsp;</p>        <h4>Compatibility Check</h4><p>To ensure the part(s) you have ordered fits your vehicle, we run a compatibility check prior to dispatch. We can do this either using your registration number (UK) or the last 7 digits of your VIN. Simply enter your car details prior to checkout.</p>        <p>&nbsp;</p>        <h4>Part Number</h4><p>EUROLUB-255001 (1 L)</p><p>EUROLUB-255005 (5 L)</p><p>EUROLUB-255020 (20 L)</p><p>EUROLUB-255060 (60 L)</p><p>EUROLUB-255208 (208 L)</p><p>EUROLUB-255100 (1000 L)</p>        <p>&nbsp;</p>        <h4>More Information</h4><p><strong>Manufactured by</strong></p><p>Eurolub</p>",Eurolub,Eurolub 255XXX ECO DXS 0W-20,,"Uploaded by_Muazzim, MLP Discount 2026, Brand_Eurolub, 2026_New Products, Product Type_",TRUE,Options,1 L,,,,,EUROLUB-255001,,shopify,continue,manual,,,TRUE,TRUE,255001,https://eurolub.com/userdata/dcshop/images/thumb_3/435353_255xxx.png,1,Eurolub 255XXX ECO DXS 0W-20,,Eurolub 255XXX ECO DXS 0W-20,Get Eurolub 255XXX ECO DXS 0W-20 for your car to get your desired looks and performance from ML Performance at the lowest price with FREE UK shipping & next day delivery on in stock items. Very cheap prices & good service.,,,,255001,,,new,,,,,,,https://eurolub.com/userdata/dcshop/images/thumb_2/508703_255001.png,kg,8708949900,,,,,active
eurolub-255xxx-eco-dxs-0w-20,,,,,,,,,5 L,,,,,EUROLUB-255005,,shopify,continue,manual,,,TRUE,TRUE,255005,https://eurolub.com/userdata/dcshop/images/thumb_2/508703_255001.png,2,Eurolub 255XXX ECO DXS 0W-20,,,,,,,,,,,,,,,,,https://eurolub.com/userdata/dcshop/images/thumb_2/513888_255005.png,kg,8708949900,,,,,
eurolub-255xxx-eco-dxs-0w-20,,,,,,,,,20 L,,,,,EUROLUB-255020,,shopify,continue,manual,,,TRUE,TRUE,255020,https://eurolub.com/userdata/dcshop/images/thumb_2/513888_255005.png,3,Eurolub 255XXX ECO DXS 0W-20,,,,,,,,,,,,,,,,,https://eurolub.com/userdata/dcshop/images/thumb_2/168542_255020.png,kg,8708949900,,,,,
eurolub-255xxx-eco-dxs-0w-20,,,,,,,,,60 L,,,,,EUROLUB-255060,,shopify,continue,manual,,,TRUE,TRUE,255060,https://eurolub.com/userdata/dcshop/images/thumb_2/168542_255020.png,4,Eurolub 255XXX ECO DXS 0W-20,,,,,,,,,,,,,,,,,https://eurolub.com/userdata/dcshop/images/thumb_2/114639_255060.png,kg,8708949900,,,,,
eurolub-255xxx-eco-dxs-0w-20,,,,,,,,,208 L,,,,,EUROLUB-255208,,shopify,continue,manual,,,TRUE,TRUE,255208,https://eurolub.com/userdata/dcshop/images/thumb_2/114639_255060.png,5,Eurolub 255XXX ECO DXS 0W-20,,,,,,,,,,,,,,,,,https://eurolub.com/userdata/dcshop/images/thumb_2/538389_255208.png,kg,8708949900,,,,,
eurolub-255xxx-eco-dxs-0w-20,,,,,,,,,1000 L,,,,,EUROLUB-255100,,shopify,continue,manual,,,TRUE,TRUE,255100,https://eurolub.com/userdata/dcshop/images/thumb_2/538389_255208.png,6,Eurolub 255XXX ECO DXS 0W-20,,,,,,,,,,,,,,,,,https://eurolub.com/userdata/dcshop/images/thumb_2/183338_211100.png,kg,8708949900,,,,,
eurolub-255xxx-eco-dxs-0w-20,,,,,,,,,,,,,,,,,,,,,,,,https://eurolub.com/userdata/dcshop/images/thumb_2/183338_211100.png,7,Eurolub 255XXX ECO DXS 0W-20,,,,,,,,,,,,,,,,,,,,,,,,
eurolub-244xxx-formel-dx-5w-30,Eurolub 244XXX FORMEL DX 5W-30,"<h4><strong>Description</strong></h4><p>Mid SAPS Engine Oil.</p></p>        <p>&nbsp;</p>        <h4>Compatibility</h4><ul><li>ACEA C2</li><li>ACEA C3</li><li>API SN</li><li>API CF</li><li>VW 502.00</li><li>VW 505.00</li><li>VW 505.01</li><li>MB 229.51</li><li>MB 229.52</li><li>BMW Longlife-04</li><li>GM dexos2®</li><li>RN 0700</li><li>RN 0710</li></ul><p>Feel free to contact us at info@mlperformance.co.uk should you wish to double check!</p>        <p>&nbsp;</p>        <h4>Compatibility Check</h4><p>To ensure the part(s) you have ordered fits your vehicle, we run a compatibility check prior to dispatch. We can do this either using your registration number (UK) or the last 7 digits of your VIN. Simply enter your car details prior to checkout.</p>        <p>&nbsp;</p>        <h4>Part Number</h4><p>EUROLUB-244005 (5 L)</p><p>EUROLUB-244060 (60 L)</p><p>EUROLUB-244208 (208 L)</p><p>EUROLUB-244100 (1000 L)</p>        <p>&nbsp;</p>        <h4>More Information</h4><p><strong>Manufactured by</strong></p><p>Eurolub</p>",Eurolub,Eurolub 244XXX FORMEL DX 5W-30,,"Uploaded by_Muazzim, MLP Discount 2026, Brand_Eurolub, 2026_New Products, Product Type_",TRUE,Options,5 L,,,,,EUROLUB-244005,,shopify,continue,manual,,,TRUE,TRUE,244005,https://eurolub.com/userdata/dcshop/images/thumb_3/728081_244xxx.png,1,Eurolub 244XXX FORMEL DX 5W-30,,Eurolub 244XXX FORMEL DX 5W-30,Get Eurolub 244XXX FORMEL DX 5W-30 for your car to get your desired looks and performance from ML Performance at the lowest price with FREE UK shipping & next day delivery on in stock items. Very cheap prices & good service.,,,,244005,,,new,,,,,,,https://eurolub.com/userdata/dcshop/images/thumb_2/780250_244005.png,kg,8708949900,,,,,active
eurolub-244xxx-formel-dx-5w-30,,,,,,,,,60 L,,,,,EUROLUB-244060,,shopify,continue,manual,,,TRUE,TRUE,244060,https://eurolub.com/userdata/dcshop/images/thumb_2/780250_244005.png,2,Eurolub 244XXX FORMEL DX 5W-30,,,,,,,,,,,,,,,,,https://eurolub.com/userdata/dcshop/images/thumb_2/586033_244060.png,kg,8708949900,,,,,
eurolub-244xxx-formel-dx-5w-30,,,,,,,,,208 L,,,,,EUROLUB-244208,,shopify,continue,manual,,,TRUE,TRUE,244208,https://eurolub.com/userdata/dcshop/images/thumb_2/586033_244060.png,3,Eurolub 244XXX FORMEL DX 5W-30,,,,,,,,,,,,,,,,,https://eurolub.com/userdata/dcshop/images/thumb_2/974560_244208.png,kg,8708949900,,,,,
eurolub-244xxx-formel-dx-5w-30,,,,,,,,,1000 L,,,,,EUROLUB-244100,,shopify,continue,manual,,,TRUE,TRUE,244100,https://eurolub.com/userdata/dcshop/images/thumb_2/974560_244208.png,4,Eurolub 244XXX FORMEL DX 5W-30,,,,,,,,,,,,,,,,,https://eurolub.com/userdata/dcshop/images/thumb_2/563839_211100.png,kg,8708949900,,,,,
eurolub-244xxx-formel-dx-5w-30,,,,,,,,,,,,,,,,,,,,,,,,https://eurolub.com/userdata/dcshop/images/thumb_2/563839_211100.png,5,Eurolub 244XXX FORMEL DX 5W-30,,,,,,,,,,,,,,,,,,,,,,,,
eurolub-213xxx-cleanpower-c1-5w-30,Eurolub 213XXX CLEANPOWER C1 5W-30,"<h4><strong>Description</strong></h4><p>Specially developed for models equipped with an exhaust post-treatment system and models complying with the relevant regulation.</p>        <p>&nbsp;</p>        <h4>Compatibility</h4><ul><li>ACEA C1</li><li>Ford WSS-M2C934-B</li><li>STJLR.03.5005</li><li>JASO DL-1</li><li>Mazda</li></ul><p>Feel free to contact us at info@mlperformance.co.uk should you wish to double check!</p>        <p>&nbsp;</p>        <h4>Compatibility Check</h4><p>To ensure the part(s) you have ordered fits your vehicle, we run a compatibility check prior to dispatch. We can do this either using your registration number (UK) or the last 7 digits of your VIN. Simply enter your car details prior to checkout.</p>        <p>&nbsp;</p>        <h4>Part Number</h4><p>EUROLUB-213001 (1 L)</p><p>EUROLUB-213005 (5 L)</p><p>EUROLUB-213020 (20 L)</p><p>EUROLUB-213060 (60 L)</p><p>EUROLUB-213208 (208 L)</p><p>EUROLUB-213100 (1000 L)</p>        <p>&nbsp;</p>        <h4>More Information</h4><p><strong>Manufactured by</strong></p><p>Eurolub</p>",Eurolub,Eurolub 213XXX CLEANPOWER C1 5W-30,,"Uploaded by_Muazzim, MLP Discount 2026, Brand_Eurolub, 2026_New Products, Product Type_",TRUE,Options,1 L,,,,,EUROLUB-213001,,shopify,continue,manual,,,TRUE,TRUE,213001,https://eurolub.com/userdata/dcshop/images/thumb_3/935229_213xxx.png,1,Eurolub 213XXX CLEANPOWER C1 5W-30,,Eurolub 213XXX CLEANPOWER C1 5W-30,Get Eurolub 213XXX CLEANPOWER C1 5W-30 for your car to get your desired looks and performance from ML Performance at the lowest price with FREE UK shipping & next day delivery on in stock items. Very cheap prices & good service.,,,,213001,,,new,,,,,,,https://eurolub.com/userdata/dcshop/images/thumb_2/561591_213001.png,kg,8708949900,,,,,active
eurolub-213xxx-cleanpower-c1-5w-30,,,,,,,,,5 L,,,,,EUROLUB-213005,,shopify,continue,manual,,,TRUE,TRUE,213005,https://eurolub.com/userdata/dcshop/images/thumb_2/561591_213001.png,2,Eurolub 213XXX CLEANPOWER C1 5W-30,,,,,,,,,,,,,,,,,https://eurolub.com/userdata/dcshop/images/thumb_2/950489_213005.png,kg,8708949900,,,,,
eurolub-213xxx-cleanpower-c1-5w-30,,,,,,,,,20 L,,,,,EUROLUB-213020,,shopify,continue,manual,,,TRUE,TRUE,213020,https://eurolub.com/userdata/dcshop/images/thumb_2/950489_213005.png,3,Eurolub 213XXX CLEANPOWER C1 5W-30,,,,,,,,,,,,,,,,,https://eurolub.com/userdata/dcshop/images/thumb_2/729224_213020.png,kg,8708949900,,,,,
eurolub-213xxx-cleanpower-c1-5w-30,,,,,,,,,60 L,,,,,EUROLUB-213060,,shopify,continue,manual,,,TRUE,TRUE,213060,https://eurolub.com/userdata/dcshop/images/thumb_2/729224_213020.png,4,Eurolub 213XXX CLEANPOWER C1 5W-30,,,,,,,,,,,,,,,,,https://eurolub.com/userdata/dcshop/images/thumb_2/831036_213060.png,kg,8708949900,,,,,
eurolub-213xxx-cleanpower-c1-5w-30,,,,,,,,,208 L,,,,,EUROLUB-213208,,shopify,continue,manual,,,TRUE,TRUE,213208,https://eurolub.com/userdata/dcshop/images/thumb_2/831036_213060.png,5,Eurolub 213XXX CLEANPOWER C1 5W-30,,,,,,,,,,,,,,,,,https://eurolub.com/userdata/dcshop/images/thumb_2/948647_213208.png,kg,8708949900,,,,,
eurolub-213xxx-cleanpower-c1-5w-30,,,,,,,,,1000 L,,,,,EUROLUB-213100,,shopify,continue,manual,,,TRUE,TRUE,213100,https://eurolub.com/userdata/dcshop/images/thumb_2/948647_213208.png,6,Eurolub 213XXX CLEANPOWER C1 5W-30,,,,,,,,,,,,,,,,,https://eurolub.com/userdata/dcshop/images/thumb_2/242838_211100.png,kg,8708949900,,,,,
eurolub-213xxx-cleanpower-c1-5w-30,,,,,,,,,,,,,,,,,,,,,,,,https://eurolub.com/userdata/dcshop/images/thumb_2/242838_211100.png,7,Eurolub 213XXX CLEANPOWER C1 5W-30,,,,,,,,,,,,,,,,,,,,,,,,
eurolub-208xxx-eco-b12-0w-30,Eurolub 208XXX ECO B12 0W-30,"<h4><strong>Description</strong></h4><p>Motor oil developed for BMW models for extreme fuel-saving.</p>        <p>&nbsp;</p>        <h4>Compatibility</h4><ul><li>ACEA C2</li><li>BMW Longlife-12 FE</li><li>MB 229.61</li></ul><p>Feel free to contact us at info@mlperformance.co.uk should you wish to double check!</p>        <p>&nbsp;</p>        <h4>Compatibility Check</h4><p>To ensure the part(s) you have ordered fits your vehicle, we run a compatibility check prior to dispatch. We can do this either using your registration number (UK) or the last 7 digits of your VIN. Simply enter your car details prior to checkout.</p>        <p>&nbsp;</p>        <h4>Part Number</h4><p>EUROLUB-208020 (20 L)</p><p>EUROLUB-208060 (60 L)</p><p>EUROLUB-208208 (208 L)</p><p>EUROLUB-208100 (1000 L)</p>        <p>&nbsp;</p>        <h4>More Information</h4><p><strong>Manufactured by</strong></p><p>Eurolub</p>",Eurolub,Eurolub 208XXX ECO B12 0W-30,,"Uploaded by_Muazzim, MLP Discount 2026, Brand_Eurolub, 2026_New Products, Product Type_",TRUE,Options,20 L,,,,,EUROLUB-208020,,shopify,continue,manual,,,TRUE,TRUE,208020,https://eurolub.com/userdata/dcshop/images/thumb_3/895137_208xxx.png,1,Eurolub 208XXX ECO B12 0W-30,,Eurolub 208XXX ECO B12 0W-30,Get Eurolub 208XXX ECO B12 0W-30 for your car to get your desired looks and performance from ML Performance at the lowest price with FREE UK shipping & next day delivery on in stock items. Very cheap prices & good service.,,,,208020,,,new,,,,,,,https://eurolub.com/userdata/dcshop/images/thumb_2/660899_208020.png,kg,8708949900,,,,,active
eurolub-208xxx-eco-b12-0w-30,,,,,,,,,60 L,,,,,EUROLUB-208060,,shopify,continue,manual,,,TRUE,TRUE,208060,https://eurolub.com/userdata/dcshop/images/thumb_2/660899_208020.png,2,Eurolub 208XXX ECO B12 0W-30,,,,,,,,,,,,,,,,,https://eurolub.com/userdata/dcshop/images/thumb_2/992511_208060.png,kg,8708949900,,,,,
eurolub-208xxx-eco-b12-0w-30,,,,,,,,,208 L,,,,,EUROLUB-208208,,shopify,continue,manual,,,TRUE,TRUE,208208,https://eurolub.com/userdata/dcshop/images/thumb_2/992511_208060.png,3,Eurolub 208XXX ECO B12 0W-30,,,,,,,,,,,,,,,,,https://eurolub.com/userdata/dcshop/images/thumb_2/636484_208208.png,kg,8708949900,,,,,
eurolub-208xxx-eco-b12-0w-30,,,,,,,,,1000 L,,,,,EUROLUB-208100,,shopify,continue,manual,,,TRUE,TRUE,208100,https://eurolub.com/userdata/dcshop/images/thumb_2/636484_208208.png,4,Eurolub 208XXX ECO B12 0W-30,,,,,,,,,,,,,,,,,https://eurolub.com/userdata/dcshop/images/thumb_2/807068_211100.png,kg,8708949900,,,,,
eurolub-208xxx-eco-b12-0w-30,,,,,,,,,,,,,,,,,,,,,,,,https://eurolub.com/userdata/dcshop/images/thumb_2/807068_211100.png,5,Eurolub 208XXX ECO B12 0W-30,,,,,,,,,,,,,,,,,,,,,,,,
eurolub-235xxx-classic-multigrade-20w-50,Eurolub 235XXX Classic MULTIGRADE 20W-50,"<h4><strong>Description</strong></h4><p>Mildly alloyed multi-grade engine oil for older vehicles. Also suitable for Harley Davidson in accordance with regulation!</p>        <p>&nbsp;</p>        <h4>Compatibility</h4><ul><li>API CD</li><li>API SF</li></ul><p>Feel free to contact us at info@mlperformance.co.uk should you wish to double check!</p>        <p>&nbsp;</p>        <h4>Compatibility Check</h4><p>To ensure the part(s) you have ordered fits your vehicle, we run a compatibility check prior to dispatch. We can do this either using your registration number (UK) or the last 7 digits of your VIN. Simply enter your car details prior to checkout.</p>        <p>&nbsp;</p>        <h4>Part Number</h4><p>EUROLUB-235060 (60 L)</p>        <p>&nbsp;</p>        <h4>More Information</h4><p><strong>Manufactured by</strong></p><p>Eurolub</p>",Eurolub,Eurolub 235XXX Classic MULTIGRADE 20W-50,,"Uploaded by_Muazzim, MLP Discount 2026, Brand_Eurolub, 2026_New Products, Product Type_",TRUE,Options,60 L,,,,,EUROLUB-235060,,shopify,continue,manual,,,TRUE,TRUE,235060,https://eurolub.com/userdata/dcshop/images/thumb_3/276544_235060.png,1,Eurolub 235XXX Classic MULTIGRADE 20W-50,,Eurolub 235XXX Classic MULTIGRADE 20W-50,Get Eurolub 235XXX Classic MULTIGRADE 20W-50 for your car to get your desired looks and performance from ML Performance at the lowest price with FREE UK shipping & next day delivery on in stock items. Very cheap prices & good service.,,,,235060,,,new,,,,,,,https://eurolub.com/userdata/dcshop/images/thumb_2/155133_235060.png,kg,8708949900,,,,,active
eurolub-235xxx-classic-multigrade-20w-50,,,,,,,,,,,,,,,,,,,,,,,,https://eurolub.com/userdata/dcshop/images/thumb_2/155133_235060.png,2,Eurolub 235XXX Classic MULTIGRADE 20W-50,,,,,,,,,,,,,,,,,,,,,,,,
eurolub-233xxx-classic-monograde-30,Eurolub 233XXX Classic MONOGRADE 30,"<h4><strong>Description</strong></h4><p>Mildly alloyed single-grade engine oil for older vhicles.</p>        <p>&nbsp;</p>        <h4>Compatibility</h4><ul><li>API CD</li><li>API SF</li></ul><p>Feel free to contact us at info@mlperformance.co.uk should you wish to double check!</p>        <p>&nbsp;</p>        <h4>Compatibility Check</h4><p>To ensure the part(s) you have ordered fits your vehicle, we run a compatibility check prior to dispatch. We can do this either using your registration number (UK) or the last 7 digits of your VIN. Simply enter your car details prior to checkout.</p>        <p>&nbsp;</p>        <h4>Part Number</h4><p>EUROLUB-233060 (60 L)</p>        <p>&nbsp;</p>        <h4>More Information</h4><p><strong>Manufactured by</strong></p><p>Eurolub</p>",Eurolub,Eurolub 233XXX Classic MONOGRADE 30,,"Uploaded by_Muazzim, MLP Discount 2026, Brand_Eurolub, 2026_New Products, Product Type_",TRUE,Options,60 L,,,,,EUROLUB-233060,,shopify,continue,manual,,,TRUE,TRUE,233060,https://eurolub.com/userdata/dcshop/images/thumb_3/719951_233xxx.png,1,Eurolub 233XXX Classic MONOGRADE 30,,Eurolub 233XXX Classic MONOGRADE 30,Get Eurolub 233XXX Classic MONOGRADE 30 for your car to get your desired looks and performance from ML Performance at the lowest price with FREE UK shipping & next day delivery on in stock items. Very cheap prices & good service.,,,,233060,,,new,,,,,,,https://eurolub.com/userdata/dcshop/images/thumb_2/458590_233060.png,kg,8708949900,,,,,active
eurolub-233xxx-classic-monograde-30,,,,,,,,,,,,,,,,,,,,,,,,https://eurolub.com/userdata/dcshop/images/thumb_2/458590_233060.png,2,Eurolub 233XXX Classic MONOGRADE 30,,,,,,,,,,,,,,,,,,,,,,,,
eurolub-231xxx-cargo-lsp-super-10w-40,Eurolub 231XXX CARGO LSP SUPER 10W-40,"<h4><strong>Description</strong></h4><p>State-of-the-art SHPD engine oil. Developed and adpated for use with the latest particle filter systems in commercial vehicles in accordance.</p>        <p>&nbsp;</p>        <h4>Compatibility</h4><ul><li>ACEA E7</li><li>ACEA E8</li><li>ACEA E11</li><li>API CK-4</li><li>API SN</li><li>DTFR 15C110 (228.51)</li><li>MAN M 3477</li><li>MAN M 3775</li><li>Volvo VDS-4.5</li><li>Renault VI RLD-2</li><li>Renault VI RLD-3</li><li>Scania Low Ash</li><li>Deutz IV-18 LA</li><li>CAT ECF-1a</li><li>CAT ECF-2</li><li>CAT ECF-3</li><li>Cummins CES 20086</li><li>Detroit Diesel 93K222</li><li>JASO DH-2</li><li>MTU Typ 2.1</li><li>MTU Typ 3.1</li><li>Mack EOS 4.5</li></ul><p>Feel free to contact us at info@mlperformance.co.uk should you wish to double check!</p>        <p>&nbsp;</p>        <h4>Compatibility Check</h4><p>To ensure the part(s) you have ordered fits your vehicle, we run a compatibility check prior to dispatch. We can do this either using your registration number (UK) or the last 7 digits of your VIN. Simply enter your car details prior to checkout.</p>        <p>&nbsp;</p>        <h4>Part Number</h4><p>EUROLUB-231020 (20 L)</p><p>EUROLUB-231060 (60 L)</p><p>EUROLUB-231208 (208 L)</p>        <p>&nbsp;</p>        <h4>More Information</h4><p><strong>Manufactured by</strong></p><p>Eurolub</p>",Eurolub,Eurolub 231XXX CARGO LSP SUPER 10W-40,,"Uploaded by_Muazzim, MLP Discount 2026, Brand_Eurolub, 2026_New Products, Product Type_",TRUE,Options,20 L,,,,,EUROLUB-231020,,shopify,continue,manual,,,TRUE,TRUE,231020,https://eurolub.com/userdata/dcshop/images/thumb_3/34696_231xxx.png,1,Eurolub 231XXX CARGO LSP SUPER 10W-40,,Eurolub 231XXX CARGO LSP SUPER 10W-40,Get Eurolub 231XXX CARGO LSP SUPER 10W-40 for your car to get your desired looks and performance from ML Performance at the lowest price with FREE UK shipping & next day delivery on in stock items. Very cheap prices & good service.,,,,231020,,,new,,,,,,,https://eurolub.com/userdata/dcshop/images/thumb_2/336851_231020.png,kg,8708949900,,,,,active
eurolub-231xxx-cargo-lsp-super-10w-40,,,,,,,,,60 L,,,,,EUROLUB-231060,,shopify,continue,manual,,,TRUE,TRUE,231060,https://eurolub.com/userdata/dcshop/images/thumb_2/336851_231020.png,2,Eurolub 231XXX CARGO LSP SUPER 10W-40,,,,,,,,,,,,,,,,,https://eurolub.com/userdata/dcshop/images/thumb_2/13779_231060.png,kg,8708949900,,,,,
eurolub-231xxx-cargo-lsp-super-10w-40,,,,,,,,,208 L,,,,,EUROLUB-231208,,shopify,continue,manual,,,TRUE,TRUE,231208,https://eurolub.com/userdata/dcshop/images/thumb_2/13779_231060.png,3,Eurolub 231XXX CARGO LSP SUPER 10W-40,,,,,,,,,,,,,,,,,https://eurolub.com/userdata/dcshop/images/thumb_2/29090_231208.png,kg,8708949900,,,,,
eurolub-231xxx-cargo-lsp-super-10w-40,,,,,,,,,,,,,,,,,,,,,,,,https://eurolub.com/userdata/dcshop/images/thumb_2/29090_231208.png,4,Eurolub 231XXX CARGO LSP SUPER 10W-40,,,,,,,,,,,,,,,,,,,,,,,,
eurolub-340xxx-turbo-star-15w-40,Eurolub 340XXX TURBO STAR 15W-40,"<h4><strong>Description</strong></h4><p>Engine oil for diesel and gas engines, tried and tested as an excellent choice for commercial vehicles, heavy-duty work machinery, and passenger cars (except pump-jet engines).</p>        <p>&nbsp;</p>        <h4>Compatibility</h4><ul><li>API CF-4</li><li>API SJ</li><li>MB 228.1</li><li>MAN 271</li><li>Volvo VDS</li></ul><p>Feel free to contact us at info@mlperformance.co.uk should you wish to double check!</p>        <p>&nbsp;</p>        <h4>Compatibility Check</h4><p>To ensure the part(s) you have ordered fits your vehicle, we run a compatibility check prior to dispatch. We can do this either using your registration number (UK) or the last 7 digits of your VIN. Simply enter your car details prior to checkout.</p>        <p>&nbsp;</p>        <h4>Part Number</h4><p>EUROLUB-340001 (1 L)</p><p>EUROLUB-340005 (5 L)</p><p>EUROLUB-340020 (20 L)</p><p>EUROLUB-340060 (60 L)</p><p>EUROLUB-340208 (208 L)</p><p>EUROLUB-340100 (1000 L)</p>        <p>&nbsp;</p>        <h4>More Information</h4><p><strong>Manufactured by</strong></p><p>Eurolub</p>",Eurolub,Eurolub 340XXX TURBO STAR 15W-40,,"Uploaded by_Muazzim, MLP Discount 2026, Brand_Eurolub, 2026_New Products, Product Type_",TRUE,Options,1 L,,,,,EUROLUB-340001,,shopify,continue,manual,,,TRUE,TRUE,340001,https://eurolub.com/userdata/dcshop/images/thumb_3/34611_340xxx.png,1,Eurolub 340XXX TURBO STAR 15W-40,,Eurolub 340XXX TURBO STAR 15W-40,Get Eurolub 340XXX TURBO STAR 15W-40 for your car to get your desired looks and performance from ML Performance at the lowest price with FREE UK shipping & next day delivery on in stock items. Very cheap prices & good service.,,,,340001,,,new,,,,,,,https://eurolub.com/userdata/dcshop/images/thumb_2/481482_340001.png,kg,8708949900,,,,,active
eurolub-340xxx-turbo-star-15w-40,,,,,,,,,5 L,,,,,EUROLUB-340005,,shopify,continue,manual,,,TRUE,TRUE,340005,https://eurolub.com/userdata/dcshop/images/thumb_2/481482_340001.png,2,Eurolub 340XXX TURBO STAR 15W-40,,,,,,,,,,,,,,,,,https://eurolub.com/userdata/dcshop/images/thumb_2/482913_340005.png,kg,8708949900,,,,,
eurolub-340xxx-turbo-star-15w-40,,,,,,,,,20 L,,,,,EUROLUB-340020,,shopify,continue,manual,,,TRUE,TRUE,340020,https://eurolub.com/userdata/dcshop/images/thumb_2/482913_340005.png,3,Eurolub 340XXX TURBO STAR 15W-40,,,,,,,,,,,,,,,,,https://eurolub.com/userdata/dcshop/images/thumb_2/827656_340020.png,kg,8708949900,,,,,
eurolub-340xxx-turbo-star-15w-40,,,,,,,,,60 L,,,,,EUROLUB-340060,,shopify,continue,manual,,,TRUE,TRUE,340060,https://eurolub.com/userdata/dcshop/images/thumb_2/827656_340020.png,4,Eurolub 340XXX TURBO STAR 15W-40,,,,,,,,,,,,,,,,,https://eurolub.com/userdata/dcshop/images/thumb_2/241513_340060.png,kg,8708949900,,,,,
eurolub-340xxx-turbo-star-15w-40,,,,,,,,,208 L,,,,,EUROLUB-340208,,shopify,continue,manual,,,TRUE,TRUE,340208,https://eurolub.com/userdata/dcshop/images/thumb_2/241513_340060.png,5,Eurolub 340XXX TURBO STAR 15W-40,,,,,,,,,,,,,,,,,https://eurolub.com/userdata/dcshop/images/thumb_2/31933_340208.png,kg,8708949900,,,,,
eurolub-340xxx-turbo-star-15w-40,,,,,,,,,1000 L,,,,,EUROLUB-340100,,shopify,continue,manual,,,TRUE,TRUE,340100,https://eurolub.com/userdata/dcshop/images/thumb_2/31933_340208.png,6,Eurolub 340XXX TURBO STAR 15W-40,,,,,,,,,,,,,,,,,https://eurolub.com/userdata/dcshop/images/thumb_2/300705_211100.png,kg,8708949900,,,,,
eurolub-340xxx-turbo-star-15w-40,,,,,,,,,,,,,,,,,,,,,,,,https://eurolub.com/userdata/dcshop/images/thumb_2/300705_211100.png,7,Eurolub 340XXX TURBO STAR 15W-40,,,,,,,,,,,,,,,,,,,,,,,,
eurolub-325xxx-gts-20w-50,Eurolub 325XXX GTS 20W-50,"<h4><strong>Description</strong></h4><p>Multi-grade engine oil for gas and diesel engines (no pump-jet, without WIV) including turbo models.</p>        <p>&nbsp;</p>        <h4>Compatibility</h4><ul><li>ACEA A3/B3</li><li>API CF-4</li><li>API CH-4</li><li>API SJ</li><li>MB 228.1</li><li>MB 229.1</li><li>MAN 271</li><li>Volvo VDS</li><li>CAT TO-2</li><li>Allison C-4</li></ul><p>Feel free to contact us at info@mlperformance.co.uk should you wish to double check!</p>        <p>&nbsp;</p>        <h4>Compatibility Check</h4><p>To ensure the part(s) you have ordered fits your vehicle, we run a compatibility check prior to dispatch. We can do this either using your registration number (UK) or the last 7 digits of your VIN. Simply enter your car details prior to checkout.</p>        <p>&nbsp;</p>        <h4>Part Number</h4><p>EUROLUB-325001 (1 L)</p><p>EUROLUB-325005 (5 L)</p><p>EUROLUB-325020 (20 L)</p><p>EUROLUB-325060 (60 L)</p><p>EUROLUB-325208 (208 L)</p><p>EUROLUB-325100 (1000 L)</p>        <p>&nbsp;</p>        <h4>More Information</h4><p><strong>Manufactured by</strong></p><p>Eurolub</p>",Eurolub,Eurolub 325XXX GTS 20W-50,,"Uploaded by_Muazzim, MLP Discount 2026, Brand_Eurolub, 2026_New Products, Product Type_",TRUE,Options,1 L,,,,,EUROLUB-325001,,shopify,continue,manual,,,TRUE,TRUE,325001,https://eurolub.com/userdata/dcshop/images/thumb_3/508899_325xxx.png,1,Eurolub 325XXX GTS 20W-50,,Eurolub 325XXX GTS 20W-50,Get Eurolub 325XXX GTS 20W-50 for your car to get your desired looks and performance from ML Performance at the lowest price with FREE UK shipping & next day delivery on in stock items. Very cheap prices & good service.,,,,325001,,,new,,,,,,,https://eurolub.com/userdata/dcshop/images/thumb_2/642634_325001.png,kg,8708949900,,,,,active
eurolub-325xxx-gts-20w-50,,,,,,,,,5 L,,,,,EUROLUB-325005,,shopify,continue,manual,,,TRUE,TRUE,325005,https://eurolub.com/userdata/dcshop/images/thumb_2/642634_325001.png,2,Eurolub 325XXX GTS 20W-50,,,,,,,,,,,,,,,,,https://eurolub.com/userdata/dcshop/images/thumb_2/145093_325005.png,kg,8708949900,,,,,
eurolub-325xxx-gts-20w-50,,,,,,,,,20 L,,,,,EUROLUB-325020,,shopify,continue,manual,,,TRUE,TRUE,325020,https://eurolub.com/userdata/dcshop/images/thumb_2/145093_325005.png,3,Eurolub 325XXX GTS 20W-50,,,,,,,,,,,,,,,,,https://eurolub.com/userdata/dcshop/images/thumb_2/697397_325020.png,kg,8708949900,,,,,
eurolub-325xxx-gts-20w-50,,,,,,,,,60 L,,,,,EUROLUB-325060,,shopify,continue,manual,,,TRUE,TRUE,325060,https://eurolub.com/userdata/dcshop/images/thumb_2/697397_325020.png,4,Eurolub 325XXX GTS 20W-50,,,,,,,,,,,,,,,,,https://eurolub.com/userdata/dcshop/images/thumb_2/462781_325060.png,kg,8708949900,,,,,
eurolub-325xxx-gts-20w-50,,,,,,,,,208 L,,,,,EUROLUB-325208,,shopify,continue,manual,,,TRUE,TRUE,325208,https://eurolub.com/userdata/dcshop/images/thumb_2/462781_325060.png,5,Eurolub 325XXX GTS 20W-50,,,,,,,,,,,,,,,,,https://eurolub.com/userdata/dcshop/images/thumb_2/776068_325208.png,kg,8708949900,,,,,
eurolub-325xxx-gts-20w-50,,,,,,,,,1000 L,,,,,EUROLUB-325100,,shopify,continue,manual,,,TRUE,TRUE,325100,https://eurolub.com/userdata/dcshop/images/thumb_2/776068_325208.png,6,Eurolub 325XXX GTS 20W-50,,,,,,,,,,,,,,,,,https://eurolub.com/userdata/dcshop/images/thumb_2/364382_211100.png,kg,8708949900,,,,,
eurolub-325xxx-gts-20w-50,,,,,,,,,,,,,,,,,,,,,,,,https://eurolub.com/userdata/dcshop/images/thumb_2/364382_211100.png,7,Eurolub 325XXX GTS 20W-50,,,,,,,,,,,,,,,,,,,,,,,,
eurolub-327xxx-hd-4cx-plus-15w-40,Eurolub 327XXX HD 4CX PLUS 15W-40,"<h4><strong>Description</strong></h4><p>Multi-grade engine oil for mixed vehicle fleets. Developed for use in diesel and gas engines built into commercial vehicles, work machinery, and passenger cars (except pump-jet engines).</p>        <p>&nbsp;</p>        <h4>Compatibility</h4><ul><li>ACEA A3/B4</li><li>ACEA E7</li><li>API CI-4</li><li>API SL</li><li>DTFR 15B110 (228.3)</li><li>MB 229.1</li><li>MAN M 3275-1</li><li>Deutz III-10</li><li>MTU Typ 2</li><li>Volvo VDS-3</li><li>Renault VI RLD-2</li><li>Mack EO-N</li><li>Mack EO-M Plus</li><li>Allison C-4</li><li>JASO DH-1</li><li>Global DHD-1</li><li>CAT ECF-1a</li><li>CAT ECF-2</li><li>Detroit Diesel 93K215</li><li>Cummins CES 20076</li><li>Cummins CES 20077</li><li>Cummins CES 20078</li></ul><p>Feel free to contact us at info@mlperformance.co.uk should you wish to double check!</p>        <p>&nbsp;</p>        <h4>Compatibility Check</h4><p>To ensure the part(s) you have ordered fits your vehicle, we run a compatibility check prior to dispatch. We can do this either using your registration number (UK) or the last 7 digits of your VIN. Simply enter your car details prior to checkout.</p>        <p>&nbsp;</p>        <h4>Part Number</h4><p>EUROLUB-327020 (20 L)</p><p>EUROLUB-327060 (60 L)</p><p>EUROLUB-327208 (208 L)</p><p>EUROLUB-327100 (1000 L)</p>        <p>&nbsp;</p>        <h4>More Information</h4><p><strong>Manufactured by</strong></p><p>Eurolub</p>",Eurolub,Eurolub 327XXX HD 4CX PLUS 15W-40,,"Uploaded by_Muazzim, MLP Discount 2026, Brand_Eurolub, 2026_New Products, Product Type_",TRUE,Options,20 L,,,,,EUROLUB-327020,,shopify,continue,manual,,,TRUE,TRUE,327020,https://eurolub.com/userdata/dcshop/images/thumb_3/738559_327xxx.png,1,Eurolub 327XXX HD 4CX PLUS 15W-40,,Eurolub 327XXX HD 4CX PLUS 15W-40,Get Eurolub 327XXX HD 4CX PLUS 15W-40 for your car to get your desired looks and performance from ML Performance at the lowest price with FREE UK shipping & next day delivery on in stock items. Very cheap prices & good service.,,,,327020,,,new,,,,,,,https://eurolub.com/userdata/dcshop/images/thumb_2/206908_327020.png,kg,8708949900,,,,,active
eurolub-327xxx-hd-4cx-plus-15w-40,,,,,,,,,60 L,,,,,EUROLUB-327060,,shopify,continue,manual,,,TRUE,TRUE,327060,https://eurolub.com/userdata/dcshop/images/thumb_2/206908_327020.png,2,Eurolub 327XXX HD 4CX PLUS 15W-40,,,,,,,,,,,,,,,,,https://eurolub.com/userdata/dcshop/images/thumb_2/589972_327060.png,kg,8708949900,,,,,
eurolub-327xxx-hd-4cx-plus-15w-40,,,,,,,,,208 L,,,,,EUROLUB-327208,,shopify,continue,manual,,,TRUE,TRUE,327208,https://eurolub.com/userdata/dcshop/images/thumb_2/589972_327060.png,3,Eurolub 327XXX HD 4CX PLUS 15W-40,,,,,,,,,,,,,,,,,https://eurolub.com/userdata/dcshop/images/thumb_2/619796_327208.png,kg,8708949900,,,,,
eurolub-327xxx-hd-4cx-plus-15w-40,,,,,,,,,1000 L,,,,,EUROLUB-327100,,shopify,continue,manual,,,TRUE,TRUE,327100,https://eurolub.com/userdata/dcshop/images/thumb_2/619796_327208.png,4,Eurolub 327XXX HD 4CX PLUS 15W-40,,,,,,,,,,,,,,,,,https://eurolub.com/userdata/dcshop/images/thumb_2/248784_211100.png,kg,8708949900,,,,,
eurolub-327xxx-hd-4cx-plus-15w-40,,,,,,,,,,,,,,,,,,,,,,,,https://eurolub.com/userdata/dcshop/images/thumb_2/248784_211100.png,5,Eurolub 327XXX HD 4CX PLUS 15W-40,,,,,,,,,,,,,,,,,,,,,,,,
eurolub-317xxx-multitec-10w-40,Eurolub 317XXX MULTITEC 10W-40,"<h4><strong>Description</strong></h4><p>All-purpose, low-viscosity oil based on synthetic technology. Developed for use in diesel and gas engines built into commercial vehicles, work machinery, and passenger cars (except pump-jet engines).</p>        <p>&nbsp;</p>        <h4>Compatibility</h4><ul><li>ACEA A3/B4</li><li>ACEA E7</li><li>API CI-4</li><li>API SL</li><li>DTFR 15B110 (228.3)</li><li>MB 229.1</li><li>MAN M 3275</li><li>Volvo VDS-3</li><li>Renault VI RLD-2</li><li>MTU Typ 2</li><li>Cummins CES 20077</li><li>Cummins CES 20078</li><li>Global DHD-1</li><li>Mack EO-N</li><li>CAT ECF-1a</li><li>Deutz III-10</li><li>CAT ECF-2</li><li>Detroit Diesel 93K215</li><li>JASO DH-1</li></ul><p>Feel free to contact us at info@mlperformance.co.uk should you wish to double check!</p>        <p>&nbsp;</p>        <h4>Compatibility Check</h4><p>To ensure the part(s) you have ordered fits your vehicle, we run a compatibility check prior to dispatch. We can do this either using your registration number (UK) or the last 7 digits of your VIN. Simply enter your car details prior to checkout.</p>        <p>&nbsp;</p>        <h4>Part Number</h4><p>EUROLUB-317020 (20 L)</p><p>EUROLUB-317060 (60 L)</p><p>EUROLUB-317208 (208 L)</p><p>EUROLUB-317100 (1000 L)</p>        <p>&nbsp;</p>        <h4>More Information</h4><p><strong>Manufactured by</strong></p><p>Eurolub</p>",Eurolub,Eurolub 317XXX MULTITEC 10W-40,,"Uploaded by_Muazzim, MLP Discount 2026, Brand_Eurolub, 2026_New Products, Product Type_",TRUE,Options,20 L,,,,,EUROLUB-317020,,shopify,continue,manual,,,TRUE,TRUE,317020,https://eurolub.com/userdata/dcshop/images/thumb_3/100609_317xxx.png,1,Eurolub 317XXX MULTITEC 10W-40,,Eurolub 317XXX MULTITEC 10W-40,Get Eurolub 317XXX MULTITEC 10W-40 for your car to get your desired looks and performance from ML Performance at the lowest price with FREE UK shipping & next day delivery on in stock items. Very cheap prices & good service.,,,,317020,,,new,,,,,,,https://eurolub.com/userdata/dcshop/images/thumb_2/539428_317020.png,kg,8708949900,,,,,active
eurolub-317xxx-multitec-10w-40,,,,,,,,,60 L,,,,,EUROLUB-317060,,shopify,continue,manual,,,TRUE,TRUE,317060,https://eurolub.com/userdata/dcshop/images/thumb_2/539428_317020.png,2,Eurolub 317XXX MULTITEC 10W-40,,,,,,,,,,,,,,,,,https://eurolub.com/userdata/dcshop/images/thumb_2/418741_317060.png,kg,8708949900,,,,,
eurolub-317xxx-multitec-10w-40,,,,,,,,,208 L,,,,,EUROLUB-317208,,shopify,continue,manual,,,TRUE,TRUE,317208,https://eurolub.com/userdata/dcshop/images/thumb_2/418741_317060.png,3,Eurolub 317XXX MULTITEC 10W-40,,,,,,,,,,,,,,,,,https://eurolub.com/userdata/dcshop/images/thumb_2/991543_317208.png,kg,8708949900,,,,,
eurolub-317xxx-multitec-10w-40,,,,,,,,,1000 L,,,,,EUROLUB-317100,,shopify,continue,manual,,,TRUE,TRUE,317100,https://eurolub.com/userdata/dcshop/images/thumb_2/991543_317208.png,4,Eurolub 317XXX MULTITEC 10W-40,,,,,,,,,,,,,,,,,https://eurolub.com/userdata/dcshop/images/thumb_2/825883_211100.png,kg,8708949900,,,,,
eurolub-317xxx-multitec-10w-40,,,,,,,,,,,,,,,,,,,,,,,,https://eurolub.com/userdata/dcshop/images/thumb_2/825883_211100.png,5,Eurolub 317XXX MULTITEC 10W-40,,,,,,,,,,,,,,,,,,,,,,,,
eurolub-232xxx-lowcargo-5w-30,Eurolub 232XXX LOWCARGO 5W-30,"<h4><strong>Description</strong></h4><p>Highly alloyed, USHPD low-viscosity engine oil with a reduced ash content (Low SAPS). Adapted to meet the most recent emission standards EURO 4, EURO 5 and EURO 6.</p>        <p>&nbsp;</p>        <h4>Compatibility</h4><ul><li>ACEA E7</li><li>ACEA E8</li><li>ACEA E11</li><li>API CK-4</li><li>API SN</li><li>JASO DH-2</li><li>DTFR 15C110 (228.51)</li><li>Volvo VDS-4.5</li><li>Renault VI RLD-3</li><li>Mack EOS 4.5</li><li>Deutz IV-18 LA</li><li>MTU MTL 5044</li><li>MTU Typ 3.1</li><li>MAN M 3775</li><li>MAN M 3677</li><li>MAN M 3477</li><li>CAT ECF-3</li><li>Cummins CES 20086</li><li>Scania LDF-4</li><li>Detroit Diesel 93K222</li></ul><p>Feel free to contact us at info@mlperformance.co.uk should you wish to double check!</p>        <p>&nbsp;</p>        <h4>Compatibility Check</h4><p>To ensure the part(s) you have ordered fits your vehicle, we run a compatibility check prior to dispatch. We can do this either using your registration number (UK) or the last 7 digits of your VIN. Simply enter your car details prior to checkout.</p>        <p>&nbsp;</p>        <h4>Part Number</h4><p>EUROLUB-232005 (5 L)</p><p>EUROLUB-232020 (20 L)</p><p>EUROLUB-232060 (60 L)</p><p>EUROLUB-232208 (208 L)</p><p>EUROLUB-232100 (1000 L)</p>        <p>&nbsp;</p>        <h4>More Information</h4><p><strong>Manufactured by</strong></p><p>Eurolub</p>",Eurolub,Eurolub 232XXX LOWCARGO 5W-30,,"Uploaded by_Muazzim, MLP Discount 2026, Brand_Eurolub, 2026_New Products, Product Type_",TRUE,Options,5 L,,,,,EUROLUB-232005,,shopify,continue,manual,,,TRUE,TRUE,232005,https://eurolub.com/userdata/dcshop/images/thumb_3/175575_232xxx.png,1,Eurolub 232XXX LOWCARGO 5W-30,,Eurolub 232XXX LOWCARGO 5W-30,Get Eurolub 232XXX LOWCARGO 5W-30 for your car to get your desired looks and performance from ML Performance at the lowest price with FREE UK shipping & next day delivery on in stock items. Very cheap prices & good service.,,,,232005,,,new,,,,,,,https://eurolub.com/userdata/dcshop/images/thumb_2/468390_232005.png,kg,8708949900,,,,,active
eurolub-232xxx-lowcargo-5w-30,,,,,,,,,20 L,,,,,EUROLUB-232020,,shopify,continue,manual,,,TRUE,TRUE,232020,https://eurolub.com/userdata/dcshop/images/thumb_2/468390_232005.png,2,Eurolub 232XXX LOWCARGO 5W-30,,,,,,,,,,,,,,,,,https://eurolub.com/userdata/dcshop/images/thumb_2/360455_232020.png,kg,8708949900,,,,,
eurolub-232xxx-lowcargo-5w-30,,,,,,,,,60 L,,,,,EUROLUB-232060,,shopify,continue,manual,,,TRUE,TRUE,232060,https://eurolub.com/userdata/dcshop/images/thumb_2/360455_232020.png,3,Eurolub 232XXX LOWCARGO 5W-30,,,,,,,,,,,,,,,,,https://eurolub.com/userdata/dcshop/images/thumb_2/96898_232060.png,kg,8708949900,,,,,
eurolub-232xxx-lowcargo-5w-30,,,,,,,,,208 L,,,,,EUROLUB-232208,,shopify,continue,manual,,,TRUE,TRUE,232208,https://eurolub.com/userdata/dcshop/images/thumb_2/96898_232060.png,4,Eurolub 232XXX LOWCARGO 5W-30,,,,,,,,,,,,,,,,,https://eurolub.com/userdata/dcshop/images/thumb_2/815790_232208.png,kg,8708949900,,,,,
eurolub-232xxx-lowcargo-5w-30,,,,,,,,,1000 L,,,,,EUROLUB-232100,,shopify,continue,manual,,,TRUE,TRUE,232100,https://eurolub.com/userdata/dcshop/images/thumb_2/815790_232208.png,5,Eurolub 232XXX LOWCARGO 5W-30,,,,,,,,,,,,,,,,,https://eurolub.com/userdata/dcshop/images/thumb_2/114316_211100.png,kg,8708949900,,,,,
eurolub-232xxx-lowcargo-5w-30,,,,,,,,,,,,,,,,,,,,,,,,https://eurolub.com/userdata/dcshop/images/thumb_2/114316_211100.png,6,Eurolub 232XXX LOWCARGO 5W-30,,,,,,,,,,,,,,,,,,,,,,,,
eurolub-323xxx-supermax-10w-40,Eurolub 323XXX SUPERMAX 10W-40,"<h4><strong>Description</strong></h4><p>High-quality, low-viscosity engine oil for commercial vehicles of the latest generation and in compliance with the most recent emission standards EURO 4, 5 and EURO 6.</p>        <p>&nbsp;</p>        <h4>Compatibility</h4><ul><li>ACEA E7</li><li>API CI-4</li><li>DTFR 15C110 (228.51)</li><li>MAN M 3477</li><li>MAN M 3271-1</li><li>Volvo VDS-3</li><li>Renault VI RXD</li><li>Renault VI RGD</li><li>Renault VI RLD-2</li><li>MTU Typ 3.1</li><li>Deutz IV-10 LA</li><li>Mack EO-N</li><li>Cummins CES 20076</li><li>Cummins CES 20077</li><li>JASO DH-2</li><li>DAF Long Drain</li></ul><p>Feel free to contact us at info@mlperformance.co.uk should you wish to double check!</p>        <p>&nbsp;</p>        <h4>Compatibility Check</h4><p>To ensure the part(s) you have ordered fits your vehicle, we run a compatibility check prior to dispatch. We can do this either using your registration number (UK) or the last 7 digits of your VIN. Simply enter your car details prior to checkout.</p>        <p>&nbsp;</p>        <h4>Part Number</h4><p>EUROLUB-323020 (20 L)</p><p>EUROLUB-323060 (60 L)</p><p>EUROLUB-323208 (208 L)</p><p>EUROLUB-323100 (1000 L)</p>        <p>&nbsp;</p>        <h4>More Information</h4><p><strong>Manufactured by</strong></p><p>Eurolub</p>",Eurolub,Eurolub 323XXX SUPERMAX 10W-40,,"Uploaded by_Muazzim, MLP Discount 2026, Brand_Eurolub, 2026_New Products, Product Type_",TRUE,Options,20 L,,,,,EUROLUB-323020,,shopify,continue,manual,,,TRUE,TRUE,323020,https://eurolub.com/userdata/dcshop/images/thumb_3/710472_323xxx.png,1,Eurolub 323XXX SUPERMAX 10W-40,,Eurolub 323XXX SUPERMAX 10W-40,Get Eurolub 323XXX SUPERMAX 10W-40 for your car to get your desired looks and performance from ML Performance at the lowest price with FREE UK shipping & next day delivery on in stock items. Very cheap prices & good service.,,,,323020,,,new,,,,,,,https://eurolub.com/userdata/dcshop/images/thumb_2/713714_323020.png,kg,8708949900,,,,,active
eurolub-323xxx-supermax-10w-40,,,,,,,,,60 L,,,,,EUROLUB-323060,,shopify,continue,manual,,,TRUE,TRUE,323060,https://eurolub.com/userdata/dcshop/images/thumb_2/713714_323020.png,2,Eurolub 323XXX SUPERMAX 10W-40,,,,,,,,,,,,,,,,,https://eurolub.com/userdata/dcshop/images/thumb_2/715912_323060.png,kg,8708949900,,,,,
eurolub-323xxx-supermax-10w-40,,,,,,,,,208 L,,,,,EUROLUB-323208,,shopify,continue,manual,,,TRUE,TRUE,323208,https://eurolub.com/userdata/dcshop/images/thumb_2/715912_323060.png,3,Eurolub 323XXX SUPERMAX 10W-40,,,,,,,,,,,,,,,,,https://eurolub.com/userdata/dcshop/images/thumb_2/228756_323208.png,kg,8708949900,,,,,
eurolub-323xxx-supermax-10w-40,,,,,,,,,1000 L,,,,,EUROLUB-323100,,shopify,continue,manual,,,TRUE,TRUE,323100,https://eurolub.com/userdata/dcshop/images/thumb_2/228756_323208.png,4,Eurolub 323XXX SUPERMAX 10W-40,,,,,,,,,,,,,,,,,https://eurolub.com/userdata/dcshop/images/thumb_2/254585_211100.png,kg,8708949900,,,,,
eurolub-323xxx-supermax-10w-40,,,,,,,,,,,,,,,,,,,,,,,,https://eurolub.com/userdata/dcshop/images/thumb_2/254585_211100.png,5,Eurolub 323XXX SUPERMAX 10W-40,,,,,,,,,,,,,,,,,,,,,,,,
eurolub-228xxx-hd-5cx-extra-15w-40,Eurolub 228XXX HD 5CX EXTRA 15W-40,"<h4><strong>Description</strong></h4><p>This engine oil is intended for diesel engines operating under heavy loads and helps lower exhaust and particle emissions.</p>        <p>&nbsp;</p>        <h4>Compatibility</h4><ul><li>ACEA E11</li><li>API CK-4</li><li>API SN</li><li>DTFR 15C100 (228.31)</li><li>MAN M 3775</li><li>Volvo VDS-4.5</li><li>Renault VI RLD-3</li><li>CAT ECF-3</li><li>Cummins CES 20086</li><li>Deutz III-18 LA</li><li>Detroit Diesel 93K222</li><li>MTU Typ 2.1</li><li>Mack EOS 4.5</li><li>Ford WSS-M2C171-F1</li></ul><p>Feel free to contact us at info@mlperformance.co.uk should you wish to double check!</p>        <p>&nbsp;</p>        <h4>Compatibility Check</h4><p>To ensure the part(s) you have ordered fits your vehicle, we run a compatibility check prior to dispatch. We can do this either using your registration number (UK) or the last 7 digits of your VIN. Simply enter your car details prior to checkout.</p>        <p>&nbsp;</p>        <h4>Part Number</h4><p>EUROLUB-228020 (20 L)</p><p>EUROLUB-228060 (60 L)</p><p>EUROLUB-228208 (208 L)</p><p>EUROLUB-228100 (1000 L)</p>        <p>&nbsp;</p>        <h4>More Information</h4><p><strong>Manufactured by</strong></p><p>Eurolub</p>",Eurolub,Eurolub 228XXX HD 5CX EXTRA 15W-40,,"Uploaded by_Muazzim, MLP Discount 2026, Brand_Eurolub, 2026_New Products, Product Type_",TRUE,Options,20 L,,,,,EUROLUB-228020,,shopify,continue,manual,,,TRUE,TRUE,228020,https://eurolub.com/userdata/dcshop/images/thumb_3/221031_228xxx.png,1,Eurolub 228XXX HD 5CX EXTRA 15W-40,,Eurolub 228XXX HD 5CX EXTRA 15W-40,Get Eurolub 228XXX HD 5CX EXTRA 15W-40 for your car to get your desired looks and performance from ML Performance at the lowest price with FREE UK shipping & next day delivery on in stock items. Very cheap prices & good service.,,,,228020,,,new,,,,,,,https://eurolub.com/userdata/dcshop/images/thumb_2/779202_228020.png,kg,8708949900,,,,,active
eurolub-228xxx-hd-5cx-extra-15w-40,,,,,,,,,60 L,,,,,EUROLUB-228060,,shopify,continue,manual,,,TRUE,TRUE,228060,https://eurolub.com/userdata/dcshop/images/thumb_2/779202_228020.png,2,Eurolub 228XXX HD 5CX EXTRA 15W-40,,,,,,,,,,,,,,,,,https://eurolub.com/userdata/dcshop/images/thumb_2/645871_228060.png,kg,8708949900,,,,,
eurolub-228xxx-hd-5cx-extra-15w-40,,,,,,,,,208 L,,,,,EUROLUB-228208,,shopify,continue,manual,,,TRUE,TRUE,228208,https://eurolub.com/userdata/dcshop/images/thumb_2/645871_228060.png,3,Eurolub 228XXX HD 5CX EXTRA 15W-40,,,,,,,,,,,,,,,,,https://eurolub.com/userdata/dcshop/images/thumb_2/131566_228208.png,kg,8708949900,,,,,
eurolub-228xxx-hd-5cx-extra-15w-40,,,,,,,,,1000 L,,,,,EUROLUB-228100,,shopify,continue,manual,,,TRUE,TRUE,228100,https://eurolub.com/userdata/dcshop/images/thumb_2/131566_228208.png,4,Eurolub 228XXX HD 5CX EXTRA 15W-40,,,,,,,,,,,,,,,,,https://eurolub.com/userdata/dcshop/images/thumb_2/339884_211100.png,kg,8708949900,,,,,
eurolub-228xxx-hd-5cx-extra-15w-40,,,,,,,,,,,,,,,,,,,,,,,,https://eurolub.com/userdata/dcshop/images/thumb_2/339884_211100.png,5,Eurolub 228XXX HD 5CX EXTRA 15W-40,,,,,,,,,,,,,,,,,,,,,,,,
eurolub-318xxx-multicargo-10w-40,Eurolub 318XXX MULTICARGO 10W-40,"<h4><strong>Description</strong></h4><p>Low-viscosity engine oil of the latest generation and based on synthetic technology. Developed especially for use in commercial vehicle engines.</p>        <p>&nbsp;</p>        <h4>Compatibility</h4><ul><li>ACEA E7</li><li>API CI-4</li><li>DTFR 15B120 (228.5)</li><li>Cummins CES 20078</li><li>MAN M 3277</li><li>MAN M 3377</li><li>Volvo VDS-3</li><li>Global DHD-1</li><li>Renault VI RXD</li><li>Renault VI RLD-2</li><li>MTU Typ 3</li><li>Deutz IV-10</li><li>Mack EO-N</li><li>Mack EO-M Plus</li><li>Detroit Diesel 93K215</li></ul><p>Feel free to contact us at info@mlperformance.co.uk should you wish to double check!</p>        <p>&nbsp;</p>        <h4>Compatibility Check</h4><p>To ensure the part(s) you have ordered fits your vehicle, we run a compatibility check prior to dispatch. We can do this either using your registration number (UK) or the last 7 digits of your VIN. Simply enter your car details prior to checkout.</p>        <p>&nbsp;</p>        <h4>Part Number</h4><p>EUROLUB-318020 (20 L)</p><p>EUROLUB-318060 (60 L)</p><p>EUROLUB-318208 (208 L)</p><p>EUROLUB-318100 (1000 L)</p>        <p>&nbsp;</p>        <h4>More Information</h4><p><strong>Manufactured by</strong></p><p>Eurolub</p>",Eurolub,Eurolub 318XXX MULTICARGO 10W-40,,"Uploaded by_Muazzim, MLP Discount 2026, Brand_Eurolub, 2026_New Products, Product Type_",TRUE,Options,20 L,,,,,EUROLUB-318020,,shopify,continue,manual,,,TRUE,TRUE,318020,https://eurolub.com/userdata/dcshop/images/thumb_3/719523_318xxx.png,1,Eurolub 318XXX MULTICARGO 10W-40,,Eurolub 318XXX MULTICARGO 10W-40,Get Eurolub 318XXX MULTICARGO 10W-40 for your car to get your desired looks and performance from ML Performance at the lowest price with FREE UK shipping & next day delivery on in stock items. Very cheap prices & good service.,,,,318020,,,new,,,,,,,https://eurolub.com/userdata/dcshop/images/thumb_2/106949_318020.png,kg,8708949900,,,,,active
eurolub-318xxx-multicargo-10w-40,,,,,,,,,60 L,,,,,EUROLUB-318060,,shopify,continue,manual,,,TRUE,TRUE,318060,https://eurolub.com/userdata/dcshop/images/thumb_2/106949_318020.png,2,Eurolub 318XXX MULTICARGO 10W-40,,,,,,,,,,,,,,,,,https://eurolub.com/userdata/dcshop/images/thumb_2/91963_318060.png,kg,8708949900,,,,,
eurolub-318xxx-multicargo-10w-40,,,,,,,,,208 L,,,,,EUROLUB-318208,,shopify,continue,manual,,,TRUE,TRUE,318208,https://eurolub.com/userdata/dcshop/images/thumb_2/91963_318060.png,3,Eurolub 318XXX MULTICARGO 10W-40,,,,,,,,,,,,,,,,,https://eurolub.com/userdata/dcshop/images/thumb_2/897337_318208.png,kg,8708949900,,,,,
eurolub-318xxx-multicargo-10w-40,,,,,,,,,1000 L,,,,,EUROLUB-318100,,shopify,continue,manual,,,TRUE,TRUE,318100,https://eurolub.com/userdata/dcshop/images/thumb_2/897337_318208.png,4,Eurolub 318XXX MULTICARGO 10W-40,,,,,,,,,,,,,,,,,https://eurolub.com/userdata/dcshop/images/thumb_2/513062_211100.png,kg,8708949900,,,,,
eurolub-318xxx-multicargo-10w-40,,,,,,,,,,,,,,,,,,,,,,,,https://eurolub.com/userdata/dcshop/images/thumb_2/513062_211100.png,5,Eurolub 318XXX MULTICARGO 10W-40,,,,,,,,,,,,,,,,,,,,,,,,
eurolub-239xxx-multimax-lfd3-10w-40,Eurolub 239XXX MULTIMAX LFD3 10W-40,"<h4><strong>Description</strong></h4><p>This engine oil was specially developed for diesel engines that are used in the harshest operating conditions the whole year round.</p>        <p>&nbsp;</p>        <h4>Compatibility</h4><ul><li>ACEA E7</li><li>API CF</li><li>DTFR 15B120 (228.5)</li><li>MAN M 3277</li><li>Volvo VDS-3</li><li>Scania LDF</li><li>Scania LDF-2</li><li>Scania LDF-3</li><li>Mack EO-N</li><li>Renault VI RLD</li><li>Renault VI RLD-2</li><li>Renault VI RXD</li><li>Deutz III-10</li><li>MTU Typ 3</li><li>DAF Extended Drain</li></ul><p>Feel free to contact us at info@mlperformance.co.uk should you wish to double check!</p>        <p>&nbsp;</p>        <h4>Compatibility Check</h4><p>To ensure the part(s) you have ordered fits your vehicle, we run a compatibility check prior to dispatch. We can do this either using your registration number (UK) or the last 7 digits of your VIN. Simply enter your car details prior to checkout.</p>        <p>&nbsp;</p>        <h4>Part Number</h4><p>EUROLUB-239020 (20 L)</p><p>EUROLUB-239060 (60 L)</p><p>EUROLUB-239208 (208 L)</p><p>EUROLUB-239100 (1000 L)</p>        <p>&nbsp;</p>        <h4>More Information</h4><p><strong>Manufactured by</strong></p><p>Eurolub</p>",Eurolub,Eurolub 239XXX MULTIMAX LFD3 10W-40,,"Uploaded by_Muazzim, MLP Discount 2026, Brand_Eurolub, 2026_New Products, Product Type_",TRUE,Options,20 L,,,,,EUROLUB-239020,,shopify,continue,manual,,,TRUE,TRUE,239020,https://eurolub.com/userdata/dcshop/images/thumb_3/923203_239xxx.png,1,Eurolub 239XXX MULTIMAX LFD3 10W-40,,Eurolub 239XXX MULTIMAX LFD3 10W-40,Get Eurolub 239XXX MULTIMAX LFD3 10W-40 for your car to get your desired looks and performance from ML Performance at the lowest price with FREE UK shipping & next day delivery on in stock items. Very cheap prices & good service.,,,,239020,,,new,,,,,,,https://eurolub.com/userdata/dcshop/images/thumb_2/390366_239020.png,kg,8708949900,,,,,active
eurolub-239xxx-multimax-lfd3-10w-40,,,,,,,,,60 L,,,,,EUROLUB-239060,,shopify,continue,manual,,,TRUE,TRUE,239060,https://eurolub.com/userdata/dcshop/images/thumb_2/390366_239020.png,2,Eurolub 239XXX MULTIMAX LFD3 10W-40,,,,,,,,,,,,,,,,,https://eurolub.com/userdata/dcshop/images/thumb_2/118318_239060.png,kg,8708949900,,,,,
eurolub-239xxx-multimax-lfd3-10w-40,,,,,,,,,208 L,,,,,EUROLUB-239208,,shopify,continue,manual,,,TRUE,TRUE,239208,https://eurolub.com/userdata/dcshop/images/thumb_2/118318_239060.png,3,Eurolub 239XXX MULTIMAX LFD3 10W-40,,,,,,,,,,,,,,,,,https://eurolub.com/userdata/dcshop/images/thumb_2/254279_239208.png,kg,8708949900,,,,,
eurolub-239xxx-multimax-lfd3-10w-40,,,,,,,,,1000 L,,,,,EUROLUB-239100,,shopify,continue,manual,,,TRUE,TRUE,239100,https://eurolub.com/userdata/dcshop/images/thumb_2/254279_239208.png,4,Eurolub 239XXX MULTIMAX LFD3 10W-40,,,,,,,,,,,,,,,,,https://eurolub.com/userdata/dcshop/images/thumb_2/216376_211100.png,kg,8708949900,,,,,
eurolub-239xxx-multimax-lfd3-10w-40,,,,,,,,,,,,,,,,,,,,,,,,https://eurolub.com/userdata/dcshop/images/thumb_2/216376_211100.png,5,Eurolub 239XXX MULTIMAX LFD3 10W-40,,,,,,,,,,,,,,,,,,,,,,,,
eurolub-313xxx-4tz-premium-10w-40,Eurolub 313XXX 4TZ PREMIUM 10W-40,"<h4><strong>Description</strong></h4><p>Specially developed for use in high-revolution four-stroke engines with wet-running clutches.</p>        <p>&nbsp;</p>        <h4>Compatibility</h4><ul><li>API SN</li><li>JASO MA2</li></ul><p>Feel free to contact us at info@mlperformance.co.uk should you wish to double check!</p>        <p>&nbsp;</p>        <h4>Compatibility Check</h4><p>To ensure the part(s) you have ordered fits your vehicle, we run a compatibility check prior to dispatch. We can do this either using your registration number (UK) or the last 7 digits of your VIN. Simply enter your car details prior to checkout.</p>        <p>&nbsp;</p>        <h4>Part Number</h4><p>EUROLUB-313001 (1 L)</p><p>EUROLUB-313020 (20 L)</p><p>EUROLUB-313060 (60 L)</p><p>EUROLUB-313208 (208 L)</p><p>EUROLUB-313100 (1000 L)</p>        <p>&nbsp;</p>        <h4>More Information</h4><p><strong>Manufactured by</strong></p><p>Eurolub</p>",Eurolub,Eurolub 313XXX 4TZ PREMIUM 10W-40,,"Uploaded by_Muazzim, MLP Discount 2026, Brand_Eurolub, 2026_New Products, Product Type_",TRUE,Options,1 L,,,,,EUROLUB-313001,,shopify,continue,manual,,,TRUE,TRUE,313001,https://eurolub.com/userdata/dcshop/images/thumb_3/470421_313xxx.png,1,Eurolub 313XXX 4TZ PREMIUM 10W-40,,Eurolub 313XXX 4TZ PREMIUM 10W-40,Get Eurolub 313XXX 4TZ PREMIUM 10W-40 for your car to get your desired looks and performance from ML Performance at the lowest price with FREE UK shipping & next day delivery on in stock items. Very cheap prices & good service.,,,,313001,,,new,,,,,,,https://eurolub.com/userdata/dcshop/images/thumb_2/413966_313001.png,kg,8708949900,,,,,active
eurolub-313xxx-4tz-premium-10w-40,,,,,,,,,20 L,,,,,EUROLUB-313020,,shopify,continue,manual,,,TRUE,TRUE,313020,https://eurolub.com/userdata/dcshop/images/thumb_2/413966_313001.png,2,Eurolub 313XXX 4TZ PREMIUM 10W-40,,,,,,,,,,,,,,,,,https://eurolub.com/userdata/dcshop/images/thumb_2/257172_313020.png,kg,8708949900,,,,,
eurolub-313xxx-4tz-premium-10w-40,,,,,,,,,60 L,,,,,EUROLUB-313060,,shopify,continue,manual,,,TRUE,TRUE,313060,https://eurolub.com/userdata/dcshop/images/thumb_2/257172_313020.png,3,Eurolub 313XXX 4TZ PREMIUM 10W-40,,,,,,,,,,,,,,,,,https://eurolub.com/userdata/dcshop/images/thumb_2/912973_313060.png,kg,8708949900,,,,,
eurolub-313xxx-4tz-premium-10w-40,,,,,,,,,208 L,,,,,EUROLUB-313208,,shopify,continue,manual,,,TRUE,TRUE,313208,https://eurolub.com/userdata/dcshop/images/thumb_2/912973_313060.png,4,Eurolub 313XXX 4TZ PREMIUM 10W-40,,,,,,,,,,,,,,,,,https://eurolub.com/userdata/dcshop/images/thumb_2/993222_313208.png,kg,8708949900,,,,,
eurolub-313xxx-4tz-premium-10w-40,,,,,,,,,1000 L,,,,,EUROLUB-313100,,shopify,continue,manual,,,TRUE,TRUE,313100,https://eurolub.com/userdata/dcshop/images/thumb_2/993222_313208.png,5,Eurolub 313XXX 4TZ PREMIUM 10W-40,,,,,,,,,,,,,,,,,https://eurolub.com/userdata/dcshop/images/thumb_2/806291_211100.png,kg,8708949900,,,,,
eurolub-313xxx-4tz-premium-10w-40,,,,,,,,,,,,,,,,,,,,,,,,https://eurolub.com/userdata/dcshop/images/thumb_2/806291_211100.png,6,Eurolub 313XXX 4TZ PREMIUM 10W-40,,,,,,,,,,,,,,,,,,,,,,,,
eurolub-341xxx-2-tz-scooter,Eurolub 341XXX 2 TZ SCOOTER,"<h4><strong>Description</strong></h4><p>This oil is suitable for use in water-cooled or air-cooled two-stroke engines that employ mixed or separate lubrication and are built into any kind of scooter, lawn mower and chain saw drives.</p>        <p>&nbsp;</p>        <h4>Compatibility</h4><ul><li>API TC</li><li>ISO-L-EGB</li><li>JASO FB</li></ul><p>Feel free to contact us at info@mlperformance.co.uk should you wish to double check!</p>        <p>&nbsp;</p>        <h4>Compatibility Check</h4><p>To ensure the part(s) you have ordered fits your vehicle, we run a compatibility check prior to dispatch. We can do this either using your registration number (UK) or the last 7 digits of your VIN. Simply enter your car details prior to checkout.</p>        <p>&nbsp;</p>        <h4>Part Number</h4><p>EUROLUB-341001 (1 L)</p><p>EUROLUB-341020 (20 L)</p><p>EUROLUB-341060 (60 L)</p><p>EUROLUB-341208 (208 L)</p>        <p>&nbsp;</p>        <h4>More Information</h4><p><strong>Manufactured by</strong></p><p>Eurolub</p>",Eurolub,Eurolub 341XXX 2 TZ SCOOTER,,"Uploaded by_Muazzim, MLP Discount 2026, Brand_Eurolub, 2026_New Products, Product Type_",TRUE,Options,1 L,,,,,EUROLUB-341001,,shopify,continue,manual,,,TRUE,TRUE,341001,https://eurolub.com/userdata/dcshop/images/thumb_3/820004_341xxx.png,1,Eurolub 341XXX 2 TZ SCOOTER,,Eurolub 341XXX 2 TZ SCOOTER,Get Eurolub 341XXX 2 TZ SCOOTER for your car to get your desired looks and performance from ML Performance at the lowest price with FREE UK shipping & next day delivery on in stock items. Very cheap prices & good service.,,,,341001,,,new,,,,,,,https://eurolub.com/userdata/dcshop/images/thumb_2/261103_341001.png,kg,8708949900,,,,,active
eurolub-341xxx-2-tz-scooter,,,,,,,,,20 L,,,,,EUROLUB-341020,,shopify,continue,manual,,,TRUE,TRUE,341020,https://eurolub.com/userdata/dcshop/images/thumb_2/261103_341001.png,2,Eurolub 341XXX 2 TZ SCOOTER,,,,,,,,,,,,,,,,,https://eurolub.com/userdata/dcshop/images/thumb_2/950181_341020.png,kg,8708949900,,,,,
eurolub-341xxx-2-tz-scooter,,,,,,,,,60 L,,,,,EUROLUB-341060,,shopify,continue,manual,,,TRUE,TRUE,341060,https://eurolub.com/userdata/dcshop/images/thumb_2/950181_341020.png,3,Eurolub 341XXX 2 TZ SCOOTER,,,,,,,,,,,,,,,,,https://eurolub.com/userdata/dcshop/images/thumb_2/591880_341060.png,kg,8708949900,,,,,
eurolub-341xxx-2-tz-scooter,,,,,,,,,208 L,,,,,EUROLUB-341208,,shopify,continue,manual,,,TRUE,TRUE,341208,https://eurolub.com/userdata/dcshop/images/thumb_2/591880_341060.png,4,Eurolub 341XXX 2 TZ SCOOTER,,,,,,,,,,,,,,,,,https://eurolub.com/userdata/dcshop/images/thumb_2/926104_341208.png,kg,8708949900,,,,,
eurolub-341xxx-2-tz-scooter,,,,,,,,,,,,,,,,,,,,,,,,https://eurolub.com/userdata/dcshop/images/thumb_2/926104_341208.png,5,Eurolub 341XXX 2 TZ SCOOTER,,,,,,,,,,,,,,,,,,,,,,,,
eurolub-306xxx-2-tz-self-mix,Eurolub 306XXX 2 TZ SELF MIX,"<h4><strong>Description</strong></h4><p>This oil is suitable for use in water-cooled or air-cooled two-stroke engines of small and medium cubic capacities that employ mixed or separate lubrication.</p>        <p>&nbsp;</p>        <h4>Compatibility</h4><ul><li>API TC</li></ul><p>Feel free to contact us at info@mlperformance.co.uk should you wish to double check!</p>        <p>&nbsp;</p>        <h4>Compatibility Check</h4><p>To ensure the part(s) you have ordered fits your vehicle, we run a compatibility check prior to dispatch. We can do this either using your registration number (UK) or the last 7 digits of your VIN. Simply enter your car details prior to checkout.</p>        <p>&nbsp;</p>        <h4>Part Number</h4><p>EUROLUB-306001 (1 L)</p><p>EUROLUB-306020 (20 L)</p><p>EUROLUB-306060 (60 L)</p><p>EUROLUB-306208 (208 L)</p><p>EUROLUB-306100 (1000 L)</p>        <p>&nbsp;</p>        <h4>More Information</h4><p><strong>Manufactured by</strong></p><p>Eurolub</p>",Eurolub,Eurolub 306XXX 2 TZ SELF MIX,,"Uploaded by_Muazzim, MLP Discount 2026, Brand_Eurolub, 2026_New Products, Product Type_",TRUE,Options,1 L,,,,,EUROLUB-306001,,shopify,continue,manual,,,TRUE,TRUE,306001,https://eurolub.com/userdata/dcshop/images/thumb_3/497390_306xxx.png,1,Eurolub 306XXX 2 TZ SELF MIX,,Eurolub 306XXX 2 TZ SELF MIX,Get Eurolub 306XXX 2 TZ SELF MIX for your car to get your desired looks and performance from ML Performance at the lowest price with FREE UK shipping & next day delivery on in stock items. Very cheap prices & good service.,,,,306001,,,new,,,,,,,https://eurolub.com/userdata/dcshop/images/thumb_2/467540_306001.png,kg,8708949900,,,,,active
eurolub-306xxx-2-tz-self-mix,,,,,,,,,20 L,,,,,EUROLUB-306020,,shopify,continue,manual,,,TRUE,TRUE,306020,https://eurolub.com/userdata/dcshop/images/thumb_2/467540_306001.png,2,Eurolub 306XXX 2 TZ SELF MIX,,,,,,,,,,,,,,,,,https://eurolub.com/userdata/dcshop/images/thumb_2/195582_306020.png,kg,8708949900,,,,,
eurolub-306xxx-2-tz-self-mix,,,,,,,,,60 L,,,,,EUROLUB-306060,,shopify,continue,manual,,,TRUE,TRUE,306060,https://eurolub.com/userdata/dcshop/images/thumb_2/195582_306020.png,3,Eurolub 306XXX 2 TZ SELF MIX,,,,,,,,,,,,,,,,,https://eurolub.com/userdata/dcshop/images/thumb_2/284718_306060.png,kg,8708949900,,,,,
eurolub-306xxx-2-tz-self-mix,,,,,,,,,208 L,,,,,EUROLUB-306208,,shopify,continue,manual,,,TRUE,TRUE,306208,https://eurolub.com/userdata/dcshop/images/thumb_2/284718_306060.png,4,Eurolub 306XXX 2 TZ SELF MIX,,,,,,,,,,,,,,,,,https://eurolub.com/userdata/dcshop/images/thumb_2/717071_306208.png,kg,8708949900,,,,,
eurolub-306xxx-2-tz-self-mix,,,,,,,,,1000 L,,,,,EUROLUB-306100,,shopify,continue,manual,,,TRUE,TRUE,306100,https://eurolub.com/userdata/dcshop/images/thumb_2/717071_306208.png,5,Eurolub 306XXX 2 TZ SELF MIX,,,,,,,,,,,,,,,,,https://eurolub.com/userdata/dcshop/images/thumb_2/778148_211100.png,kg,8708949900,,,,,
eurolub-306xxx-2-tz-self-mix,,,,,,,,,,,,,,,,,,,,,,,,https://eurolub.com/userdata/dcshop/images/thumb_2/778148_211100.png,6,Eurolub 306XXX 2 TZ SELF MIX,,,,,,,,,,,,,,,,,,,,,,,,
eurolub-303xxx-2-tz-racing,Eurolub 303XXX 2 TZ RACING,"<h4><strong>Description</strong></h4><p>This oil is suitable for use in water-cooled or air-cooled two-stroke engines of all cubic capacities that employ mixed or separate lubrication.</p>        <p>&nbsp;</p>        <h4>Compatibility</h4><ul><li>API TC</li><li>ISO-L-EGD</li><li>JASO FD</li><li>Global GD</li><li>Husqvarna 272</li><li>2-Stroke DFI</li></ul><p>Feel free to contact us at info@mlperformance.co.uk should you wish to double check!</p>        <p>&nbsp;</p>        <h4>Compatibility Check</h4><p>To ensure the part(s) you have ordered fits your vehicle, we run a compatibility check prior to dispatch. We can do this either using your registration number (UK) or the last 7 digits of your VIN. Simply enter your car details prior to checkout.</p>        <p>&nbsp;</p>        <h4>Part Number</h4><p>EUROLUB-303001 (1 L)</p><p>EUROLUB-303020 (20 L)</p><p>EUROLUB-303060 (60 L)</p><p>EUROLUB-303208 (208 L)</p><p>EUROLUB-303100 (1000 L)</p>        <p>&nbsp;</p>        <h4>More Information</h4><p><strong>Manufactured by</strong></p><p>Eurolub</p>",Eurolub,Eurolub 303XXX 2 TZ RACING,,"Uploaded by_Muazzim, MLP Discount 2026, Brand_Eurolub, 2026_New Products, Product Type_",TRUE,Options,1 L,,,,,EUROLUB-303001,,shopify,continue,manual,,,TRUE,TRUE,303001,https://eurolub.com/userdata/dcshop/images/thumb_3/748803_303xxx.png,1,Eurolub 303XXX 2 TZ RACING,,Eurolub 303XXX 2 TZ RACING,Get Eurolub 303XXX 2 TZ RACING for your car to get your desired looks and performance from ML Performance at the lowest price with FREE UK shipping & next day delivery on in stock items. Very cheap prices & good service.,,,,303001,,,new,,,,,,,https://eurolub.com/userdata/dcshop/images/thumb_2/375072_303001.png,kg,8708949900,,,,,active
eurolub-303xxx-2-tz-racing,,,,,,,,,20 L,,,,,EUROLUB-303020,,shopify,continue,manual,,,TRUE,TRUE,303020,https://eurolub.com/userdata/dcshop/images/thumb_2/375072_303001.png,2,Eurolub 303XXX 2 TZ RACING,,,,,,,,,,,,,,,,,https://eurolub.com/userdata/dcshop/images/thumb_2/786024_303020.png,kg,8708949900,,,,,
eurolub-303xxx-2-tz-racing,,,,,,,,,60 L,,,,,EUROLUB-303060,,shopify,continue,manual,,,TRUE,TRUE,303060,https://eurolub.com/userdata/dcshop/images/thumb_2/786024_303020.png,3,Eurolub 303XXX 2 TZ RACING,,,,,,,,,,,,,,,,,https://eurolub.com/userdata/dcshop/images/thumb_2/749712_303060.png,kg,8708949900,,,,,
eurolub-303xxx-2-tz-racing,,,,,,,,,208 L,,,,,EUROLUB-303208,,shopify,continue,manual,,,TRUE,TRUE,303208,https://eurolub.com/userdata/dcshop/images/thumb_2/749712_303060.png,4,Eurolub 303XXX 2 TZ RACING,,,,,,,,,,,,,,,,,https://eurolub.com/userdata/dcshop/images/thumb_2/424333_303208.png,kg,8708949900,,,,,
eurolub-303xxx-2-tz-racing,,,,,,,,,1000 L,,,,,EUROLUB-303100,,shopify,continue,manual,,,TRUE,TRUE,303100,https://eurolub.com/userdata/dcshop/images/thumb_2/424333_303208.png,5,Eurolub 303XXX 2 TZ RACING,,,,,,,,,,,,,,,,,https://eurolub.com/userdata/dcshop/images/thumb_2/196537_211100.png,kg,8708949900,,,,,
eurolub-303xxx-2-tz-racing,,,,,,,,,,,,,,,,,,,,,,,,https://eurolub.com/userdata/dcshop/images/thumb_2/196537_211100.png,6,Eurolub 303XXX 2 TZ RACING,,,,,,,,,,,,,,,,,,,,,,,,
eurolub-321xxx-4tz-premium-10w-50,Eurolub 321XXX 4TZ PREMIUM 10W-50,"<h4><strong>Description</strong></h4><p>High-end engine oil for all 4-stroke motorcycles with oil circulation of engine- clutch and gear box.</p>        <p>&nbsp;</p>        <h4>Compatibility</h4><ul><li>ACEA A3</li><li>API SL</li><li>JASO MA2</li></ul><p>Feel free to contact us at info@mlperformance.co.uk should you wish to double check!</p>        <p>&nbsp;</p>        <h4>Compatibility Check</h4><p>To ensure the part(s) you have ordered fits your vehicle, we run a compatibility check prior to dispatch. We can do this either using your registration number (UK) or the last 7 digits of your VIN. Simply enter your car details prior to checkout.</p>        <p>&nbsp;</p>        <h4>Part Number</h4><p>EUROLUB-321001 (1 L)</p><p>EUROLUB-321020 (20 L)</p><p>EUROLUB-321060 (60 L)</p><p>EUROLUB-321208 (208 L)</p><p>EUROLUB-321100 (1000 L)</p>        <p>&nbsp;</p>        <h4>More Information</h4><p><strong>Manufactured by</strong></p><p>Eurolub</p>",Eurolub,Eurolub 321XXX 4TZ PREMIUM 10W-50,,"Uploaded by_Muazzim, MLP Discount 2026, Brand_Eurolub, 2026_New Products, Product Type_",TRUE,Options,1 L,,,,,EUROLUB-321001,,shopify,continue,manual,,,TRUE,TRUE,321001,https://eurolub.com/userdata/dcshop/images/thumb_3/441756_321xxx.png,1,Eurolub 321XXX 4TZ PREMIUM 10W-50,,Eurolub 321XXX 4TZ PREMIUM 10W-50,Get Eurolub 321XXX 4TZ PREMIUM 10W-50 for your car to get your desired looks and performance from ML Performance at the lowest price with FREE UK shipping & next day delivery on in stock items. Very cheap prices & good service.,,,,321001,,,new,,,,,,,https://eurolub.com/userdata/dcshop/images/thumb_2/736509_321001.png,kg,8708949900,,,,,active
eurolub-321xxx-4tz-premium-10w-50,,,,,,,,,20 L,,,,,EUROLUB-321020,,shopify,continue,manual,,,TRUE,TRUE,321020,https://eurolub.com/userdata/dcshop/images/thumb_2/736509_321001.png,2,Eurolub 321XXX 4TZ PREMIUM 10W-50,,,,,,,,,,,,,,,,,https://eurolub.com/userdata/dcshop/images/thumb_2/594507_321020.png,kg,8708949900,,,,,
eurolub-321xxx-4tz-premium-10w-50,,,,,,,,,60 L,,,,,EUROLUB-321060,,shopify,continue,manual,,,TRUE,TRUE,321060,https://eurolub.com/userdata/dcshop/images/thumb_2/594507_321020.png,3,Eurolub 321XXX 4TZ PREMIUM 10W-50,,,,,,,,,,,,,,,,,https://eurolub.com/userdata/dcshop/images/thumb_2/891755_321060.png,kg,8708949900,,,,,
eurolub-321xxx-4tz-premium-10w-50,,,,,,,,,208 L,,,,,EUROLUB-321208,,shopify,continue,manual,,,TRUE,TRUE,321208,https://eurolub.com/userdata/dcshop/images/thumb_2/891755_321060.png,4,Eurolub 321XXX 4TZ PREMIUM 10W-50,,,,,,,,,,,,,,,,,https://eurolub.com/userdata/dcshop/images/thumb_2/846531_321208.png,kg,8708949900,,,,,
eurolub-321xxx-4tz-premium-10w-50,,,,,,,,,1000 L,,,,,EUROLUB-321100,,shopify,continue,manual,,,TRUE,TRUE,321100,https://eurolub.com/userdata/dcshop/images/thumb_2/846531_321208.png,5,Eurolub 321XXX 4TZ PREMIUM 10W-50,,,,,,,,,,,,,,,,,https://eurolub.com/userdata/dcshop/images/thumb_2/558760_211100.png,kg,8708949900,,,,,
eurolub-321xxx-4tz-premium-10w-50,,,,,,,,,,,,,,,,,,,,,,,,https://eurolub.com/userdata/dcshop/images/thumb_2/558760_211100.png,6,Eurolub 321XXX 4TZ PREMIUM 10W-50,,,,,,,,,,,,,,,,,,,,,,,,
eurolub-330xxx-uni-truck-stou-10w-40,Eurolub 330XXX UNI TRUCK STOU 10W-40,"<h4><strong>Description</strong></h4><p>High-performance STOU based on unconventional, state-of-the-art base oils for use in engines, transmissions, and hydraulic systems. Also suitable for wet brakes and clutches.</p>        <p>&nbsp;</p>        <h4>Compatibility</h4><ul><li>ACEA E3</li><li>API SF</li><li>API CG-4</li><li>API GL-4</li><li>Allison C-4</li><li>NH 410B</li><li>MF M1144</li><li>MF M1145</li><li>CAT TO-2</li><li>MIL-L-2104D</li><li>Ford WSS-M2C159-B</li><li>Ford WSS-M2C159-C</li><li>Ford WSS-M2C134-D</li><li>MAN 271</li><li>MF M1139</li><li>MB 227.1</li><li>MB 228.1</li><li>DTFR 15B110 (228.3)</li></ul><p>Feel free to contact us at info@mlperformance.co.uk should you wish to double check!</p>        <p>&nbsp;</p>        <h4>Compatibility Check</h4><p>To ensure the part(s) you have ordered fits your vehicle, we run a compatibility check prior to dispatch. We can do this either using your registration number (UK) or the last 7 digits of your VIN. Simply enter your car details prior to checkout.</p>        <p>&nbsp;</p>        <h4>Part Number</h4><p>EUROLUB-330020 (20 L)</p><p>EUROLUB-330060 (60 L)</p><p>EUROLUB-330208 (208 L)</p><p>EUROLUB-330100 (1000 L)</p>        <p>&nbsp;</p>        <h4>More Information</h4><p><strong>Manufactured by</strong></p><p>Eurolub</p>",Eurolub,Eurolub 330XXX UNI TRUCK STOU 10W-40,,"Uploaded by_Muazzim, MLP Discount 2026, Brand_Eurolub, 2026_New Products, Product Type_",TRUE,Options,20 L,,,,,EUROLUB-330020,,shopify,continue,manual,,,TRUE,TRUE,330020,https://eurolub.com/userdata/dcshop/images/thumb_3/525558_330xxx.png,1,Eurolub 330XXX UNI TRUCK STOU 10W-40,,Eurolub 330XXX UNI TRUCK STOU 10W-40,Get Eurolub 330XXX UNI TRUCK STOU 10W-40 for your car to get your desired looks and performance from ML Performance at the lowest price with FREE UK shipping & next day delivery on in stock items. Very cheap prices & good service.,,,,330020,,,new,,,,,,,https://eurolub.com/userdata/dcshop/images/thumb_2/801461_330020.png,kg,8708949900,,,,,active
eurolub-330xxx-uni-truck-stou-10w-40,,,,,,,,,60 L,,,,,EUROLUB-330060,,shopify,continue,manual,,,TRUE,TRUE,330060,https://eurolub.com/userdata/dcshop/images/thumb_2/801461_330020.png,2,Eurolub 330XXX UNI TRUCK STOU 10W-40,,,,,,,,,,,,,,,,,https://eurolub.com/userdata/dcshop/images/thumb_2/229603_330060.png,kg,8708949900,,,,,
eurolub-330xxx-uni-truck-stou-10w-40,,,,,,,,,208 L,,,,,EUROLUB-330208,,shopify,continue,manual,,,TRUE,TRUE,330208,https://eurolub.com/userdata/dcshop/images/thumb_2/229603_330060.png,3,Eurolub 330XXX UNI TRUCK STOU 10W-40,,,,,,,,,,,,,,,,,https://eurolub.com/userdata/dcshop/images/thumb_2/176501_330208.png,kg,8708949900,,,,,
eurolub-330xxx-uni-truck-stou-10w-40,,,,,,,,,1000 L,,,,,EUROLUB-330100,,shopify,continue,manual,,,TRUE,TRUE,330100,https://eurolub.com/userdata/dcshop/images/thumb_2/176501_330208.png,4,Eurolub 330XXX UNI TRUCK STOU 10W-40,,,,,,,,,,,,,,,,,https://eurolub.com/userdata/dcshop/images/thumb_2/315743_211100.png,kg,8708949900,,,,,
eurolub-330xxx-uni-truck-stou-10w-40,,,,,,,,,,,,,,,,,,,,,,,,https://eurolub.com/userdata/dcshop/images/thumb_2/315743_211100.png,5,Eurolub 330XXX UNI TRUCK STOU 10W-40,,,,,,,,,,,,,,,,,,,,,,,,
eurolub-329xxx-hydrofluid-utto,Eurolub 329XXX Hydrofluid UTTO,"<h4><strong>Description</strong></h4><p>Special oil for use in agricultural machinery, excavators and construction machinery with shared oil circuits for transmission / axle drives and hydraulic systems.</p>        <p>&nbsp;</p>        <h4>Compatibility</h4><ul><li>API GL-4</li><li>Ford WSS-M2C134-A</li><li>Volvo WB 101</li><li>John Deere JDM</li><li>John Deere J20C</li><li>Allison C-4</li><li>MF M1135</li><li>MF M1139</li><li>MF M1144</li><li>MF M1145</li><li>CAT TO-2</li><li>Case MS1207</li><li>NH 410B</li><li>Case MS1209</li><li>Case MS1317</li></ul><p>Feel free to contact us at info@mlperformance.co.uk should you wish to double check!</p>        <p>&nbsp;</p>        <h4>Compatibility Check</h4><p>To ensure the part(s) you have ordered fits your vehicle, we run a compatibility check prior to dispatch. We can do this either using your registration number (UK) or the last 7 digits of your VIN. Simply enter your car details prior to checkout.</p>        <p>&nbsp;</p>        <h4>Part Number</h4><p>EUROLUB-329020 (20 L)</p><p>EUROLUB-329060 (60 L)</p><p>EUROLUB-329208 (208 L)</p><p>EUROLUB-329100 (1000 L)</p>        <p>&nbsp;</p>        <h4>More Information</h4><p><strong>Manufactured by</strong></p><p>Eurolub</p>",Eurolub,Eurolub 329XXX Hydrofluid UTTO,,"Uploaded by_Muazzim, MLP Discount 2026, Brand_Eurolub, 2026_New Products, Product Type_",TRUE,Options,20 L,,,,,EUROLUB-329020,,shopify,continue,manual,,,TRUE,TRUE,329020,https://eurolub.com/userdata/dcshop/images/thumb_3/569409_329xxx.png,1,Eurolub 329XXX Hydrofluid UTTO,,Eurolub 329XXX Hydrofluid UTTO,Get Eurolub 329XXX Hydrofluid UTTO for your car to get your desired looks and performance from ML Performance at the lowest price with FREE UK shipping & next day delivery on in stock items. Very cheap prices & good service.,,,,329020,,,new,,,,,,,https://eurolub.com/userdata/dcshop/images/thumb_2/958538_329020.png,kg,8708949900,,,,,active
eurolub-329xxx-hydrofluid-utto,,,,,,,,,60 L,,,,,EUROLUB-329060,,shopify,continue,manual,,,TRUE,TRUE,329060,https://eurolub.com/userdata/dcshop/images/thumb_2/958538_329020.png,2,Eurolub 329XXX Hydrofluid UTTO,,,,,,,,,,,,,,,,,https://eurolub.com/userdata/dcshop/images/thumb_2/840238_329060.png,kg,8708949900,,,,,
eurolub-329xxx-hydrofluid-utto,,,,,,,,,208 L,,,,,EUROLUB-329208,,shopify,continue,manual,,,TRUE,TRUE,329208,https://eurolub.com/userdata/dcshop/images/thumb_2/840238_329060.png,3,Eurolub 329XXX Hydrofluid UTTO,,,,,,,,,,,,,,,,,https://eurolub.com/userdata/dcshop/images/thumb_2/776802_329208.png,kg,8708949900,,,,,
eurolub-329xxx-hydrofluid-utto,,,,,,,,,1000 L,,,,,EUROLUB-329100,,shopify,continue,manual,,,TRUE,TRUE,329100,https://eurolub.com/userdata/dcshop/images/thumb_2/776802_329208.png,4,Eurolub 329XXX Hydrofluid UTTO,,,,,,,,,,,,,,,,,https://eurolub.com/userdata/dcshop/images/thumb_2/445510_211100.png,kg,8708949900,,,,,
eurolub-329xxx-hydrofluid-utto,,,,,,,,,,,,,,,,,,,,,,,,https://eurolub.com/userdata/dcshop/images/thumb_2/445510_211100.png,5,Eurolub 329XXX Hydrofluid UTTO,,,,,,,,,,,,,,,,,,,,,,,,
eurolub-322xxx-uni-truck-stou-10w-30,Eurolub 322XXX UNI TRUCK STOU 10W-30,"<h4><strong>Description</strong></h4><p>Modern multi-grade oil for agricultural machinery, excavators, and construction machinery.</p>        <p>&nbsp;</p>        <h4>Compatibility</h4><ul><li>API SF</li><li>API CG-4</li><li>API GL-4</li><li>Allison C-4</li><li>NH 410B</li><li>NH 030C</li><li>NH 82009201</li><li>CAT TO-2</li><li>John Deere J27</li><li>John Deere J27C</li><li>Ford WSS-M2C159-B</li><li>Ford WSS-M2C159-C</li><li>Ford WSS-M2C86-B</li><li>Ford WSS-M2C134-D</li><li>MF M1135</li><li>MF M1139</li><li>MF M1144</li><li>MF M1145</li></ul><p>Feel free to contact us at info@mlperformance.co.uk should you wish to double check!</p>        <p>&nbsp;</p>        <h4>Compatibility Check</h4><p>To ensure the part(s) you have ordered fits your vehicle, we run a compatibility check prior to dispatch. We can do this either using your registration number (UK) or the last 7 digits of your VIN. Simply enter your car details prior to checkout.</p>        <p>&nbsp;</p>        <h4>Part Number</h4><p>EUROLUB-322020 (20 L)</p><p>EUROLUB-322060 (60 L)</p><p>EUROLUB-322208 (208 L)</p><p>EUROLUB-322100 (1000 L)</p>        <p>&nbsp;</p>        <h4>More Information</h4><p><strong>Manufactured by</strong></p><p>Eurolub</p>",Eurolub,Eurolub 322XXX UNI TRUCK STOU 10W-30,,"Uploaded by_Muazzim, MLP Discount 2026, Brand_Eurolub, 2026_New Products, Product Type_",TRUE,Options,20 L,,,,,EUROLUB-322020,,shopify,continue,manual,,,TRUE,TRUE,322020,https://eurolub.com/userdata/dcshop/images/thumb_3/435165_322xxx.png,1,Eurolub 322XXX UNI TRUCK STOU 10W-30,,Eurolub 322XXX UNI TRUCK STOU 10W-30,Get Eurolub 322XXX UNI TRUCK STOU 10W-30 for your car to get your desired looks and performance from ML Performance at the lowest price with FREE UK shipping & next day delivery on in stock items. Very cheap prices & good service.,,,,322020,,,new,,,,,,,https://eurolub.com/userdata/dcshop/images/thumb_2/241154_322020.png,kg,8708949900,,,,,active
eurolub-322xxx-uni-truck-stou-10w-30,,,,,,,,,60 L,,,,,EUROLUB-322060,,shopify,continue,manual,,,TRUE,TRUE,322060,https://eurolub.com/userdata/dcshop/images/thumb_2/241154_322020.png,2,Eurolub 322XXX UNI TRUCK STOU 10W-30,,,,,,,,,,,,,,,,,https://eurolub.com/userdata/dcshop/images/thumb_2/827855_322060.png,kg,8708949900,,,,,
eurolub-322xxx-uni-truck-stou-10w-30,,,,,,,,,208 L,,,,,EUROLUB-322208,,shopify,continue,manual,,,TRUE,TRUE,322208,https://eurolub.com/userdata/dcshop/images/thumb_2/827855_322060.png,3,Eurolub 322XXX UNI TRUCK STOU 10W-30,,,,,,,,,,,,,,,,,https://eurolub.com/userdata/dcshop/images/thumb_2/627151_322208.png,kg,8708949900,,,,,
eurolub-322xxx-uni-truck-stou-10w-30,,,,,,,,,1000 L,,,,,EUROLUB-322100,,shopify,continue,manual,,,TRUE,TRUE,322100,https://eurolub.com/userdata/dcshop/images/thumb_2/627151_322208.png,4,Eurolub 322XXX UNI TRUCK STOU 10W-30,,,,,,,,,,,,,,,,,https://eurolub.com/userdata/dcshop/images/thumb_2/447213_211100.png,kg,8708949900,,,,,
eurolub-322xxx-uni-truck-stou-10w-30,,,,,,,,,,,,,,,,,,,,,,,,https://eurolub.com/userdata/dcshop/images/thumb_2/447213_211100.png,5,Eurolub 322XXX UNI TRUCK STOU 10W-30,,,,,,,,,,,,,,,,,,,,,,,,
eurolub-324xxx-uni-truck-stou-15w-30,Eurolub 324XXX UNI TRUCK STOU 15W-30,"<h4><strong>Description</strong></h4><p>This is Eurolub 324XXX UNI TRUCK STOU 15W-30</p>        <p>&nbsp;</p>        <h4>Compatibility</h4><ul><li>API SF</li><li>API CG-4</li><li>API GL-4</li><li>NH 410A</li><li>Allison C-4</li><li>NH 82009202</li><li>Ford WSS-M2C159-B</li><li>Ford WSS-M2C159-C</li><li>Ford WSS-M2C134-A</li><li>John Deere J27</li><li>CAT TO-2</li><li>MF M1135</li><li>MF M1139</li><li>MF M1144</li><li>MF M1145</li><li>Eaton M29505</li><li>Eaton I-280-S</li></ul><p>Feel free to contact us at info@mlperformance.co.uk should you wish to double check!</p>        <p>&nbsp;</p>        <h4>Compatibility Check</h4><p>To ensure the part(s) you have ordered fits your vehicle, we run a compatibility check prior to dispatch. We can do this either using your registration number (UK) or the last 7 digits of your VIN. Simply enter your car details prior to checkout.</p>        <p>&nbsp;</p>        <h4>Part Number</h4><p>EUROLUB-324020 (20 L)</p><p>EUROLUB-324060 (60 L)</p><p>EUROLUB-324208 (208 L)</p><p>EUROLUB-324100 (1000 L)</p>        <p>&nbsp;</p>        <h4>More Information</h4><p><strong>Manufactured by</strong></p><p>Eurolub</p>",Eurolub,Eurolub 324XXX UNI TRUCK STOU 15W-30,,"Uploaded by_Muazzim, MLP Discount 2026, Brand_Eurolub, 2026_New Products, Product Type_",TRUE,Options,20 L,,,,,EUROLUB-324020,,shopify,continue,manual,,,TRUE,TRUE,324020,https://eurolub.com/userdata/dcshop/images/thumb_3/849018_324xxx.png,1,Eurolub 324XXX UNI TRUCK STOU 15W-30,,Eurolub 324XXX UNI TRUCK STOU 15W-30,Get Eurolub 324XXX UNI TRUCK STOU 15W-30 for your car to get your desired looks and performance from ML Performance at the lowest price with FREE UK shipping & next day delivery on in stock items. Very cheap prices & good service.,,,,324020,,,new,,,,,,,https://eurolub.com/userdata/dcshop/images/thumb_2/112127_324020.png,kg,8708949900,,,,,active
eurolub-324xxx-uni-truck-stou-15w-30,,,,,,,,,60 L,,,,,EUROLUB-324060,,shopify,continue,manual,,,TRUE,TRUE,324060,https://eurolub.com/userdata/dcshop/images/thumb_2/112127_324020.png,2,Eurolub 324XXX UNI TRUCK STOU 15W-30,,,,,,,,,,,,,,,,,https://eurolub.com/userdata/dcshop/images/thumb_2/180031_324060.png,kg,8708949900,,,,,
eurolub-324xxx-uni-truck-stou-15w-30,,,,,,,,,208 L,,,,,EUROLUB-324208,,shopify,continue,manual,,,TRUE,TRUE,324208,https://eurolub.com/userdata/dcshop/images/thumb_2/180031_324060.png,3,Eurolub 324XXX UNI TRUCK STOU 15W-30,,,,,,,,,,,,,,,,,https://eurolub.com/userdata/dcshop/images/thumb_2/767929_324208.png,kg,8708949900,,,,,
eurolub-324xxx-uni-truck-stou-15w-30,,,,,,,,,1000 L,,,,,EUROLUB-324100,,shopify,continue,manual,,,TRUE,TRUE,324100,https://eurolub.com/userdata/dcshop/images/thumb_2/767929_324208.png,4,Eurolub 324XXX UNI TRUCK STOU 15W-30,,,,,,,,,,,,,,,,,https://eurolub.com/userdata/dcshop/images/thumb_2/476298_211100.png,kg,8708949900,,,,,
eurolub-324xxx-uni-truck-stou-15w-30,,,,,,,,,,,,,,,,,,,,,,,,https://eurolub.com/userdata/dcshop/images/thumb_2/476298_211100.png,5,Eurolub 324XXX UNI TRUCK STOU 15W-30,,,,,,,,,,,,,,,,,,,,,,,,
eurolub-336xxx-hd-4c-to-4-30,Eurolub 336XXX HD 4C TO-4 30,"<h4><strong>Description</strong></h4><p>Special transmission oil (power transmission oil) for modern transmissions used in construction machinery and tractors.</p>        <p>&nbsp;</p>        <h4>Compatibility</h4><ul><li>CAT TO-4</li><li>CAT TO-2</li><li>Komatsu KES 07.868.1</li><li>Allison C-4</li></ul><p>Feel free to contact us at info@mlperformance.co.uk should you wish to double check!</p>        <p>&nbsp;</p>        <h4>Compatibility Check</h4><p>To ensure the part(s) you have ordered fits your vehicle, we run a compatibility check prior to dispatch. We can do this either using your registration number (UK) or the last 7 digits of your VIN. Simply enter your car details prior to checkout.</p>        <p>&nbsp;</p>        <h4>Part Number</h4><p>EUROLUB-336020 (20 L)</p><p>EUROLUB-336060 (60 L)</p><p>EUROLUB-336208 (208 L)</p><p>EUROLUB-336100 (1000 L)</p>        <p>&nbsp;</p>        <h4>More Information</h4><p><strong>Manufactured by</strong></p><p>Eurolub</p>",Eurolub,Eurolub 336XXX HD 4C TO-4 30,,"Uploaded by_Muazzim, MLP Discount 2026, Brand_Eurolub, 2026_New Products, Product Type_",TRUE,Options,20 L,,,,,EUROLUB-336020,,shopify,continue,manual,,,TRUE,TRUE,336020,https://eurolub.com/userdata/dcshop/images/thumb_3/790203_336xxx.png,1,Eurolub 336XXX HD 4C TO-4 30,,Eurolub 336XXX HD 4C TO-4 30,Get Eurolub 336XXX HD 4C TO-4 30 for your car to get your desired looks and performance from ML Performance at the lowest price with FREE UK shipping & next day delivery on in stock items. Very cheap prices & good service.,,,,336020,,,new,,,,,,,https://eurolub.com/userdata/dcshop/images/thumb_2/565950_336020.png,kg,8708949900,,,,,active
eurolub-336xxx-hd-4c-to-4-30,,,,,,,,,60 L,,,,,EUROLUB-336060,,shopify,continue,manual,,,TRUE,TRUE,336060,https://eurolub.com/userdata/dcshop/images/thumb_2/565950_336020.png,2,Eurolub 336XXX HD 4C TO-4 30,,,,,,,,,,,,,,,,,https://eurolub.com/userdata/dcshop/images/thumb_2/64672_336060.png,kg,8708949900,,,,,
eurolub-336xxx-hd-4c-to-4-30,,,,,,,,,208 L,,,,,EUROLUB-336208,,shopify,continue,manual,,,TRUE,TRUE,336208,https://eurolub.com/userdata/dcshop/images/thumb_2/64672_336060.png,3,Eurolub 336XXX HD 4C TO-4 30,,,,,,,,,,,,,,,,,https://eurolub.com/userdata/dcshop/images/thumb_2/355737_336208.png,kg,8708949900,,,,,
eurolub-336xxx-hd-4c-to-4-30,,,,,,,,,1000 L,,,,,EUROLUB-336100,,shopify,continue,manual,,,TRUE,TRUE,336100,https://eurolub.com/userdata/dcshop/images/thumb_2/355737_336208.png,4,Eurolub 336XXX HD 4C TO-4 30,,,,,,,,,,,,,,,,,https://eurolub.com/userdata/dcshop/images/thumb_2/200078_211100.png,kg,8708949900,,,,,
eurolub-336xxx-hd-4c-to-4-30,,,,,,,,,,,,,,,,,,,,,,,,https://eurolub.com/userdata/dcshop/images/thumb_2/200078_211100.png,5,Eurolub 336XXX HD 4C TO-4 30,,,,,,,,,,,,,,,,,,,,,,,,
eurolub-338xxx-hd-4c-to-4-10w,Eurolub 338XXX HD 4C TO-4 10W,"<h4><strong>Description</strong></h4><p>Special transmission oil (power transmission oil) for modern transmissions used in construction machinery and tractors.</p>        <p>&nbsp;</p>        <h4>Compatibility</h4><ul><li>CAT TO-4</li><li>CAT TO-2</li><li>Allison C-4</li><li>Komatsu KES 07.868.1</li></ul><p>Feel free to contact us at info@mlperformance.co.uk should you wish to double check!</p>        <p>&nbsp;</p>        <h4>Compatibility Check</h4><p>To ensure the part(s) you have ordered fits your vehicle, we run a compatibility check prior to dispatch. We can do this either using your registration number (UK) or the last 7 digits of your VIN. Simply enter your car details prior to checkout.</p>        <p>&nbsp;</p>        <h4>Part Number</h4><p>EUROLUB-338020 (20 L)</p><p>EUROLUB-338060 (60 L)</p><p>EUROLUB-338208 (208 L)</p><p>EUROLUB-338100 (1000 L)</p>        <p>&nbsp;</p>        <h4>More Information</h4><p><strong>Manufactured by</strong></p><p>Eurolub</p>",Eurolub,Eurolub 338XXX HD 4C TO-4 10W,,"Uploaded by_Muazzim, MLP Discount 2026, Brand_Eurolub, 2026_New Products, Product Type_",TRUE,Options,20 L,,,,,EUROLUB-338020,,shopify,continue,manual,,,TRUE,TRUE,338020,https://eurolub.com/userdata/dcshop/images/thumb_3/862966_338xxx.png,1,Eurolub 338XXX HD 4C TO-4 10W,,Eurolub 338XXX HD 4C TO-4 10W,Get Eurolub 338XXX HD 4C TO-4 10W for your car to get your desired looks and performance from ML Performance at the lowest price with FREE UK shipping & next day delivery on in stock items. Very cheap prices & good service.,,,,338020,,,new,,,,,,,https://eurolub.com/userdata/dcshop/images/thumb_2/922231_338020.png,kg,8708949900,,,,,active
eurolub-338xxx-hd-4c-to-4-10w,,,,,,,,,60 L,,,,,EUROLUB-338060,,shopify,continue,manual,,,TRUE,TRUE,338060,https://eurolub.com/userdata/dcshop/images/thumb_2/922231_338020.png,2,Eurolub 338XXX HD 4C TO-4 10W,,,,,,,,,,,,,,,,,https://eurolub.com/userdata/dcshop/images/thumb_2/960735_338060.png,kg,8708949900,,,,,
eurolub-338xxx-hd-4c-to-4-10w,,,,,,,,,208 L,,,,,EUROLUB-338208,,shopify,continue,manual,,,TRUE,TRUE,338208,https://eurolub.com/userdata/dcshop/images/thumb_2/960735_338060.png,3,Eurolub 338XXX HD 4C TO-4 10W,,,,,,,,,,,,,,,,,https://eurolub.com/userdata/dcshop/images/thumb_2/994972_338208.png,kg,8708949900,,,,,
eurolub-338xxx-hd-4c-to-4-10w,,,,,,,,,1000 L,,,,,EUROLUB-338100,,shopify,continue,manual,,,TRUE,TRUE,338100,https://eurolub.com/userdata/dcshop/images/thumb_2/994972_338208.png,4,Eurolub 338XXX HD 4C TO-4 10W,,,,,,,,,,,,,,,,,https://eurolub.com/userdata/dcshop/images/thumb_2/676066_211100.png,kg,8708949900,,,,,
eurolub-338xxx-hd-4c-to-4-10w,,,,,,,,,,,,,,,,,,,,,,,,https://eurolub.com/userdata/dcshop/images/thumb_2/676066_211100.png,5,Eurolub 338XXX HD 4C TO-4 10W,,,,,,,,,,,,,,,,,,,,,,,,
eurolub-333xxx-hd-4c-30-lawn-mower-oil,Eurolub 333XXX HD 4C 30 Lawn Mower Oil,"<h4><strong>Description</strong></h4><p>Single-grade engine oil for gas and diesel engines (except pump-jet engines).</p>        <p>&nbsp;</p>        <h4>Compatibility</h4><ul><li>API CD</li><li>API SF</li><li>Caterpillar Series 3</li><li>David Brown DB OM 616</li><li>Mack EO-J</li><li>MIL-L-2104C</li><li>Volvo B20</li></ul><p>Feel free to contact us at info@mlperformance.co.uk should you wish to double check!</p>        <p>&nbsp;</p>        <h4>Compatibility Check</h4><p>To ensure the part(s) you have ordered fits your vehicle, we run a compatibility check prior to dispatch. We can do this either using your registration number (UK) or the last 7 digits of your VIN. Simply enter your car details prior to checkout.</p>        <p>&nbsp;</p>        <h4>Part Number</h4><p>EUROLUB-333001 (1 L)</p><p>EUROLUB-333020 (20 L)</p><p>EUROLUB-333060 (60 L)</p><p>EUROLUB-333208 (208 L)</p><p>EUROLUB-333100 (1000 L)</p>        <p>&nbsp;</p>        <h4>More Information</h4><p><strong>Manufactured by</strong></p><p>Eurolub</p>",Eurolub,Eurolub 333XXX HD 4C 30 Lawn Mower Oil,,"Uploaded by_Muazzim, MLP Discount 2026, Brand_Eurolub, 2026_New Products, Product Type_",TRUE,Options,1 L,,,,,EUROLUB-333001,,shopify,continue,manual,,,TRUE,TRUE,333001,https://eurolub.com/userdata/dcshop/images/thumb_3/948002_333xxx.png,1,Eurolub 333XXX HD 4C 30 Lawn Mower Oil,,Eurolub 333XXX HD 4C 30 Lawn Mower Oil,Get Eurolub 333XXX HD 4C 30 Lawn Mower Oil for your car to get your desired looks and performance from ML Performance at the lowest price with FREE UK shipping & next day delivery on in stock items. Very cheap prices & good service.,,,,333001,,,new,,,,,,,https://eurolub.com/userdata/dcshop/images/thumb_2/243879_333001.png,kg,8708949900,,,,,active
eurolub-333xxx-hd-4c-30-lawn-mower-oil,,,,,,,,,20 L,,,,,EUROLUB-333020,,shopify,continue,manual,,,TRUE,TRUE,333020,https://eurolub.com/userdata/dcshop/images/thumb_2/243879_333001.png,2,Eurolub 333XXX HD 4C 30 Lawn Mower Oil,,,,,,,,,,,,,,,,,https://eurolub.com/userdata/dcshop/images/thumb_2/304516_333020.png,kg,8708949900,,,,,
eurolub-333xxx-hd-4c-30-lawn-mower-oil,,,,,,,,,60 L,,,,,EUROLUB-333060,,shopify,continue,manual,,,TRUE,TRUE,333060,https://eurolub.com/userdata/dcshop/images/thumb_2/304516_333020.png,3,Eurolub 333XXX HD 4C 30 Lawn Mower Oil,,,,,,,,,,,,,,,,,https://eurolub.com/userdata/dcshop/images/thumb_2/325470_333060.png,kg,8708949900,,,,,
eurolub-333xxx-hd-4c-30-lawn-mower-oil,,,,,,,,,208 L,,,,,EUROLUB-333208,,shopify,continue,manual,,,TRUE,TRUE,333208,https://eurolub.com/userdata/dcshop/images/thumb_2/325470_333060.png,4,Eurolub 333XXX HD 4C 30 Lawn Mower Oil,,,,,,,,,,,,,,,,,https://eurolub.com/userdata/dcshop/images/thumb_2/285273_333208.png,kg,8708949900,,,,,
eurolub-333xxx-hd-4c-30-lawn-mower-oil,,,,,,,,,1000 L,,,,,EUROLUB-333100,,shopify,continue,manual,,,TRUE,TRUE,333100,https://eurolub.com/userdata/dcshop/images/thumb_2/285273_333208.png,5,Eurolub 333XXX HD 4C 30 Lawn Mower Oil,,,,,,,,,,,,,,,,,https://eurolub.com/userdata/dcshop/images/thumb_2/751114_211100.png,kg,8708949900,,,,,
eurolub-333xxx-hd-4c-30-lawn-mower-oil,,,,,,,,,,,,,,,,,,,,,,,,https://eurolub.com/userdata/dcshop/images/thumb_2/751114_211100.png,6,Eurolub 333XXX HD 4C 30 Lawn Mower Oil,,,,,,,,,,,,,,,,,,,,,,,,
eurolub-334xxx-hd-4c-40,Eurolub 334XXX HD 4C 40,"<h4><strong>Description</strong></h4><p>Single-grade engine oil for gas and diesel engines (except pump-jet engines).</p>        <p>&nbsp;</p>        <h4>Compatibility</h4><ul><li>API CD</li><li>API SF</li><li>Caterpillar Series 3</li><li>David Brown DB OM 616</li><li>Mack EO-J</li><li>MIL-L-2104C</li><li>Volvo B20</li></ul><p>Feel free to contact us at info@mlperformance.co.uk should you wish to double check!</p>        <p>&nbsp;</p>        <h4>Compatibility Check</h4><p>To ensure the part(s) you have ordered fits your vehicle, we run a compatibility check prior to dispatch. We can do this either using your registration number (UK) or the last 7 digits of your VIN. Simply enter your car details prior to checkout.</p>        <p>&nbsp;</p>        <h4>Part Number</h4><p>EUROLUB-334020 (20 L)</p><p>EUROLUB-334060 (60 L)</p><p>EUROLUB-334208 (208 L)</p><p>EUROLUB-334100 (1000 L)</p>        <p>&nbsp;</p>        <h4>More Information</h4><p><strong>Manufactured by</strong></p><p>Eurolub</p>",Eurolub,Eurolub 334XXX HD 4C 40,,"Uploaded by_Muazzim, MLP Discount 2026, Brand_Eurolub, 2026_New Products, Product Type_",TRUE,Options,20 L,,,,,EUROLUB-334020,,shopify,continue,manual,,,TRUE,TRUE,334020,https://eurolub.com/userdata/dcshop/images/thumb_3/295402_334xxx.png,1,Eurolub 334XXX HD 4C 40,,Eurolub 334XXX HD 4C 40,Get Eurolub 334XXX HD 4C 40 for your car to get your desired looks and performance from ML Performance at the lowest price with FREE UK shipping & next day delivery on in stock items. Very cheap prices & good service.,,,,334020,,,new,,,,,,,https://eurolub.com/userdata/dcshop/images/thumb_2/934829_334020.png,kg,8708949900,,,,,active
eurolub-334xxx-hd-4c-40,,,,,,,,,60 L,,,,,EUROLUB-334060,,shopify,continue,manual,,,TRUE,TRUE,334060,https://eurolub.com/userdata/dcshop/images/thumb_2/934829_334020.png,2,Eurolub 334XXX HD 4C 40,,,,,,,,,,,,,,,,,https://eurolub.com/userdata/dcshop/images/thumb_2/559286_334060.png,kg,8708949900,,,,,
eurolub-334xxx-hd-4c-40,,,,,,,,,208 L,,,,,EUROLUB-334208,,shopify,continue,manual,,,TRUE,TRUE,334208,https://eurolub.com/userdata/dcshop/images/thumb_2/559286_334060.png,3,Eurolub 334XXX HD 4C 40,,,,,,,,,,,,,,,,,https://eurolub.com/userdata/dcshop/images/thumb_2/646630_334208.png,kg,8708949900,,,,,
eurolub-334xxx-hd-4c-40,,,,,,,,,1000 L,,,,,EUROLUB-334100,,shopify,continue,manual,,,TRUE,TRUE,334100,https://eurolub.com/userdata/dcshop/images/thumb_2/646630_334208.png,4,Eurolub 334XXX HD 4C 40,,,,,,,,,,,,,,,,,https://eurolub.com/userdata/dcshop/images/thumb_2/282105_211100.png,kg,8708949900,,,,,
eurolub-334xxx-hd-4c-40,,,,,,,,,,,,,,,,,,,,,,,,https://eurolub.com/userdata/dcshop/images/thumb_2/282105_211100.png,5,Eurolub 334XXX HD 4C 40,,,,,,,,,,,,,,,,,,,,,,,,
eurolub-332xxx-hd-4c-20w-20,Eurolub 332XXX HD 4C 20W-20,"<h4><strong>Description</strong></h4><p>Single-grade engine oil for gas and diesel engines (except pump-jet engines).</p>        <p>&nbsp;</p>        <h4>Compatibility</h4><ul><li>API CD</li><li>API SF</li><li>Caterpillar Series 3</li><li>David Brown DB OM 616</li><li>Mack EO-J</li><li>MIL-L-2104C</li><li>Volvo B20</li></ul><p>Feel free to contact us at info@mlperformance.co.uk should you wish to double check!</p>        <p>&nbsp;</p>        <h4>Compatibility Check</h4><p>To ensure the part(s) you have ordered fits your vehicle, we run a compatibility check prior to dispatch. We can do this either using your registration number (UK) or the last 7 digits of your VIN. Simply enter your car details prior to checkout.</p>        <p>&nbsp;</p>        <h4>Part Number</h4><p>EUROLUB-332020 (20 L)</p><p>EUROLUB-332060 (60 L)</p><p>EUROLUB-332208 (208 L)</p><p>EUROLUB-332100 (1000 L)</p>        <p>&nbsp;</p>        <h4>More Information</h4><p><strong>Manufactured by</strong></p><p>Eurolub</p>",Eurolub,Eurolub 332XXX HD 4C 20W-20,,"Uploaded by_Muazzim, MLP Discount 2026, Brand_Eurolub, 2026_New Products, Product Type_",TRUE,Options,20 L,,,,,EUROLUB-332020,,shopify,continue,manual,,,TRUE,TRUE,332020,https://eurolub.com/userdata/dcshop/images/thumb_3/542838_332xxx.png,1,Eurolub 332XXX HD 4C 20W-20,,Eurolub 332XXX HD 4C 20W-20,Get Eurolub 332XXX HD 4C 20W-20 for your car to get your desired looks and performance from ML Performance at the lowest price with FREE UK shipping & next day delivery on in stock items. Very cheap prices & good service.,,,,332020,,,new,,,,,,,https://eurolub.com/userdata/dcshop/images/thumb_2/101650_332020.png,kg,8708949900,,,,,active
eurolub-332xxx-hd-4c-20w-20,,,,,,,,,60 L,,,,,EUROLUB-332060,,shopify,continue,manual,,,TRUE,TRUE,332060,https://eurolub.com/userdata/dcshop/images/thumb_2/101650_332020.png,2,Eurolub 332XXX HD 4C 20W-20,,,,,,,,,,,,,,,,,https://eurolub.com/userdata/dcshop/images/thumb_2/923177_322060.png,kg,8708949900,,,,,
eurolub-332xxx-hd-4c-20w-20,,,,,,,,,208 L,,,,,EUROLUB-332208,,shopify,continue,manual,,,TRUE,TRUE,332208,https://eurolub.com/userdata/dcshop/images/thumb_2/923177_322060.png,3,Eurolub 332XXX HD 4C 20W-20,,,,,,,,,,,,,,,,,https://eurolub.com/userdata/dcshop/images/thumb_2/765526_322208.png,kg,8708949900,,,,,
eurolub-332xxx-hd-4c-20w-20,,,,,,,,,1000 L,,,,,EUROLUB-332100,,shopify,continue,manual,,,TRUE,TRUE,332100,https://eurolub.com/userdata/dcshop/images/thumb_2/765526_322208.png,4,Eurolub 332XXX HD 4C 20W-20,,,,,,,,,,,,,,,,,https://eurolub.com/userdata/dcshop/images/thumb_2/397084_211100.png,kg,8708949900,,,,,
eurolub-332xxx-hd-4c-20w-20,,,,,,,,,,,,,,,,,,,,,,,,https://eurolub.com/userdata/dcshop/images/thumb_2/397084_211100.png,5,Eurolub 332XXX HD 4C 20W-20,,,,,,,,,,,,,,,,,,,,,,,,
eurolub-304xxx-gas-engine-oil-hgm-plus-40,Eurolub 304XXX Gas Engine Oil HGM Plus 40,"<h4><strong>Description</strong></h4><p>This oil was developed for lubricating stationary, high-capacity gas engines that operate on all types of different gases.</p>        <p>&nbsp;</p>        <h4>Compatibility</h4><ul><li>API CF</li><li>MAN M 3271-4</li><li>GE Jenbacher TA 1000-1109</li><li>MWM/CAT</li><li>Waukesha</li><li>WÃ¤rtsila</li><li>Perkins</li><li>Ruston</li></ul><p>Feel free to contact us at info@mlperformance.co.uk should you wish to double check!</p>        <p>&nbsp;</p>        <h4>Compatibility Check</h4><p>To ensure the part(s) you have ordered fits your vehicle, we run a compatibility check prior to dispatch. We can do this either using your registration number (UK) or the last 7 digits of your VIN. Simply enter your car details prior to checkout.</p>        <p>&nbsp;</p>        <h4>Part Number</h4><p>EUROLUB-304020 (20 L)</p><p>EUROLUB-304060 (60 L)</p><p>EUROLUB-304208 (208 L)</p><p>EUROLUB-304100 (1000 L)</p>        <p>&nbsp;</p>        <h4>More Information</h4><p><strong>Manufactured by</strong></p><p>Eurolub</p>",Eurolub,Eurolub 304XXX Gas Engine Oil HGM Plus 40,,"Uploaded by_Muazzim, MLP Discount 2026, Brand_Eurolub, 2026_New Products, Product Type_",TRUE,Options,20 L,,,,,EUROLUB-304020,,shopify,continue,manual,,,TRUE,TRUE,304020,https://eurolub.com/userdata/dcshop/images/thumb_3/589366_304xxx.png,1,Eurolub 304XXX Gas Engine Oil HGM Plus 40,,Eurolub 304XXX Gas Engine Oil HGM Plus 40,Get Eurolub 304XXX Gas Engine Oil HGM Plus 40 for your car to get your desired looks and performance from ML Performance at the lowest price with FREE UK shipping & next day delivery on in stock items. Very cheap prices & good service.,,,,304020,,,new,,,,,,,https://eurolub.com/userdata/dcshop/images/thumb_2/693069_304020.png,kg,8708949900,,,,,active
eurolub-304xxx-gas-engine-oil-hgm-plus-40,,,,,,,,,60 L,,,,,EUROLUB-304060,,shopify,continue,manual,,,TRUE,TRUE,304060,https://eurolub.com/userdata/dcshop/images/thumb_2/693069_304020.png,2,Eurolub 304XXX Gas Engine Oil HGM Plus 40,,,,,,,,,,,,,,,,,https://eurolub.com/userdata/dcshop/images/thumb_2/812626_304060.png,kg,8708949900,,,,,
eurolub-304xxx-gas-engine-oil-hgm-plus-40,,,,,,,,,208 L,,,,,EUROLUB-304208,,shopify,continue,manual,,,TRUE,TRUE,304208,https://eurolub.com/userdata/dcshop/images/thumb_2/812626_304060.png,3,Eurolub 304XXX Gas Engine Oil HGM Plus 40,,,,,,,,,,,,,,,,,https://eurolub.com/userdata/dcshop/images/thumb_2/420003_304208.png,kg,8708949900,,,,,
eurolub-304xxx-gas-engine-oil-hgm-plus-40,,,,,,,,,1000 L,,,,,EUROLUB-304100,,shopify,continue,manual,,,TRUE,TRUE,304100,https://eurolub.com/userdata/dcshop/images/thumb_2/420003_304208.png,4,Eurolub 304XXX Gas Engine Oil HGM Plus 40,,,,,,,,,,,,,,,,,https://eurolub.com/userdata/dcshop/images/thumb_2/34156_211100.png,kg,8708949900,,,,,
eurolub-304xxx-gas-engine-oil-hgm-plus-40,,,,,,,,,,,,,,,,,,,,,,,,https://eurolub.com/userdata/dcshop/images/thumb_2/34156_211100.png,5,Eurolub 304XXX Gas Engine Oil HGM Plus 40,,,,,,,,,,,,,,,,,,,,,,,,
eurolub-331xxx-hd-4c-10w,Eurolub 331XXX HD 4C 10W,"<h4><strong>Description</strong></h4><p>Single-grade engine oil for gas and diesel engines (except pump-jet engines).</p>        <p>&nbsp;</p>        <h4>Compatibility</h4><ul><li>API CD</li><li>API SF</li><li>Caterpillar Series 3</li><li>David Brown DB OM 616</li><li>Mack EO-J</li><li>MIL-L-2104C</li><li>Volvo B20</li></ul><p>Feel free to contact us at info@mlperformance.co.uk should you wish to double check!</p>        <p>&nbsp;</p>        <h4>Compatibility Check</h4><p>To ensure the part(s) you have ordered fits your vehicle, we run a compatibility check prior to dispatch. We can do this either using your registration number (UK) or the last 7 digits of your VIN. Simply enter your car details prior to checkout.</p>        <p>&nbsp;</p>        <h4>Part Number</h4><p>EUROLUB-331020 (20 L)</p><p>EUROLUB-331060 (60 L)</p><p>EUROLUB-331208 (208 L)</p><p>EUROLUB-331100 (1000 L)</p>        <p>&nbsp;</p>        <h4>More Information</h4><p><strong>Manufactured by</strong></p><p>Eurolub</p>",Eurolub,Eurolub 331XXX HD 4C 10W,,"Uploaded by_Muazzim, MLP Discount 2026, Brand_Eurolub, 2026_New Products, Product Type_",TRUE,Options,20 L,,,,,EUROLUB-331020,,shopify,continue,manual,,,TRUE,TRUE,331020,https://eurolub.com/userdata/dcshop/images/thumb_3/570345_331xxx.png,1,Eurolub 331XXX HD 4C 10W,,Eurolub 331XXX HD 4C 10W,Get Eurolub 331XXX HD 4C 10W for your car to get your desired looks and performance from ML Performance at the lowest price with FREE UK shipping & next day delivery on in stock items. Very cheap prices & good service.,,,,331020,,,new,,,,,,,https://eurolub.com/userdata/dcshop/images/thumb_2/218058_331020.png,kg,8708949900,,,,,active
eurolub-331xxx-hd-4c-10w,,,,,,,,,60 L,,,,,EUROLUB-331060,,shopify,continue,manual,,,TRUE,TRUE,331060,https://eurolub.com/userdata/dcshop/images/thumb_2/218058_331020.png,2,Eurolub 331XXX HD 4C 10W,,,,,,,,,,,,,,,,,https://eurolub.com/userdata/dcshop/images/thumb_2/9424_331060.png,kg,8708949900,,,,,
eurolub-331xxx-hd-4c-10w,,,,,,,,,208 L,,,,,EUROLUB-331208,,shopify,continue,manual,,,TRUE,TRUE,331208,https://eurolub.com/userdata/dcshop/images/thumb_2/9424_331060.png,3,Eurolub 331XXX HD 4C 10W,,,,,,,,,,,,,,,,,https://eurolub.com/userdata/dcshop/images/thumb_2/736340_331208.png,kg,8708949900,,,,,
eurolub-331xxx-hd-4c-10w,,,,,,,,,1000 L,,,,,EUROLUB-331100,,shopify,continue,manual,,,TRUE,TRUE,331100,https://eurolub.com/userdata/dcshop/images/thumb_2/736340_331208.png,4,Eurolub 331XXX HD 4C 10W,,,,,,,,,,,,,,,,,https://eurolub.com/userdata/dcshop/images/thumb_2/437021_211100.png,kg,8708949900,,,,,
eurolub-331xxx-hd-4c-10w,,,,,,,,,,,,,,,,,,,,,,,,https://eurolub.com/userdata/dcshop/images/thumb_2/437021_211100.png,5,Eurolub 331XXX HD 4C 10W,,,,,,,,,,,,,,,,,,,,,,,,
eurolub-386xxx-gear-eco-75w-80,Eurolub 386XXX Gear ECO 75W-80,"<h4><strong>Description</strong></h4><p>High-performance manual transmission oil with reduced cold viscosity for good cold shift behavior and optimized efficiency.</p>        <p>&nbsp;</p>        <h4>Compatibility</h4><ul><li>API GL-4</li><li>API GL-5</li><li>BMW MTF LT-1/-2/-3/-4</li><li>Fiat 9.55550-MZ2</li><li>MB 235.10</li><li>PSA 9730 A2</li><li>PSA 9730 A8</li><li>PSA B71 2330</li><li>Toyota JWS 227</li><li>VW G 009 317</li><li>Ford WSS-M2C-200-D2</li><li>VW G 052 171</li><li>VW G 052 178</li><li>VW G 052 512</li><li>VW G 052 527</li><li>VW G 052 532</li><li>VW G 052 726</li><li>VW G 052 798</li><li>VW G 055 726</li></ul><p>Feel free to contact us at info@mlperformance.co.uk should you wish to double check!</p>        <p>&nbsp;</p>        <h4>Compatibility Check</h4><p>To ensure the part(s) you have ordered fits your vehicle, we run a compatibility check prior to dispatch. We can do this either using your registration number (UK) or the last 7 digits of your VIN. Simply enter your car details prior to checkout.</p>        <p>&nbsp;</p>        <h4>Part Number</h4><p>EUROLUB-386001 (1 L)</p><p>EUROLUB-386020 (20 L)</p><p>EUROLUB-386060 (60 L)</p><p>EUROLUB-386208 (208 L)</p><p>EUROLUB-386100 (1000 L)</p>        <p>&nbsp;</p>        <h4>More Information</h4><p><strong>Manufactured by</strong></p><p>Eurolub</p>",Eurolub,Eurolub 386XXX Gear ECO 75W-80,,"Uploaded by_Muazzim, MLP Discount 2026, Brand_Eurolub, 2026_New Products, Product Type_",TRUE,Options,1 L,,,,,EUROLUB-386001,,shopify,continue,manual,,,TRUE,TRUE,386001,https://eurolub.com/userdata/dcshop/images/thumb_3/188205_386xxx.png,1,Eurolub 386XXX Gear ECO 75W-80,,Eurolub 386XXX Gear ECO 75W-80,Get Eurolub 386XXX Gear ECO 75W-80 for your car to get your desired looks and performance from ML Performance at the lowest price with FREE UK shipping & next day delivery on in stock items. Very cheap prices & good service.,,,,386001,,,new,,,,,,,https://eurolub.com/userdata/dcshop/images/thumb_2/404033_386001.png,kg,8708949900,,,,,active
eurolub-386xxx-gear-eco-75w-80,,,,,,,,,20 L,,,,,EUROLUB-386020,,shopify,continue,manual,,,TRUE,TRUE,386020,https://eurolub.com/userdata/dcshop/images/thumb_2/404033_386001.png,2,Eurolub 386XXX Gear ECO 75W-80,,,,,,,,,,,,,,,,,https://eurolub.com/userdata/dcshop/images/thumb_2/993048_386020.png,kg,8708949900,,,,,
eurolub-386xxx-gear-eco-75w-80,,,,,,,,,60 L,,,,,EUROLUB-386060,,shopify,continue,manual,,,TRUE,TRUE,386060,https://eurolub.com/userdata/dcshop/images/thumb_2/993048_386020.png,3,Eurolub 386XXX Gear ECO 75W-80,,,,,,,,,,,,,,,,,https://eurolub.com/userdata/dcshop/images/thumb_2/520025_386060.png,kg,8708949900,,,,,
eurolub-386xxx-gear-eco-75w-80,,,,,,,,,208 L,,,,,EUROLUB-386208,,shopify,continue,manual,,,TRUE,TRUE,386208,https://eurolub.com/userdata/dcshop/images/thumb_2/520025_386060.png,4,Eurolub 386XXX Gear ECO 75W-80,,,,,,,,,,,,,,,,,https://eurolub.com/userdata/dcshop/images/thumb_2/562114_386208.png,kg,8708949900,,,,,
eurolub-386xxx-gear-eco-75w-80,,,,,,,,,1000 L,,,,,EUROLUB-386100,,shopify,continue,manual,,,TRUE,TRUE,386100,https://eurolub.com/userdata/dcshop/images/thumb_2/562114_386208.png,5,Eurolub 386XXX Gear ECO 75W-80,,,,,,,,,,,,,,,,,https://eurolub.com/userdata/dcshop/images/thumb_2/514046_211100.png,kg,8708949900,,,,,
eurolub-386xxx-gear-eco-75w-80,,,,,,,,,,,,,,,,,,,,,,,,https://eurolub.com/userdata/dcshop/images/thumb_2/514046_211100.png,6,Eurolub 386XXX Gear ECO 75W-80,,,,,,,,,,,,,,,,,,,,,,,,
eurolub-365xxx-gear-uni-80w-90,Eurolub 365XXX Gear UNI 80W-90,"<h4><strong>Description</strong></h4><p>Multi-grade transmission oil for manual transmissions and axle drives.</p>        <p>&nbsp;</p>        <h4>Compatibility</h4><ul><li>API GL-5</li><li>MIL-L-2105D</li><li>MAN 342 Typ M2</li></ul><p>Feel free to contact us at info@mlperformance.co.uk should you wish to double check!</p>        <p>&nbsp;</p>        <h4>Compatibility Check</h4><p>To ensure the part(s) you have ordered fits your vehicle, we run a compatibility check prior to dispatch. We can do this either using your registration number (UK) or the last 7 digits of your VIN. Simply enter your car details prior to checkout.</p>        <p>&nbsp;</p>        <h4>Part Number</h4><p>EUROLUB-365001 (1 L)</p><p>EUROLUB-365020 (20 L)</p><p>EUROLUB-365060 (60 L)</p><p>EUROLUB-365208 (208 L)</p><p>EUROLUB-365100 (1000 L)</p>        <p>&nbsp;</p>        <h4>More Information</h4><p><strong>Manufactured by</strong></p><p>Eurolub</p>",Eurolub,Eurolub 365XXX Gear UNI 80W-90,,"Uploaded by_Muazzim, MLP Discount 2026, Brand_Eurolub, 2026_New Products, Product Type_",TRUE,Options,1 L,,,,,EUROLUB-365001,,shopify,continue,manual,,,TRUE,TRUE,365001,https://eurolub.com/userdata/dcshop/images/thumb_3/958273_365xxx.png,1,Eurolub 365XXX Gear UNI 80W-90,,Eurolub 365XXX Gear UNI 80W-90,Get Eurolub 365XXX Gear UNI 80W-90 for your car to get your desired looks and performance from ML Performance at the lowest price with FREE UK shipping & next day delivery on in stock items. Very cheap prices & good service.,,,,365001,,,new,,,,,,,https://eurolub.com/userdata/dcshop/images/thumb_2/741899_365001.png,kg,8708949900,,,,,active
eurolub-365xxx-gear-uni-80w-90,,,,,,,,,20 L,,,,,EUROLUB-365020,,shopify,continue,manual,,,TRUE,TRUE,365020,https://eurolub.com/userdata/dcshop/images/thumb_2/741899_365001.png,2,Eurolub 365XXX Gear UNI 80W-90,,,,,,,,,,,,,,,,,https://eurolub.com/userdata/dcshop/images/thumb_2/98669_365020.png,kg,8708949900,,,,,
eurolub-365xxx-gear-uni-80w-90,,,,,,,,,60 L,,,,,EUROLUB-365060,,shopify,continue,manual,,,TRUE,TRUE,365060,https://eurolub.com/userdata/dcshop/images/thumb_2/98669_365020.png,3,Eurolub 365XXX Gear UNI 80W-90,,,,,,,,,,,,,,,,,https://eurolub.com/userdata/dcshop/images/thumb_2/287202_365060.png,kg,8708949900,,,,,
eurolub-365xxx-gear-uni-80w-90,,,,,,,,,208 L,,,,,EUROLUB-365208,,shopify,continue,manual,,,TRUE,TRUE,365208,https://eurolub.com/userdata/dcshop/images/thumb_2/287202_365060.png,4,Eurolub 365XXX Gear UNI 80W-90,,,,,,,,,,,,,,,,,https://eurolub.com/userdata/dcshop/images/thumb_2/538259_365208.png,kg,8708949900,,,,,
eurolub-365xxx-gear-uni-80w-90,,,,,,,,,1000 L,,,,,EUROLUB-365100,,shopify,continue,manual,,,TRUE,TRUE,365100,https://eurolub.com/userdata/dcshop/images/thumb_2/538259_365208.png,5,Eurolub 365XXX Gear UNI 80W-90,,,,,,,,,,,,,,,,,https://eurolub.com/userdata/dcshop/images/thumb_2/763219_211100.png,kg,8708949900,,,,,
eurolub-365xxx-gear-uni-80w-90,,,,,,,,,,,,,,,,,,,,,,,,https://eurolub.com/userdata/dcshop/images/thumb_2/763219_211100.png,6,Eurolub 365XXX Gear UNI 80W-90,,,,,,,,,,,,,,,,,,,,,,,,
eurolub-383xxx-gear-lsl-75w-90,Eurolub 383XXX Gear LSL 75W-90,"<h4><strong>Description</strong></h4><p>High Performance transmission oil with a wide range of applications.</p>        <p>&nbsp;</p>        <h4>Compatibility</h4><ul><li>API GL-4</li><li>API GL-5</li><li>API GL-5 LS</li><li>MAN 342 Typ M1</li><li>MAN 342 Typ M2</li><li>MAN 342 Typ M3</li><li>Mack GO-J</li><li>Mack GO-J Plus</li><li>Scania STO 1:0</li></ul><p>Feel free to contact us at info@mlperformance.co.uk should you wish to double check!</p>        <p>&nbsp;</p>        <h4>Compatibility Check</h4><p>To ensure the part(s) you have ordered fits your vehicle, we run a compatibility check prior to dispatch. We can do this either using your registration number (UK) or the last 7 digits of your VIN. Simply enter your car details prior to checkout.</p>        <p>&nbsp;</p>        <h4>Part Number</h4><p>EUROLUB-383001 (1 L)</p><p>EUROLUB-383020 (20 L)</p><p>EUROLUB-383060 (60 L)</p><p>EUROLUB-383208 (208 L)</p><p>EUROLUB-383100 (1000 L)</p>        <p>&nbsp;</p>        <h4>More Information</h4><p><strong>Manufactured by</strong></p><p>Eurolub</p>",Eurolub,Eurolub 383XXX Gear LSL 75W-90,,"Uploaded by_Muazzim, MLP Discount 2026, Brand_Eurolub, 2026_New Products, Product Type_",TRUE,Options,1 L,,,,,EUROLUB-383001,,shopify,continue,manual,,,TRUE,TRUE,383001,https://eurolub.com/userdata/dcshop/images/thumb_3/37636_383xxx.png,1,Eurolub 383XXX Gear LSL 75W-90,,Eurolub 383XXX Gear LSL 75W-90,Get Eurolub 383XXX Gear LSL 75W-90 for your car to get your desired looks and performance from ML Performance at the lowest price with FREE UK shipping & next day delivery on in stock items. Very cheap prices & good service.,,,,383001,,,new,,,,,,,https://eurolub.com/userdata/dcshop/images/thumb_2/997587_383001.png,kg,8708949900,,,,,active
eurolub-383xxx-gear-lsl-75w-90,,,,,,,,,20 L,,,,,EUROLUB-383020,,shopify,continue,manual,,,TRUE,TRUE,383020,https://eurolub.com/userdata/dcshop/images/thumb_2/997587_383001.png,2,Eurolub 383XXX Gear LSL 75W-90,,,,,,,,,,,,,,,,,https://eurolub.com/userdata/dcshop/images/thumb_2/632605_383020.png,kg,8708949900,,,,,
eurolub-383xxx-gear-lsl-75w-90,,,,,,,,,60 L,,,,,EUROLUB-383060,,shopify,continue,manual,,,TRUE,TRUE,383060,https://eurolub.com/userdata/dcshop/images/thumb_2/632605_383020.png,3,Eurolub 383XXX Gear LSL 75W-90,,,,,,,,,,,,,,,,,https://eurolub.com/userdata/dcshop/images/thumb_2/951271_383060.png,kg,8708949900,,,,,
eurolub-383xxx-gear-lsl-75w-90,,,,,,,,,208 L,,,,,EUROLUB-383208,,shopify,continue,manual,,,TRUE,TRUE,383208,https://eurolub.com/userdata/dcshop/images/thumb_2/951271_383060.png,4,Eurolub 383XXX Gear LSL 75W-90,,,,,,,,,,,,,,,,,https://eurolub.com/userdata/dcshop/images/thumb_2/481814_383208.png,kg,8708949900,,,,,
eurolub-383xxx-gear-lsl-75w-90,,,,,,,,,1000 L,,,,,EUROLUB-383100,,shopify,continue,manual,,,TRUE,TRUE,383100,https://eurolub.com/userdata/dcshop/images/thumb_2/481814_383208.png,5,Eurolub 383XXX Gear LSL 75W-90,,,,,,,,,,,,,,,,,https://eurolub.com/userdata/dcshop/images/thumb_2/676051_211100.png,kg,8708949900,,,,,
eurolub-383xxx-gear-lsl-75w-90,,,,,,,,,,,,,,,,,,,,,,,,https://eurolub.com/userdata/dcshop/images/thumb_2/676051_211100.png,6,Eurolub 383XXX Gear LSL 75W-90,,,,,,,,,,,,,,,,,,,,,,,,
eurolub-374xxx-gear-synt-75w-90,Eurolub 374XXX Gear SYNT 75W-90,"<h4><strong>Description</strong></h4><p>Partially synthetic transmission oil for manual transmissions and axle drives used in passenger cars. Fuel-economy, low-viscosity oil.</p>        <p>&nbsp;</p>        <h4>Compatibility</h4><ul><li>API GL-4</li><li>API GL-5</li><li>MIL-L-2105D</li><li>MAN 341 Typ Z2</li><li>MAN 342 Typ M2</li><li>DTFR 12B100 (235.0)</li><li>DTFR 13B100 (235.1)</li></ul><p>Feel free to contact us at info@mlperformance.co.uk should you wish to double check!</p>        <p>&nbsp;</p>        <h4>Compatibility Check</h4><p>To ensure the part(s) you have ordered fits your vehicle, we run a compatibility check prior to dispatch. We can do this either using your registration number (UK) or the last 7 digits of your VIN. Simply enter your car details prior to checkout.</p>        <p>&nbsp;</p>        <h4>Part Number</h4><p>EUROLUB-374020 (20 L)</p><p>EUROLUB-374060 (60 L)</p><p>EUROLUB-374208 (208 L)</p><p>EUROLUB-374100 (1000 L)</p>        <p>&nbsp;</p>        <h4>More Information</h4><p><strong>Manufactured by</strong></p><p>Eurolub</p>",Eurolub,Eurolub 374XXX Gear SYNT 75W-90,,"Uploaded by_Muazzim, MLP Discount 2026, Brand_Eurolub, 2026_New Products, Product Type_",TRUE,Options,20 L,,,,,EUROLUB-374020,,shopify,continue,manual,,,TRUE,TRUE,374020,https://eurolub.com/userdata/dcshop/images/thumb_3/953000_374xxx.png,1,Eurolub 374XXX Gear SYNT 75W-90,,Eurolub 374XXX Gear SYNT 75W-90,Get Eurolub 374XXX Gear SYNT 75W-90 for your car to get your desired looks and performance from ML Performance at the lowest price with FREE UK shipping & next day delivery on in stock items. Very cheap prices & good service.,,,,374020,,,new,,,,,,,https://eurolub.com/userdata/dcshop/images/thumb_2/916873_374020.png,kg,8708949900,,,,,active
eurolub-374xxx-gear-synt-75w-90,,,,,,,,,60 L,,,,,EUROLUB-374060,,shopify,continue,manual,,,TRUE,TRUE,374060,https://eurolub.com/userdata/dcshop/images/thumb_2/916873_374020.png,2,Eurolub 374XXX Gear SYNT 75W-90,,,,,,,,,,,,,,,,,https://eurolub.com/userdata/dcshop/images/thumb_2/412667_374060.png,kg,8708949900,,,,,
eurolub-374xxx-gear-synt-75w-90,,,,,,,,,208 L,,,,,EUROLUB-374208,,shopify,continue,manual,,,TRUE,TRUE,374208,https://eurolub.com/userdata/dcshop/images/thumb_2/412667_374060.png,3,Eurolub 374XXX Gear SYNT 75W-90,,,,,,,,,,,,,,,,,https://eurolub.com/userdata/dcshop/images/thumb_2/62772_374208.png,kg,8708949900,,,,,
eurolub-374xxx-gear-synt-75w-90,,,,,,,,,1000 L,,,,,EUROLUB-374100,,shopify,continue,manual,,,TRUE,TRUE,374100,https://eurolub.com/userdata/dcshop/images/thumb_2/62772_374208.png,4,Eurolub 374XXX Gear SYNT 75W-90,,,,,,,,,,,,,,,,,https://eurolub.com/userdata/dcshop/images/thumb_2/328615_211100.png,kg,8708949900,,,,,
eurolub-374xxx-gear-synt-75w-90,,,,,,,,,,,,,,,,,,,,,,,,https://eurolub.com/userdata/dcshop/images/thumb_2/328615_211100.png,5,Eurolub 374XXX Gear SYNT 75W-90,,,,,,,,,,,,,,,,,,,,,,,,
eurolub-375xxx-gear-ls-80w-90,Eurolub 375XXX Gear LS 80W-90,"<h4><strong>Description</strong></h4><p>LS hypoid transmsission oil for axles with and without self-locking differential used in passenger cars, commercial vehicles, work machinery, and agricultural equipment.</p>        <p>&nbsp;</p>        <h4>Compatibility</h4><ul><li>API GL-5</li><li>API GL-5 LS</li><li>MIL-L-2105D</li></ul><p>Feel free to contact us at info@mlperformance.co.uk should you wish to double check!</p>        <p>&nbsp;</p>        <h4>Compatibility Check</h4><p>To ensure the part(s) you have ordered fits your vehicle, we run a compatibility check prior to dispatch. We can do this either using your registration number (UK) or the last 7 digits of your VIN. Simply enter your car details prior to checkout.</p>        <p>&nbsp;</p>        <h4>Part Number</h4><p>EUROLUB-375020 (20 L)</p><p>EUROLUB-375060 (60 L)</p><p>EUROLUB-375208 (208 L)</p><p>EUROLUB-375100 (1000 L)</p>        <p>&nbsp;</p>        <h4>More Information</h4><p><strong>Manufactured by</strong></p><p>Eurolub</p>",Eurolub,Eurolub 375XXX Gear LS 80W-90,,"Uploaded by_Muazzim, MLP Discount 2026, Brand_Eurolub, 2026_New Products, Product Type_",TRUE,Options,20 L,,,,,EUROLUB-375020,,shopify,continue,manual,,,TRUE,TRUE,375020,https://eurolub.com/userdata/dcshop/images/thumb_3/864923_375xxx.png,1,Eurolub 375XXX Gear LS 80W-90,,Eurolub 375XXX Gear LS 80W-90,Get Eurolub 375XXX Gear LS 80W-90 for your car to get your desired looks and performance from ML Performance at the lowest price with FREE UK shipping & next day delivery on in stock items. Very cheap prices & good service.,,,,375020,,,new,,,,,,,https://eurolub.com/userdata/dcshop/images/thumb_2/389606_375020.png,kg,8708949900,,,,,active
eurolub-375xxx-gear-ls-80w-90,,,,,,,,,60 L,,,,,EUROLUB-375060,,shopify,continue,manual,,,TRUE,TRUE,375060,https://eurolub.com/userdata/dcshop/images/thumb_2/389606_375020.png,2,Eurolub 375XXX Gear LS 80W-90,,,,,,,,,,,,,,,,,https://eurolub.com/userdata/dcshop/images/thumb_2/659097_375060.png,kg,8708949900,,,,,
eurolub-375xxx-gear-ls-80w-90,,,,,,,,,208 L,,,,,EUROLUB-375208,,shopify,continue,manual,,,TRUE,TRUE,375208,https://eurolub.com/userdata/dcshop/images/thumb_2/659097_375060.png,3,Eurolub 375XXX Gear LS 80W-90,,,,,,,,,,,,,,,,,https://eurolub.com/userdata/dcshop/images/thumb_2/625152_375208.png,kg,8708949900,,,,,
eurolub-375xxx-gear-ls-80w-90,,,,,,,,,1000 L,,,,,EUROLUB-375100,,shopify,continue,manual,,,TRUE,TRUE,375100,https://eurolub.com/userdata/dcshop/images/thumb_2/625152_375208.png,4,Eurolub 375XXX Gear LS 80W-90,,,,,,,,,,,,,,,,,https://eurolub.com/userdata/dcshop/images/thumb_2/344008_211100.png,kg,8708949900,,,,,
eurolub-375xxx-gear-ls-80w-90,,,,,,,,,,,,,,,,,,,,,,,,https://eurolub.com/userdata/dcshop/images/thumb_2/344008_211100.png,5,Eurolub 375XXX Gear LS 80W-90,,,,,,,,,,,,,,,,,,,,,,,,
eurolub-367xxx-gear-uni-hc-80w-90,Eurolub 367XXX Gear UNI HC 80W-90,"<h4><strong>Description</strong></h4><p>Low-viscosity transmission oil for extended oil change intervals when used as an all-purpose oil for manual transmissions and axle drives.</p>        <p>&nbsp;</p>        <h4>Compatibility</h4><ul><li>API GL-4</li><li>API GL-5</li><li>API MT-1</li><li>MIL-L-2105D</li><li>MIL-PRF-2105E</li><li>SAE J 2360</li><li>MAN 341 Typ Z2</li><li>MAN 342 Typ M2</li><li>Scania STO 1:0</li><li>DTFR 12B100 (235.0)</li><li>Mack GO-J</li></ul><p>Feel free to contact us at info@mlperformance.co.uk should you wish to double check!</p>        <p>&nbsp;</p>        <h4>Compatibility Check</h4><p>To ensure the part(s) you have ordered fits your vehicle, we run a compatibility check prior to dispatch. We can do this either using your registration number (UK) or the last 7 digits of your VIN. Simply enter your car details prior to checkout.</p>        <p>&nbsp;</p>        <h4>Part Number</h4><p>EUROLUB-367020 (20 L)</p><p>EUROLUB-367060 (60 L)</p><p>EUROLUB-367208 (208 L)</p><p>EUROLUB-367100 (1000 L)</p>        <p>&nbsp;</p>        <h4>More Information</h4><p><strong>Manufactured by</strong></p><p>Eurolub</p>",Eurolub,Eurolub 367XXX Gear UNI HC 80W-90,,"Uploaded by_Muazzim, MLP Discount 2026, Brand_Eurolub, 2026_New Products, Product Type_",TRUE,Options,20 L,,,,,EUROLUB-367020,,shopify,continue,manual,,,TRUE,TRUE,367020,https://eurolub.com/userdata/dcshop/images/thumb_3/40820_367xxx.png,1,Eurolub 367XXX Gear UNI HC 80W-90,,Eurolub 367XXX Gear UNI HC 80W-90,Get Eurolub 367XXX Gear UNI HC 80W-90 for your car to get your desired looks and performance from ML Performance at the lowest price with FREE UK shipping & next day delivery on in stock items. Very cheap prices & good service.,,,,367020,,,new,,,,,,,https://eurolub.com/userdata/dcshop/images/thumb_2/653570_367020.png,kg,8708949900,,,,,active
eurolub-367xxx-gear-uni-hc-80w-90,,,,,,,,,60 L,,,,,EUROLUB-367060,,shopify,continue,manual,,,TRUE,TRUE,367060,https://eurolub.com/userdata/dcshop/images/thumb_2/653570_367020.png,2,Eurolub 367XXX Gear UNI HC 80W-90,,,,,,,,,,,,,,,,,https://eurolub.com/userdata/dcshop/images/thumb_2/498101_367060.png,kg,8708949900,,,,,
eurolub-367xxx-gear-uni-hc-80w-90,,,,,,,,,208 L,,,,,EUROLUB-367208,,shopify,continue,manual,,,TRUE,TRUE,367208,https://eurolub.com/userdata/dcshop/images/thumb_2/498101_367060.png,3,Eurolub 367XXX Gear UNI HC 80W-90,,,,,,,,,,,,,,,,,https://eurolub.com/userdata/dcshop/images/thumb_2/559868_367208.png,kg,8708949900,,,,,
eurolub-367xxx-gear-uni-hc-80w-90,,,,,,,,,1000 L,,,,,EUROLUB-367100,,shopify,continue,manual,,,TRUE,TRUE,367100,https://eurolub.com/userdata/dcshop/images/thumb_2/559868_367208.png,4,Eurolub 367XXX Gear UNI HC 80W-90,,,,,,,,,,,,,,,,,https://eurolub.com/userdata/dcshop/images/thumb_2/424364_211100.png,kg,8708949900,,,,,
eurolub-367xxx-gear-uni-hc-80w-90,,,,,,,,,,,,,,,,,,,,,,,,https://eurolub.com/userdata/dcshop/images/thumb_2/424364_211100.png,5,Eurolub 367XXX Gear UNI HC 80W-90,,,,,,,,,,,,,,,,,,,,,,,,
eurolub-348xxx-gear-trans-m-75w-90,Eurolub 348XXX Gear TRANS M 75W-90,"<h4><strong>Description</strong></h4><p>Low-viscosity transmission oil for extended oil change intervals in accordance with specifications.</p>        <p>&nbsp;</p>        <h4>Compatibility</h4><ul><li>API GL-4</li><li>DTFR 13B110 (235.11)</li><li>MAN 341 Typ Z2</li><li>MAN 341 Typ E1</li><li>VW 501.50</li></ul><p>Feel free to contact us at info@mlperformance.co.uk should you wish to double check!</p>        <p>&nbsp;</p>        <h4>Compatibility Check</h4><p>To ensure the part(s) you have ordered fits your vehicle, we run a compatibility check prior to dispatch. We can do this either using your registration number (UK) or the last 7 digits of your VIN. Simply enter your car details prior to checkout.</p>        <p>&nbsp;</p>        <h4>Part Number</h4><p>EUROLUB-348020 (20 L)</p><p>EUROLUB-348060 (60 L)</p><p>EUROLUB-348208 (208 L)</p><p>EUROLUB-348100 (1000 Liter)</p>        <p>&nbsp;</p>        <h4>More Information</h4><p><strong>Manufactured by</strong></p><p>Eurolub</p>",Eurolub,Eurolub 348XXX Gear TRANS M 75W-90,,"Uploaded by_Muazzim, MLP Discount 2026, Brand_Eurolub, 2026_New Products, Product Type_",TRUE,Options,20 L,,,,,EUROLUB-348020,,shopify,continue,manual,,,TRUE,TRUE,348020,https://eurolub.com/userdata/dcshop/images/thumb_3/838242_348xxx.png,1,Eurolub 348XXX Gear TRANS M 75W-90,,Eurolub 348XXX Gear TRANS M 75W-90,Get Eurolub 348XXX Gear TRANS M 75W-90 for your car to get your desired looks and performance from ML Performance at the lowest price with FREE UK shipping & next day delivery on in stock items. Very cheap prices & good service.,,,,348020,,,new,,,,,,,https://eurolub.com/userdata/dcshop/images/thumb_2/417557_348020.png,kg,8708949900,,,,,active
eurolub-348xxx-gear-trans-m-75w-90,,,,,,,,,60 L,,,,,EUROLUB-348060,,shopify,continue,manual,,,TRUE,TRUE,348060,https://eurolub.com/userdata/dcshop/images/thumb_2/417557_348020.png,2,Eurolub 348XXX Gear TRANS M 75W-90,,,,,,,,,,,,,,,,,https://eurolub.com/userdata/dcshop/images/thumb_2/998717_348060.png,kg,8708949900,,,,,
eurolub-348xxx-gear-trans-m-75w-90,,,,,,,,,208 L,,,,,EUROLUB-348208,,shopify,continue,manual,,,TRUE,TRUE,348208,https://eurolub.com/userdata/dcshop/images/thumb_2/998717_348060.png,3,Eurolub 348XXX Gear TRANS M 75W-90,,,,,,,,,,,,,,,,,https://eurolub.com/userdata/dcshop/images/thumb_2/940506_348208.png,kg,8708949900,,,,,
eurolub-348xxx-gear-trans-m-75w-90,,,,,,,,,1000 Liter,,,,,EUROLUB-348100,,shopify,continue,manual,,,TRUE,TRUE,348100,https://eurolub.com/userdata/dcshop/images/thumb_2/940506_348208.png,4,Eurolub 348XXX Gear TRANS M 75W-90,,,,,,,,,,,,,,,,,https://eurolub.com/userdata/dcshop/images/thumb_2/504818_211100.png,kg,8708949900,,,,,
eurolub-348xxx-gear-trans-m-75w-90,,,,,,,,,,,,,,,,,,,,,,,,https://eurolub.com/userdata/dcshop/images/thumb_2/504818_211100.png,5,Eurolub 348XXX Gear TRANS M 75W-90,,,,,,,,,,,,,,,,,,,,,,,,
eurolub-362xxx-gear-ep-85w-90,Eurolub 362XXX Gear EP 85W-90,"<h4><strong>Description</strong></h4><p>EP transmission oil for synchronized and non-synchronized manual transmissions and auxiliary drives, pinions and axles subject to filling requirement API GL-4.</p>        <p>&nbsp;</p>        <h4>Compatibility</h4><ul><li>API GL-4</li></ul><p>Feel free to contact us at info@mlperformance.co.uk should you wish to double check!</p>        <p>&nbsp;</p>        <h4>Compatibility Check</h4><p>To ensure the part(s) you have ordered fits your vehicle, we run a compatibility check prior to dispatch. We can do this either using your registration number (UK) or the last 7 digits of your VIN. Simply enter your car details prior to checkout.</p>        <p>&nbsp;</p>        <h4>Part Number</h4><p>EUROLUB-362020 (20 L)</p><p>EUROLUB-362060 (60 L)</p><p>EUROLUB-362208 (208 L)</p><p>EUROLUB-362100 (1000 L)</p>        <p>&nbsp;</p>        <h4>More Information</h4><p><strong>Manufactured by</strong></p><p>Eurolub</p>",Eurolub,Eurolub 362XXX Gear EP 85W-90,,"Uploaded by_Muazzim, MLP Discount 2026, Brand_Eurolub, 2026_New Products, Product Type_",TRUE,Options,20 L,,,,,EUROLUB-362020,,shopify,continue,manual,,,TRUE,TRUE,362020,https://eurolub.com/userdata/dcshop/images/thumb_3/464036_362xxx.png,1,Eurolub 362XXX Gear EP 85W-90,,Eurolub 362XXX Gear EP 85W-90,Get Eurolub 362XXX Gear EP 85W-90 for your car to get your desired looks and performance from ML Performance at the lowest price with FREE UK shipping & next day delivery on in stock items. Very cheap prices & good service.,,,,362020,,,new,,,,,,,https://eurolub.com/userdata/dcshop/images/thumb_2/794837_362020.png,kg,8708949900,,,,,active
eurolub-362xxx-gear-ep-85w-90,,,,,,,,,60 L,,,,,EUROLUB-362060,,shopify,continue,manual,,,TRUE,TRUE,362060,https://eurolub.com/userdata/dcshop/images/thumb_2/794837_362020.png,2,Eurolub 362XXX Gear EP 85W-90,,,,,,,,,,,,,,,,,https://eurolub.com/userdata/dcshop/images/thumb_2/579185_362060.png,kg,8708949900,,,,,
eurolub-362xxx-gear-ep-85w-90,,,,,,,,,208 L,,,,,EUROLUB-362208,,shopify,continue,manual,,,TRUE,TRUE,362208,https://eurolub.com/userdata/dcshop/images/thumb_2/579185_362060.png,3,Eurolub 362XXX Gear EP 85W-90,,,,,,,,,,,,,,,,,https://eurolub.com/userdata/dcshop/images/thumb_2/643447_362208.png,kg,8708949900,,,,,
eurolub-362xxx-gear-ep-85w-90,,,,,,,,,1000 L,,,,,EUROLUB-362100,,shopify,continue,manual,,,TRUE,TRUE,362100,https://eurolub.com/userdata/dcshop/images/thumb_2/643447_362208.png,4,Eurolub 362XXX Gear EP 85W-90,,,,,,,,,,,,,,,,,https://eurolub.com/userdata/dcshop/images/thumb_2/246410_211100.png,kg,8708949900,,,,,
eurolub-362xxx-gear-ep-85w-90,,,,,,,,,,,,,,,,,,,,,,,,https://eurolub.com/userdata/dcshop/images/thumb_2/246410_211100.png,5,Eurolub 362XXX Gear EP 85W-90,,,,,,,,,,,,,,,,,,,,,,,,
eurolub-347xxx-gear-axle-sb-75w-90,Eurolub 347XXX Gear AXLE SB 75W-90,"<h4><strong>Description</strong></h4><p>Low-viscosity transmission oil for extended oil change intervals in accordance with specifications.</p>        <p>&nbsp;</p>        <h4>Compatibility</h4><ul><li>API GL-4</li><li>API GL-5</li><li>API MT-1</li><li>MIL-L-2105D</li><li>MIL-PRF-2105E</li><li>SAE J 2360</li><li>DTFR 12B140 (235.8)</li><li>MAN 341 Typ Z2</li><li>MAN 342 Typ S1</li><li>Scania STO 1:0</li><li>Volvo 97312</li><li>Meritor 076-N</li><li>Eaton Europe</li></ul><p>Feel free to contact us at info@mlperformance.co.uk should you wish to double check!</p>        <p>&nbsp;</p>        <h4>Compatibility Check</h4><p>To ensure the part(s) you have ordered fits your vehicle, we run a compatibility check prior to dispatch. We can do this either using your registration number (UK) or the last 7 digits of your VIN. Simply enter your car details prior to checkout.</p>        <p>&nbsp;</p>        <h4>Part Number</h4><p>EUROLUB-347020 (20 L)</p><p>EUROLUB-347060 (60 L)</p><p>EUROLUB-347208 (208 L)</p><p>EUROLUB-347100 (1000 L)</p>        <p>&nbsp;</p>        <h4>More Information</h4><p><strong>Manufactured by</strong></p><p>Eurolub</p>",Eurolub,Eurolub 347XXX Gear AXLE SB 75W-90,,"Uploaded by_Muazzim, MLP Discount 2026, Brand_Eurolub, 2026_New Products, Product Type_",TRUE,Options,20 L,,,,,EUROLUB-347020,,shopify,continue,manual,,,TRUE,TRUE,347020,https://eurolub.com/userdata/dcshop/images/thumb_3/2450_347xxx.png,1,Eurolub 347XXX Gear AXLE SB 75W-90,,Eurolub 347XXX Gear AXLE SB 75W-90,Get Eurolub 347XXX Gear AXLE SB 75W-90 for your car to get your desired looks and performance from ML Performance at the lowest price with FREE UK shipping & next day delivery on in stock items. Very cheap prices & good service.,,,,347020,,,new,,,,,,,https://eurolub.com/userdata/dcshop/images/thumb_2/888552_347020.png,kg,8708949900,,,,,active
eurolub-347xxx-gear-axle-sb-75w-90,,,,,,,,,60 L,,,,,EUROLUB-347060,,shopify,continue,manual,,,TRUE,TRUE,347060,https://eurolub.com/userdata/dcshop/images/thumb_2/888552_347020.png,2,Eurolub 347XXX Gear AXLE SB 75W-90,,,,,,,,,,,,,,,,,https://eurolub.com/userdata/dcshop/images/thumb_2/222383_347060.png,kg,8708949900,,,,,
eurolub-347xxx-gear-axle-sb-75w-90,,,,,,,,,208 L,,,,,EUROLUB-347208,,shopify,continue,manual,,,TRUE,TRUE,347208,https://eurolub.com/userdata/dcshop/images/thumb_2/222383_347060.png,3,Eurolub 347XXX Gear AXLE SB 75W-90,,,,,,,,,,,,,,,,,https://eurolub.com/userdata/dcshop/images/thumb_2/678092_347208.png,kg,8708949900,,,,,
eurolub-347xxx-gear-axle-sb-75w-90,,,,,,,,,1000 L,,,,,EUROLUB-347100,,shopify,continue,manual,,,TRUE,TRUE,347100,https://eurolub.com/userdata/dcshop/images/thumb_2/678092_347208.png,4,Eurolub 347XXX Gear AXLE SB 75W-90,,,,,,,,,,,,,,,,,https://eurolub.com/userdata/dcshop/images/thumb_2/825399_211100.png,kg,8708949900,,,,,
eurolub-347xxx-gear-axle-sb-75w-90,,,,,,,,,,,,,,,,,,,,,,,,https://eurolub.com/userdata/dcshop/images/thumb_2/825399_211100.png,5,Eurolub 347XXX Gear AXLE SB 75W-90,,,,,,,,,,,,,,,,,,,,,,,,
eurolub-364xxx-gear-ep-db-85w-140,Eurolub 364XXX Gear EP-DB 85W-140,"<h4><strong>Description</strong></h4><p>Hypoid transmission oil for heavy-duty axle drives with hypoid gear axles.</p>        <p>&nbsp;</p>        <h4>Compatibility</h4><ul><li>API GL-5</li><li>MIL-L-2105D</li></ul><p>Feel free to contact us at info@mlperformance.co.uk should you wish to double check!</p>        <p>&nbsp;</p>        <h4>Compatibility Check</h4><p>To ensure the part(s) you have ordered fits your vehicle, we run a compatibility check prior to dispatch. We can do this either using your registration number (UK) or the last 7 digits of your VIN. Simply enter your car details prior to checkout.</p>        <p>&nbsp;</p>        <h4>Part Number</h4><p>EUROLUB-364020 (20 L)</p><p>EUROLUB-364060 (60 L)</p><p>EUROLUB-364208 (208 L)</p>        <p>&nbsp;</p>        <h4>More Information</h4><p><strong>Manufactured by</strong></p><p>Eurolub</p>",Eurolub,Eurolub 364XXX Gear EP-DB 85W-140,,"Uploaded by_Muazzim, MLP Discount 2026, Brand_Eurolub, 2026_New Products, Product Type_",TRUE,Options,20 L,,,,,EUROLUB-364020,,shopify,continue,manual,,,TRUE,TRUE,364020,https://eurolub.com/userdata/dcshop/images/thumb_3/16071_364xxx.png,1,Eurolub 364XXX Gear EP-DB 85W-140,,Eurolub 364XXX Gear EP-DB 85W-140,Get Eurolub 364XXX Gear EP-DB 85W-140 for your car to get your desired looks and performance from ML Performance at the lowest price with FREE UK shipping & next day delivery on in stock items. Very cheap prices & good service.,,,,364020,,,new,,,,,,,https://eurolub.com/userdata/dcshop/images/thumb_2/353777_364020.png,kg,8708949900,,,,,active
eurolub-364xxx-gear-ep-db-85w-140,,,,,,,,,60 L,,,,,EUROLUB-364060,,shopify,continue,manual,,,TRUE,TRUE,364060,https://eurolub.com/userdata/dcshop/images/thumb_2/353777_364020.png,2,Eurolub 364XXX Gear EP-DB 85W-140,,,,,,,,,,,,,,,,,https://eurolub.com/userdata/dcshop/images/thumb_2/633755_364060.png,kg,8708949900,,,,,
eurolub-364xxx-gear-ep-db-85w-140,,,,,,,,,208 L,,,,,EUROLUB-364208,,shopify,continue,manual,,,TRUE,TRUE,364208,https://eurolub.com/userdata/dcshop/images/thumb_2/633755_364060.png,3,Eurolub 364XXX Gear EP-DB 85W-140,,,,,,,,,,,,,,,,,https://eurolub.com/userdata/dcshop/images/thumb_2/781930_364208.png,kg,8708949900,,,,,
eurolub-364xxx-gear-ep-db-85w-140,,,,,,,,,,,,,,,,,,,,,,,,https://eurolub.com/userdata/dcshop/images/thumb_2/781930_364208.png,4,Eurolub 364XXX Gear EP-DB 85W-140,,,,,,,,,,,,,,,,,,,,,,,,
eurolub-346xxx-gear-trans-sl-75w-80,Eurolub 346XXX Gear TRANS SL 75W-80,"<h4><strong>Description</strong></h4><p>Low-viscosity transmission oil developed especially for transmissions subjected to high loads. Capable of handling extreme mechanical and thermal stress, even for extended oil change intervals in accordance with specifications.</p>        <p>&nbsp;</p>        <h4>Compatibility</h4><ul><li>API GL-4</li><li>MAN 341 Typ Z4</li><li>MAN 341 Typ E3</li><li>Volvo 97307</li><li>Eaton Manual Transmission</li></ul><p>Feel free to contact us at info@mlperformance.co.uk should you wish to double check!</p>        <p>&nbsp;</p>        <h4>Compatibility Check</h4><p>To ensure the part(s) you have ordered fits your vehicle, we run a compatibility check prior to dispatch. We can do this either using your registration number (UK) or the last 7 digits of your VIN. Simply enter your car details prior to checkout.</p>        <p>&nbsp;</p>        <h4>Part Number</h4><p>EUROLUB-346020 (20 L)</p><p>EUROLUB-346060 (60 L)</p><p>EUROLUB-346208 (208 L)</p><p>EUROLUB-346100 (1000 Liter)</p>        <p>&nbsp;</p>        <h4>More Information</h4><p><strong>Manufactured by</strong></p><p>Eurolub</p>",Eurolub,Eurolub 346XXX Gear TRANS SL 75W-80,,"Uploaded by_Muazzim, MLP Discount 2026, Brand_Eurolub, 2026_New Products, Product Type_",TRUE,Options,20 L,,,,,EUROLUB-346020,,shopify,continue,manual,,,TRUE,TRUE,346020,https://eurolub.com/userdata/dcshop/images/thumb_3/359005_346xxx.png,1,Eurolub 346XXX Gear TRANS SL 75W-80,,Eurolub 346XXX Gear TRANS SL 75W-80,Get Eurolub 346XXX Gear TRANS SL 75W-80 for your car to get your desired looks and performance from ML Performance at the lowest price with FREE UK shipping & next day delivery on in stock items. Very cheap prices & good service.,,,,346020,,,new,,,,,,,https://eurolub.com/userdata/dcshop/images/thumb_2/977250_346020.png,kg,8708949900,,,,,active
eurolub-346xxx-gear-trans-sl-75w-80,,,,,,,,,60 L,,,,,EUROLUB-346060,,shopify,continue,manual,,,TRUE,TRUE,346060,https://eurolub.com/userdata/dcshop/images/thumb_2/977250_346020.png,2,Eurolub 346XXX Gear TRANS SL 75W-80,,,,,,,,,,,,,,,,,https://eurolub.com/userdata/dcshop/images/thumb_2/817345_346060.png,kg,8708949900,,,,,
eurolub-346xxx-gear-trans-sl-75w-80,,,,,,,,,208 L,,,,,EUROLUB-346208,,shopify,continue,manual,,,TRUE,TRUE,346208,https://eurolub.com/userdata/dcshop/images/thumb_2/817345_346060.png,3,Eurolub 346XXX Gear TRANS SL 75W-80,,,,,,,,,,,,,,,,,https://eurolub.com/userdata/dcshop/images/thumb_2/358995_346208.png,kg,8708949900,,,,,
eurolub-346xxx-gear-trans-sl-75w-80,,,,,,,,,1000 Liter,,,,,EUROLUB-346100,,shopify,continue,manual,,,TRUE,TRUE,346100,https://eurolub.com/userdata/dcshop/images/thumb_2/358995_346208.png,4,Eurolub 346XXX Gear TRANS SL 75W-80,,,,,,,,,,,,,,,,,https://eurolub.com/userdata/dcshop/images/thumb_2/667803_211100.png,kg,8708949900,,,,,
eurolub-346xxx-gear-trans-sl-75w-80,,,,,,,,,,,,,,,,,,,,,,,,https://eurolub.com/userdata/dcshop/images/thumb_2/667803_211100.png,5,Eurolub 346XXX Gear TRANS SL 75W-80,,,,,,,,,,,,,,,,,,,,,,,,
eurolub-342xxx-gear-ep-80w,Eurolub 342XXX Gear EP 80W,"<h4><strong>Description</strong></h4><p>EP transmission oil for synchronized and non-synchronized manual transmissions and auxiliary drives, pinions and axles subject to filling requirement API GL-4.</p>        <p>&nbsp;</p>        <h4>Compatibility</h4><ul><li>API GL-4</li></ul><p>Feel free to contact us at info@mlperformance.co.uk should you wish to double check!</p>        <p>&nbsp;</p>        <h4>Compatibility Check</h4><p>To ensure the part(s) you have ordered fits your vehicle, we run a compatibility check prior to dispatch. We can do this either using your registration number (UK) or the last 7 digits of your VIN. Simply enter your car details prior to checkout.</p>        <p>&nbsp;</p>        <h4>Part Number</h4><p>EUROLUB-342020 (20 L)</p><p>EUROLUB-342060 (60 L)</p><p>EUROLUB-342208 (208 L)</p><p>EUROLUB-342100 (1000 L)</p>        <p>&nbsp;</p>        <h4>More Information</h4><p><strong>Manufactured by</strong></p><p>Eurolub</p>",Eurolub,Eurolub 342XXX Gear EP 80W,,"Uploaded by_Muazzim, MLP Discount 2026, Brand_Eurolub, 2026_New Products, Product Type_",TRUE,Options,20 L,,,,,EUROLUB-342020,,shopify,continue,manual,,,TRUE,TRUE,342020,https://eurolub.com/userdata/dcshop/images/thumb_3/120275_342xxx.png,1,Eurolub 342XXX Gear EP 80W,,Eurolub 342XXX Gear EP 80W,Get Eurolub 342XXX Gear EP 80W for your car to get your desired looks and performance from ML Performance at the lowest price with FREE UK shipping & next day delivery on in stock items. Very cheap prices & good service.,,,,342020,,,new,,,,,,,https://eurolub.com/userdata/dcshop/images/thumb_2/990110_342020.png,kg,8708949900,,,,,active
eurolub-342xxx-gear-ep-80w,,,,,,,,,60 L,,,,,EUROLUB-342060,,shopify,continue,manual,,,TRUE,TRUE,342060,https://eurolub.com/userdata/dcshop/images/thumb_2/990110_342020.png,2,Eurolub 342XXX Gear EP 80W,,,,,,,,,,,,,,,,,https://eurolub.com/userdata/dcshop/images/thumb_2/170088_342060.png,kg,8708949900,,,,,
eurolub-342xxx-gear-ep-80w,,,,,,,,,208 L,,,,,EUROLUB-342208,,shopify,continue,manual,,,TRUE,TRUE,342208,https://eurolub.com/userdata/dcshop/images/thumb_2/170088_342060.png,3,Eurolub 342XXX Gear EP 80W,,,,,,,,,,,,,,,,,https://eurolub.com/userdata/dcshop/images/thumb_2/452246_342208.png,kg,8708949900,,,,,
eurolub-342xxx-gear-ep-80w,,,,,,,,,1000 L,,,,,EUROLUB-342100,,shopify,continue,manual,,,TRUE,TRUE,342100,https://eurolub.com/userdata/dcshop/images/thumb_2/452246_342208.png,4,Eurolub 342XXX Gear EP 80W,,,,,,,,,,,,,,,,,https://eurolub.com/userdata/dcshop/images/thumb_2/407608_211100.png,kg,8708949900,,,,,
eurolub-342xxx-gear-ep-80w,,,,,,,,,,,,,,,,,,,,,,,,https://eurolub.com/userdata/dcshop/images/thumb_2/407608_211100.png,5,Eurolub 342XXX Gear EP 80W,,,,,,,,,,,,,,,,,,,,,,,,
eurolub-545xxx-dual-clutch-fluid-dkg,Eurolub 545XXX Dual-Clutch Fluid (DKG),"<h4><strong>Description</strong></h4><p>This oil is developed according to the requirements of increasingly advanced double clutch transmissions according to manufacturer specifications. Colour: yellow.</p>        <p>&nbsp;</p>        <h4>Compatibility</h4><ul><li>VW G 052 529</li><li>VW G 052 182</li><li>BMW 83222148578</li><li>BMW 83222148579</li><li>BMW 83220440214</li><li>BMW 83222147477</li><li>Ford WSS-M2C936-A</li><li>DTFR 13C130 (236.21)</li><li>MB 236.25</li><li>Mitsubishi MZ320065</li><li>PSA 9734.S2</li><li>Porsche 999.917.080.00</li><li>Volvo 1161838</li><li>Volvo 1161839</li></ul><p>Feel free to contact us at info@mlperformance.co.uk should you wish to double check!</p>        <p>&nbsp;</p>        <h4>Compatibility Check</h4><p>To ensure the part(s) you have ordered fits your vehicle, we run a compatibility check prior to dispatch. We can do this either using your registration number (UK) or the last 7 digits of your VIN. Simply enter your car details prior to checkout.</p>        <p>&nbsp;</p>        <h4>Part Number</h4><p>EUROLUB-545001 (1 L)</p><p>EUROLUB-545020 (20 L)</p><p>EUROLUB-545060 (60 L)</p><p>EUROLUB-545208 (208 L)</p><p>EUROLUB-545100 (1000 L)</p>        <p>&nbsp;</p>        <h4>More Information</h4><p><strong>Manufactured by</strong></p><p>Eurolub</p>",Eurolub,Eurolub 545XXX Dual-Clutch Fluid (DKG),,"Uploaded by_Muazzim, MLP Discount 2026, Brand_Eurolub, 2026_New Products, Product Type_",TRUE,Options,1 L,,,,,EUROLUB-545001,,shopify,continue,manual,,,TRUE,TRUE,545001,https://eurolub.com/userdata/dcshop/images/thumb_3/451636_545xxx.png,1,Eurolub 545XXX Dual-Clutch Fluid (DKG),,Eurolub 545XXX Dual-Clutch Fluid (DKG),Get Eurolub 545XXX Dual-Clutch Fluid (DKG) for your car to get your desired looks and performance from ML Performance at the lowest price with FREE UK shipping & next day delivery on in stock items. Very cheap prices & good service.,,,,545001,,,new,,,,,,,https://eurolub.com/userdata/dcshop/images/thumb_2/662521_545001.png,kg,8708949900,,,,,active
eurolub-545xxx-dual-clutch-fluid-dkg,,,,,,,,,20 L,,,,,EUROLUB-545020,,shopify,continue,manual,,,TRUE,TRUE,545020,https://eurolub.com/userdata/dcshop/images/thumb_2/662521_545001.png,2,Eurolub 545XXX Dual-Clutch Fluid (DKG),,,,,,,,,,,,,,,,,https://eurolub.com/userdata/dcshop/images/thumb_2/787032_545020.png,kg,8708949900,,,,,
eurolub-545xxx-dual-clutch-fluid-dkg,,,,,,,,,60 L,,,,,EUROLUB-545060,,shopify,continue,manual,,,TRUE,TRUE,545060,https://eurolub.com/userdata/dcshop/images/thumb_2/787032_545020.png,3,Eurolub 545XXX Dual-Clutch Fluid (DKG),,,,,,,,,,,,,,,,,https://eurolub.com/userdata/dcshop/images/thumb_2/308445_545060.png,kg,8708949900,,,,,
eurolub-545xxx-dual-clutch-fluid-dkg,,,,,,,,,208 L,,,,,EUROLUB-545208,,shopify,continue,manual,,,TRUE,TRUE,545208,https://eurolub.com/userdata/dcshop/images/thumb_2/308445_545060.png,4,Eurolub 545XXX Dual-Clutch Fluid (DKG),,,,,,,,,,,,,,,,,https://eurolub.com/userdata/dcshop/images/thumb_2/274211_545208.png,kg,8708949900,,,,,
eurolub-545xxx-dual-clutch-fluid-dkg,,,,,,,,,1000 L,,,,,EUROLUB-545100,,shopify,continue,manual,,,TRUE,TRUE,545100,https://eurolub.com/userdata/dcshop/images/thumb_2/274211_545208.png,5,Eurolub 545XXX Dual-Clutch Fluid (DKG),,,,,,,,,,,,,,,,,https://eurolub.com/userdata/dcshop/images/thumb_2/17268_211100.png,kg,8708949900,,,,,
eurolub-545xxx-dual-clutch-fluid-dkg,,,,,,,,,,,,,,,,,,,,,,,,https://eurolub.com/userdata/dcshop/images/thumb_2/17268_211100.png,6,Eurolub 545XXX Dual-Clutch Fluid (DKG),,,,,,,,,,,,,,,,,,,,,,,,
eurolub-370xxx-gear-fluid-6,Eurolub 370XXX Gear Fluid 6,"<h4><strong>Description</strong></h4><p>Premium ATF satisfying the highest requirements when used as automatic transmission oil in passenger cars and steering systems. Colour: red.</p>        <p>&nbsp;</p>        <h4>Compatibility</h4><ul><li>AW JWS 3309 (T-IV)</li><li>AW JWS 3324 (WS)</li><li>AW AW-1</li><li>Allison C-3</li><li>Allison C-4</li><li>BMW 7045E</li><li>BMW 8072B</li><li>BMW LA2634</li><li>BMW Mini C T-IV</li><li>CAT TO-2</li><li>Chrysler Dodge Mopar AS68RC</li><li>Chrysler Dodge Mopar AS69RC (T-IV)</li><li>Chrysler ATF+</li><li>Chrysler ATF+2</li><li>Chrysler ATF+3</li><li>Chrysler ATF+4</li><li>Fiat Type IV</li><li>Daihatsu ATF D-II</li><li>Daihatsu ATF D-III PS</li><li>Ford Mercon</li><li>Ford Mercon LV</li><li>Ford Mercon M2C138-CJ</li><li>Ford Mercon M2C166-H</li><li>Ford WSS-M2C922-A1</li><li>Ford WSS-M2C924-A</li><li>GM Dexron IID</li><li>GM Dexron IIIH</li><li>GM Dexron VI</li><li>Honda Acura DW-1</li><li>Honda Acura ATF-Z1</li><li>Hyundai/Kia SP-II</li><li>Hyundai/Kia SP-III</li><li>Hyundai/Kia SP-IV</li><li>Hyundai/Kia SP-IV M</li><li>Hyundai/Kia SP-IV RR</li><li>Hyundai/Kia JWS 3314</li><li>Hyundai/Kia JWS 9683</li><li>Isuzu ATF II/III/SP</li><li>Jaguar ATF 3403 M115</li><li>Jaguar JLM 20238</li><li>Jaguar JLM 20292</li><li>JASO M315-2013 1A</li><li>JASO M315-2013 1A-LV</li><li>JASO M315-2013 2A</li><li>Mazda ATF DII</li><li>Mazda ATF M-III</li><li>Mazda ATF M-V</li><li>Mazda ATF F-1</li><li>Mazda ATF N-1</li><li>Mazda ATF S-1</li><li>Mazda ATF 3317</li><li>DTFR 13C100 (236.1)</li><li>DTFR 13C120 (236.2)</li><li>DTFR 38B100 (236.3)</li><li>MB 236.5</li><li>DTFR 13C140 (236.7)</li><li>DTFR 13C150 (236.8)</li><li>DTFR 13C170 (236.9)</li><li>MB 236.41</li><li>Mitsubishi SK</li><li>Mitsubishi SP-II</li><li>Mitsubishi SP-III</li><li>Mitsubishi SP-IV</li><li>Mitsubishi AW</li><li>Mitsubishi J2</li><li>Mitsubishi J3</li><li>Mitsubishi ATF PA</li><li>Nissan Matic C/D/J/K/S</li><li>Porsche ATF 3403-M115</li><li>Porsche ATF T-IV</li><li>Subaru ATF AW-1</li><li>Subaru ATF 5AT</li><li>Subaru ATF HP</li><li>Suzuki ATF 3309</li><li>Suzuki ATF 3314</li><li>Suzuki ATF 3317</li><li>Suzuki ATF 2326</li><li>Suzuki ATF 23848K</li><li>Toyota D-II</li><li>Toyota D-III</li><li>Toyota T-III</li><li>Toyota T-IV</li><li>Toyota WS</li><li>VW G 052 025</li><li>VW G 052 055</li><li>VW G 052 162</li><li>VW G 052 990</li><li>VW G 053 025</li><li>VW G 055 025</li><li>VW G 055 162</li><li>VW G 055 540</li><li>VW G 060 162</li><li>Voith 55.6335</li><li>Volvo 97335</li><li>Volvo 97340</li><li>Volvo 1161540</li><li>ZF 5HP 18FL</li><li>ZF 5HP 19FL</li><li>ZF 5HP 24A</li><li>ZF 5HP 30</li><li>ZF 4HP 20</li></ul><p>Feel free to contact us at info@mlperformance.co.uk should you wish to double check!</p>        <p>&nbsp;</p>        <h4>Compatibility Check</h4><p>To ensure the part(s) you have ordered fits your vehicle, we run a compatibility check prior to dispatch. We can do this either using your registration number (UK) or the last 7 digits of your VIN. Simply enter your car details prior to checkout.</p>        <p>&nbsp;</p>        <h4>Part Number</h4><p>EUROLUB-370001 (1 L)</p><p>EUROLUB-370005 (5 L)</p><p>EUROLUB-370020 (20 L)</p><p>EUROLUB-370060 (60 L)</p><p>EUROLUB-370208 (208 L)</p><p>EUROLUB-370100 (1000 L)</p>        <p>&nbsp;</p>        <h4>More Information</h4><p><strong>Manufactured by</strong></p><p>Eurolub</p>",Eurolub,Eurolub 370XXX Gear Fluid 6,,"Uploaded by_Muazzim, MLP Discount 2026, Brand_Eurolub, 2026_New Products, Product Type_",TRUE,Options,1 L,,,,,EUROLUB-370001,,shopify,continue,manual,,,TRUE,TRUE,370001,https://eurolub.com/userdata/dcshop/images/thumb_3/692527_370xxx.png,1,Eurolub 370XXX Gear Fluid 6,,Eurolub 370XXX Gear Fluid 6,Get Eurolub 370XXX Gear Fluid 6 for your car to get your desired looks and performance from ML Performance at the lowest price with FREE UK shipping & next day delivery on in stock items. Very cheap prices & good service.,,,,370001,,,new,,,,,,,https://eurolub.com/userdata/dcshop/images/thumb_2/952862_370001.png,kg,8708949900,,,,,active
eurolub-370xxx-gear-fluid-6,,,,,,,,,5 L,,,,,EUROLUB-370005,,shopify,continue,manual,,,TRUE,TRUE,370005,https://eurolub.com/userdata/dcshop/images/thumb_2/952862_370001.png,2,Eurolub 370XXX Gear Fluid 6,,,,,,,,,,,,,,,,,https://eurolub.com/userdata/dcshop/images/thumb_2/784846_370005.png,kg,8708949900,,,,,
eurolub-370xxx-gear-fluid-6,,,,,,,,,20 L,,,,,EUROLUB-370020,,shopify,continue,manual,,,TRUE,TRUE,370020,https://eurolub.com/userdata/dcshop/images/thumb_2/784846_370005.png,3,Eurolub 370XXX Gear Fluid 6,,,,,,,,,,,,,,,,,https://eurolub.com/userdata/dcshop/images/thumb_2/182607_370020.png,kg,8708949900,,,,,
eurolub-370xxx-gear-fluid-6,,,,,,,,,60 L,,,,,EUROLUB-370060,,shopify,continue,manual,,,TRUE,TRUE,370060,https://eurolub.com/userdata/dcshop/images/thumb_2/182607_370020.png,4,Eurolub 370XXX Gear Fluid 6,,,,,,,,,,,,,,,,,https://eurolub.com/userdata/dcshop/images/thumb_2/816082_370060.png,kg,8708949900,,,,,
eurolub-370xxx-gear-fluid-6,,,,,,,,,208 L,,,,,EUROLUB-370208,,shopify,continue,manual,,,TRUE,TRUE,370208,https://eurolub.com/userdata/dcshop/images/thumb_2/816082_370060.png,5,Eurolub 370XXX Gear Fluid 6,,,,,,,,,,,,,,,,,https://eurolub.com/userdata/dcshop/images/thumb_2/81331_370208.png,kg,8708949900,,,,,
eurolub-370xxx-gear-fluid-6,,,,,,,,,1000 L,,,,,EUROLUB-370100,,shopify,continue,manual,,,TRUE,TRUE,370100,https://eurolub.com/userdata/dcshop/images/thumb_2/81331_370208.png,6,Eurolub 370XXX Gear Fluid 6,,,,,,,,,,,,,,,,,https://eurolub.com/userdata/dcshop/images/thumb_2/677567_211100.png,kg,8708949900,,,,,
eurolub-370xxx-gear-fluid-6,,,,,,,,,,,,,,,,,,,,,,,,https://eurolub.com/userdata/dcshop/images/thumb_2/677567_211100.png,7,Eurolub 370XXX Gear Fluid 6,,,,,,,,,,,,,,,,,,,,,,,,
eurolub-376xxx-gear-fluid-8g,Eurolub 376XXX Gear Fluid 8G,"<h4><strong>Description</strong></h4><p>Modern ATF with low viscosity for automatic transmissions. Specially developed for 8HP transmissions. Colour: green.</p>        <p>&nbsp;</p>        <h4>Compatibility</h4><ul><li>VW G 060 162</li><li>BMW 8322 2152426</li><li>Landrover LR023288</li><li>Landrover LR023289</li><li>ZF S671 090 310</li><li>ZF S671 090 311</li><li>ZF S671 090 312</li><li>Honda ATF DW-1</li><li>Honda ATF Z-1</li></ul><p>Feel free to contact us at info@mlperformance.co.uk should you wish to double check!</p>        <p>&nbsp;</p>        <h4>Compatibility Check</h4><p>To ensure the part(s) you have ordered fits your vehicle, we run a compatibility check prior to dispatch. We can do this either using your registration number (UK) or the last 7 digits of your VIN. Simply enter your car details prior to checkout.</p>        <p>&nbsp;</p>        <h4>Part Number</h4><p>EUROLUB-376001 (1 L)</p><p>EUROLUB-376020 (20 L)</p><p>EUROLUB-376060 (60 L)</p><p>EUROLUB-376208 (208 L)</p><p>EUROLUB-376100 (1000 L)</p>        <p>&nbsp;</p>        <h4>More Information</h4><p><strong>Manufactured by</strong></p><p>Eurolub</p>",Eurolub,Eurolub 376XXX Gear Fluid 8G,,"Uploaded by_Muazzim, MLP Discount 2026, Brand_Eurolub, 2026_New Products, Product Type_",TRUE,Options,1 L,,,,,EUROLUB-376001,,shopify,continue,manual,,,TRUE,TRUE,376001,https://eurolub.com/userdata/dcshop/images/thumb_3/736403_376xxx.png,1,Eurolub 376XXX Gear Fluid 8G,,Eurolub 376XXX Gear Fluid 8G,Get Eurolub 376XXX Gear Fluid 8G for your car to get your desired looks and performance from ML Performance at the lowest price with FREE UK shipping & next day delivery on in stock items. Very cheap prices & good service.,,,,376001,,,new,,,,,,,https://eurolub.com/userdata/dcshop/images/thumb_2/149189_376001.png,kg,8708949900,,,,,active
eurolub-376xxx-gear-fluid-8g,,,,,,,,,20 L,,,,,EUROLUB-376020,,shopify,continue,manual,,,TRUE,TRUE,376020,https://eurolub.com/userdata/dcshop/images/thumb_2/149189_376001.png,2,Eurolub 376XXX Gear Fluid 8G,,,,,,,,,,,,,,,,,https://eurolub.com/userdata/dcshop/images/thumb_2/79438_376020.png,kg,8708949900,,,,,
eurolub-376xxx-gear-fluid-8g,,,,,,,,,60 L,,,,,EUROLUB-376060,,shopify,continue,manual,,,TRUE,TRUE,376060,https://eurolub.com/userdata/dcshop/images/thumb_2/79438_376020.png,3,Eurolub 376XXX Gear Fluid 8G,,,,,,,,,,,,,,,,,https://eurolub.com/userdata/dcshop/images/thumb_2/158768_376060.png,kg,8708949900,,,,,
eurolub-376xxx-gear-fluid-8g,,,,,,,,,208 L,,,,,EUROLUB-376208,,shopify,continue,manual,,,TRUE,TRUE,376208,https://eurolub.com/userdata/dcshop/images/thumb_2/158768_376060.png,4,Eurolub 376XXX Gear Fluid 8G,,,,,,,,,,,,,,,,,https://eurolub.com/userdata/dcshop/images/thumb_2/803007_376208.png,kg,8708949900,,,,,
eurolub-376xxx-gear-fluid-8g,,,,,,,,,1000 L,,,,,EUROLUB-376100,,shopify,continue,manual,,,TRUE,TRUE,376100,https://eurolub.com/userdata/dcshop/images/thumb_2/803007_376208.png,5,Eurolub 376XXX Gear Fluid 8G,,,,,,,,,,,,,,,,,https://eurolub.com/userdata/dcshop/images/thumb_2/744667_211100.png,kg,8708949900,,,,,
eurolub-376xxx-gear-fluid-8g,,,,,,,,,,,,,,,,,,,,,,,,https://eurolub.com/userdata/dcshop/images/thumb_2/744667_211100.png,6,Eurolub 376XXX Gear Fluid 8G,,,,,,,,,,,,,,,,,,,,,,,,
eurolub-368xxx-gear-fluid-cvt,Eurolub 368XXX Gear Fluid CVT,"<h4><strong>Description</strong></h4><p>Special fluid developed for use in state-of-the-art CVT gear units. Colour: yellow.</p>        <p>&nbsp;</p>        <h4>Compatibility</h4><ul><li>MB 236.20</li><li>Hyundai/Kia SP-III</li><li>Mazda CVT Fluid JWS 3320</li><li>VW G 052 180</li><li>VW TL 521 80</li><li>BMW CVT EZL 799A</li><li>Mini Cooper EZL 799A</li><li>Ford CVT WSS-M2C928-A</li><li>Ford CVT WSS-M2C933-A</li><li>Ford CVT Fluid 23</li><li>Ford CVT Fluid 30</li><li>Ford Mercon C</li><li>Chrysler Mopar CVTF+4</li><li>Chrysler CVT Fluid NS-2</li><li>GM DEX-CVT</li><li>Daihatsu Amix CVTF DC</li><li>Honda HMMF HCF2</li><li>Mitsubishi CVT Fluid J1</li><li>Mitsubishi CVT Fluid J4</li><li>Mitsubishi SP-III</li><li>Toyota CVTF TC/FE</li><li>Nissan NS-1/2/3</li><li>Subaru Lineartronic HAT CVTF</li><li>Suzuki Green1/Green2/Green1V</li><li>Suzuki SCVT Fluid</li><li>Subaru i-CVT Fluid</li><li>Subaru i-CVT Fluid FG</li></ul><p>Feel free to contact us at info@mlperformance.co.uk should you wish to double check!</p>        <p>&nbsp;</p>        <h4>Compatibility Check</h4><p>To ensure the part(s) you have ordered fits your vehicle, we run a compatibility check prior to dispatch. We can do this either using your registration number (UK) or the last 7 digits of your VIN. Simply enter your car details prior to checkout.</p>        <p>&nbsp;</p>        <h4>Part Number</h4><p>EUROLUB-368001 (1 L)</p><p>EUROLUB-368020 (20 L)</p><p>EUROLUB-368060 (60 L)</p><p>EUROLUB-368208 (208 L)</p><p>EUROLUB-368100 (1000 L)</p>        <p>&nbsp;</p>        <h4>More Information</h4><p><strong>Manufactured by</strong></p><p>Eurolub</p>",Eurolub,Eurolub 368XXX Gear Fluid CVT,,"Uploaded by_Muazzim, MLP Discount 2026, Brand_Eurolub, 2026_New Products, Product Type_",TRUE,Options,1 L,,,,,EUROLUB-368001,,shopify,continue,manual,,,TRUE,TRUE,368001,https://eurolub.com/userdata/dcshop/images/thumb_3/694550_368xxx.png,1,Eurolub 368XXX Gear Fluid CVT,,Eurolub 368XXX Gear Fluid CVT,Get Eurolub 368XXX Gear Fluid CVT for your car to get your desired looks and performance from ML Performance at the lowest price with FREE UK shipping & next day delivery on in stock items. Very cheap prices & good service.,,,,368001,,,new,,,,,,,https://eurolub.com/userdata/dcshop/images/thumb_2/72801_368001.png,kg,8708949900,,,,,active
eurolub-368xxx-gear-fluid-cvt,,,,,,,,,20 L,,,,,EUROLUB-368020,,shopify,continue,manual,,,TRUE,TRUE,368020,https://eurolub.com/userdata/dcshop/images/thumb_2/72801_368001.png,2,Eurolub 368XXX Gear Fluid CVT,,,,,,,,,,,,,,,,,https://eurolub.com/userdata/dcshop/images/thumb_2/858994_368020.png,kg,8708949900,,,,,
eurolub-368xxx-gear-fluid-cvt,,,,,,,,,60 L,,,,,EUROLUB-368060,,shopify,continue,manual,,,TRUE,TRUE,368060,https://eurolub.com/userdata/dcshop/images/thumb_2/858994_368020.png,3,Eurolub 368XXX Gear Fluid CVT,,,,,,,,,,,,,,,,,https://eurolub.com/userdata/dcshop/images/thumb_2/724923_368060.png,kg,8708949900,,,,,
eurolub-368xxx-gear-fluid-cvt,,,,,,,,,208 L,,,,,EUROLUB-368208,,shopify,continue,manual,,,TRUE,TRUE,368208,https://eurolub.com/userdata/dcshop/images/thumb_2/724923_368060.png,4,Eurolub 368XXX Gear Fluid CVT,,,,,,,,,,,,,,,,,https://eurolub.com/userdata/dcshop/images/thumb_2/977022_368208.png,kg,8708949900,,,,,
eurolub-368xxx-gear-fluid-cvt,,,,,,,,,1000 L,,,,,EUROLUB-368100,,shopify,continue,manual,,,TRUE,TRUE,368100,https://eurolub.com/userdata/dcshop/images/thumb_2/977022_368208.png,5,Eurolub 368XXX Gear Fluid CVT,,,,,,,,,,,,,,,,,https://eurolub.com/userdata/dcshop/images/thumb_2/871583_211100.png,kg,8708949900,,,,,
eurolub-368xxx-gear-fluid-cvt,,,,,,,,,,,,,,,,,,,,,,,,https://eurolub.com/userdata/dcshop/images/thumb_2/871583_211100.png,6,Eurolub 368XXX Gear Fluid CVT,,,,,,,,,,,,,,,,,,,,,,,,
eurolub-378xxx-gear-fluid-iii,Eurolub 378XXX Gear Fluid III,"<h4><strong>Description</strong></h4><p>Multi-purpose ATF for use in automatic transmissions, hydrostatic steering systems, converters, and power trains used in passenger cars, commercial vehicles and work machinery. Colour: red</p>        <p>&nbsp;</p>        <h4>Compatibility</h4><ul><li>GM Dexron IID</li><li>GM Dexron IIE</li><li>GM Dexron IIIF</li><li>GM Dexron IIIG</li><li>GM Dexron IIIH</li><li>DTFR 13C100 (236.1)</li><li>MB 236.5</li><li>MB 236.6</li><li>DTFR 13C140 (236.7)</li><li>DTFR 13C170 (236.9)</li><li>Ford Mercon M2C138-CJ</li><li>Ford Mercon M2C166-H</li><li>MAN 339 Typ Z1</li><li>MAN 339 Typ V1</li><li>Allison C-4</li><li>Allison TES 389</li><li>CAT TO-2</li><li>Volvo 97341</li><li>Voith 55.6335</li></ul><p>Feel free to contact us at info@mlperformance.co.uk should you wish to double check!</p>        <p>&nbsp;</p>        <h4>Compatibility Check</h4><p>To ensure the part(s) you have ordered fits your vehicle, we run a compatibility check prior to dispatch. We can do this either using your registration number (UK) or the last 7 digits of your VIN. Simply enter your car details prior to checkout.</p>        <p>&nbsp;</p>        <h4>Part Number</h4><p>EUROLUB-378001 (1 L)</p><p>EUROLUB-378020 (20 L)</p><p>EUROLUB-378060 (60 L)</p><p>EUROLUB-378208 (208 L)</p><p>EUROLUB-378100 (1000 L)</p>        <p>&nbsp;</p>        <h4>More Information</h4><p><strong>Manufactured by</strong></p><p>Eurolub</p>",Eurolub,Eurolub 378XXX Gear Fluid III,,"Uploaded by_Muazzim, MLP Discount 2026, Brand_Eurolub, 2026_New Products, Product Type_",TRUE,Options,1 L,,,,,EUROLUB-378001,,shopify,continue,manual,,,TRUE,TRUE,378001,https://eurolub.com/userdata/dcshop/images/thumb_3/219945_378xxx.png,1,Eurolub 378XXX Gear Fluid III,,Eurolub 378XXX Gear Fluid III,Get Eurolub 378XXX Gear Fluid III for your car to get your desired looks and performance from ML Performance at the lowest price with FREE UK shipping & next day delivery on in stock items. Very cheap prices & good service.,,,,378001,,,new,,,,,,,https://eurolub.com/userdata/dcshop/images/thumb_2/525108_378001.png,kg,8708949900,,,,,active
eurolub-378xxx-gear-fluid-iii,,,,,,,,,20 L,,,,,EUROLUB-378020,,shopify,continue,manual,,,TRUE,TRUE,378020,https://eurolub.com/userdata/dcshop/images/thumb_2/525108_378001.png,2,Eurolub 378XXX Gear Fluid III,,,,,,,,,,,,,,,,,https://eurolub.com/userdata/dcshop/images/thumb_2/957395_378020.png,kg,8708949900,,,,,
eurolub-378xxx-gear-fluid-iii,,,,,,,,,60 L,,,,,EUROLUB-378060,,shopify,continue,manual,,,TRUE,TRUE,378060,https://eurolub.com/userdata/dcshop/images/thumb_2/957395_378020.png,3,Eurolub 378XXX Gear Fluid III,,,,,,,,,,,,,,,,,https://eurolub.com/userdata/dcshop/images/thumb_2/761319_378060.png,kg,8708949900,,,,,
eurolub-378xxx-gear-fluid-iii,,,,,,,,,208 L,,,,,EUROLUB-378208,,shopify,continue,manual,,,TRUE,TRUE,378208,https://eurolub.com/userdata/dcshop/images/thumb_2/761319_378060.png,4,Eurolub 378XXX Gear Fluid III,,,,,,,,,,,,,,,,,https://eurolub.com/userdata/dcshop/images/thumb_2/528764_378208.png,kg,8708949900,,,,,
eurolub-378xxx-gear-fluid-iii,,,,,,,,,1000 L,,,,,EUROLUB-378100,,shopify,continue,manual,,,TRUE,TRUE,378100,https://eurolub.com/userdata/dcshop/images/thumb_2/528764_378208.png,5,Eurolub 378XXX Gear Fluid III,,,,,,,,,,,,,,,,,https://eurolub.com/userdata/dcshop/images/thumb_2/518680_211100.png,kg,8708949900,,,,,
eurolub-378xxx-gear-fluid-iii,,,,,,,,,,,,,,,,,,,,,,,,https://eurolub.com/userdata/dcshop/images/thumb_2/518680_211100.png,6,Eurolub 378XXX Gear Fluid III,,,,,,,,,,,,,,,,,,,,,,,,
eurolub-373xxx-gear-fluid-ii-d,Eurolub 373XXX Gear Fluid II D,"<h4><strong>Description</strong></h4><p>ATF for use in automatic transmissions, hydrostatic steering systems, converters, and power trains used in passenger cars, commercial vehicles, and work machinery. Colour: red.</p>        <p>&nbsp;</p>        <h4>Compatibility</h4><ul><li>GM Dexron IID</li><li>MB 236.6</li><li>DTFR 13C140 (236.7)</li><li>MAN 339 Typ Z1</li><li>MAN 339 Typ V1</li><li>CAT TO-2</li><li>Allison C-4</li><li>Voith 55.6335</li></ul><p>Feel free to contact us at info@mlperformance.co.uk should you wish to double check!</p>        <p>&nbsp;</p>        <h4>Compatibility Check</h4><p>To ensure the part(s) you have ordered fits your vehicle, we run a compatibility check prior to dispatch. We can do this either using your registration number (UK) or the last 7 digits of your VIN. Simply enter your car details prior to checkout.</p>        <p>&nbsp;</p>        <h4>Part Number</h4><p>EUROLUB-373001 (1 L)</p><p>EUROLUB-373020 (20 L)</p><p>EUROLUB-373060 (60 L)</p><p>EUROLUB-373208 (208 L)</p><p>EUROLUB-373100 (1000 L)</p>        <p>&nbsp;</p>        <h4>More Information</h4><p><strong>Manufactured by</strong></p><p>Eurolub</p>",Eurolub,Eurolub 373XXX Gear Fluid II D,,"Uploaded by_Muazzim, MLP Discount 2026, Brand_Eurolub, 2026_New Products, Product Type_",TRUE,Options,1 L,,,,,EUROLUB-373001,,shopify,continue,manual,,,TRUE,TRUE,373001,https://eurolub.com/userdata/dcshop/images/thumb_3/515463_373xxx.png,1,Eurolub 373XXX Gear Fluid II D,,Eurolub 373XXX Gear Fluid II D,Get Eurolub 373XXX Gear Fluid II D for your car to get your desired looks and performance from ML Performance at the lowest price with FREE UK shipping & next day delivery on in stock items. Very cheap prices & good service.,,,,373001,,,new,,,,,,,https://eurolub.com/userdata/dcshop/images/thumb_2/633500_373001.png,kg,8708949900,,,,,active
eurolub-373xxx-gear-fluid-ii-d,,,,,,,,,20 L,,,,,EUROLUB-373020,,shopify,continue,manual,,,TRUE,TRUE,373020,https://eurolub.com/userdata/dcshop/images/thumb_2/633500_373001.png,2,Eurolub 373XXX Gear Fluid II D,,,,,,,,,,,,,,,,,https://eurolub.com/userdata/dcshop/images/thumb_2/491165_373020.png,kg,8708949900,,,,,
eurolub-373xxx-gear-fluid-ii-d,,,,,,,,,60 L,,,,,EUROLUB-373060,,shopify,continue,manual,,,TRUE,TRUE,373060,https://eurolub.com/userdata/dcshop/images/thumb_2/491165_373020.png,3,Eurolub 373XXX Gear Fluid II D,,,,,,,,,,,,,,,,,https://eurolub.com/userdata/dcshop/images/thumb_2/469036_373060.png,kg,8708949900,,,,,
eurolub-373xxx-gear-fluid-ii-d,,,,,,,,,208 L,,,,,EUROLUB-373208,,shopify,continue,manual,,,TRUE,TRUE,373208,https://eurolub.com/userdata/dcshop/images/thumb_2/469036_373060.png,4,Eurolub 373XXX Gear Fluid II D,,,,,,,,,,,,,,,,,https://eurolub.com/userdata/dcshop/images/thumb_2/659919_373208.png,kg,8708949900,,,,,
eurolub-373xxx-gear-fluid-ii-d,,,,,,,,,1000 L,,,,,EUROLUB-373100,,shopify,continue,manual,,,TRUE,TRUE,373100,https://eurolub.com/userdata/dcshop/images/thumb_2/659919_373208.png,5,Eurolub 373XXX Gear Fluid II D,,,,,,,,,,,,,,,,,https://eurolub.com/userdata/dcshop/images/thumb_2/388107_211100.png,kg,8708949900,,,,,
eurolub-373xxx-gear-fluid-ii-d,,,,,,,,,,,,,,,,,,,,,,,,https://eurolub.com/userdata/dcshop/images/thumb_2/388107_211100.png,6,Eurolub 373XXX Gear Fluid II D,,,,,,,,,,,,,,,,,,,,,,,,
eurolub-366xxx-gear-fluid-15-bm,Eurolub 366XXX Gear Fluid 15 BM,"<h4><strong>Description</strong></h4><p>Low-viscosity ATF for maximum fuel efficiency. Adapted to the requirements of Mercedes-Benz seven-speed automatic transmissions from 06/2010 or later. Colour: blue.</p>        <p>&nbsp;</p>        <h4>Compatibility</h4><ul><li>MB 236.15</li><li>MB 722.9 NAG2FE+</li><li>SSANG YONG</li></ul><p>Feel free to contact us at info@mlperformance.co.uk should you wish to double check!</p>        <p>&nbsp;</p>        <h4>Compatibility Check</h4><p>To ensure the part(s) you have ordered fits your vehicle, we run a compatibility check prior to dispatch. We can do this either using your registration number (UK) or the last 7 digits of your VIN. Simply enter your car details prior to checkout.</p>        <p>&nbsp;</p>        <h4>Part Number</h4><p>EUROLUB-366001 (1 L)</p><p>EUROLUB-366020 (20 L)</p><p>EUROLUB-366060 (60 L)</p><p>EUROLUB-366208 (208 L)</p><p>EUROLUB-366100 (1000 L)</p>        <p>&nbsp;</p>        <h4>More Information</h4><p><strong>Manufactured by</strong></p><p>Eurolub</p>",Eurolub,Eurolub 366XXX Gear Fluid 15 BM,,"Uploaded by_Muazzim, MLP Discount 2026, Brand_Eurolub, 2026_New Products, Product Type_",TRUE,Options,1 L,,,,,EUROLUB-366001,,shopify,continue,manual,,,TRUE,TRUE,366001,https://eurolub.com/userdata/dcshop/images/thumb_3/214280_366xxx.png,1,Eurolub 366XXX Gear Fluid 15 BM,,Eurolub 366XXX Gear Fluid 15 BM,Get Eurolub 366XXX Gear Fluid 15 BM for your car to get your desired looks and performance from ML Performance at the lowest price with FREE UK shipping & next day delivery on in stock items. Very cheap prices & good service.,,,,366001,,,new,,,,,,,https://eurolub.com/userdata/dcshop/images/thumb_2/947847_366001.png,kg,8708949900,,,,,active
eurolub-366xxx-gear-fluid-15-bm,,,,,,,,,20 L,,,,,EUROLUB-366020,,shopify,continue,manual,,,TRUE,TRUE,366020,https://eurolub.com/userdata/dcshop/images/thumb_2/947847_366001.png,2,Eurolub 366XXX Gear Fluid 15 BM,,,,,,,,,,,,,,,,,https://eurolub.com/userdata/dcshop/images/thumb_2/989064_366020.png,kg,8708949900,,,,,
eurolub-366xxx-gear-fluid-15-bm,,,,,,,,,60 L,,,,,EUROLUB-366060,,shopify,continue,manual,,,TRUE,TRUE,366060,https://eurolub.com/userdata/dcshop/images/thumb_2/989064_366020.png,3,Eurolub 366XXX Gear Fluid 15 BM,,,,,,,,,,,,,,,,,https://eurolub.com/userdata/dcshop/images/thumb_2/719920_366060.png,kg,8708949900,,,,,
eurolub-366xxx-gear-fluid-15-bm,,,,,,,,,208 L,,,,,EUROLUB-366208,,shopify,continue,manual,,,TRUE,TRUE,366208,https://eurolub.com/userdata/dcshop/images/thumb_2/719920_366060.png,4,Eurolub 366XXX Gear Fluid 15 BM,,,,,,,,,,,,,,,,,https://eurolub.com/userdata/dcshop/images/thumb_2/851864_366208.png,kg,8708949900,,,,,
eurolub-366xxx-gear-fluid-15-bm,,,,,,,,,1000 L,,,,,EUROLUB-366100,,shopify,continue,manual,,,TRUE,TRUE,366100,https://eurolub.com/userdata/dcshop/images/thumb_2/851864_366208.png,5,Eurolub 366XXX Gear Fluid 15 BM,,,,,,,,,,,,,,,,,https://eurolub.com/userdata/dcshop/images/thumb_2/76408_211100.png,kg,8708949900,,,,,
eurolub-366xxx-gear-fluid-15-bm,,,,,,,,,,,,,,,,,,,,,,,,https://eurolub.com/userdata/dcshop/images/thumb_2/76408_211100.png,6,Eurolub 366XXX Gear Fluid 15 BM,,,,,,,,,,,,,,,,,,,,,,,,
eurolub-371xxx-gear-fluid-as,Eurolub 371XXX Gear Fluid AS,"<h4><strong>Description</strong></h4><p>High-tech ATF developed for the specific requirements of passenger cars and light commercial vehicles of Japanese origin. Other applications possible. Colour: red.</p>        <p>&nbsp;</p>        <h4>Compatibility</h4><ul><li>GM Dexron IIIH</li><li>Ford Mercon</li><li>Ford Mercon V</li><li>Ford Mercon M2C195-A</li><li>Ford Mercon M2C202-B</li><li>Ford WSS-M2C922-A1</li><li>Ford WSS-M2C924-A</li><li>Ford WSS-M2C938-A</li><li>MAN 339 Typ V1</li><li>MAN 339 Typ V2</li><li>MAN 339 Typ Z2</li><li>MAN 339 Typ Z3</li><li>MAN 339 Typ Z11</li><li>MB 235.71</li><li>MB 236.6</li><li>DTFR 13C150 (236.8)</li><li>DTFR 13C170 (236.9)</li><li>MB 236.10</li><li>DTFR 13C110 (236.11)</li><li>Voith 55.6335</li><li>Voith 55.6336</li><li>AW JWS 3309 (T-IV)</li><li>AW JWS 3314</li><li>Allison C-4</li><li>Allison TES 295</li><li>Allison TES 389</li><li>BMW LA2334</li><li>BMW LT-71141</li><li>BMW ETL 7045E</li><li>Chrysler ATF+3</li><li>Chrysler ATF+4</li><li>GM 9986195</li><li>Zonda Z1</li><li>Hyundai/Kia SP-II</li><li>Hyundai/Kia SP-III</li><li>Toyota T-IV</li><li>Toyota JWS 3309</li><li>Volvo 97341</li><li>Volvo 5-Speed</li><li>VW 50160</li><li>VW TL 52 162</li><li>VW G 052 990</li><li>VW G 055 025</li></ul><p>Feel free to contact us at info@mlperformance.co.uk should you wish to double check!</p>        <p>&nbsp;</p>        <h4>Compatibility Check</h4><p>To ensure the part(s) you have ordered fits your vehicle, we run a compatibility check prior to dispatch. We can do this either using your registration number (UK) or the last 7 digits of your VIN. Simply enter your car details prior to checkout.</p>        <p>&nbsp;</p>        <h4>Part Number</h4><p>EUROLUB-371001 (1 L)</p><p>EUROLUB-371020 (20 L)</p><p>EUROLUB-371060 (60 L)</p><p>EUROLUB-371208 (208 L)</p><p>EUROLUB-371100 (1000 L)</p>        <p>&nbsp;</p>        <h4>More Information</h4><p><strong>Manufactured by</strong></p><p>Eurolub</p>",Eurolub,Eurolub 371XXX Gear Fluid AS,,"Uploaded by_Muazzim, MLP Discount 2026, Brand_Eurolub, 2026_New Products, Product Type_",TRUE,Options,1 L,,,,,EUROLUB-371001,,shopify,continue,manual,,,TRUE,TRUE,371001,https://eurolub.com/userdata/dcshop/images/thumb_3/397065_371xxx.png,1,Eurolub 371XXX Gear Fluid AS,,Eurolub 371XXX Gear Fluid AS,Get Eurolub 371XXX Gear Fluid AS for your car to get your desired looks and performance from ML Performance at the lowest price with FREE UK shipping & next day delivery on in stock items. Very cheap prices & good service.,,,,371001,,,new,,,,,,,https://eurolub.com/userdata/dcshop/images/thumb_2/757217_371001.png,kg,8708949900,,,,,active
eurolub-371xxx-gear-fluid-as,,,,,,,,,20 L,,,,,EUROLUB-371020,,shopify,continue,manual,,,TRUE,TRUE,371020,https://eurolub.com/userdata/dcshop/images/thumb_2/757217_371001.png,2,Eurolub 371XXX Gear Fluid AS,,,,,,,,,,,,,,,,,https://eurolub.com/userdata/dcshop/images/thumb_2/895486_371020.png,kg,8708949900,,,,,
eurolub-371xxx-gear-fluid-as,,,,,,,,,60 L,,,,,EUROLUB-371060,,shopify,continue,manual,,,TRUE,TRUE,371060,https://eurolub.com/userdata/dcshop/images/thumb_2/895486_371020.png,3,Eurolub 371XXX Gear Fluid AS,,,,,,,,,,,,,,,,,https://eurolub.com/userdata/dcshop/images/thumb_2/877075_371060.png,kg,8708949900,,,,,
eurolub-371xxx-gear-fluid-as,,,,,,,,,208 L,,,,,EUROLUB-371208,,shopify,continue,manual,,,TRUE,TRUE,371208,https://eurolub.com/userdata/dcshop/images/thumb_2/877075_371060.png,4,Eurolub 371XXX Gear Fluid AS,,,,,,,,,,,,,,,,,https://eurolub.com/userdata/dcshop/images/thumb_2/372207_371208.png,kg,8708949900,,,,,
eurolub-371xxx-gear-fluid-as,,,,,,,,,1000 L,,,,,EUROLUB-371100,,shopify,continue,manual,,,TRUE,TRUE,371100,https://eurolub.com/userdata/dcshop/images/thumb_2/372207_371208.png,5,Eurolub 371XXX Gear Fluid AS,,,,,,,,,,,,,,,,,https://eurolub.com/userdata/dcshop/images/thumb_2/745671_211100.png,kg,8708949900,,,,,
eurolub-371xxx-gear-fluid-as,,,,,,,,,,,,,,,,,,,,,,,,https://eurolub.com/userdata/dcshop/images/thumb_2/745671_211100.png,6,Eurolub 371XXX Gear Fluid AS,,,,,,,,,,,,,,,,,,,,,,,,
eurolub-387xxx-gear-fluid-17-bm,Eurolub 387XXX Gear Fluid 17 BM,"<h4><strong>Description</strong></h4><p>High-performance, reduced-viscosity ATF based on the latest additives and a special base oil composition. Use according to manufacturer specifications. Colour: yellow.</p>        <p>&nbsp;</p>        <h4>Compatibility</h4><ul><li>MB 236.16</li><li>MB 236.17</li></ul><p>Feel free to contact us at info@mlperformance.co.uk should you wish to double check!</p>        <p>&nbsp;</p>        <h4>Compatibility Check</h4><p>To ensure the part(s) you have ordered fits your vehicle, we run a compatibility check prior to dispatch. We can do this either using your registration number (UK) or the last 7 digits of your VIN. Simply enter your car details prior to checkout.</p>        <p>&nbsp;</p>        <h4>Part Number</h4><p>EUROLUB-387001 (1 L)</p><p>EUROLUB-387020 (20 L)</p><p>EUROLUB-387060 (60 L)</p><p>EUROLUB-387208 (208 L)</p><p>EUROLUB-387100 (1000 L)</p>        <p>&nbsp;</p>        <h4>More Information</h4><p><strong>Manufactured by</strong></p><p>Eurolub</p>",Eurolub,Eurolub 387XXX Gear Fluid 17 BM,,"Uploaded by_Muazzim, MLP Discount 2026, Brand_Eurolub, 2026_New Products, Product Type_",TRUE,Options,1 L,,,,,EUROLUB-387001,,shopify,continue,manual,,,TRUE,TRUE,387001,https://eurolub.com/userdata/dcshop/images/thumb_3/388263_387xxx.png,1,Eurolub 387XXX Gear Fluid 17 BM,,Eurolub 387XXX Gear Fluid 17 BM,Get Eurolub 387XXX Gear Fluid 17 BM for your car to get your desired looks and performance from ML Performance at the lowest price with FREE UK shipping & next day delivery on in stock items. Very cheap prices & good service.,,,,387001,,,new,,,,,,,https://eurolub.com/userdata/dcshop/images/thumb_2/3494_387001.png,kg,8708949900,,,,,active
eurolub-387xxx-gear-fluid-17-bm,,,,,,,,,20 L,,,,,EUROLUB-387020,,shopify,continue,manual,,,TRUE,TRUE,387020,https://eurolub.com/userdata/dcshop/images/thumb_2/3494_387001.png,2,Eurolub 387XXX Gear Fluid 17 BM,,,,,,,,,,,,,,,,,https://eurolub.com/userdata/dcshop/images/thumb_2/361495_387020.png,kg,8708949900,,,,,
eurolub-387xxx-gear-fluid-17-bm,,,,,,,,,60 L,,,,,EUROLUB-387060,,shopify,continue,manual,,,TRUE,TRUE,387060,https://eurolub.com/userdata/dcshop/images/thumb_2/361495_387020.png,3,Eurolub 387XXX Gear Fluid 17 BM,,,,,,,,,,,,,,,,,https://eurolub.com/userdata/dcshop/images/thumb_2/188927_387060.png,kg,8708949900,,,,,
eurolub-387xxx-gear-fluid-17-bm,,,,,,,,,208 L,,,,,EUROLUB-387208,,shopify,continue,manual,,,TRUE,TRUE,387208,https://eurolub.com/userdata/dcshop/images/thumb_2/188927_387060.png,4,Eurolub 387XXX Gear Fluid 17 BM,,,,,,,,,,,,,,,,,https://eurolub.com/userdata/dcshop/images/thumb_2/45332_387208.png,kg,8708949900,,,,,
eurolub-387xxx-gear-fluid-17-bm,,,,,,,,,1000 L,,,,,EUROLUB-387100,,shopify,continue,manual,,,TRUE,TRUE,387100,https://eurolub.com/userdata/dcshop/images/thumb_2/45332_387208.png,5,Eurolub 387XXX Gear Fluid 17 BM,,,,,,,,,,,,,,,,,https://eurolub.com/userdata/dcshop/images/thumb_2/797924_211100.png,kg,8708949900,,,,,
eurolub-387xxx-gear-fluid-17-bm,,,,,,,,,,,,,,,,,,,,,,,,https://eurolub.com/userdata/dcshop/images/thumb_2/797924_211100.png,6,Eurolub 387XXX Gear Fluid 17 BM,,,,,,,,,,,,,,,,,,,,,,,,
eurolub-381xxx-gear-fluid-bm-spezial,Eurolub 381XXX Gear Fluid BM SPEZIAL,"<h4><strong>Description</strong></h4><p>Excellent transmission fluid of premium class. It´s special formula provieds a failure-free operation and makes shifting gears exceptionally comfortable. Colour: yellow.</p>        <p>&nbsp;</p>        <h4>Compatibility</h4><ul><li>VW G 055 005</li><li>BMW 1375.4</li><li>BMW 83220142516</li><li>bmw 83220144137</li><li>Ford Mercon LV</li><li>Ford Mercon SP</li><li>Jaguar C2C 8432</li><li>LANDROVER TYK 5000050</li><li>Hyundai/Kia 040000C90SG</li><li>ZF S671 090 252</li><li>ZF S671 090 253</li><li>ZF S671 090 255</li></ul><p>Feel free to contact us at info@mlperformance.co.uk should you wish to double check!</p>        <p>&nbsp;</p>        <h4>Compatibility Check</h4><p>To ensure the part(s) you have ordered fits your vehicle, we run a compatibility check prior to dispatch. We can do this either using your registration number (UK) or the last 7 digits of your VIN. Simply enter your car details prior to checkout.</p>        <p>&nbsp;</p>        <h4>Part Number</h4><p>EUROLUB-381001 (1 L)</p><p>EUROLUB-381020 (20 L)</p><p>EUROLUB-381060 (60 L)</p><p>EUROLUB-381208 (208 L)</p><p>EUROLUB-381100 (1000 L)</p>        <p>&nbsp;</p>        <h4>More Information</h4><p><strong>Manufactured by</strong></p><p>Eurolub</p>",Eurolub,Eurolub 381XXX Gear Fluid BM SPEZIAL,,"Uploaded by_Muazzim, MLP Discount 2026, Brand_Eurolub, 2026_New Products, Product Type_",TRUE,Options,1 L,,,,,EUROLUB-381001,,shopify,continue,manual,,,TRUE,TRUE,381001,https://eurolub.com/userdata/dcshop/images/thumb_3/457387_381xxx.png,1,Eurolub 381XXX Gear Fluid BM SPEZIAL,,Eurolub 381XXX Gear Fluid BM SPEZIAL,Get Eurolub 381XXX Gear Fluid BM SPEZIAL for your car to get your desired looks and performance from ML Performance at the lowest price with FREE UK shipping & next day delivery on in stock items. Very cheap prices & good service.,,,,381001,,,new,,,,,,,https://eurolub.com/userdata/dcshop/images/thumb_2/992618_381001.png,kg,8708949900,,,,,active
eurolub-381xxx-gear-fluid-bm-spezial,,,,,,,,,20 L,,,,,EUROLUB-381020,,shopify,continue,manual,,,TRUE,TRUE,381020,https://eurolub.com/userdata/dcshop/images/thumb_2/992618_381001.png,2,Eurolub 381XXX Gear Fluid BM SPEZIAL,,,,,,,,,,,,,,,,,https://eurolub.com/userdata/dcshop/images/thumb_2/220111_381020.png,kg,8708949900,,,,,
eurolub-381xxx-gear-fluid-bm-spezial,,,,,,,,,60 L,,,,,EUROLUB-381060,,shopify,continue,manual,,,TRUE,TRUE,381060,https://eurolub.com/userdata/dcshop/images/thumb_2/220111_381020.png,3,Eurolub 381XXX Gear Fluid BM SPEZIAL,,,,,,,,,,,,,,,,,https://eurolub.com/userdata/dcshop/images/thumb_2/626885_381060.png,kg,8708949900,,,,,
eurolub-381xxx-gear-fluid-bm-spezial,,,,,,,,,208 L,,,,,EUROLUB-381208,,shopify,continue,manual,,,TRUE,TRUE,381208,https://eurolub.com/userdata/dcshop/images/thumb_2/626885_381060.png,4,Eurolub 381XXX Gear Fluid BM SPEZIAL,,,,,,,,,,,,,,,,,https://eurolub.com/userdata/dcshop/images/thumb_2/828862_381208.png,kg,8708949900,,,,,
eurolub-381xxx-gear-fluid-bm-spezial,,,,,,,,,1000 L,,,,,EUROLUB-381100,,shopify,continue,manual,,,TRUE,TRUE,381100,https://eurolub.com/userdata/dcshop/images/thumb_2/828862_381208.png,5,Eurolub 381XXX Gear Fluid BM SPEZIAL,,,,,,,,,,,,,,,,,https://eurolub.com/userdata/dcshop/images/thumb_2/935784_211100.png,kg,8708949900,,,,,
eurolub-381xxx-gear-fluid-bm-spezial,,,,,,,,,,,,,,,,,,,,,,,,https://eurolub.com/userdata/dcshop/images/thumb_2/935784_211100.png,6,Eurolub 381XXX Gear Fluid BM SPEZIAL,,,,,,,,,,,,,,,,,,,,,,,,
eurolub-379xxx-gear-fluid-v-fe,Eurolub 379XXX Gear Fluid V-FE,"<h4><strong>Description</strong></h4><p>Excellent transmission fluid for automatic transmissions with good viscosity index, best oxidation stability, outstanding wear and anti-friction protection properties. Colour: red.</p>        <p>&nbsp;</p>        <h4>Compatibility</h4><ul><li>AW JWS 3309</li><li>JASO M315-2013 1A</li><li>JATCO ATF</li><li>JATCO 3100 PL085</li><li>Toyota T</li><li>Toyota T-II</li><li>Toyota T-III</li><li>Toyota T-IV</li><li>NISSAN MATIC D/J/K</li><li>Mitsubishi SP-II</li><li>Mitsubishi SP-III</li><li>Mazda ATF M-III</li><li>Mazda ATF M-V</li><li>Daihatsu Alumix ATF MULTI</li><li>Honda Acura ATF-Z1</li><li>Honda ATF DW-1</li><li>Suzuki ATF 3313</li><li>Suzuki ATF 3317</li><li>Suzuki ATF 23848K</li><li>Suzuki ATF OIL</li><li>Suzuki ATF OIL SPECIAL</li><li>Subaru ATF</li><li>Subaru ATF HP</li><li>Hyundai/Kia SP-II</li><li>Hyundai/Kia SP-III</li><li>GM Dexron IID</li><li>GM Dexron IIIH</li><li>Chrysler ATF+3</li><li>Chrysler ATF+4</li><li>VW G 052 025-A2</li><li>VW G 052 162-A1</li><li>VW G 052 990-A1</li><li>VW G 055 025-A1</li><li>VW G 055 025-A2</li><li>BMW 7045E</li><li>BMW 8072B</li><li>BMW LA2634</li><li>BMW LT-71141</li><li>DTFR 13C100 (236.1)</li><li>DTFR 13C120 (236.2)</li><li>DTFR 38B100 (236.3)</li><li>MB 236.5</li><li>MB 236.6</li><li>DTFR 13C140 (236.7)</li><li>DTFR 13C170 (236.9)</li><li>MB 236.10</li><li>DTFR 13C110 (236.11)</li><li>Porsche JWS 3309</li><li>Volvo 97340</li><li>Volvo 97341</li><li>Voith 55.6335</li><li>Allison C-4</li><li>Ford Mercon V</li><li>MAN 339 Typ V1</li><li>MAN 339 Typ V2</li><li>MAN 339 Typ Z1</li><li>MAN 341 Typ Z2</li></ul><p>Feel free to contact us at info@mlperformance.co.uk should you wish to double check!</p>        <p>&nbsp;</p>        <h4>Compatibility Check</h4><p>To ensure the part(s) you have ordered fits your vehicle, we run a compatibility check prior to dispatch. We can do this either using your registration number (UK) or the last 7 digits of your VIN. Simply enter your car details prior to checkout.</p>        <p>&nbsp;</p>        <h4>Part Number</h4><p>EUROLUB-379001 (1 L)</p><p>EUROLUB-379020 (20 L)</p><p>EUROLUB-379060 (60 L)</p><p>EUROLUB-379208 (208 L)</p><p>EUROLUB-379100 (1000 L)</p>        <p>&nbsp;</p>        <h4>More Information</h4><p><strong>Manufactured by</strong></p><p>Eurolub</p>",Eurolub,Eurolub 379XXX Gear Fluid V-FE,,"Uploaded by_Muazzim, MLP Discount 2026, Brand_Eurolub, 2026_New Products, Product Type_",TRUE,Options,1 L,,,,,EUROLUB-379001,,shopify,continue,manual,,,TRUE,TRUE,379001,https://eurolub.com/userdata/dcshop/images/thumb_3/828331_379xxx.png,1,Eurolub 379XXX Gear Fluid V-FE,,Eurolub 379XXX Gear Fluid V-FE,Get Eurolub 379XXX Gear Fluid V-FE for your car to get your desired looks and performance from ML Performance at the lowest price with FREE UK shipping & next day delivery on in stock items. Very cheap prices & good service.,,,,379001,,,new,,,,,,,https://eurolub.com/userdata/dcshop/images/thumb_2/775377_379001.png,kg,8708949900,,,,,active
eurolub-379xxx-gear-fluid-v-fe,,,,,,,,,20 L,,,,,EUROLUB-379020,,shopify,continue,manual,,,TRUE,TRUE,379020,https://eurolub.com/userdata/dcshop/images/thumb_2/775377_379001.png,2,Eurolub 379XXX Gear Fluid V-FE,,,,,,,,,,,,,,,,,https://eurolub.com/userdata/dcshop/images/thumb_2/994720_379020.png,kg,8708949900,,,,,
eurolub-379xxx-gear-fluid-v-fe,,,,,,,,,60 L,,,,,EUROLUB-379060,,shopify,continue,manual,,,TRUE,TRUE,379060,https://eurolub.com/userdata/dcshop/images/thumb_2/994720_379020.png,3,Eurolub 379XXX Gear Fluid V-FE,,,,,,,,,,,,,,,,,https://eurolub.com/userdata/dcshop/images/thumb_2/112543_379060.png,kg,8708949900,,,,,
eurolub-379xxx-gear-fluid-v-fe,,,,,,,,,208 L,,,,,EUROLUB-379208,,shopify,continue,manual,,,TRUE,TRUE,379208,https://eurolub.com/userdata/dcshop/images/thumb_2/112543_379060.png,4,Eurolub 379XXX Gear Fluid V-FE,,,,,,,,,,,,,,,,,https://eurolub.com/userdata/dcshop/images/thumb_2/721835_379208.png,kg,8708949900,,,,,
eurolub-379xxx-gear-fluid-v-fe,,,,,,,,,1000 L,,,,,EUROLUB-379100,,shopify,continue,manual,,,TRUE,TRUE,379100,https://eurolub.com/userdata/dcshop/images/thumb_2/721835_379208.png,5,Eurolub 379XXX Gear Fluid V-FE,,,,,,,,,,,,,,,,,https://eurolub.com/userdata/dcshop/images/thumb_2/420708_211100.png,kg,8708949900,,,,,
eurolub-379xxx-gear-fluid-v-fe,,,,,,,,,,,,,,,,,,,,,,,,https://eurolub.com/userdata/dcshop/images/thumb_2/420708_211100.png,6,Eurolub 379XXX Gear Fluid V-FE,,,,,,,,,,,,,,,,,,,,,,,,
eurolub-382xxx-gear-fluid-14-bm,Eurolub 382XXX Gear Fluid 14 BM,"<h4><strong>Description</strong></h4><p>Modern based high-performance ATF. Specially developed for use in 7-speed automatic gears according to manufacturer specifation. Colour: red.</p>        <p>&nbsp;</p>        <h4>Compatibility</h4><ul><li>MB 236.12</li><li>MB 236.14</li><li>Hyundai/Kia Red-1K</li><li>SSANG YONG</li></ul><p>Feel free to contact us at info@mlperformance.co.uk should you wish to double check!</p>        <p>&nbsp;</p>        <h4>Compatibility Check</h4><p>To ensure the part(s) you have ordered fits your vehicle, we run a compatibility check prior to dispatch. We can do this either using your registration number (UK) or the last 7 digits of your VIN. Simply enter your car details prior to checkout.</p>        <p>&nbsp;</p>        <h4>Part Number</h4><p>EUROLUB-382001 (1 L)</p><p>EUROLUB-382020 (20 L)</p><p>EUROLUB-382060 (60 L)</p><p>EUROLUB-382208 (208 L)</p><p>EUROLUB-382100 (1000 L)</p>        <p>&nbsp;</p>        <h4>More Information</h4><p><strong>Manufactured by</strong></p><p>Eurolub</p>",Eurolub,Eurolub 382XXX Gear Fluid 14 BM,,"Uploaded by_Muazzim, MLP Discount 2026, Brand_Eurolub, 2026_New Products, Product Type_",TRUE,Options,1 L,,,,,EUROLUB-382001,,shopify,continue,manual,,,TRUE,TRUE,382001,https://eurolub.com/userdata/dcshop/images/thumb_3/833110_382xxx.png,1,Eurolub 382XXX Gear Fluid 14 BM,,Eurolub 382XXX Gear Fluid 14 BM,Get Eurolub 382XXX Gear Fluid 14 BM for your car to get your desired looks and performance from ML Performance at the lowest price with FREE UK shipping & next day delivery on in stock items. Very cheap prices & good service.,,,,382001,,,new,,,,,,,https://eurolub.com/userdata/dcshop/images/thumb_2/185201_382001.png,kg,8708949900,,,,,active
eurolub-382xxx-gear-fluid-14-bm,,,,,,,,,20 L,,,,,EUROLUB-382020,,shopify,continue,manual,,,TRUE,TRUE,382020,https://eurolub.com/userdata/dcshop/images/thumb_2/185201_382001.png,2,Eurolub 382XXX Gear Fluid 14 BM,,,,,,,,,,,,,,,,,https://eurolub.com/userdata/dcshop/images/thumb_2/423080_382020.png,kg,8708949900,,,,,
eurolub-382xxx-gear-fluid-14-bm,,,,,,,,,60 L,,,,,EUROLUB-382060,,shopify,continue,manual,,,TRUE,TRUE,382060,https://eurolub.com/userdata/dcshop/images/thumb_2/423080_382020.png,3,Eurolub 382XXX Gear Fluid 14 BM,,,,,,,,,,,,,,,,,https://eurolub.com/userdata/dcshop/images/thumb_2/884806_382060.png,kg,8708949900,,,,,
eurolub-382xxx-gear-fluid-14-bm,,,,,,,,,208 L,,,,,EUROLUB-382208,,shopify,continue,manual,,,TRUE,TRUE,382208,https://eurolub.com/userdata/dcshop/images/thumb_2/884806_382060.png,4,Eurolub 382XXX Gear Fluid 14 BM,,,,,,,,,,,,,,,,,https://eurolub.com/userdata/dcshop/images/thumb_2/38488_382208.png,kg,8708949900,,,,,
eurolub-382xxx-gear-fluid-14-bm,,,,,,,,,1000 L,,,,,EUROLUB-382100,,shopify,continue,manual,,,TRUE,TRUE,382100,https://eurolub.com/userdata/dcshop/images/thumb_2/38488_382208.png,5,Eurolub 382XXX Gear Fluid 14 BM,,,,,,,,,,,,,,,,,https://eurolub.com/userdata/dcshop/images/thumb_2/445824_211100.png,kg,8708949900,,,,,
eurolub-382xxx-gear-fluid-14-bm,,,,,,,,,,,,,,,,,,,,,,,,https://eurolub.com/userdata/dcshop/images/thumb_2/445824_211100.png,6,Eurolub 382XXX Gear Fluid 14 BM,,,,,,,,,,,,,,,,,,,,,,,,
eurolub-542xxx-brake-fluid-dot4,Eurolub 542XXX Brake Fluid DOT4,"<h4><strong>Description</strong></h4><p>DOT4 is a brake fluid that reduces vapour bubble formation due its good dry and wet boiling point.</p>        <p>&nbsp;</p>        <h4>Compatibility</h4><ul><li>FMVSS 116 DOT 3/4</li><li>ISO 4925 (Class 4)</li><li>SAE J 1703</li></ul><p>Feel free to contact us at info@mlperformance.co.uk should you wish to double check!</p>        <p>&nbsp;</p>        <h4>Compatibility Check</h4><p>To ensure the part(s) you have ordered fits your vehicle, we run a compatibility check prior to dispatch. We can do this either using your registration number (UK) or the last 7 digits of your VIN. Simply enter your car details prior to checkout.</p>        <p>&nbsp;</p>        <h4>Part Number</h4><p>EUROLUB-542001 (1 L)</p><p>EUROLUB-542005 (5 L)</p><p>EUROLUB-542020 (20 L)</p><p>EUROLUB-542060 (60 L)</p>        <p>&nbsp;</p>        <h4>More Information</h4><p><strong>Manufactured by</strong></p><p>Eurolub</p>",Eurolub,Eurolub 542XXX Brake Fluid DOT4,,"Uploaded by_Muazzim, MLP Discount 2026, Brand_Eurolub, 2026_New Products, Product Type_",TRUE,Options,1 L,,,,,EUROLUB-542001,,shopify,continue,manual,,,TRUE,TRUE,542001,https://eurolub.com/userdata/dcshop/images/thumb_3/742363_542xxx.png,1,Eurolub 542XXX Brake Fluid DOT4,,Eurolub 542XXX Brake Fluid DOT4,Get Eurolub 542XXX Brake Fluid DOT4 for your car to get your desired looks and performance from ML Performance at the lowest price with FREE UK shipping & next day delivery on in stock items. Very cheap prices & good service.,,,,542001,,,new,,,,,,,https://eurolub.com/userdata/dcshop/images/thumb_2/347484_542001.png,kg,8708949900,,,,,active
eurolub-542xxx-brake-fluid-dot4,,,,,,,,,5 L,,,,,EUROLUB-542005,,shopify,continue,manual,,,TRUE,TRUE,542005,https://eurolub.com/userdata/dcshop/images/thumb_2/347484_542001.png,2,Eurolub 542XXX Brake Fluid DOT4,,,,,,,,,,,,,,,,,https://eurolub.com/userdata/dcshop/images/thumb_2/200065_542005.png,kg,8708949900,,,,,
eurolub-542xxx-brake-fluid-dot4,,,,,,,,,20 L,,,,,EUROLUB-542020,,shopify,continue,manual,,,TRUE,TRUE,542020,https://eurolub.com/userdata/dcshop/images/thumb_2/200065_542005.png,3,Eurolub 542XXX Brake Fluid DOT4,,,,,,,,,,,,,,,,,https://eurolub.com/userdata/dcshop/images/thumb_2/828074_542020.png,kg,8708949900,,,,,
eurolub-542xxx-brake-fluid-dot4,,,,,,,,,60 L,,,,,EUROLUB-542060,,shopify,continue,manual,,,TRUE,TRUE,542060,https://eurolub.com/userdata/dcshop/images/thumb_2/828074_542020.png,4,Eurolub 542XXX Brake Fluid DOT4,,,,,,,,,,,,,,,,,https://eurolub.com/userdata/dcshop/images/thumb_2/650838_542060.png,kg,8708949900,,,,,
eurolub-542xxx-brake-fluid-dot4,,,,,,,,,,,,,,,,,,,,,,,,https://eurolub.com/userdata/dcshop/images/thumb_2/650838_542060.png,5,Eurolub 542XXX Brake Fluid DOT4,,,,,,,,,,,,,,,,,,,,,,,,
eurolub-549xxx-brake-fluid-dot4-ls-6-class6,Eurolub 549XXX Brake Fluid DOT4 LS.6 (CLASS6),"<h4><strong>Description</strong></h4><p>Special, low-viscosity brake fluid DOT4 Class6 for relevant regulations in accordance with ABS, ASR, and ESP.</p>        <p>&nbsp;</p>        <h4>Compatibility</h4><ul><li>FMVSS 116 DOT 3/4</li><li>ISO 4925 (Class 6)</li><li>SAE J 1703</li><li>SAE J 1704</li><li>BMW QV 34 001</li><li>FORD WSS-M6C65-A2</li><li>GM GMBW 3356</li><li>PSA S71 2114</li><li>VW TL 766-Z</li><li>VW 50 114</li></ul><p>Feel free to contact us at info@mlperformance.co.uk should you wish to double check!</p>        <p>&nbsp;</p>        <h4>Compatibility Check</h4><p>To ensure the part(s) you have ordered fits your vehicle, we run a compatibility check prior to dispatch. We can do this either using your registration number (UK) or the last 7 digits of your VIN. Simply enter your car details prior to checkout.</p>        <p>&nbsp;</p>        <h4>Part Number</h4><p>EUROLUB-549001 (1 L)</p><p>EUROLUB-549005 (5 L)</p><p>EUROLUB-549020 (20 L)</p><p>EUROLUB-549060 (60 L)</p>        <p>&nbsp;</p>        <h4>More Information</h4><p><strong>Manufactured by</strong></p><p>Eurolub</p>",Eurolub,Eurolub 549XXX Brake Fluid DOT4 LS.6 (CLASS6),,"Uploaded by_Muazzim, MLP Discount 2026, Brand_Eurolub, 2026_New Products, Product Type_",TRUE,Options,1 L,,,,,EUROLUB-549001,,shopify,continue,manual,,,TRUE,TRUE,549001,https://eurolub.com/userdata/dcshop/images/thumb_3/918392_549xxx.png,1,Eurolub 549XXX Brake Fluid DOT4 LS.6 (CLASS6),,Eurolub 549XXX Brake Fluid DOT4 LS.6 (CLASS6),Get Eurolub 549XXX Brake Fluid DOT4 LS.6 (CLASS6) for your car to get your desired looks and performance from ML Performance at the lowest price with FREE UK shipping & next day delivery on in stock items. Very cheap prices & good service.,,,,549001,,,new,,,,,,,https://eurolub.com/userdata/dcshop/images/thumb_2/839303_549001.png,kg,8708949900,,,,,active
eurolub-549xxx-brake-fluid-dot4-ls-6-class6,,,,,,,,,5 L,,,,,EUROLUB-549005,,shopify,continue,manual,,,TRUE,TRUE,549005,https://eurolub.com/userdata/dcshop/images/thumb_2/839303_549001.png,2,Eurolub 549XXX Brake Fluid DOT4 LS.6 (CLASS6),,,,,,,,,,,,,,,,,https://eurolub.com/userdata/dcshop/images/thumb_2/178504_549005.png,kg,8708949900,,,,,
eurolub-549xxx-brake-fluid-dot4-ls-6-class6,,,,,,,,,20 L,,,,,EUROLUB-549020,,shopify,continue,manual,,,TRUE,TRUE,549020,https://eurolub.com/userdata/dcshop/images/thumb_2/178504_549005.png,3,Eurolub 549XXX Brake Fluid DOT4 LS.6 (CLASS6),,,,,,,,,,,,,,,,,https://eurolub.com/userdata/dcshop/images/thumb_2/234443_549020.png,kg,8708949900,,,,,
eurolub-549xxx-brake-fluid-dot4-ls-6-class6,,,,,,,,,60 L,,,,,EUROLUB-549060,,shopify,continue,manual,,,TRUE,TRUE,549060,https://eurolub.com/userdata/dcshop/images/thumb_2/234443_549020.png,4,Eurolub 549XXX Brake Fluid DOT4 LS.6 (CLASS6),,,,,,,,,,,,,,,,,https://eurolub.com/userdata/dcshop/images/thumb_2/720728_549060.png,kg,8708949900,,,,,
eurolub-549xxx-brake-fluid-dot4-ls-6-class6,,,,,,,,,,,,,,,,,,,,,,,,https://eurolub.com/userdata/dcshop/images/thumb_2/720728_549060.png,5,Eurolub 549XXX Brake Fluid DOT4 LS.6 (CLASS6),,,,,,,,,,,,,,,,,,,,,,,,
eurolub-548xxx-brake-fluid-dot4,Eurolub 548XXX Brake Fluid DOT4+,"<h4><strong>Description</strong></h4><p>Brake fluid with excellent corrosion protection and high thermal stability.</p>        <p>&nbsp;</p>        <h4>Compatibility</h4><ul><li>FMVSS 116 DOT 3/4</li><li>ISO 4925 (Class 3)</li><li>ISO 4925 (Class 4)</li><li>SAE J 1703</li><li>SAE J 1704</li></ul><p>Feel free to contact us at info@mlperformance.co.uk should you wish to double check!</p>        <p>&nbsp;</p>        <h4>Compatibility Check</h4><p>To ensure the part(s) you have ordered fits your vehicle, we run a compatibility check prior to dispatch. We can do this either using your registration number (UK) or the last 7 digits of your VIN. Simply enter your car details prior to checkout.</p>        <p>&nbsp;</p>        <h4>Part Number</h4><p>EUROLUB-548005 (5 L)</p><p>EUROLUB-548020 (20 L)</p><p>EUROLUB-548060 (60 L)</p>        <p>&nbsp;</p>        <h4>More Information</h4><p><strong>Manufactured by</strong></p><p>Eurolub</p>",Eurolub,Eurolub 548XXX Brake Fluid DOT4+,,"Uploaded by_Muazzim, MLP Discount 2026, Brand_Eurolub, 2026_New Products, Product Type_",TRUE,Options,5 L,,,,,EUROLUB-548005,,shopify,continue,manual,,,TRUE,TRUE,548005,https://eurolub.com/userdata/dcshop/images/thumb_3/804498_548xxx.png,1,Eurolub 548XXX Brake Fluid DOT4+,,Eurolub 548XXX Brake Fluid DOT4+,Get Eurolub 548XXX Brake Fluid DOT4+ for your car to get your desired looks and performance from ML Performance at the lowest price with FREE UK shipping & next day delivery on in stock items. Very cheap prices & good service.,,,,548005,,,new,,,,,,,https://eurolub.com/userdata/dcshop/images/thumb_2/137012_548005.png,kg,8708949900,,,,,active
eurolub-548xxx-brake-fluid-dot4,,,,,,,,,20 L,,,,,EUROLUB-548020,,shopify,continue,manual,,,TRUE,TRUE,548020,https://eurolub.com/userdata/dcshop/images/thumb_2/137012_548005.png,2,Eurolub 548XXX Brake Fluid DOT4+,,,,,,,,,,,,,,,,,https://eurolub.com/userdata/dcshop/images/thumb_2/141252_548020.png,kg,8708949900,,,,,
eurolub-548xxx-brake-fluid-dot4,,,,,,,,,60 L,,,,,EUROLUB-548060,,shopify,continue,manual,,,TRUE,TRUE,548060,https://eurolub.com/userdata/dcshop/images/thumb_2/141252_548020.png,3,Eurolub 548XXX Brake Fluid DOT4+,,,,,,,,,,,,,,,,,https://eurolub.com/userdata/dcshop/images/thumb_2/685532_548060.png,kg,8708949900,,,,,
eurolub-548xxx-brake-fluid-dot4,,,,,,,,,,,,,,,,,,,,,,,,https://eurolub.com/userdata/dcshop/images/thumb_2/685532_548060.png,4,Eurolub 548XXX Brake Fluid DOT4+,,,,,,,,,,,,,,,,,,,,,,,,
eurolub-564xxx-zh-l-st-hydraulic-fluid,Eurolub 564XXX ZH-L ST Hydraulic Fluid,"<h4><strong>Description</strong></h4><p>Specially developed for use in central hydraulic systems, servo steering, convertible top activation, and hydropneumatic chassis and shock absorbers. Colour: green.</p>        <p>&nbsp;</p>        <h4>Compatibility</h4><ul><li>DTFR 31B120 (345.0)</li><li>VW TL 52 146</li><li>VW G 002 000</li><li>VW G 004 000</li><li>BMW 812 29 407 758</li><li>Ford WSS-M2C204-A</li><li>GM B040 0070</li><li>Fendt X 902.011.622</li><li>MAN M 3289</li></ul><p>Feel free to contact us at info@mlperformance.co.uk should you wish to double check!</p>        <p>&nbsp;</p>        <h4>Compatibility Check</h4><p>To ensure the part(s) you have ordered fits your vehicle, we run a compatibility check prior to dispatch. We can do this either using your registration number (UK) or the last 7 digits of your VIN. Simply enter your car details prior to checkout.</p>        <p>&nbsp;</p>        <h4>Part Number</h4><p>EUROLUB-564001 (1 L)</p><p>EUROLUB-564020 (20 L)</p><p>EUROLUB-564060 (60 L)</p><p>EUROLUB-564208 (208 L)</p><p>EUROLUB-564100 (1000 L)</p>        <p>&nbsp;</p>        <h4>More Information</h4><p><strong>Manufactured by</strong></p><p>Eurolub</p>",Eurolub,Eurolub 564XXX ZH-L ST Hydraulic Fluid,,"Uploaded by_Muazzim, MLP Discount 2026, Brand_Eurolub, 2026_New Products, Product Type_",TRUE,Options,1 L,,,,,EUROLUB-564001,,shopify,continue,manual,,,TRUE,TRUE,564001,https://eurolub.com/userdata/dcshop/images/thumb_3/12660_564xxx.png,1,Eurolub 564XXX ZH-L ST Hydraulic Fluid,,Eurolub 564XXX ZH-L ST Hydraulic Fluid,Get Eurolub 564XXX ZH-L ST Hydraulic Fluid for your car to get your desired looks and performance from ML Performance at the lowest price with FREE UK shipping & next day delivery on in stock items. Very cheap prices & good service.,,,,564001,,,new,,,,,,,https://eurolub.com/userdata/dcshop/images/thumb_2/20777_564001.png,kg,8708949900,,,,,active
eurolub-564xxx-zh-l-st-hydraulic-fluid,,,,,,,,,20 L,,,,,EUROLUB-564020,,shopify,continue,manual,,,TRUE,TRUE,564020,https://eurolub.com/userdata/dcshop/images/thumb_2/20777_564001.png,2,Eurolub 564XXX ZH-L ST Hydraulic Fluid,,,,,,,,,,,,,,,,,https://eurolub.com/userdata/dcshop/images/thumb_2/646725_564020.png,kg,8708949900,,,,,
eurolub-564xxx-zh-l-st-hydraulic-fluid,,,,,,,,,60 L,,,,,EUROLUB-564060,,shopify,continue,manual,,,TRUE,TRUE,564060,https://eurolub.com/userdata/dcshop/images/thumb_2/646725_564020.png,3,Eurolub 564XXX ZH-L ST Hydraulic Fluid,,,,,,,,,,,,,,,,,https://eurolub.com/userdata/dcshop/images/thumb_2/944347_564060.png,kg,8708949900,,,,,
eurolub-564xxx-zh-l-st-hydraulic-fluid,,,,,,,,,208 L,,,,,EUROLUB-564208,,shopify,continue,manual,,,TRUE,TRUE,564208,https://eurolub.com/userdata/dcshop/images/thumb_2/944347_564060.png,4,Eurolub 564XXX ZH-L ST Hydraulic Fluid,,,,,,,,,,,,,,,,,https://eurolub.com/userdata/dcshop/images/thumb_2/912491_564208.png,kg,8708949900,,,,,
eurolub-564xxx-zh-l-st-hydraulic-fluid,,,,,,,,,1000 L,,,,,EUROLUB-564100,,shopify,continue,manual,,,TRUE,TRUE,564100,https://eurolub.com/userdata/dcshop/images/thumb_2/912491_564208.png,5,Eurolub 564XXX ZH-L ST Hydraulic Fluid,,,,,,,,,,,,,,,,,https://eurolub.com/userdata/dcshop/images/thumb_2/366657_211100.png,kg,8708949900,,,,,
eurolub-564xxx-zh-l-st-hydraulic-fluid,,,,,,,,,,,,,,,,,,,,,,,,https://eurolub.com/userdata/dcshop/images/thumb_2/366657_211100.png,6,Eurolub 564XXX ZH-L ST Hydraulic Fluid,,,,,,,,,,,,,,,,,,,,,,,,
eurolub-544xxx-zh-l-hydraulic-fluid,Eurolub 544XXX ZH-L Hydraulic Fluid,"<h4><strong>Description</strong></h4><p>Specially developed for use in central hydraulic systems, servo steering, convertible top activation, and hydropneumatic chassis and shock absorbers. Colour: yellow.</p>        <p>&nbsp;</p>        <h4>Compatibility</h4><ul><li>MB 343.0</li><li>ISO 7308</li></ul><p>Feel free to contact us at info@mlperformance.co.uk should you wish to double check!</p>        <p>&nbsp;</p>        <h4>Compatibility Check</h4><p>To ensure the part(s) you have ordered fits your vehicle, we run a compatibility check prior to dispatch. We can do this either using your registration number (UK) or the last 7 digits of your VIN. Simply enter your car details prior to checkout.</p>        <p>&nbsp;</p>        <h4>Part Number</h4><p>EUROLUB-544001 (1 L)</p><p>EUROLUB-544020 (20 L)</p><p>EUROLUB-544060 (60 L)</p><p>EUROLUB-544208 (208 L)</p><p>EUROLUB-544100 (1000 L)</p>        <p>&nbsp;</p>        <h4>More Information</h4><p><strong>Manufactured by</strong></p><p>Eurolub</p>",Eurolub,Eurolub 544XXX ZH-L Hydraulic Fluid,,"Uploaded by_Muazzim, MLP Discount 2026, Brand_Eurolub, 2026_New Products, Product Type_",TRUE,Options,1 L,,,,,EUROLUB-544001,,shopify,continue,manual,,,TRUE,TRUE,544001,https://eurolub.com/userdata/dcshop/images/thumb_3/596324_544xxx.png,1,Eurolub 544XXX ZH-L Hydraulic Fluid,,Eurolub 544XXX ZH-L Hydraulic Fluid,Get Eurolub 544XXX ZH-L Hydraulic Fluid for your car to get your desired looks and performance from ML Performance at the lowest price with FREE UK shipping & next day delivery on in stock items. Very cheap prices & good service.,,,,544001,,,new,,,,,,,https://eurolub.com/userdata/dcshop/images/thumb_2/825357_544001.png,kg,8708949900,,,,,active
eurolub-544xxx-zh-l-hydraulic-fluid,,,,,,,,,20 L,,,,,EUROLUB-544020,,shopify,continue,manual,,,TRUE,TRUE,544020,https://eurolub.com/userdata/dcshop/images/thumb_2/825357_544001.png,2,Eurolub 544XXX ZH-L Hydraulic Fluid,,,,,,,,,,,,,,,,,https://eurolub.com/userdata/dcshop/images/thumb_2/141276_544020.png,kg,8708949900,,,,,
eurolub-544xxx-zh-l-hydraulic-fluid,,,,,,,,,60 L,,,,,EUROLUB-544060,,shopify,continue,manual,,,TRUE,TRUE,544060,https://eurolub.com/userdata/dcshop/images/thumb_2/141276_544020.png,3,Eurolub 544XXX ZH-L Hydraulic Fluid,,,,,,,,,,,,,,,,,https://eurolub.com/userdata/dcshop/images/thumb_2/559530_544060.png,kg,8708949900,,,,,
eurolub-544xxx-zh-l-hydraulic-fluid,,,,,,,,,208 L,,,,,EUROLUB-544208,,shopify,continue,manual,,,TRUE,TRUE,544208,https://eurolub.com/userdata/dcshop/images/thumb_2/559530_544060.png,4,Eurolub 544XXX ZH-L Hydraulic Fluid,,,,,,,,,,,,,,,,,https://eurolub.com/userdata/dcshop/images/thumb_2/562255_544208.png,kg,8708949900,,,,,
eurolub-544xxx-zh-l-hydraulic-fluid,,,,,,,,,1000 L,,,,,EUROLUB-544100,,shopify,continue,manual,,,TRUE,TRUE,544100,https://eurolub.com/userdata/dcshop/images/thumb_2/562255_544208.png,5,Eurolub 544XXX ZH-L Hydraulic Fluid,,,,,,,,,,,,,,,,,https://eurolub.com/userdata/dcshop/images/thumb_2/598481_211100.png,kg,8708949900,,,,,
eurolub-544xxx-zh-l-hydraulic-fluid,,,,,,,,,,,,,,,,,,,,,,,,https://eurolub.com/userdata/dcshop/images/thumb_2/598481_211100.png,6,Eurolub 544XXX ZH-L Hydraulic Fluid,,,,,,,,,,,,,,,,,,,,,,,,
eurolub-505xxx-hlp-iso-vg-46,Eurolub 505XXX HLP ISO-VG 46,"<h4><strong>Description</strong></h4><p>Hydraulic oil based on selective raffinates of the highest quality that contain active ingredients designed to improve restistance ot oxidation and corrosion.</p>        <p>&nbsp;</p>        <h4>Compatibility</h4><ul><li>ISO 11158</li><li>AIST 127+136</li><li>ASTM D6158</li><li>SAE MS 1004</li><li>JCMAS P041 HK</li><li>GM LS 2</li></ul><p>Feel free to contact us at info@mlperformance.co.uk should you wish to double check!</p>        <p>&nbsp;</p>        <h4>Compatibility Check</h4><p>To ensure the part(s) you have ordered fits your vehicle, we run a compatibility check prior to dispatch. We can do this either using your registration number (UK) or the last 7 digits of your VIN. Simply enter your car details prior to checkout.</p>        <p>&nbsp;</p>        <h4>Part Number</h4><p>EUROLUB-505005 (5 L)</p><p>EUROLUB-505020 (20 L)</p><p>EUROLUB-505060 (60 L)</p><p>EUROLUB-505208 (208 L)</p><p>EUROLUB-505100 (1000 L)</p>        <p>&nbsp;</p>        <h4>More Information</h4><p><strong>Manufactured by</strong></p><p>Eurolub</p>",Eurolub,Eurolub 505XXX HLP ISO-VG 46,,"Uploaded by_Muazzim, MLP Discount 2026, Brand_Eurolub, 2026_New Products, Product Type_",TRUE,Options,5 L,,,,,EUROLUB-505005,,shopify,continue,manual,,,TRUE,TRUE,505005,https://eurolub.com/userdata/dcshop/images/thumb_3/726022_505xxx.png,1,Eurolub 505XXX HLP ISO-VG 46,,Eurolub 505XXX HLP ISO-VG 46,Get Eurolub 505XXX HLP ISO-VG 46 for your car to get your desired looks and performance from ML Performance at the lowest price with FREE UK shipping & next day delivery on in stock items. Very cheap prices & good service.,,,,505005,,,new,,,,,,,https://eurolub.com/userdata/dcshop/images/thumb_2/824262_505005.png,kg,8708949900,,,,,active
eurolub-505xxx-hlp-iso-vg-46,,,,,,,,,20 L,,,,,EUROLUB-505020,,shopify,continue,manual,,,TRUE,TRUE,505020,https://eurolub.com/userdata/dcshop/images/thumb_2/824262_505005.png,2,Eurolub 505XXX HLP ISO-VG 46,,,,,,,,,,,,,,,,,https://eurolub.com/userdata/dcshop/images/thumb_2/142612_505020.png,kg,8708949900,,,,,
eurolub-505xxx-hlp-iso-vg-46,,,,,,,,,60 L,,,,,EUROLUB-505060,,shopify,continue,manual,,,TRUE,TRUE,505060,https://eurolub.com/userdata/dcshop/images/thumb_2/142612_505020.png,3,Eurolub 505XXX HLP ISO-VG 46,,,,,,,,,,,,,,,,,https://eurolub.com/userdata/dcshop/images/thumb_2/677514_505060.png,kg,8708949900,,,,,
eurolub-505xxx-hlp-iso-vg-46,,,,,,,,,208 L,,,,,EUROLUB-505208,,shopify,continue,manual,,,TRUE,TRUE,505208,https://eurolub.com/userdata/dcshop/images/thumb_2/677514_505060.png,4,Eurolub 505XXX HLP ISO-VG 46,,,,,,,,,,,,,,,,,https://eurolub.com/userdata/dcshop/images/thumb_2/200470_505208.png,kg,8708949900,,,,,
eurolub-505xxx-hlp-iso-vg-46,,,,,,,,,1000 L,,,,,EUROLUB-505100,,shopify,continue,manual,,,TRUE,TRUE,505100,https://eurolub.com/userdata/dcshop/images/thumb_2/200470_505208.png,5,Eurolub 505XXX HLP ISO-VG 46,,,,,,,,,,,,,,,,,https://eurolub.com/userdata/dcshop/images/thumb_2/324946_211100.png,kg,8708949900,,,,,
eurolub-505xxx-hlp-iso-vg-46,,,,,,,,,,,,,,,,,,,,,,,,https://eurolub.com/userdata/dcshop/images/thumb_2/324946_211100.png,6,Eurolub 505XXX HLP ISO-VG 46,,,,,,,,,,,,,,,,,,,,,,,,
eurolub-504xxx-hlp-iso-vg-32,Eurolub 504XXX HLP ISO-VG 32,"<h4><strong>Description</strong></h4><p>Hydraulic oil based on selective raffinates of the highest quality that contain active ingredients designed to improve restistance ot oxidation and corrosion.</p>        <p>&nbsp;</p>        <h4>Compatibility</h4><ul><li>ISO 11158</li><li>AIST 127+136</li><li>ASTM D6158</li><li>SAE MS 1004</li><li>JCMAS P041 HK</li><li>GM LS 2</li></ul><p>Feel free to contact us at info@mlperformance.co.uk should you wish to double check!</p>        <p>&nbsp;</p>        <h4>Compatibility Check</h4><p>To ensure the part(s) you have ordered fits your vehicle, we run a compatibility check prior to dispatch. We can do this either using your registration number (UK) or the last 7 digits of your VIN. Simply enter your car details prior to checkout.</p>        <p>&nbsp;</p>        <h4>Part Number</h4><p>EUROLUB-504020 (20 L)</p><p>EUROLUB-504060 (60 L)</p><p>EUROLUB-504208 (208 L)</p><p>EUROLUB-504100 (1000 L)</p>        <p>&nbsp;</p>        <h4>More Information</h4><p><strong>Manufactured by</strong></p><p>Eurolub</p>",Eurolub,Eurolub 504XXX HLP ISO-VG 32,,"Uploaded by_Muazzim, MLP Discount 2026, Brand_Eurolub, 2026_New Products, Product Type_",TRUE,Options,20 L,,,,,EUROLUB-504020,,shopify,continue,manual,,,TRUE,TRUE,504020,https://eurolub.com/userdata/dcshop/images/thumb_3/285958_504xxx.png,1,Eurolub 504XXX HLP ISO-VG 32,,Eurolub 504XXX HLP ISO-VG 32,Get Eurolub 504XXX HLP ISO-VG 32 for your car to get your desired looks and performance from ML Performance at the lowest price with FREE UK shipping & next day delivery on in stock items. Very cheap prices & good service.,,,,504020,,,new,,,,,,,https://eurolub.com/userdata/dcshop/images/thumb_2/207724_504020.png,kg,8708949900,,,,,active
eurolub-504xxx-hlp-iso-vg-32,,,,,,,,,60 L,,,,,EUROLUB-504060,,shopify,continue,manual,,,TRUE,TRUE,504060,https://eurolub.com/userdata/dcshop/images/thumb_2/207724_504020.png,2,Eurolub 504XXX HLP ISO-VG 32,,,,,,,,,,,,,,,,,https://eurolub.com/userdata/dcshop/images/thumb_2/487543_504060.png,kg,8708949900,,,,,
eurolub-504xxx-hlp-iso-vg-32,,,,,,,,,208 L,,,,,EUROLUB-504208,,shopify,continue,manual,,,TRUE,TRUE,504208,https://eurolub.com/userdata/dcshop/images/thumb_2/487543_504060.png,3,Eurolub 504XXX HLP ISO-VG 32,,,,,,,,,,,,,,,,,https://eurolub.com/userdata/dcshop/images/thumb_2/226183_504208.png,kg,8708949900,,,,,
eurolub-504xxx-hlp-iso-vg-32,,,,,,,,,1000 L,,,,,EUROLUB-504100,,shopify,continue,manual,,,TRUE,TRUE,504100,https://eurolub.com/userdata/dcshop/images/thumb_2/226183_504208.png,4,Eurolub 504XXX HLP ISO-VG 32,,,,,,,,,,,,,,,,,https://eurolub.com/userdata/dcshop/images/thumb_2/717088_211100.png,kg,8708949900,,,,,
eurolub-504xxx-hlp-iso-vg-32,,,,,,,,,,,,,,,,,,,,,,,,https://eurolub.com/userdata/dcshop/images/thumb_2/717088_211100.png,5,Eurolub 504XXX HLP ISO-VG 32,,,,,,,,,,,,,,,,,,,,,,,,
eurolub-515xxx-hvlp-iso-vg-46,Eurolub 515XXX HVLP ISO-VG 46,"<h4><strong>Description</strong></h4><p>Hydraulic oil based on selective raffinates of the highest quality that contain active ingredients designed to improve restistance to oxdiation and corrosion. High viscosity index.</p>        <p>&nbsp;</p>        <h4>Compatibility</h4><ul><li>ISO 11158</li><li>SIS SS 155434</li><li>ASTM D6158</li><li>SAE MS 1004</li><li>JCMAS P041 HK</li><li>GM LS 2</li><li>AIST 127+136</li><li>Denison Filterability TP 02100</li></ul><p>Feel free to contact us at info@mlperformance.co.uk should you wish to double check!</p>        <p>&nbsp;</p>        <h4>Compatibility Check</h4><p>To ensure the part(s) you have ordered fits your vehicle, we run a compatibility check prior to dispatch. We can do this either using your registration number (UK) or the last 7 digits of your VIN. Simply enter your car details prior to checkout.</p>        <p>&nbsp;</p>        <h4>Part Number</h4><p>EUROLUB-515020 (20 L)</p><p>EUROLUB-515060 (60 L)</p><p>EUROLUB-515208 (208 L)</p><p>EUROLUB-515100 (1000 L)</p>        <p>&nbsp;</p>        <h4>More Information</h4><p><strong>Manufactured by</strong></p><p>Eurolub</p>",Eurolub,Eurolub 515XXX HVLP ISO-VG 46,,"Uploaded by_Muazzim, MLP Discount 2026, Brand_Eurolub, 2026_New Products, Product Type_",TRUE,Options,20 L,,,,,EUROLUB-515020,,shopify,continue,manual,,,TRUE,TRUE,515020,https://eurolub.com/userdata/dcshop/images/thumb_3/352160_515xxx.png,1,Eurolub 515XXX HVLP ISO-VG 46,,Eurolub 515XXX HVLP ISO-VG 46,Get Eurolub 515XXX HVLP ISO-VG 46 for your car to get your desired looks and performance from ML Performance at the lowest price with FREE UK shipping & next day delivery on in stock items. Very cheap prices & good service.,,,,515020,,,new,,,,,,,https://eurolub.com/userdata/dcshop/images/thumb_2/25091_515020.png,kg,8708949900,,,,,active
eurolub-515xxx-hvlp-iso-vg-46,,,,,,,,,60 L,,,,,EUROLUB-515060,,shopify,continue,manual,,,TRUE,TRUE,515060,https://eurolub.com/userdata/dcshop/images/thumb_2/25091_515020.png,2,Eurolub 515XXX HVLP ISO-VG 46,,,,,,,,,,,,,,,,,https://eurolub.com/userdata/dcshop/images/thumb_2/360194_515060.png,kg,8708949900,,,,,
eurolub-515xxx-hvlp-iso-vg-46,,,,,,,,,208 L,,,,,EUROLUB-515208,,shopify,continue,manual,,,TRUE,TRUE,515208,https://eurolub.com/userdata/dcshop/images/thumb_2/360194_515060.png,3,Eurolub 515XXX HVLP ISO-VG 46,,,,,,,,,,,,,,,,,https://eurolub.com/userdata/dcshop/images/thumb_2/41766_515208.png,kg,8708949900,,,,,
eurolub-515xxx-hvlp-iso-vg-46,,,,,,,,,1000 L,,,,,EUROLUB-515100,,shopify,continue,manual,,,TRUE,TRUE,515100,https://eurolub.com/userdata/dcshop/images/thumb_2/41766_515208.png,4,Eurolub 515XXX HVLP ISO-VG 46,,,,,,,,,,,,,,,,,https://eurolub.com/userdata/dcshop/images/thumb_2/163181_211100.png,kg,8708949900,,,,,
eurolub-515xxx-hvlp-iso-vg-46,,,,,,,,,,,,,,,,,,,,,,,,https://eurolub.com/userdata/dcshop/images/thumb_2/163181_211100.png,5,Eurolub 515XXX HVLP ISO-VG 46,,,,,,,,,,,,,,,,,,,,,,,,
eurolub-506xxx-hlp-iso-vg-68,Eurolub 506XXX HLP ISO-VG 68,"<h4><strong>Description</strong></h4><p>Hydraulic oil based on selective raffinates of the highest quality that contain active ingredients designed to improve restistance ot oxidation and corrosion.</p>        <p>&nbsp;</p>        <h4>Compatibility</h4><ul><li>ISO 11158</li><li>AIST 127+136</li><li>ASTM D6158</li><li>SAE MS 1004</li><li>JCMAS P041 HK</li><li>GM LS 2</li></ul><p>Feel free to contact us at info@mlperformance.co.uk should you wish to double check!</p>        <p>&nbsp;</p>        <h4>Compatibility Check</h4><p>To ensure the part(s) you have ordered fits your vehicle, we run a compatibility check prior to dispatch. We can do this either using your registration number (UK) or the last 7 digits of your VIN. Simply enter your car details prior to checkout.</p>        <p>&nbsp;</p>        <h4>Part Number</h4><p>EUROLUB-506020 (20 L)</p><p>EUROLUB-506060 (60 L)</p><p>EUROLUB-506208 (208 L)</p><p>EUROLUB-506100 (1000 L)</p>        <p>&nbsp;</p>        <h4>More Information</h4><p><strong>Manufactured by</strong></p><p>Eurolub</p>",Eurolub,Eurolub 506XXX HLP ISO-VG 68,,"Uploaded by_Muazzim, MLP Discount 2026, Brand_Eurolub, 2026_New Products, Product Type_",TRUE,Options,20 L,,,,,EUROLUB-506020,,shopify,continue,manual,,,TRUE,TRUE,506020,https://eurolub.com/userdata/dcshop/images/thumb_3/477729_506xxx.png,1,Eurolub 506XXX HLP ISO-VG 68,,Eurolub 506XXX HLP ISO-VG 68,Get Eurolub 506XXX HLP ISO-VG 68 for your car to get your desired looks and performance from ML Performance at the lowest price with FREE UK shipping & next day delivery on in stock items. Very cheap prices & good service.,,,,506020,,,new,,,,,,,https://eurolub.com/userdata/dcshop/images/thumb_2/749576_506020.png,kg,8708949900,,,,,active
eurolub-506xxx-hlp-iso-vg-68,,,,,,,,,60 L,,,,,EUROLUB-506060,,shopify,continue,manual,,,TRUE,TRUE,506060,https://eurolub.com/userdata/dcshop/images/thumb_2/749576_506020.png,2,Eurolub 506XXX HLP ISO-VG 68,,,,,,,,,,,,,,,,,https://eurolub.com/userdata/dcshop/images/thumb_2/512753_506060.png,kg,8708949900,,,,,
eurolub-506xxx-hlp-iso-vg-68,,,,,,,,,208 L,,,,,EUROLUB-506208,,shopify,continue,manual,,,TRUE,TRUE,506208,https://eurolub.com/userdata/dcshop/images/thumb_2/512753_506060.png,3,Eurolub 506XXX HLP ISO-VG 68,,,,,,,,,,,,,,,,,https://eurolub.com/userdata/dcshop/images/thumb_2/527238_506208.png,kg,8708949900,,,,,
eurolub-506xxx-hlp-iso-vg-68,,,,,,,,,1000 L,,,,,EUROLUB-506100,,shopify,continue,manual,,,TRUE,TRUE,506100,https://eurolub.com/userdata/dcshop/images/thumb_2/527238_506208.png,4,Eurolub 506XXX HLP ISO-VG 68,,,,,,,,,,,,,,,,,https://eurolub.com/userdata/dcshop/images/thumb_2/674260_211100.png,kg,8708949900,,,,,
eurolub-506xxx-hlp-iso-vg-68,,,,,,,,,,,,,,,,,,,,,,,,https://eurolub.com/userdata/dcshop/images/thumb_2/674260_211100.png,5,Eurolub 506XXX HLP ISO-VG 68,,,,,,,,,,,,,,,,,,,,,,,,
eurolub-502xxx-hlp-iso-vg-22,Eurolub 502XXX HLP ISO-VG 22,"<h4><strong>Description</strong></h4><p>Hydraulic oil based on selective raffinates of the highest quality that contain active ingredients designed to improve restistance ot oxidation and corrosion.</p>        <p>&nbsp;</p>        <h4>Compatibility</h4><ul><li>AIST 127+136</li><li>ISO 11158</li><li>ASTM D6158</li><li>SAE MS 1004</li><li>JCMAS P041 HK</li><li>GM LS 2</li></ul><p>Feel free to contact us at info@mlperformance.co.uk should you wish to double check!</p>        <p>&nbsp;</p>        <h4>Compatibility Check</h4><p>To ensure the part(s) you have ordered fits your vehicle, we run a compatibility check prior to dispatch. We can do this either using your registration number (UK) or the last 7 digits of your VIN. Simply enter your car details prior to checkout.</p>        <p>&nbsp;</p>        <h4>Part Number</h4><p>EUROLUB-502020 (20 L)</p><p>EUROLUB-502060 (60 L)</p><p>EUROLUB-502208 (208 L)</p><p>EUROLUB-502100 (1000 L)</p>        <p>&nbsp;</p>        <h4>More Information</h4><p><strong>Manufactured by</strong></p><p>Eurolub</p>",Eurolub,Eurolub 502XXX HLP ISO-VG 22,,"Uploaded by_Muazzim, MLP Discount 2026, Brand_Eurolub, 2026_New Products, Product Type_",TRUE,Options,20 L,,,,,EUROLUB-502020,,shopify,continue,manual,,,TRUE,TRUE,502020,https://eurolub.com/userdata/dcshop/images/thumb_3/894427_502xxx.png,1,Eurolub 502XXX HLP ISO-VG 22,,Eurolub 502XXX HLP ISO-VG 22,Get Eurolub 502XXX HLP ISO-VG 22 for your car to get your desired looks and performance from ML Performance at the lowest price with FREE UK shipping & next day delivery on in stock items. Very cheap prices & good service.,,,,502020,,,new,,,,,,,https://eurolub.com/userdata/dcshop/images/thumb_2/112046_502020.png,kg,8708949900,,,,,active
eurolub-502xxx-hlp-iso-vg-22,,,,,,,,,60 L,,,,,EUROLUB-502060,,shopify,continue,manual,,,TRUE,TRUE,502060,https://eurolub.com/userdata/dcshop/images/thumb_2/112046_502020.png,2,Eurolub 502XXX HLP ISO-VG 22,,,,,,,,,,,,,,,,,https://eurolub.com/userdata/dcshop/images/thumb_2/710988_502060.png,kg,8708949900,,,,,
eurolub-502xxx-hlp-iso-vg-22,,,,,,,,,208 L,,,,,EUROLUB-502208,,shopify,continue,manual,,,TRUE,TRUE,502208,https://eurolub.com/userdata/dcshop/images/thumb_2/710988_502060.png,3,Eurolub 502XXX HLP ISO-VG 22,,,,,,,,,,,,,,,,,https://eurolub.com/userdata/dcshop/images/thumb_2/786930_502208.png,kg,8708949900,,,,,
eurolub-502xxx-hlp-iso-vg-22,,,,,,,,,1000 L,,,,,EUROLUB-502100,,shopify,continue,manual,,,TRUE,TRUE,502100,https://eurolub.com/userdata/dcshop/images/thumb_2/786930_502208.png,4,Eurolub 502XXX HLP ISO-VG 22,,,,,,,,,,,,,,,,,https://eurolub.com/userdata/dcshop/images/thumb_2/544494_211100.png,kg,8708949900,,,,,
eurolub-502xxx-hlp-iso-vg-22,,,,,,,,,,,,,,,,,,,,,,,,https://eurolub.com/userdata/dcshop/images/thumb_2/544494_211100.png,5,Eurolub 502XXX HLP ISO-VG 22,,,,,,,,,,,,,,,,,,,,,,,,
eurolub-512xxx-hlp-d-iso-vg-22,Eurolub 512XXX HLP-D ISO-VG 22,"<h4><strong>Description</strong></h4><p>Hydraulic oil that contains active ingredients designed to improve resistance to oxidation and corrosion. Contains detergent additives.</p>        <p>&nbsp;</p>        <h4>Compatibility</h4><p>Feel free to contact us at info@mlperformance.co.uk should you wish to double check!</p>        <p>&nbsp;</p>        <h4>Compatibility Check</h4><p>To ensure the part(s) you have ordered fits your vehicle, we run a compatibility check prior to dispatch. We can do this either using your registration number (UK) or the last 7 digits of your VIN. Simply enter your car details prior to checkout.</p>        <p>&nbsp;</p>        <h4>Part Number</h4><p>EUROLUB-512020 (20 L)</p><p>EUROLUB-512060 (60 L)</p><p>EUROLUB-512208 (208 L)</p><p>EUROLUB-512100 (1000 L)</p>        <p>&nbsp;</p>        <h4>More Information</h4><p><strong>Manufactured by</strong></p><p>Eurolub</p>",Eurolub,Eurolub 512XXX HLP-D ISO-VG 22,,"Uploaded by_Muazzim, MLP Discount 2026, Brand_Eurolub, 2026_New Products, Product Type_",TRUE,Options,20 L,,,,,EUROLUB-512020,,shopify,continue,manual,,,TRUE,TRUE,512020,https://eurolub.com/userdata/dcshop/images/thumb_3/193575_512xxx.png,1,Eurolub 512XXX HLP-D ISO-VG 22,,Eurolub 512XXX HLP-D ISO-VG 22,Get Eurolub 512XXX HLP-D ISO-VG 22 for your car to get your desired looks and performance from ML Performance at the lowest price with FREE UK shipping & next day delivery on in stock items. Very cheap prices & good service.,,,,512020,,,new,,,,,,,https://eurolub.com/userdata/dcshop/images/thumb_2/501375_512020.png,kg,8708949900,,,,,active
eurolub-512xxx-hlp-d-iso-vg-22,,,,,,,,,60 L,,,,,EUROLUB-512060,,shopify,continue,manual,,,TRUE,TRUE,512060,https://eurolub.com/userdata/dcshop/images/thumb_2/501375_512020.png,2,Eurolub 512XXX HLP-D ISO-VG 22,,,,,,,,,,,,,,,,,https://eurolub.com/userdata/dcshop/images/thumb_2/320441_512060.png,kg,8708949900,,,,,
eurolub-512xxx-hlp-d-iso-vg-22,,,,,,,,,208 L,,,,,EUROLUB-512208,,shopify,continue,manual,,,TRUE,TRUE,512208,https://eurolub.com/userdata/dcshop/images/thumb_2/320441_512060.png,3,Eurolub 512XXX HLP-D ISO-VG 22,,,,,,,,,,,,,,,,,https://eurolub.com/userdata/dcshop/images/thumb_2/936110_512208.png,kg,8708949900,,,,,
eurolub-512xxx-hlp-d-iso-vg-22,,,,,,,,,1000 L,,,,,EUROLUB-512100,,shopify,continue,manual,,,TRUE,TRUE,512100,https://eurolub.com/userdata/dcshop/images/thumb_2/936110_512208.png,4,Eurolub 512XXX HLP-D ISO-VG 22,,,,,,,,,,,,,,,,,https://eurolub.com/userdata/dcshop/images/thumb_2/663880_211100.png,kg,8708949900,,,,,
eurolub-512xxx-hlp-d-iso-vg-22,,,,,,,,,,,,,,,,,,,,,,,,https://eurolub.com/userdata/dcshop/images/thumb_2/663880_211100.png,5,Eurolub 512XXX HLP-D ISO-VG 22,,,,,,,,,,,,,,,,,,,,,,,,
eurolub-529xxx-hvlp-d-iso-vg-46,Eurolub 529XXX HVLP-D ISO-VG 46,"<h4><strong>Description</strong></h4><p>Hydraulic oil based on selective raffinates of the highest quality that contains active ingredients designed to improve resistance to oxidation and corrosion. High viscosity index. Contains detergent additives.</p>        <p>&nbsp;</p>        <h4>Compatibility</h4><p>Feel free to contact us at info@mlperformance.co.uk should you wish to double check!</p>        <p>&nbsp;</p>        <h4>Compatibility Check</h4><p>To ensure the part(s) you have ordered fits your vehicle, we run a compatibility check prior to dispatch. We can do this either using your registration number (UK) or the last 7 digits of your VIN. Simply enter your car details prior to checkout.</p>        <p>&nbsp;</p>        <h4>Part Number</h4><p>EUROLUB-529020 (20 L)</p><p>EUROLUB-529060 (60 L)</p><p>EUROLUB-529208 (208 L)</p><p>EUROLUB-529100 (1000 L)</p>        <p>&nbsp;</p>        <h4>More Information</h4><p><strong>Manufactured by</strong></p><p>Eurolub</p>",Eurolub,Eurolub 529XXX HVLP-D ISO-VG 46,,"Uploaded by_Muazzim, MLP Discount 2026, Brand_Eurolub, 2026_New Products, Product Type_",TRUE,Options,20 L,,,,,EUROLUB-529020,,shopify,continue,manual,,,TRUE,TRUE,529020,https://eurolub.com/userdata/dcshop/images/thumb_3/257601_529xxx.png,1,Eurolub 529XXX HVLP-D ISO-VG 46,,Eurolub 529XXX HVLP-D ISO-VG 46,Get Eurolub 529XXX HVLP-D ISO-VG 46 for your car to get your desired looks and performance from ML Performance at the lowest price with FREE UK shipping & next day delivery on in stock items. Very cheap prices & good service.,,,,529020,,,new,,,,,,,https://eurolub.com/userdata/dcshop/images/thumb_2/915105_529020.png,kg,8708949900,,,,,active
eurolub-529xxx-hvlp-d-iso-vg-46,,,,,,,,,60 L,,,,,EUROLUB-529060,,shopify,continue,manual,,,TRUE,TRUE,529060,https://eurolub.com/userdata/dcshop/images/thumb_2/915105_529020.png,2,Eurolub 529XXX HVLP-D ISO-VG 46,,,,,,,,,,,,,,,,,https://eurolub.com/userdata/dcshop/images/thumb_2/983322_529060.png,kg,8708949900,,,,,
eurolub-529xxx-hvlp-d-iso-vg-46,,,,,,,,,208 L,,,,,EUROLUB-529208,,shopify,continue,manual,,,TRUE,TRUE,529208,https://eurolub.com/userdata/dcshop/images/thumb_2/983322_529060.png,3,Eurolub 529XXX HVLP-D ISO-VG 46,,,,,,,,,,,,,,,,,https://eurolub.com/userdata/dcshop/images/thumb_2/130535_529208.png,kg,8708949900,,,,,
eurolub-529xxx-hvlp-d-iso-vg-46,,,,,,,,,1000 L,,,,,EUROLUB-529100,,shopify,continue,manual,,,TRUE,TRUE,529100,https://eurolub.com/userdata/dcshop/images/thumb_2/130535_529208.png,4,Eurolub 529XXX HVLP-D ISO-VG 46,,,,,,,,,,,,,,,,,https://eurolub.com/userdata/dcshop/images/thumb_2/862156_211100.png,kg,8708949900,,,,,
eurolub-529xxx-hvlp-d-iso-vg-46,,,,,,,,,,,,,,,,,,,,,,,,https://eurolub.com/userdata/dcshop/images/thumb_2/862156_211100.png,5,Eurolub 529XXX HVLP-D ISO-VG 46,,,,,,,,,,,,,,,,,,,,,,,,
eurolub-500xxx-hlp-iso-vg-10,Eurolub 500XXX HLP ISO-VG 10,"<h4><strong>Description</strong></h4><p>Hydraulic oil based on selective raffinates of the highest quality that contain active ingredients designed to improve restistance ot oxidation and corrosion.</p>        <p>&nbsp;</p>        <h4>Compatibility</h4><ul><li>ISO 11158</li><li>AIST 126/127</li><li>ASTM D6158</li><li>SAE MS 1004</li><li>JCMAS P041 HK</li><li>GM LS 2</li></ul><p>Feel free to contact us at info@mlperformance.co.uk should you wish to double check!</p>        <p>&nbsp;</p>        <h4>Compatibility Check</h4><p>To ensure the part(s) you have ordered fits your vehicle, we run a compatibility check prior to dispatch. We can do this either using your registration number (UK) or the last 7 digits of your VIN. Simply enter your car details prior to checkout.</p>        <p>&nbsp;</p>        <h4>Part Number</h4><p>EUROLUB-500020 (20 L)</p><p>EUROLUB-500060 (60 L)</p><p>EUROLUB-500208 (208 L)</p><p>EUROLUB-500100 (1000 L)</p>        <p>&nbsp;</p>        <h4>More Information</h4><p><strong>Manufactured by</strong></p><p>Eurolub</p>",Eurolub,Eurolub 500XXX HLP ISO-VG 10,,"Uploaded by_Muazzim, MLP Discount 2026, Brand_Eurolub, 2026_New Products, Product Type_",TRUE,Options,20 L,,,,,EUROLUB-500020,,shopify,continue,manual,,,TRUE,TRUE,500020,https://eurolub.com/userdata/dcshop/images/thumb_3/289574_500xxx.png,1,Eurolub 500XXX HLP ISO-VG 10,,Eurolub 500XXX HLP ISO-VG 10,Get Eurolub 500XXX HLP ISO-VG 10 for your car to get your desired looks and performance from ML Performance at the lowest price with FREE UK shipping & next day delivery on in stock items. Very cheap prices & good service.,,,,500020,,,new,,,,,,,https://eurolub.com/userdata/dcshop/images/thumb_2/547763_500020.png,kg,8708949900,,,,,active
eurolub-500xxx-hlp-iso-vg-10,,,,,,,,,60 L,,,,,EUROLUB-500060,,shopify,continue,manual,,,TRUE,TRUE,500060,https://eurolub.com/userdata/dcshop/images/thumb_2/547763_500020.png,2,Eurolub 500XXX HLP ISO-VG 10,,,,,,,,,,,,,,,,,https://eurolub.com/userdata/dcshop/images/thumb_2/978621_500060.png,kg,8708949900,,,,,
eurolub-500xxx-hlp-iso-vg-10,,,,,,,,,208 L,,,,,EUROLUB-500208,,shopify,continue,manual,,,TRUE,TRUE,500208,https://eurolub.com/userdata/dcshop/images/thumb_2/978621_500060.png,3,Eurolub 500XXX HLP ISO-VG 10,,,,,,,,,,,,,,,,,https://eurolub.com/userdata/dcshop/images/thumb_2/129404_500208.png,kg,8708949900,,,,,
eurolub-500xxx-hlp-iso-vg-10,,,,,,,,,1000 L,,,,,EUROLUB-500100,,shopify,continue,manual,,,TRUE,TRUE,500100,https://eurolub.com/userdata/dcshop/images/thumb_2/129404_500208.png,4,Eurolub 500XXX HLP ISO-VG 10,,,,,,,,,,,,,,,,,https://eurolub.com/userdata/dcshop/images/thumb_2/79538_211100.png,kg,8708949900,,,,,
eurolub-500xxx-hlp-iso-vg-10,,,,,,,,,,,,,,,,,,,,,,,,https://eurolub.com/userdata/dcshop/images/thumb_2/79538_211100.png,5,Eurolub 500XXX HLP ISO-VG 10,,,,,,,,,,,,,,,,,,,,,,,,
eurolub-511xxx-hlp-d-iso-vg-46,Eurolub 511XXX HLP-D ISO-VG 46,"<h4><strong>Description</strong></h4><p>Hydraulic oil that contains active ingredients designed to improve resistance to oxidation and corrosion. Contains detergent additives.</p>        <p>&nbsp;</p>        <h4>Compatibility</h4><p>Feel free to contact us at info@mlperformance.co.uk should you wish to double check!</p>        <p>&nbsp;</p>        <h4>Compatibility Check</h4><p>To ensure the part(s) you have ordered fits your vehicle, we run a compatibility check prior to dispatch. We can do this either using your registration number (UK) or the last 7 digits of your VIN. Simply enter your car details prior to checkout.</p>        <p>&nbsp;</p>        <h4>Part Number</h4><p>EUROLUB-511020 (20 L)</p><p>EUROLUB-511060 (60 L)</p><p>EUROLUB-511208 (208 L)</p><p>EUROLUB-511100 (1000 L)</p>        <p>&nbsp;</p>        <h4>More Information</h4><p><strong>Manufactured by</strong></p><p>Eurolub</p>",Eurolub,Eurolub 511XXX HLP-D ISO-VG 46,,"Uploaded by_Muazzim, MLP Discount 2026, Brand_Eurolub, 2026_New Products, Product Type_",TRUE,Options,20 L,,,,,EUROLUB-511020,,shopify,continue,manual,,,TRUE,TRUE,511020,https://eurolub.com/userdata/dcshop/images/thumb_3/995635_511xxx.png,1,Eurolub 511XXX HLP-D ISO-VG 46,,Eurolub 511XXX HLP-D ISO-VG 46,Get Eurolub 511XXX HLP-D ISO-VG 46 for your car to get your desired looks and performance from ML Performance at the lowest price with FREE UK shipping & next day delivery on in stock items. Very cheap prices & good service.,,,,511020,,,new,,,,,,,https://eurolub.com/userdata/dcshop/images/thumb_2/584039_511020.png,kg,8708949900,,,,,active
eurolub-511xxx-hlp-d-iso-vg-46,,,,,,,,,60 L,,,,,EUROLUB-511060,,shopify,continue,manual,,,TRUE,TRUE,511060,https://eurolub.com/userdata/dcshop/images/thumb_2/584039_511020.png,2,Eurolub 511XXX HLP-D ISO-VG 46,,,,,,,,,,,,,,,,,https://eurolub.com/userdata/dcshop/images/thumb_2/99930_511060.png,kg,8708949900,,,,,
eurolub-511xxx-hlp-d-iso-vg-46,,,,,,,,,208 L,,,,,EUROLUB-511208,,shopify,continue,manual,,,TRUE,TRUE,511208,https://eurolub.com/userdata/dcshop/images/thumb_2/99930_511060.png,3,Eurolub 511XXX HLP-D ISO-VG 46,,,,,,,,,,,,,,,,,https://eurolub.com/userdata/dcshop/images/thumb_2/913514_511208.png,kg,8708949900,,,,,
eurolub-511xxx-hlp-d-iso-vg-46,,,,,,,,,1000 L,,,,,EUROLUB-511100,,shopify,continue,manual,,,TRUE,TRUE,511100,https://eurolub.com/userdata/dcshop/images/thumb_2/913514_511208.png,4,Eurolub 511XXX HLP-D ISO-VG 46,,,,,,,,,,,,,,,,,https://eurolub.com/userdata/dcshop/images/thumb_2/348633_211100.png,kg,8708949900,,,,,
eurolub-511xxx-hlp-d-iso-vg-46,,,,,,,,,,,,,,,,,,,,,,,,https://eurolub.com/userdata/dcshop/images/thumb_2/348633_211100.png,5,Eurolub 511XXX HLP-D ISO-VG 46,,,,,,,,,,,,,,,,,,,,,,,,
eurolub-514xxx-hvlp-iso-vg-32,Eurolub 514XXX HVLP ISO-VG 32,"<h4><strong>Description</strong></h4><p>Hydraulic oil based on selective raffinates of the highest quality that contain active ingredients designed to improve restistance to oxdiation and corrosion. High viscosity index.</p>        <p>&nbsp;</p>        <h4>Compatibility</h4><ul><li>ISO 11158</li><li>SIS SS 155434</li><li>ASTM D6158</li><li>SAE MS 1004</li><li>JCMAS P041 HK</li><li>GM LS 2</li><li>AIST 127+136</li><li>Denison Filterability TP 02100</li></ul><p>Feel free to contact us at info@mlperformance.co.uk should you wish to double check!</p>        <p>&nbsp;</p>        <h4>Compatibility Check</h4><p>To ensure the part(s) you have ordered fits your vehicle, we run a compatibility check prior to dispatch. We can do this either using your registration number (UK) or the last 7 digits of your VIN. Simply enter your car details prior to checkout.</p>        <p>&nbsp;</p>        <h4>Part Number</h4><p>EUROLUB-514020 (20 L)</p><p>EUROLUB-514060 (60 L)</p><p>EUROLUB-514208 (208 L)</p><p>EUROLUB-514100 (1000 L)</p>        <p>&nbsp;</p>        <h4>More Information</h4><p><strong>Manufactured by</strong></p><p>Eurolub</p>",Eurolub,Eurolub 514XXX HVLP ISO-VG 32,,"Uploaded by_Muazzim, MLP Discount 2026, Brand_Eurolub, 2026_New Products, Product Type_",TRUE,Options,20 L,,,,,EUROLUB-514020,,shopify,continue,manual,,,TRUE,TRUE,514020,https://eurolub.com/userdata/dcshop/images/thumb_3/766427_514xxx.png,1,Eurolub 514XXX HVLP ISO-VG 32,,Eurolub 514XXX HVLP ISO-VG 32,Get Eurolub 514XXX HVLP ISO-VG 32 for your car to get your desired looks and performance from ML Performance at the lowest price with FREE UK shipping & next day delivery on in stock items. Very cheap prices & good service.,,,,514020,,,new,,,,,,,https://eurolub.com/userdata/dcshop/images/thumb_2/893192_514020.png,kg,8708949900,,,,,active
eurolub-514xxx-hvlp-iso-vg-32,,,,,,,,,60 L,,,,,EUROLUB-514060,,shopify,continue,manual,,,TRUE,TRUE,514060,https://eurolub.com/userdata/dcshop/images/thumb_2/893192_514020.png,2,Eurolub 514XXX HVLP ISO-VG 32,,,,,,,,,,,,,,,,,https://eurolub.com/userdata/dcshop/images/thumb_2/992628_514060.png,kg,8708949900,,,,,
eurolub-514xxx-hvlp-iso-vg-32,,,,,,,,,208 L,,,,,EUROLUB-514208,,shopify,continue,manual,,,TRUE,TRUE,514208,https://eurolub.com/userdata/dcshop/images/thumb_2/992628_514060.png,3,Eurolub 514XXX HVLP ISO-VG 32,,,,,,,,,,,,,,,,,https://eurolub.com/userdata/dcshop/images/thumb_2/77153_514208.png,kg,8708949900,,,,,
eurolub-514xxx-hvlp-iso-vg-32,,,,,,,,,1000 L,,,,,EUROLUB-514100,,shopify,continue,manual,,,TRUE,TRUE,514100,https://eurolub.com/userdata/dcshop/images/thumb_2/77153_514208.png,4,Eurolub 514XXX HVLP ISO-VG 32,,,,,,,,,,,,,,,,,https://eurolub.com/userdata/dcshop/images/thumb_2/70084_211100.png,kg,8708949900,,,,,
eurolub-514xxx-hvlp-iso-vg-32,,,,,,,,,,,,,,,,,,,,,,,,https://eurolub.com/userdata/dcshop/images/thumb_2/70084_211100.png,5,Eurolub 514XXX HVLP ISO-VG 32,,,,,,,,,,,,,,,,,,,,,,,,
eurolub-503xxx-hlp-d-iso-vg-32,Eurolub 503XXX HLP-D ISO-VG 32,"<h4><strong>Description</strong></h4><p>Hydraulic oil that contains active ingredients designed to improve resistance to oxidation and corrosion. Contains detergent additives.</p>        <p>&nbsp;</p>        <h4>Compatibility</h4><p>Feel free to contact us at info@mlperformance.co.uk should you wish to double check!</p>        <p>&nbsp;</p>        <h4>Compatibility Check</h4><p>To ensure the part(s) you have ordered fits your vehicle, we run a compatibility check prior to dispatch. We can do this either using your registration number (UK) or the last 7 digits of your VIN. Simply enter your car details prior to checkout.</p>        <p>&nbsp;</p>        <h4>Part Number</h4><p>EUROLUB-503020 (20 L)</p><p>EUROLUB-503060 (60 L)</p><p>EUROLUB-503208 (208 L)</p><p>EUROLUB-503100 (1000 L)</p>        <p>&nbsp;</p>        <h4>More Information</h4><p><strong>Manufactured by</strong></p><p>Eurolub</p>",Eurolub,Eurolub 503XXX HLP-D ISO-VG 32,,"Uploaded by_Muazzim, MLP Discount 2026, Brand_Eurolub, 2026_New Products, Product Type_",TRUE,Options,20 L,,,,,EUROLUB-503020,,shopify,continue,manual,,,TRUE,TRUE,503020,https://eurolub.com/userdata/dcshop/images/thumb_3/371156_503xxx.png,1,Eurolub 503XXX HLP-D ISO-VG 32,,Eurolub 503XXX HLP-D ISO-VG 32,Get Eurolub 503XXX HLP-D ISO-VG 32 for your car to get your desired looks and performance from ML Performance at the lowest price with FREE UK shipping & next day delivery on in stock items. Very cheap prices & good service.,,,,503020,,,new,,,,,,,https://eurolub.com/userdata/dcshop/images/thumb_2/420243_503020.png,kg,8708949900,,,,,active
eurolub-503xxx-hlp-d-iso-vg-32,,,,,,,,,60 L,,,,,EUROLUB-503060,,shopify,continue,manual,,,TRUE,TRUE,503060,https://eurolub.com/userdata/dcshop/images/thumb_2/420243_503020.png,2,Eurolub 503XXX HLP-D ISO-VG 32,,,,,,,,,,,,,,,,,https://eurolub.com/userdata/dcshop/images/thumb_2/856208_503060.png,kg,8708949900,,,,,
eurolub-503xxx-hlp-d-iso-vg-32,,,,,,,,,208 L,,,,,EUROLUB-503208,,shopify,continue,manual,,,TRUE,TRUE,503208,https://eurolub.com/userdata/dcshop/images/thumb_2/856208_503060.png,3,Eurolub 503XXX HLP-D ISO-VG 32,,,,,,,,,,,,,,,,,https://eurolub.com/userdata/dcshop/images/thumb_2/984860_503208.png,kg,8708949900,,,,,
eurolub-503xxx-hlp-d-iso-vg-32,,,,,,,,,1000 L,,,,,EUROLUB-503100,,shopify,continue,manual,,,TRUE,TRUE,503100,https://eurolub.com/userdata/dcshop/images/thumb_2/984860_503208.png,4,Eurolub 503XXX HLP-D ISO-VG 32,,,,,,,,,,,,,,,,,https://eurolub.com/userdata/dcshop/images/thumb_2/295167_211100.png,kg,8708949900,,,,,
eurolub-503xxx-hlp-d-iso-vg-32,,,,,,,,,,,,,,,,,,,,,,,,https://eurolub.com/userdata/dcshop/images/thumb_2/295167_211100.png,5,Eurolub 503XXX HLP-D ISO-VG 32,,,,,,,,,,,,,,,,,,,,,,,,
eurolub-513xxx-hlp-d-iso-vg-68,Eurolub 513XXX HLP-D ISO-VG 68,"<h4><strong>Description</strong></h4><p>Hydraulic oil that contains active ingredients designed to improve resistance to oxidation and corrosion. Contains detergent additives.</p>        <p>&nbsp;</p>        <h4>Compatibility</h4><p>Feel free to contact us at info@mlperformance.co.uk should you wish to double check!</p>        <p>&nbsp;</p>        <h4>Compatibility Check</h4><p>To ensure the part(s) you have ordered fits your vehicle, we run a compatibility check prior to dispatch. We can do this either using your registration number (UK) or the last 7 digits of your VIN. Simply enter your car details prior to checkout.</p>        <p>&nbsp;</p>        <h4>Part Number</h4><p>EUROLUB-513020 (20 L)</p><p>EUROLUB-513060 (60 L)</p><p>EUROLUB-513208 (208 L)</p><p>EUROLUB-513100 (1000 L)</p>        <p>&nbsp;</p>        <h4>More Information</h4><p><strong>Manufactured by</strong></p><p>Eurolub</p>",Eurolub,Eurolub 513XXX HLP-D ISO-VG 68,,"Uploaded by_Muazzim, MLP Discount 2026, Brand_Eurolub, 2026_New Products, Product Type_",TRUE,Options,20 L,,,,,EUROLUB-513020,,shopify,continue,manual,,,TRUE,TRUE,513020,https://eurolub.com/userdata/dcshop/images/thumb_3/297936_513xxx.png,1,Eurolub 513XXX HLP-D ISO-VG 68,,Eurolub 513XXX HLP-D ISO-VG 68,Get Eurolub 513XXX HLP-D ISO-VG 68 for your car to get your desired looks and performance from ML Performance at the lowest price with FREE UK shipping & next day delivery on in stock items. Very cheap prices & good service.,,,,513020,,,new,,,,,,,https://eurolub.com/userdata/dcshop/images/thumb_2/809098_513020.png,kg,8708949900,,,,,active
eurolub-513xxx-hlp-d-iso-vg-68,,,,,,,,,60 L,,,,,EUROLUB-513060,,shopify,continue,manual,,,TRUE,TRUE,513060,https://eurolub.com/userdata/dcshop/images/thumb_2/809098_513020.png,2,Eurolub 513XXX HLP-D ISO-VG 68,,,,,,,,,,,,,,,,,https://eurolub.com/userdata/dcshop/images/thumb_2/144674_513060.png,kg,8708949900,,,,,
eurolub-513xxx-hlp-d-iso-vg-68,,,,,,,,,208 L,,,,,EUROLUB-513208,,shopify,continue,manual,,,TRUE,TRUE,513208,https://eurolub.com/userdata/dcshop/images/thumb_2/144674_513060.png,3,Eurolub 513XXX HLP-D ISO-VG 68,,,,,,,,,,,,,,,,,https://eurolub.com/userdata/dcshop/images/thumb_2/334437_513208.png,kg,8708949900,,,,,
eurolub-513xxx-hlp-d-iso-vg-68,,,,,,,,,1000 L,,,,,EUROLUB-513100,,shopify,continue,manual,,,TRUE,TRUE,513100,https://eurolub.com/userdata/dcshop/images/thumb_2/334437_513208.png,4,Eurolub 513XXX HLP-D ISO-VG 68,,,,,,,,,,,,,,,,,https://eurolub.com/userdata/dcshop/images/thumb_2/360214_211100.png,kg,8708949900,,,,,
eurolub-513xxx-hlp-d-iso-vg-68,,,,,,,,,,,,,,,,,,,,,,,,https://eurolub.com/userdata/dcshop/images/thumb_2/360214_211100.png,5,Eurolub 513XXX HLP-D ISO-VG 68,,,,,,,,,,,,,,,,,,,,,,,,
eurolub-516xxx-hvlp-iso-vg-68,Eurolub 516XXX HVLP ISO-VG 68,"<h4><strong>Description</strong></h4><p>Hydraulic oil based on selective raffinates of the highest quality that contain active ingredients designed to improve restistance to oxdiation and corrosion. High viscosity index.</p>        <p>&nbsp;</p>        <h4>Compatibility</h4><ul><li>ISO 11158</li><li>SIS SS 155434</li><li>ASTM D6158</li><li>SAE MS 1004</li><li>JCMAS P041 HK</li><li>GM LS 2</li><li>AIST 127+136</li><li>Denison Filterability TP 02100</li></ul><p>Feel free to contact us at info@mlperformance.co.uk should you wish to double check!</p>        <p>&nbsp;</p>        <h4>Compatibility Check</h4><p>To ensure the part(s) you have ordered fits your vehicle, we run a compatibility check prior to dispatch. We can do this either using your registration number (UK) or the last 7 digits of your VIN. Simply enter your car details prior to checkout.</p>        <p>&nbsp;</p>        <h4>Part Number</h4><p>EUROLUB-516020 (20 L)</p><p>EUROLUB-516060 (60 L)</p><p>EUROLUB-516208 (208 L)</p><p>EUROLUB-516100 (1000 L)</p>        <p>&nbsp;</p>        <h4>More Information</h4><p><strong>Manufactured by</strong></p><p>Eurolub</p>",Eurolub,Eurolub 516XXX HVLP ISO-VG 68,,"Uploaded by_Muazzim, MLP Discount 2026, Brand_Eurolub, 2026_New Products, Product Type_",TRUE,Options,20 L,,,,,EUROLUB-516020,,shopify,continue,manual,,,TRUE,TRUE,516020,https://eurolub.com/userdata/dcshop/images/thumb_3/565195_516xxx.png,1,Eurolub 516XXX HVLP ISO-VG 68,,Eurolub 516XXX HVLP ISO-VG 68,Get Eurolub 516XXX HVLP ISO-VG 68 for your car to get your desired looks and performance from ML Performance at the lowest price with FREE UK shipping & next day delivery on in stock items. Very cheap prices & good service.,,,,516020,,,new,,,,,,,https://eurolub.com/userdata/dcshop/images/thumb_2/749884_516020.png,kg,8708949900,,,,,active
eurolub-516xxx-hvlp-iso-vg-68,,,,,,,,,60 L,,,,,EUROLUB-516060,,shopify,continue,manual,,,TRUE,TRUE,516060,https://eurolub.com/userdata/dcshop/images/thumb_2/749884_516020.png,2,Eurolub 516XXX HVLP ISO-VG 68,,,,,,,,,,,,,,,,,https://eurolub.com/userdata/dcshop/images/thumb_2/141014_516060.png,kg,8708949900,,,,,
eurolub-516xxx-hvlp-iso-vg-68,,,,,,,,,208 L,,,,,EUROLUB-516208,,shopify,continue,manual,,,TRUE,TRUE,516208,https://eurolub.com/userdata/dcshop/images/thumb_2/141014_516060.png,3,Eurolub 516XXX HVLP ISO-VG 68,,,,,,,,,,,,,,,,,https://eurolub.com/userdata/dcshop/images/thumb_2/201349_516208.png,kg,8708949900,,,,,
eurolub-516xxx-hvlp-iso-vg-68,,,,,,,,,1000 L,,,,,EUROLUB-516100,,shopify,continue,manual,,,TRUE,TRUE,516100,https://eurolub.com/userdata/dcshop/images/thumb_2/201349_516208.png,4,Eurolub 516XXX HVLP ISO-VG 68,,,,,,,,,,,,,,,,,https://eurolub.com/userdata/dcshop/images/thumb_2/43876_211100.png,kg,8708949900,,,,,
eurolub-516xxx-hvlp-iso-vg-68,,,,,,,,,,,,,,,,,,,,,,,,https://eurolub.com/userdata/dcshop/images/thumb_2/43876_211100.png,5,Eurolub 516XXX HVLP ISO-VG 68,,,,,,,,,,,,,,,,,,,,,,,,
eurolub-320xxx-multi-grade-hydraulic-oil-10w-30,Eurolub 320XXX Multi-Grade Hydraulic Oil 10W-30,"<h4><strong>Description</strong></h4><p>All-purpose oil for hydraulic systems that helps improve hydraulic oil economy.</p>        <p>&nbsp;</p>        <h4>Compatibility</h4><p>Feel free to contact us at info@mlperformance.co.uk should you wish to double check!</p>        <p>&nbsp;</p>        <h4>Compatibility Check</h4><p>To ensure the part(s) you have ordered fits your vehicle, we run a compatibility check prior to dispatch. We can do this either using your registration number (UK) or the last 7 digits of your VIN. Simply enter your car details prior to checkout.</p>        <p>&nbsp;</p>        <h4>Part Number</h4><p>EUROLUB-320020 (20 L)</p><p>EUROLUB-320060 (60 L)</p><p>EUROLUB-320208 (208 L)</p><p>EUROLUB-320100 (1000 L)</p>        <p>&nbsp;</p>        <h4>More Information</h4><p><strong>Manufactured by</strong></p><p>Eurolub</p>",Eurolub,Eurolub 320XXX Multi-Grade Hydraulic Oil 10W-30,,"Uploaded by_Muazzim, MLP Discount 2026, Brand_Eurolub, 2026_New Products, Product Type_",TRUE,Options,20 L,,,,,EUROLUB-320020,,shopify,continue,manual,,,TRUE,TRUE,320020,https://eurolub.com/userdata/dcshop/images/thumb_3/183803_320xxx.png,1,Eurolub 320XXX Multi-Grade Hydraulic Oil 10W-30,,Eurolub 320XXX Multi-Grade Hydraulic Oil 10W-30,Get Eurolub 320XXX Multi-Grade Hydraulic Oil 10W-30 for your car to get your desired looks and performance from ML Performance at the lowest price with FREE UK shipping & next day delivery on in stock items. Very cheap prices & good service.,,,,320020,,,new,,,,,,,https://eurolub.com/userdata/dcshop/images/thumb_2/123431_320020.png,kg,8708949900,,,,,active
eurolub-320xxx-multi-grade-hydraulic-oil-10w-30,,,,,,,,,60 L,,,,,EUROLUB-320060,,shopify,continue,manual,,,TRUE,TRUE,320060,https://eurolub.com/userdata/dcshop/images/thumb_2/123431_320020.png,2,Eurolub 320XXX Multi-Grade Hydraulic Oil 10W-30,,,,,,,,,,,,,,,,,https://eurolub.com/userdata/dcshop/images/thumb_2/181206_320060.png,kg,8708949900,,,,,
eurolub-320xxx-multi-grade-hydraulic-oil-10w-30,,,,,,,,,208 L,,,,,EUROLUB-320208,,shopify,continue,manual,,,TRUE,TRUE,320208,https://eurolub.com/userdata/dcshop/images/thumb_2/181206_320060.png,3,Eurolub 320XXX Multi-Grade Hydraulic Oil 10W-30,,,,,,,,,,,,,,,,,https://eurolub.com/userdata/dcshop/images/thumb_2/555011_320208.png,kg,8708949900,,,,,
eurolub-320xxx-multi-grade-hydraulic-oil-10w-30,,,,,,,,,1000 L,,,,,EUROLUB-320100,,shopify,continue,manual,,,TRUE,TRUE,320100,https://eurolub.com/userdata/dcshop/images/thumb_2/555011_320208.png,4,Eurolub 320XXX Multi-Grade Hydraulic Oil 10W-30,,,,,,,,,,,,,,,,,https://eurolub.com/userdata/dcshop/images/thumb_2/221526_211100.png,kg,8708949900,,,,,
eurolub-320xxx-multi-grade-hydraulic-oil-10w-30,,,,,,,,,,,,,,,,,,,,,,,,https://eurolub.com/userdata/dcshop/images/thumb_2/221526_211100.png,5,Eurolub 320XXX Multi-Grade Hydraulic Oil 10W-30,,,,,,,,,,,,,,,,,,,,,,,,
eurolub-509xxx-hlp-iso-vg-100,Eurolub 509XXX HLP ISO-VG 100,"<h4><strong>Description</strong></h4><p>Hydraulic oil based on selective raffinates of the highest quality that contain active ingredients designed to improve restistance ot oxidation and corrosion.</p>        <p>&nbsp;</p>        <h4>Compatibility</h4><ul><li>ISO 11158</li><li>AIST 127+136</li><li>ASTM D6158</li><li>SAE MS 1004</li><li>JCMAS P041 HK</li><li>GM LS 2</li></ul><p>Feel free to contact us at info@mlperformance.co.uk should you wish to double check!</p>        <p>&nbsp;</p>        <h4>Compatibility Check</h4><p>To ensure the part(s) you have ordered fits your vehicle, we run a compatibility check prior to dispatch. We can do this either using your registration number (UK) or the last 7 digits of your VIN. Simply enter your car details prior to checkout.</p>        <p>&nbsp;</p>        <h4>Part Number</h4><p>EUROLUB-509020 (20 L)</p><p>EUROLUB-509060 (60 L)</p><p>EUROLUB-509208 (208 L)</p><p>EUROLUB-509100 (1000 L)</p>        <p>&nbsp;</p>        <h4>More Information</h4><p><strong>Manufactured by</strong></p><p>Eurolub</p>",Eurolub,Eurolub 509XXX HLP ISO-VG 100,,"Uploaded by_Muazzim, MLP Discount 2026, Brand_Eurolub, 2026_New Products, Product Type_",TRUE,Options,20 L,,,,,EUROLUB-509020,,shopify,continue,manual,,,TRUE,TRUE,509020,https://eurolub.com/userdata/dcshop/images/thumb_3/962895_509xxx.png,1,Eurolub 509XXX HLP ISO-VG 100,,Eurolub 509XXX HLP ISO-VG 100,Get Eurolub 509XXX HLP ISO-VG 100 for your car to get your desired looks and performance from ML Performance at the lowest price with FREE UK shipping & next day delivery on in stock items. Very cheap prices & good service.,,,,509020,,,new,,,,,,,https://eurolub.com/userdata/dcshop/images/thumb_2/419560_509020.png,kg,8708949900,,,,,active
eurolub-509xxx-hlp-iso-vg-100,,,,,,,,,60 L,,,,,EUROLUB-509060,,shopify,continue,manual,,,TRUE,TRUE,509060,https://eurolub.com/userdata/dcshop/images/thumb_2/419560_509020.png,2,Eurolub 509XXX HLP ISO-VG 100,,,,,,,,,,,,,,,,,https://eurolub.com/userdata/dcshop/images/thumb_2/529764_509060.png,kg,8708949900,,,,,
eurolub-509xxx-hlp-iso-vg-100,,,,,,,,,208 L,,,,,EUROLUB-509208,,shopify,continue,manual,,,TRUE,TRUE,509208,https://eurolub.com/userdata/dcshop/images/thumb_2/529764_509060.png,3,Eurolub 509XXX HLP ISO-VG 100,,,,,,,,,,,,,,,,,https://eurolub.com/userdata/dcshop/images/thumb_2/679592_509208.png,kg,8708949900,,,,,
eurolub-509xxx-hlp-iso-vg-100,,,,,,,,,1000 L,,,,,EUROLUB-509100,,shopify,continue,manual,,,TRUE,TRUE,509100,https://eurolub.com/userdata/dcshop/images/thumb_2/679592_509208.png,4,Eurolub 509XXX HLP ISO-VG 100,,,,,,,,,,,,,,,,,https://eurolub.com/userdata/dcshop/images/thumb_2/864274_211100.png,kg,8708949900,,,,,
eurolub-509xxx-hlp-iso-vg-100,,,,,,,,,,,,,,,,,,,,,,,,https://eurolub.com/userdata/dcshop/images/thumb_2/864274_211100.png,5,Eurolub 509XXX HLP ISO-VG 100,,,,,,,,,,,,,,,,,,,,,,,,
eurolub-709xxx-lagerfit-ep-2-la,Eurolub 709XXX Lagerfit EP 2 LA,"<h4><strong>Description</strong></h4><p>Lithium-saponified long-lasting EP grease for lubricating friction and anti-friction bearings. Operating temperature: -25°C to + 120°C. Colour: brown.</p>        <p>&nbsp;</p>        <h4>Compatibility</h4><p>Feel free to contact us at info@mlperformance.co.uk should you wish to double check!</p>        <p>&nbsp;</p>        <h4>Compatibility Check</h4><p>To ensure the part(s) you have ordered fits your vehicle, we run a compatibility check prior to dispatch. We can do this either using your registration number (UK) or the last 7 digits of your VIN. Simply enter your car details prior to checkout.</p>        <p>&nbsp;</p>        <h4>Part Number</h4><p>EUROLUB-709005 (5 KG)</p><p>EUROLUB-709015 (15 KG)</p><p>EUROLUB-709025 (25 KG)</p><p>EUROLUB-709050 (50 KG)</p><p>EUROLUB-709180 (180 KG)</p><p>EUROLUB-709400 (400 g)</p><p>EUROLUB-709500 (500 g)</p>        <p>&nbsp;</p>        <h4>More Information</h4><p><strong>Manufactured by</strong></p><p>Eurolub</p>",Eurolub,Eurolub 709XXX Lagerfit EP 2 LA,,"Uploaded by_Muazzim, MLP Discount 2026, Brand_Eurolub, 2026_New Products, Product Type_",TRUE,Options,5 KG,,,,,EUROLUB-709005,,shopify,continue,manual,,,TRUE,TRUE,709005,https://eurolub.com/userdata/dcshop/images/thumb_3/576272_709xxx.png,1,Eurolub 709XXX Lagerfit EP 2 LA,,Eurolub 709XXX Lagerfit EP 2 LA,Get Eurolub 709XXX Lagerfit EP 2 LA for your car to get your desired looks and performance from ML Performance at the lowest price with FREE UK shipping & next day delivery on in stock items. Very cheap prices & good service.,,,,709005,,,new,,,,,,,https://eurolub.com/userdata/dcshop/images/thumb_2/419186_709005.png,kg,8708949900,,,,,active
eurolub-709xxx-lagerfit-ep-2-la,,,,,,,,,15 KG,,,,,EUROLUB-709015,,shopify,continue,manual,,,TRUE,TRUE,709015,https://eurolub.com/userdata/dcshop/images/thumb_2/419186_709005.png,2,Eurolub 709XXX Lagerfit EP 2 LA,,,,,,,,,,,,,,,,,https://eurolub.com/userdata/dcshop/images/thumb_2/773347_709015.png,kg,8708949900,,,,,
eurolub-709xxx-lagerfit-ep-2-la,,,,,,,,,25 KG,,,,,EUROLUB-709025,,shopify,continue,manual,,,TRUE,TRUE,709025,https://eurolub.com/userdata/dcshop/images/thumb_2/773347_709015.png,3,Eurolub 709XXX Lagerfit EP 2 LA,,,,,,,,,,,,,,,,,https://eurolub.com/userdata/dcshop/images/thumb_2/252729_709025.png,kg,8708949900,,,,,
eurolub-709xxx-lagerfit-ep-2-la,,,,,,,,,50 KG,,,,,EUROLUB-709050,,shopify,continue,manual,,,TRUE,TRUE,709050,https://eurolub.com/userdata/dcshop/images/thumb_2/252729_709025.png,4,Eurolub 709XXX Lagerfit EP 2 LA,,,,,,,,,,,,,,,,,https://eurolub.com/userdata/dcshop/images/thumb_2/48239_709050.png,kg,8708949900,,,,,
eurolub-709xxx-lagerfit-ep-2-la,,,,,,,,,180 KG,,,,,EUROLUB-709180,,shopify,continue,manual,,,TRUE,TRUE,709180,https://eurolub.com/userdata/dcshop/images/thumb_2/48239_709050.png,5,Eurolub 709XXX Lagerfit EP 2 LA,,,,,,,,,,,,,,,,,https://eurolub.com/userdata/dcshop/images/thumb_2/433503_709180.png,kg,8708949900,,,,,
eurolub-709xxx-lagerfit-ep-2-la,,,,,,,,,400 g,,,,,EUROLUB-709400,,shopify,continue,manual,,,TRUE,TRUE,709400,https://eurolub.com/userdata/dcshop/images/thumb_2/433503_709180.png,6,Eurolub 709XXX Lagerfit EP 2 LA,,,,,,,,,,,,,,,,,https://eurolub.com/userdata/dcshop/images/thumb_2/732003_709400.png,kg,8708949900,,,,,
eurolub-709xxx-lagerfit-ep-2-la,,,,,,,,,500 g,,,,,EUROLUB-709500,,shopify,continue,manual,,,TRUE,TRUE,709500,https://eurolub.com/userdata/dcshop/images/thumb_2/732003_709400.png,7,Eurolub 709XXX Lagerfit EP 2 LA,,,,,,,,,,,,,,,,,https://eurolub.com/userdata/dcshop/images/thumb_2/930292_709500.png,kg,8708949900,,,,,
eurolub-709xxx-lagerfit-ep-2-la,,,,,,,,,,,,,,,,,,,,,,,,https://eurolub.com/userdata/dcshop/images/thumb_2/930292_709500.png,8,Eurolub 709XXX Lagerfit EP 2 LA,,,,,,,,,,,,,,,,,,,,,,,,
eurolub-719xxx-long-life-grease-lzf-2-blue,Eurolub 719XXX Long-Life Grease LZF 2 Blue,"<h4><strong>Description</strong></h4><p>This is Eurolub 719XXX Long-Life Grease LZF 2 Blue</p>        <p>&nbsp;</p>        <h4>Compatibility</h4><p>Feel free to contact us at info@mlperformance.co.uk should you wish to double check!</p>        <p>&nbsp;</p>        <h4>Compatibility Check</h4><p>To ensure the part(s) you have ordered fits your vehicle, we run a compatibility check prior to dispatch. We can do this either using your registration number (UK) or the last 7 digits of your VIN. Simply enter your car details prior to checkout.</p>        <p>&nbsp;</p>        <h4>Part Number</h4><p>EUROLUB-719005 (5 KG)</p><p>EUROLUB-719015 (15 KG)</p><p>EUROLUB-719025 (25 KG)</p><p>EUROLUB-719400 (400 g)</p><p>EUROLUB-719500 (500 g)</p>        <p>&nbsp;</p>        <h4>More Information</h4><p><strong>Manufactured by</strong></p><p>Eurolub</p>",Eurolub,Eurolub 719XXX Long-Life Grease LZF 2 Blue,,"Uploaded by_Muazzim, MLP Discount 2026, Brand_Eurolub, 2026_New Products, Product Type_",TRUE,Options,5 KG,,,,,EUROLUB-719005,,shopify,continue,manual,,,TRUE,TRUE,719005,https://eurolub.com/userdata/dcshop/images/thumb_3/566787_719xxx.png,1,Eurolub 719XXX Long-Life Grease LZF 2 Blue,,Eurolub 719XXX Long-Life Grease LZF 2 Blue,Get Eurolub 719XXX Long-Life Grease LZF 2 Blue for your car to get your desired looks and performance from ML Performance at the lowest price with FREE UK shipping & next day delivery on in stock items. Very cheap prices & good service.,,,,719005,,,new,,,,,,,https://eurolub.com/userdata/dcshop/images/thumb_2/225128_719005.png,kg,8708949900,,,,,active
eurolub-719xxx-long-life-grease-lzf-2-blue,,,,,,,,,15 KG,,,,,EUROLUB-719015,,shopify,continue,manual,,,TRUE,TRUE,719015,https://eurolub.com/userdata/dcshop/images/thumb_2/225128_719005.png,2,Eurolub 719XXX Long-Life Grease LZF 2 Blue,,,,,,,,,,,,,,,,,https://eurolub.com/userdata/dcshop/images/thumb_2/630810_719015.png,kg,8708949900,,,,,
eurolub-719xxx-long-life-grease-lzf-2-blue,,,,,,,,,25 KG,,,,,EUROLUB-719025,,shopify,continue,manual,,,TRUE,TRUE,719025,https://eurolub.com/userdata/dcshop/images/thumb_2/630810_719015.png,3,Eurolub 719XXX Long-Life Grease LZF 2 Blue,,,,,,,,,,,,,,,,,https://eurolub.com/userdata/dcshop/images/thumb_2/451469_719025.png,kg,8708949900,,,,,
eurolub-719xxx-long-life-grease-lzf-2-blue,,,,,,,,,400 g,,,,,EUROLUB-719400,,shopify,continue,manual,,,TRUE,TRUE,719400,https://eurolub.com/userdata/dcshop/images/thumb_2/451469_719025.png,4,Eurolub 719XXX Long-Life Grease LZF 2 Blue,,,,,,,,,,,,,,,,,https://eurolub.com/userdata/dcshop/images/thumb_2/300158_719400.png,kg,8708949900,,,,,
eurolub-719xxx-long-life-grease-lzf-2-blue,,,,,,,,,500 g,,,,,EUROLUB-719500,,shopify,continue,manual,,,TRUE,TRUE,719500,https://eurolub.com/userdata/dcshop/images/thumb_2/300158_719400.png,5,Eurolub 719XXX Long-Life Grease LZF 2 Blue,,,,,,,,,,,,,,,,,https://eurolub.com/userdata/dcshop/images/thumb_2/62578_719500.png,kg,8708949900,,,,,
eurolub-719xxx-long-life-grease-lzf-2-blue,,,,,,,,,,,,,,,,,,,,,,,,https://eurolub.com/userdata/dcshop/images/thumb_2/62578_719500.png,6,Eurolub 719XXX Long-Life Grease LZF 2 Blue,,,,,,,,,,,,,,,,,,,,,,,,
eurolub-707xxx-top-3000,Eurolub 707XXX TOP 3000,"<h4><strong>Description</strong></h4><p>Yellow, specially calcium-saponified long-lasting EP grease that was developed to withstand high pressure stress and vibrations. Extremely adhesive. Exceptionally water-resistant. Operating temperature: -30°C up to +110°C. Colour: yellow.</p>        <p>&nbsp;</p>        <h4>Compatibility</h4><p>Feel free to contact us at info@mlperformance.co.uk should you wish to double check!</p>        <p>&nbsp;</p>        <h4>Compatibility Check</h4><p>To ensure the part(s) you have ordered fits your vehicle, we run a compatibility check prior to dispatch. We can do this either using your registration number (UK) or the last 7 digits of your VIN. Simply enter your car details prior to checkout.</p>        <p>&nbsp;</p>        <h4>Part Number</h4><p>EUROLUB-707015 (15 KG)</p><p>EUROLUB-707500 (500 g)</p>        <p>&nbsp;</p>        <h4>More Information</h4><p><strong>Manufactured by</strong></p><p>Eurolub</p>",Eurolub,Eurolub 707XXX TOP 3000,,"Uploaded by_Muazzim, MLP Discount 2026, Brand_Eurolub, 2026_New Products, Product Type_",TRUE,Options,15 KG,,,,,EUROLUB-707015,,shopify,continue,manual,,,TRUE,TRUE,707015,https://eurolub.com/userdata/dcshop/images/thumb_3/263638_707xxx.png,1,Eurolub 707XXX TOP 3000,,Eurolub 707XXX TOP 3000,Get Eurolub 707XXX TOP 3000 for your car to get your desired looks and performance from ML Performance at the lowest price with FREE UK shipping & next day delivery on in stock items. Very cheap prices & good service.,,,,707015,,,new,,,,,,,https://eurolub.com/userdata/dcshop/images/thumb_2/995629_707015.png,kg,8708949900,,,,,active
eurolub-707xxx-top-3000,,,,,,,,,500 g,,,,,EUROLUB-707500,,shopify,continue,manual,,,TRUE,TRUE,707500,https://eurolub.com/userdata/dcshop/images/thumb_2/995629_707015.png,2,Eurolub 707XXX TOP 3000,,,,,,,,,,,,,,,,,https://eurolub.com/userdata/dcshop/images/thumb_2/303593_707500.png,kg,8708949900,,,,,
eurolub-707xxx-top-3000,,,,,,,,,,,,,,,,,,,,,,,,https://eurolub.com/userdata/dcshop/images/thumb_2/303593_707500.png,3,Eurolub 707XXX TOP 3000,,,,,,,,,,,,,,,,,,,,,,,,
eurolub-708xxx-gearfit-ep-00-000,Eurolub 708XXX Gearfit EP 00-000,"<h4><strong>Description</strong></h4><p>For central lubrication systems in commercial vehicles and units that are operated outdoors and whose lines are laid over long distances (lithium-saponified). Operating temperature: -50°C up to +120°C. Colour: green.</p>        <p>&nbsp;</p>        <h4>Compatibility</h4><p>Feel free to contact us at info@mlperformance.co.uk should you wish to double check!</p>        <p>&nbsp;</p>        <h4>Compatibility Check</h4><p>To ensure the part(s) you have ordered fits your vehicle, we run a compatibility check prior to dispatch. We can do this either using your registration number (UK) or the last 7 digits of your VIN. Simply enter your car details prior to checkout.</p>        <p>&nbsp;</p>        <h4>Part Number</h4><p>EUROLUB-708005 (5 KG)</p><p>EUROLUB-708015 (15 KG)</p><p>EUROLUB-708025 (25 KG)</p><p>EUROLUB-708180 (180 KG)</p><p>EUROLUB-708900 (900 g)</p>        <p>&nbsp;</p>        <h4>More Information</h4><p><strong>Manufactured by</strong></p><p>Eurolub</p>",Eurolub,Eurolub 708XXX Gearfit EP 00-000,,"Uploaded by_Muazzim, MLP Discount 2026, Brand_Eurolub, 2026_New Products, Product Type_",TRUE,Options,5 KG,,,,,EUROLUB-708005,,shopify,continue,manual,,,TRUE,TRUE,708005,https://eurolub.com/userdata/dcshop/images/thumb_3/803823_708xxx.png,1,Eurolub 708XXX Gearfit EP 00-000,,Eurolub 708XXX Gearfit EP 00-000,Get Eurolub 708XXX Gearfit EP 00-000 for your car to get your desired looks and performance from ML Performance at the lowest price with FREE UK shipping & next day delivery on in stock items. Very cheap prices & good service.,,,,708005,,,new,,,,,,,https://eurolub.com/userdata/dcshop/images/thumb_2/95503_708005.png,kg,8708949900,,,,,active
eurolub-708xxx-gearfit-ep-00-000,,,,,,,,,15 KG,,,,,EUROLUB-708015,,shopify,continue,manual,,,TRUE,TRUE,708015,https://eurolub.com/userdata/dcshop/images/thumb_2/95503_708005.png,2,Eurolub 708XXX Gearfit EP 00-000,,,,,,,,,,,,,,,,,https://eurolub.com/userdata/dcshop/images/thumb_2/753462_708015.png,kg,8708949900,,,,,
eurolub-708xxx-gearfit-ep-00-000,,,,,,,,,25 KG,,,,,EUROLUB-708025,,shopify,continue,manual,,,TRUE,TRUE,708025,https://eurolub.com/userdata/dcshop/images/thumb_2/753462_708015.png,3,Eurolub 708XXX Gearfit EP 00-000,,,,,,,,,,,,,,,,,https://eurolub.com/userdata/dcshop/images/thumb_2/589795_708025.png,kg,8708949900,,,,,
eurolub-708xxx-gearfit-ep-00-000,,,,,,,,,180 KG,,,,,EUROLUB-708180,,shopify,continue,manual,,,TRUE,TRUE,708180,https://eurolub.com/userdata/dcshop/images/thumb_2/589795_708025.png,4,Eurolub 708XXX Gearfit EP 00-000,,,,,,,,,,,,,,,,,https://eurolub.com/userdata/dcshop/images/thumb_2/326274_708180.png,kg,8708949900,,,,,
eurolub-708xxx-gearfit-ep-00-000,,,,,,,,,900 g,,,,,EUROLUB-708900,,shopify,continue,manual,,,TRUE,TRUE,708900,https://eurolub.com/userdata/dcshop/images/thumb_2/326274_708180.png,5,Eurolub 708XXX Gearfit EP 00-000,,,,,,,,,,,,,,,,,https://eurolub.com/userdata/dcshop/images/thumb_2/353547_708900.png,kg,8708949900,,,,,
eurolub-708xxx-gearfit-ep-00-000,,,,,,,,,,,,,,,,,,,,,,,,https://eurolub.com/userdata/dcshop/images/thumb_2/353547_708900.png,6,Eurolub 708XXX Gearfit EP 00-000,,,,,,,,,,,,,,,,,,,,,,,,
eurolub-714xxx-lagerfit-litho-plex-ep-2,Eurolub 714XXX Lagerfit Litho-Plex EP 2,"<h4><strong>Description</strong></h4><p>Lithium complex soap-thickened grease for lubricating friction and anti-friction bearings that operate under high pressure. Operating temperature: -30°C up to +150°C. Colour: blue.</p>        <p>&nbsp;</p>        <h4>Compatibility</h4><ul><li>MB 265.1</li><li>MAN 284 Li-H2</li></ul><p>Feel free to contact us at info@mlperformance.co.uk should you wish to double check!</p>        <p>&nbsp;</p>        <h4>Compatibility Check</h4><p>To ensure the part(s) you have ordered fits your vehicle, we run a compatibility check prior to dispatch. We can do this either using your registration number (UK) or the last 7 digits of your VIN. Simply enter your car details prior to checkout.</p>        <p>&nbsp;</p>        <h4>Part Number</h4><p>EUROLUB-714400 (400 g)</p>        <p>&nbsp;</p>        <h4>More Information</h4><p><strong>Manufactured by</strong></p><p>Eurolub</p>",Eurolub,Eurolub 714XXX Lagerfit Litho-Plex EP 2,,"Uploaded by_Muazzim, MLP Discount 2026, Brand_Eurolub, 2026_New Products, Product Type_",TRUE,Options,400 g,,,,,EUROLUB-714400,,shopify,continue,manual,,,TRUE,TRUE,714400,https://eurolub.com/userdata/dcshop/images/thumb_3/732237_714xxx.png,1,Eurolub 714XXX Lagerfit Litho-Plex EP 2,,Eurolub 714XXX Lagerfit Litho-Plex EP 2,Get Eurolub 714XXX Lagerfit Litho-Plex EP 2 for your car to get your desired looks and performance from ML Performance at the lowest price with FREE UK shipping & next day delivery on in stock items. Very cheap prices & good service.,,,,714400,,,new,,,,,,,https://eurolub.com/userdata/dcshop/images/thumb_2/81618_714400.png,kg,8708949900,,,,,active
eurolub-714xxx-lagerfit-litho-plex-ep-2,,,,,,,,,,,,,,,,,,,,,,,,https://eurolub.com/userdata/dcshop/images/thumb_2/81618_714400.png,2,Eurolub 714XXX Lagerfit Litho-Plex EP 2,,,,,,,,,,,,,,,,,,,,,,,,
eurolub-720xxx-wire-rope-grease-tw,Eurolub 720XXX Wire Rope Grease TW,"<h4><strong>Description</strong></h4><p>Highly adhesive lubricant and anti-corrosive for wire ropes and use as automobile cavity protection and underbody coating.</p>        <p>&nbsp;</p>        <h4>Compatibility</h4><p>Feel free to contact us at info@mlperformance.co.uk should you wish to double check!</p>        <p>&nbsp;</p>        <h4>Compatibility Check</h4><p>To ensure the part(s) you have ordered fits your vehicle, we run a compatibility check prior to dispatch. We can do this either using your registration number (UK) or the last 7 digits of your VIN. Simply enter your car details prior to checkout.</p>        <p>&nbsp;</p>        <h4>Part Number</h4><p>EUROLUB-720001 (1 L)</p><p>EUROLUB-720005 (5 L)</p><p>EUROLUB-720600 (600 ml)</p>        <p>&nbsp;</p>        <h4>More Information</h4><p><strong>Manufactured by</strong></p><p>Eurolub</p>",Eurolub,Eurolub 720XXX Wire Rope Grease TW,,"Uploaded by_Muazzim, MLP Discount 2026, Brand_Eurolub, 2026_New Products, Product Type_",TRUE,Options,1 L,,,,,EUROLUB-720001,,shopify,continue,manual,,,TRUE,TRUE,720001,https://eurolub.com/userdata/dcshop/images/thumb_3/581418_720xxx.png,1,Eurolub 720XXX Wire Rope Grease TW,,Eurolub 720XXX Wire Rope Grease TW,Get Eurolub 720XXX Wire Rope Grease TW for your car to get your desired looks and performance from ML Performance at the lowest price with FREE UK shipping & next day delivery on in stock items. Very cheap prices & good service.,,,,720001,,,new,,,,,,,https://eurolub.com/userdata/dcshop/images/thumb_2/925161_720001.png,kg,8708949900,,,,,active
eurolub-720xxx-wire-rope-grease-tw,,,,,,,,,5 L,,,,,EUROLUB-720005,,shopify,continue,manual,,,TRUE,TRUE,720005,https://eurolub.com/userdata/dcshop/images/thumb_2/925161_720001.png,2,Eurolub 720XXX Wire Rope Grease TW,,,,,,,,,,,,,,,,,https://eurolub.com/userdata/dcshop/images/thumb_2/219529_720005.png,kg,8708949900,,,,,
eurolub-720xxx-wire-rope-grease-tw,,,,,,,,,600 ml,,,,,EUROLUB-720600,,shopify,continue,manual,,,TRUE,TRUE,720600,https://eurolub.com/userdata/dcshop/images/thumb_2/219529_720005.png,3,Eurolub 720XXX Wire Rope Grease TW,,,,,,,,,,,,,,,,,https://eurolub.com/userdata/dcshop/images/thumb_2/835583_720600.png,kg,8708949900,,,,,
eurolub-720xxx-wire-rope-grease-tw,,,,,,,,,,,,,,,,,,,,,,,,https://eurolub.com/userdata/dcshop/images/thumb_2/835583_720600.png,4,Eurolub 720XXX Wire Rope Grease TW,,,,,,,,,,,,,,,,,,,,,,,,
eurolub-718xxx-wire-rope-fluid,Eurolub 718XXX Wire Rope Fluid,"<h4><strong>Description</strong></h4><p>This is Eurolub 718XXX Wire Rope Fluid</p>        <p>&nbsp;</p>        <h4>Compatibility</h4><p>Feel free to contact us at info@mlperformance.co.uk should you wish to double check!</p>        <p>&nbsp;</p>        <h4>Compatibility Check</h4><p>To ensure the part(s) you have ordered fits your vehicle, we run a compatibility check prior to dispatch. We can do this either using your registration number (UK) or the last 7 digits of your VIN. Simply enter your car details prior to checkout.</p>        <p>&nbsp;</p>        <h4>Part Number</h4><p>EUROLUB-718001 (1 L)</p><p>EUROLUB-718600 (600 ml)</p>        <p>&nbsp;</p>        <h4>More Information</h4><p><strong>Manufactured by</strong></p><p>Eurolub</p>",Eurolub,Eurolub 718XXX Wire Rope Fluid,,"Uploaded by_Muazzim, MLP Discount 2026, Brand_Eurolub, 2026_New Products, Product Type_",TRUE,Options,1 L,,,,,EUROLUB-718001,,shopify,continue,manual,,,TRUE,TRUE,718001,https://eurolub.com/userdata/dcshop/images/thumb_3/822658_718xxx.png,1,Eurolub 718XXX Wire Rope Fluid,,Eurolub 718XXX Wire Rope Fluid,Get Eurolub 718XXX Wire Rope Fluid for your car to get your desired looks and performance from ML Performance at the lowest price with FREE UK shipping & next day delivery on in stock items. Very cheap prices & good service.,,,,718001,,,new,,,,,,,https://eurolub.com/userdata/dcshop/images/thumb_2/305146_718001.png,kg,8708949900,,,,,active
eurolub-718xxx-wire-rope-fluid,,,,,,,,,600 ml,,,,,EUROLUB-718600,,shopify,continue,manual,,,TRUE,TRUE,718600,https://eurolub.com/userdata/dcshop/images/thumb_2/305146_718001.png,2,Eurolub 718XXX Wire Rope Fluid,,,,,,,,,,,,,,,,,https://eurolub.com/userdata/dcshop/images/thumb_2/582904_718600.png,kg,8708949900,,,,,
eurolub-718xxx-wire-rope-fluid,,,,,,,,,,,,,,,,,,,,,,,,https://eurolub.com/userdata/dcshop/images/thumb_2/582904_718600.png,3,Eurolub 718XXX Wire Rope Fluid,,,,,,,,,,,,,,,,,,,,,,,,
eurolub-538xxx-saw-chain-medium,Eurolub 538XXX Saw Chain Medium,"<h4><strong>Description</strong></h4><p>Chain Saw Medium offers unrivaled adhesive properties alongside exceptional temperature characteristics and good lubricating properties. Chain Saw Medium is a highly developed product suitable for use in chain saws of all makes.</p>        <p>&nbsp;</p>        <h4>Compatibility</h4><p>Feel free to contact us at info@mlperformance.co.uk should you wish to double check!</p>        <p>&nbsp;</p>        <h4>Compatibility Check</h4><p>To ensure the part(s) you have ordered fits your vehicle, we run a compatibility check prior to dispatch. We can do this either using your registration number (UK) or the last 7 digits of your VIN. Simply enter your car details prior to checkout.</p>        <p>&nbsp;</p>        <h4>Part Number</h4><p>EUROLUB-538005 (5 L)</p><p>EUROLUB-538020 (20 L)</p><p>EUROLUB-538060 (60 L)</p><p>EUROLUB-538208 (208 L)</p><p>EUROLUB-538100 (1000 L)</p>        <p>&nbsp;</p>        <h4>More Information</h4><p><strong>Manufactured by</strong></p><p>Eurolub</p>",Eurolub,Eurolub 538XXX Saw Chain Medium,,"Uploaded by_Muazzim, MLP Discount 2026, Brand_Eurolub, 2026_New Products, Product Type_",TRUE,Options,5 L,,,,,EUROLUB-538005,,shopify,continue,manual,,,TRUE,TRUE,538005,https://eurolub.com/userdata/dcshop/images/thumb_3/916336_538xxx.png,1,Eurolub 538XXX Saw Chain Medium,,Eurolub 538XXX Saw Chain Medium,Get Eurolub 538XXX Saw Chain Medium for your car to get your desired looks and performance from ML Performance at the lowest price with FREE UK shipping & next day delivery on in stock items. Very cheap prices & good service.,,,,538005,,,new,,,,,,,https://eurolub.com/userdata/dcshop/images/thumb_2/216093_538005.png,kg,8708949900,,,,,active
eurolub-538xxx-saw-chain-medium,,,,,,,,,20 L,,,,,EUROLUB-538020,,shopify,continue,manual,,,TRUE,TRUE,538020,https://eurolub.com/userdata/dcshop/images/thumb_2/216093_538005.png,2,Eurolub 538XXX Saw Chain Medium,,,,,,,,,,,,,,,,,https://eurolub.com/userdata/dcshop/images/thumb_2/614648_538020.png,kg,8708949900,,,,,
eurolub-538xxx-saw-chain-medium,,,,,,,,,60 L,,,,,EUROLUB-538060,,shopify,continue,manual,,,TRUE,TRUE,538060,https://eurolub.com/userdata/dcshop/images/thumb_2/614648_538020.png,3,Eurolub 538XXX Saw Chain Medium,,,,,,,,,,,,,,,,,https://eurolub.com/userdata/dcshop/images/thumb_2/114164_538060.png,kg,8708949900,,,,,
eurolub-538xxx-saw-chain-medium,,,,,,,,,208 L,,,,,EUROLUB-538208,,shopify,continue,manual,,,TRUE,TRUE,538208,https://eurolub.com/userdata/dcshop/images/thumb_2/114164_538060.png,4,Eurolub 538XXX Saw Chain Medium,,,,,,,,,,,,,,,,,https://eurolub.com/userdata/dcshop/images/thumb_2/482710_538208.png,kg,8708949900,,,,,
eurolub-538xxx-saw-chain-medium,,,,,,,,,1000 L,,,,,EUROLUB-538100,,shopify,continue,manual,,,TRUE,TRUE,538100,https://eurolub.com/userdata/dcshop/images/thumb_2/482710_538208.png,5,Eurolub 538XXX Saw Chain Medium,,,,,,,,,,,,,,,,,https://eurolub.com/userdata/dcshop/images/thumb_2/528125_211100.png,kg,8708949900,,,,,
eurolub-538xxx-saw-chain-medium,,,,,,,,,,,,,,,,,,,,,,,,https://eurolub.com/userdata/dcshop/images/thumb_2/528125_211100.png,6,Eurolub 538XXX Saw Chain Medium,,,,,,,,,,,,,,,,,,,,,,,,
eurolub-541xxx-nirostol-1-spray-oil-light,Eurolub 541XXX Nirostol 1 Spray Oil Light,"<h4><strong>Description</strong></h4><p>Nirostol 1 is a low-viscosity anti-corrosion oil. It is used to preserve workpieces of all kinds during extended storage.</p>        <p>&nbsp;</p>        <h4>Compatibility</h4><p>Feel free to contact us at info@mlperformance.co.uk should you wish to double check!</p>        <p>&nbsp;</p>        <h4>Compatibility Check</h4><p>To ensure the part(s) you have ordered fits your vehicle, we run a compatibility check prior to dispatch. We can do this either using your registration number (UK) or the last 7 digits of your VIN. Simply enter your car details prior to checkout.</p>        <p>&nbsp;</p>        <h4>Part Number</h4><p>EUROLUB-541020 (20 L)</p><p>EUROLUB-541060 (60 L)</p><p>EUROLUB-541208 (208 L)</p>        <p>&nbsp;</p>        <h4>More Information</h4><p><strong>Manufactured by</strong></p><p>Eurolub</p>",Eurolub,Eurolub 541XXX Nirostol 1 Spray Oil Light,,"Uploaded by_Muazzim, MLP Discount 2026, Brand_Eurolub, 2026_New Products, Product Type_",TRUE,Options,20 L,,,,,EUROLUB-541020,,shopify,continue,manual,,,TRUE,TRUE,541020,https://eurolub.com/userdata/dcshop/images/thumb_3/15129_541xxx.png,1,Eurolub 541XXX Nirostol 1 Spray Oil Light,,Eurolub 541XXX Nirostol 1 Spray Oil Light,Get Eurolub 541XXX Nirostol 1 Spray Oil Light for your car to get your desired looks and performance from ML Performance at the lowest price with FREE UK shipping & next day delivery on in stock items. Very cheap prices & good service.,,,,541020,,,new,,,,,,,https://eurolub.com/userdata/dcshop/images/thumb_2/907788_541020.png,kg,8708949900,,,,,active
eurolub-541xxx-nirostol-1-spray-oil-light,,,,,,,,,60 L,,,,,EUROLUB-541060,,shopify,continue,manual,,,TRUE,TRUE,541060,https://eurolub.com/userdata/dcshop/images/thumb_2/907788_541020.png,2,Eurolub 541XXX Nirostol 1 Spray Oil Light,,,,,,,,,,,,,,,,,https://eurolub.com/userdata/dcshop/images/thumb_2/243119_541060.png,kg,8708949900,,,,,
eurolub-541xxx-nirostol-1-spray-oil-light,,,,,,,,,208 L,,,,,EUROLUB-541208,,shopify,continue,manual,,,TRUE,TRUE,541208,https://eurolub.com/userdata/dcshop/images/thumb_2/243119_541060.png,3,Eurolub 541XXX Nirostol 1 Spray Oil Light,,,,,,,,,,,,,,,,,https://eurolub.com/userdata/dcshop/images/thumb_2/250821_541208.png,kg,8708949900,,,,,
eurolub-541xxx-nirostol-1-spray-oil-light,,,,,,,,,,,,,,,,,,,,,,,,https://eurolub.com/userdata/dcshop/images/thumb_2/250821_541208.png,4,Eurolub 541XXX Nirostol 1 Spray Oil Light,,,,,,,,,,,,,,,,,,,,,,,,
eurolub-539xxx-bio-chain-oil-uws,Eurolub 539XXX Bio Chain Oil UWS,"<h4><strong>Description</strong></h4><p>Chain saw oil based on rapeseed oil. For chain saws used in professional applications. Exceptional lubricating properties, good aging resistance.</p>        <p>&nbsp;</p>        <h4>Compatibility</h4><p>Feel free to contact us at info@mlperformance.co.uk should you wish to double check!</p>        <p>&nbsp;</p>        <h4>Compatibility Check</h4><p>To ensure the part(s) you have ordered fits your vehicle, we run a compatibility check prior to dispatch. We can do this either using your registration number (UK) or the last 7 digits of your VIN. Simply enter your car details prior to checkout.</p>        <p>&nbsp;</p>        <h4>Part Number</h4><p>EUROLUB-539005 (5 L)</p><p>EUROLUB-539020 (20 L)</p><p>EUROLUB-539060 (60 L)</p><p>EUROLUB-539208 (208 L)</p><p>EUROLUB-539100 (1000 L)</p>        <p>&nbsp;</p>        <h4>More Information</h4><p><strong>Manufactured by</strong></p><p>Eurolub</p>",Eurolub,Eurolub 539XXX Bio Chain Oil UWS,,"Uploaded by_Muazzim, MLP Discount 2026, Brand_Eurolub, 2026_New Products, Product Type_",TRUE,Options,5 L,,,,,EUROLUB-539005,,shopify,continue,manual,,,TRUE,TRUE,539005,https://eurolub.com/userdata/dcshop/images/thumb_3/125591_539xxx.png,1,Eurolub 539XXX Bio Chain Oil UWS,,Eurolub 539XXX Bio Chain Oil UWS,Get Eurolub 539XXX Bio Chain Oil UWS for your car to get your desired looks and performance from ML Performance at the lowest price with FREE UK shipping & next day delivery on in stock items. Very cheap prices & good service.,,,,539005,,,new,,,,,,,https://eurolub.com/userdata/dcshop/images/thumb_2/528283_539005.png,kg,8708949900,,,,,active
eurolub-539xxx-bio-chain-oil-uws,,,,,,,,,20 L,,,,,EUROLUB-539020,,shopify,continue,manual,,,TRUE,TRUE,539020,https://eurolub.com/userdata/dcshop/images/thumb_2/528283_539005.png,2,Eurolub 539XXX Bio Chain Oil UWS,,,,,,,,,,,,,,,,,https://eurolub.com/userdata/dcshop/images/thumb_2/424714_539020.png,kg,8708949900,,,,,
eurolub-539xxx-bio-chain-oil-uws,,,,,,,,,60 L,,,,,EUROLUB-539060,,shopify,continue,manual,,,TRUE,TRUE,539060,https://eurolub.com/userdata/dcshop/images/thumb_2/424714_539020.png,3,Eurolub 539XXX Bio Chain Oil UWS,,,,,,,,,,,,,,,,,https://eurolub.com/userdata/dcshop/images/thumb_2/635394_539060.png,kg,8708949900,,,,,
eurolub-539xxx-bio-chain-oil-uws,,,,,,,,,208 L,,,,,EUROLUB-539208,,shopify,continue,manual,,,TRUE,TRUE,539208,https://eurolub.com/userdata/dcshop/images/thumb_2/635394_539060.png,4,Eurolub 539XXX Bio Chain Oil UWS,,,,,,,,,,,,,,,,,https://eurolub.com/userdata/dcshop/images/thumb_2/829697_539208.png,kg,8708949900,,,,,
eurolub-539xxx-bio-chain-oil-uws,,,,,,,,,1000 L,,,,,EUROLUB-539100,,shopify,continue,manual,,,TRUE,TRUE,539100,https://eurolub.com/userdata/dcshop/images/thumb_2/829697_539208.png,5,Eurolub 539XXX Bio Chain Oil UWS,,,,,,,,,,,,,,,,,https://eurolub.com/userdata/dcshop/images/thumb_2/987600_211100.png,kg,8708949900,,,,,
eurolub-539xxx-bio-chain-oil-uws,,,,,,,,,,,,,,,,,,,,,,,,https://eurolub.com/userdata/dcshop/images/thumb_2/987600_211100.png,6,Eurolub 539XXX Bio Chain Oil UWS,,,,,,,,,,,,,,,,,,,,,,,,
eurolub-680xxx-w4,Eurolub 680XXX W4,"<h4><strong>Description</strong></h4><p>This concentrate is a water-soluble coolant that contains mineral oil.</p>        <p>&nbsp;</p>        <h4>Compatibility</h4><p>Feel free to contact us at info@mlperformance.co.uk should you wish to double check!</p>        <p>&nbsp;</p>        <h4>Compatibility Check</h4><p>To ensure the part(s) you have ordered fits your vehicle, we run a compatibility check prior to dispatch. We can do this either using your registration number (UK) or the last 7 digits of your VIN. Simply enter your car details prior to checkout.</p>        <p>&nbsp;</p>        <h4>Part Number</h4><p>EUROLUB-680005 (5 L)</p><p>EUROLUB-680020 (20 L)</p><p>EUROLUB-680060 (60 L)</p><p>EUROLUB-680208 (208 L)</p><p>EUROLUB-680100 (1000 L)</p>        <p>&nbsp;</p>        <h4>More Information</h4><p><strong>Manufactured by</strong></p><p>Eurolub</p>",Eurolub,Eurolub 680XXX W4,,"Uploaded by_Muazzim, MLP Discount 2026, Brand_Eurolub, 2026_New Products, Product Type_",TRUE,Options,5 L,,,,,EUROLUB-680005,,shopify,continue,manual,,,TRUE,TRUE,680005,https://eurolub.com/userdata/dcshop/images/thumb_3/806286_680xxx.png,1,Eurolub 680XXX W4,,Eurolub 680XXX W4,Get Eurolub 680XXX W4 for your car to get your desired looks and performance from ML Performance at the lowest price with FREE UK shipping & next day delivery on in stock items. Very cheap prices & good service.,,,,680005,,,new,,,,,,,https://eurolub.com/userdata/dcshop/images/thumb_2/416438_680005.png,kg,8708949900,,,,,active
eurolub-680xxx-w4,,,,,,,,,20 L,,,,,EUROLUB-680020,,shopify,continue,manual,,,TRUE,TRUE,680020,https://eurolub.com/userdata/dcshop/images/thumb_2/416438_680005.png,2,Eurolub 680XXX W4,,,,,,,,,,,,,,,,,https://eurolub.com/userdata/dcshop/images/thumb_2/886987_680020.png,kg,8708949900,,,,,
eurolub-680xxx-w4,,,,,,,,,60 L,,,,,EUROLUB-680060,,shopify,continue,manual,,,TRUE,TRUE,680060,https://eurolub.com/userdata/dcshop/images/thumb_2/886987_680020.png,3,Eurolub 680XXX W4,,,,,,,,,,,,,,,,,https://eurolub.com/userdata/dcshop/images/thumb_2/780794_680060.png,kg,8708949900,,,,,
eurolub-680xxx-w4,,,,,,,,,208 L,,,,,EUROLUB-680208,,shopify,continue,manual,,,TRUE,TRUE,680208,https://eurolub.com/userdata/dcshop/images/thumb_2/780794_680060.png,4,Eurolub 680XXX W4,,,,,,,,,,,,,,,,,https://eurolub.com/userdata/dcshop/images/thumb_2/641371_680208.png,kg,8708949900,,,,,
eurolub-680xxx-w4,,,,,,,,,1000 L,,,,,EUROLUB-680100,,shopify,continue,manual,,,TRUE,TRUE,680100,https://eurolub.com/userdata/dcshop/images/thumb_2/641371_680208.png,5,Eurolub 680XXX W4,,,,,,,,,,,,,,,,,https://eurolub.com/userdata/dcshop/images/thumb_2/851070_211100.png,kg,8708949900,,,,,
eurolub-680xxx-w4,,,,,,,,,,,,,,,,,,,,,,,,https://eurolub.com/userdata/dcshop/images/thumb_2/851070_211100.png,6,Eurolub 680XXX W4,,,,,,,,,,,,,,,,,,,,,,,,
eurolub-508xxx-hees-46,Eurolub 508XXX HEES 46,"<h4><strong>Description</strong></h4><p>Hydraulic oil based on premium quality synthetic ester.</p>        <p>&nbsp;</p>        <h4>Compatibility</h4><ul><li>VDMA 24568</li><li>HEES</li></ul><p>Feel free to contact us at info@mlperformance.co.uk should you wish to double check!</p>        <p>&nbsp;</p>        <h4>Compatibility Check</h4><p>To ensure the part(s) you have ordered fits your vehicle, we run a compatibility check prior to dispatch. We can do this either using your registration number (UK) or the last 7 digits of your VIN. Simply enter your car details prior to checkout.</p>        <p>&nbsp;</p>        <h4>Part Number</h4><p>EUROLUB-508020 (20 L)</p><p>EUROLUB-508060 (60 L)</p><p>EUROLUB-508208 (208 L)</p><p>EUROLUB-508100 (1000 L)</p>        <p>&nbsp;</p>        <h4>More Information</h4><p><strong>Manufactured by</strong></p><p>Eurolub</p>",Eurolub,Eurolub 508XXX HEES 46,,"Uploaded by_Muazzim, MLP Discount 2026, Brand_Eurolub, 2026_New Products, Product Type_",TRUE,Options,20 L,,,,,EUROLUB-508020,,shopify,continue,manual,,,TRUE,TRUE,508020,https://eurolub.com/userdata/dcshop/images/thumb_3/106203_508xxx.png,1,Eurolub 508XXX HEES 46,,Eurolub 508XXX HEES 46,Get Eurolub 508XXX HEES 46 for your car to get your desired looks and performance from ML Performance at the lowest price with FREE UK shipping & next day delivery on in stock items. Very cheap prices & good service.,,,,508020,,,new,,,,,,,https://eurolub.com/userdata/dcshop/images/thumb_2/820166_508020.png,kg,8708949900,,,,,active
eurolub-508xxx-hees-46,,,,,,,,,60 L,,,,,EUROLUB-508060,,shopify,continue,manual,,,TRUE,TRUE,508060,https://eurolub.com/userdata/dcshop/images/thumb_2/820166_508020.png,2,Eurolub 508XXX HEES 46,,,,,,,,,,,,,,,,,https://eurolub.com/userdata/dcshop/images/thumb_2/822888_508060.png,kg,8708949900,,,,,
eurolub-508xxx-hees-46,,,,,,,,,208 L,,,,,EUROLUB-508208,,shopify,continue,manual,,,TRUE,TRUE,508208,https://eurolub.com/userdata/dcshop/images/thumb_2/822888_508060.png,3,Eurolub 508XXX HEES 46,,,,,,,,,,,,,,,,,https://eurolub.com/userdata/dcshop/images/thumb_2/36684_508208.png,kg,8708949900,,,,,
eurolub-508xxx-hees-46,,,,,,,,,1000 L,,,,,EUROLUB-508100,,shopify,continue,manual,,,TRUE,TRUE,508100,https://eurolub.com/userdata/dcshop/images/thumb_2/36684_508208.png,4,Eurolub 508XXX HEES 46,,,,,,,,,,,,,,,,,https://eurolub.com/userdata/dcshop/images/thumb_2/786889_211100.png,kg,8708949900,,,,,
eurolub-508xxx-hees-46,,,,,,,,,,,,,,,,,,,,,,,,https://eurolub.com/userdata/dcshop/images/thumb_2/786889_211100.png,5,Eurolub 508XXX HEES 46,,,,,,,,,,,,,,,,,,,,,,,,
eurolub-415xxx-clp-iso-vg-220,Eurolub 415XXX CLP ISO-VG 220,"<h4><strong>Description</strong></h4><p>Developed for lubricating heavy-duty industrial gears, improved by EP additives and corrosion inhibitors.</p>        <p>&nbsp;</p>        <h4>Compatibility</h4><ul><li>AIST 224</li><li>AGMA 9005 E02 (EP)</li></ul><p>Feel free to contact us at info@mlperformance.co.uk should you wish to double check!</p>        <p>&nbsp;</p>        <h4>Compatibility Check</h4><p>To ensure the part(s) you have ordered fits your vehicle, we run a compatibility check prior to dispatch. We can do this either using your registration number (UK) or the last 7 digits of your VIN. Simply enter your car details prior to checkout.</p>        <p>&nbsp;</p>        <h4>Part Number</h4><p>EUROLUB-415020 (20 L)</p><p>EUROLUB-415060 (60 L)</p><p>EUROLUB-415208 (208 L)</p><p>EUROLUB-415100 (1000 L)</p>        <p>&nbsp;</p>        <h4>More Information</h4><p><strong>Manufactured by</strong></p><p>Eurolub</p>",Eurolub,Eurolub 415XXX CLP ISO-VG 220,,"Uploaded by_Muazzim, MLP Discount 2026, Brand_Eurolub, 2026_New Products, Product Type_",TRUE,Options,20 L,,,,,EUROLUB-415020,,shopify,continue,manual,,,TRUE,TRUE,415020,https://eurolub.com/userdata/dcshop/images/thumb_3/200477_415xxx.png,1,Eurolub 415XXX CLP ISO-VG 220,,Eurolub 415XXX CLP ISO-VG 220,Get Eurolub 415XXX CLP ISO-VG 220 for your car to get your desired looks and performance from ML Performance at the lowest price with FREE UK shipping & next day delivery on in stock items. Very cheap prices & good service.,,,,415020,,,new,,,,,,,https://eurolub.com/userdata/dcshop/images/thumb_2/212696_415020.png,kg,8708949900,,,,,active
eurolub-415xxx-clp-iso-vg-220,,,,,,,,,60 L,,,,,EUROLUB-415060,,shopify,continue,manual,,,TRUE,TRUE,415060,https://eurolub.com/userdata/dcshop/images/thumb_2/212696_415020.png,2,Eurolub 415XXX CLP ISO-VG 220,,,,,,,,,,,,,,,,,https://eurolub.com/userdata/dcshop/images/thumb_2/373302_415060.png,kg,8708949900,,,,,
eurolub-415xxx-clp-iso-vg-220,,,,,,,,,208 L,,,,,EUROLUB-415208,,shopify,continue,manual,,,TRUE,TRUE,415208,https://eurolub.com/userdata/dcshop/images/thumb_2/373302_415060.png,3,Eurolub 415XXX CLP ISO-VG 220,,,,,,,,,,,,,,,,,https://eurolub.com/userdata/dcshop/images/thumb_2/28051_415208.png,kg,8708949900,,,,,
eurolub-415xxx-clp-iso-vg-220,,,,,,,,,1000 L,,,,,EUROLUB-415100,,shopify,continue,manual,,,TRUE,TRUE,415100,https://eurolub.com/userdata/dcshop/images/thumb_2/28051_415208.png,4,Eurolub 415XXX CLP ISO-VG 220,,,,,,,,,,,,,,,,,https://eurolub.com/userdata/dcshop/images/thumb_2/653119_211100.png,kg,8708949900,,,,,
eurolub-415xxx-clp-iso-vg-220,,,,,,,,,,,,,,,,,,,,,,,,https://eurolub.com/userdata/dcshop/images/thumb_2/653119_211100.png,5,Eurolub 415XXX CLPÂ ISO-VGÂ 220,,,,,,,,,,,,,,,,,,,,,,,,
eurolub-351xxx-saw-guide-oil-special-iso-vg-150,Eurolub 351XXX Saw Guide Oil €“ Special ISO VG 150,"<h4><strong>Description</strong></h4><p>A highly stringy and adhesive lubricating oil which forms stable and pressure-resistant lubricating films. Vertical guides and sliding surfaces can be lubricated properly as the lubricating film will not tear off.</p>        <p>&nbsp;</p>        <h4>Compatibility</h4><p>Feel free to contact us at info@mlperformance.co.uk should you wish to double check!</p>        <p>&nbsp;</p>        <h4>Compatibility Check</h4><p>To ensure the part(s) you have ordered fits your vehicle, we run a compatibility check prior to dispatch. We can do this either using your registration number (UK) or the last 7 digits of your VIN. Simply enter your car details prior to checkout.</p>        <p>&nbsp;</p>        <h4>Part Number</h4><p>EUROLUB-351020 (20 L)</p><p>EUROLUB-351060 (60 L)</p><p>EUROLUB-351208 (208 L)</p><p>EUROLUB-351100 (1000 L)</p>        <p>&nbsp;</p>        <h4>More Information</h4><p><strong>Manufactured by</strong></p><p>Eurolub</p>",Eurolub,Eurolub 351XXX Saw Guide Oil €“ Special ISO VG 150,,"Uploaded by_Muazzim, MLP Discount 2026, Brand_Eurolub, 2026_New Products, Product Type_",TRUE,Options,20 L,,,,,EUROLUB-351020,,shopify,continue,manual,,,TRUE,TRUE,351020,https://eurolub.com/userdata/dcshop/images/thumb_3/337511_351xxx.png,1,Eurolub 351XXX Saw Guide Oil €“ Special ISO VG 150,,Eurolub 351XXX Saw Guide Oil €“ Special ISO VG 150,Get Eurolub 351XXX Saw Guide Oil €“ Special ISO VG 150 for your car to get your desired looks and performance from ML Performance at the lowest price with FREE UK shipping & next day delivery on in stock items. Very cheap prices & good service.,,,,351020,,,new,,,,,,,https://eurolub.com/userdata/dcshop/images/thumb_2/939493_351020.png,kg,8708949900,,,,,active
eurolub-351xxx-saw-guide-oil-special-iso-vg-150,,,,,,,,,60 L,,,,,EUROLUB-351060,,shopify,continue,manual,,,TRUE,TRUE,351060,https://eurolub.com/userdata/dcshop/images/thumb_2/939493_351020.png,2,Eurolub 351XXX Saw Guide Oil €“ Special ISO VG 150,,,,,,,,,,,,,,,,,https://eurolub.com/userdata/dcshop/images/thumb_2/914793_351060.png,kg,8708949900,,,,,
eurolub-351xxx-saw-guide-oil-special-iso-vg-150,,,,,,,,,208 L,,,,,EUROLUB-351208,,shopify,continue,manual,,,TRUE,TRUE,351208,https://eurolub.com/userdata/dcshop/images/thumb_2/914793_351060.png,3,Eurolub 351XXX Saw Guide Oil €“ Special ISO VG 150,,,,,,,,,,,,,,,,,https://eurolub.com/userdata/dcshop/images/thumb_2/521359_351208.png,kg,8708949900,,,,,
eurolub-351xxx-saw-guide-oil-special-iso-vg-150,,,,,,,,,1000 L,,,,,EUROLUB-351100,,shopify,continue,manual,,,TRUE,TRUE,351100,https://eurolub.com/userdata/dcshop/images/thumb_2/521359_351208.png,4,Eurolub 351XXX Saw Guide Oil €“ Special ISO VG 150,,,,,,,,,,,,,,,,,https://eurolub.com/userdata/dcshop/images/thumb_2/206311_211100.png,kg,8708949900,,,,,
eurolub-351xxx-saw-guide-oil-special-iso-vg-150,,,,,,,,,,,,,,,,,,,,,,,,https://eurolub.com/userdata/dcshop/images/thumb_2/206311_211100.png,5,Eurolub 351XXX Saw Guide Oil â€“ Special ISO VG 150,,,,,,,,,,,,,,,,,,,,,,,,
eurolub-350xxx-slide-and-bedway-oil-cglp-iso-vg-68,Eurolub 350XXX Slide and Bedway Oil CGLP ISO VG 68,"<h4><strong>Description</strong></h4><p>CGLP sets itself apart by its good lubricating and sliding properties as well as its exceptional adhesive power.</p>        <p>&nbsp;</p>        <h4>Compatibility</h4><p>Feel free to contact us at info@mlperformance.co.uk should you wish to double check!</p>        <p>&nbsp;</p>        <h4>Compatibility Check</h4><p>To ensure the part(s) you have ordered fits your vehicle, we run a compatibility check prior to dispatch. We can do this either using your registration number (UK) or the last 7 digits of your VIN. Simply enter your car details prior to checkout.</p>        <p>&nbsp;</p>        <h4>Part Number</h4><p>EUROLUB-350020 (20 L)</p><p>EUROLUB-350060 (60 L)</p><p>EUROLUB-350208 (208 L)</p><p>EUROLUB-350100 (1000 L)</p>        <p>&nbsp;</p>        <h4>More Information</h4><p><strong>Manufactured by</strong></p><p>Eurolub</p>",Eurolub,Eurolub 350XXX Slide and Bedway Oil CGLP ISO VG 68,,"Uploaded by_Muazzim, MLP Discount 2026, Brand_Eurolub, 2026_New Products, Product Type_",TRUE,Options,20 L,,,,,EUROLUB-350020,,shopify,continue,manual,,,TRUE,TRUE,350020,https://eurolub.com/userdata/dcshop/images/thumb_3/846952_350xxx.png,1,Eurolub 350XXX Slide and Bedway Oil CGLP ISO VG 68,,Eurolub 350XXX Slide and Bedway Oil CGLP ISO VG 68,Get Eurolub 350XXX Slide and Bedway Oil CGLP ISO VG 68 for your car to get your desired looks and performance from ML Performance at the lowest price with FREE UK shipping & next day delivery on in stock items. Very cheap prices & good service.,,,,350020,,,new,,,,,,,https://eurolub.com/userdata/dcshop/images/thumb_2/207536_350020.png,kg,8708949900,,,,,active
eurolub-350xxx-slide-and-bedway-oil-cglp-iso-vg-68,,,,,,,,,60 L,,,,,EUROLUB-350060,,shopify,continue,manual,,,TRUE,TRUE,350060,https://eurolub.com/userdata/dcshop/images/thumb_2/207536_350020.png,2,Eurolub 350XXX Slide and Bedway Oil CGLP ISO VG 68,,,,,,,,,,,,,,,,,https://eurolub.com/userdata/dcshop/images/thumb_2/579148_350060.png,kg,8708949900,,,,,
eurolub-350xxx-slide-and-bedway-oil-cglp-iso-vg-68,,,,,,,,,208 L,,,,,EUROLUB-350208,,shopify,continue,manual,,,TRUE,TRUE,350208,https://eurolub.com/userdata/dcshop/images/thumb_2/579148_350060.png,3,Eurolub 350XXX Slide and Bedway Oil CGLP ISO VG 68,,,,,,,,,,,,,,,,,https://eurolub.com/userdata/dcshop/images/thumb_2/617166_350208.png,kg,8708949900,,,,,
eurolub-350xxx-slide-and-bedway-oil-cglp-iso-vg-68,,,,,,,,,1000 L,,,,,EUROLUB-350100,,shopify,continue,manual,,,TRUE,TRUE,350100,https://eurolub.com/userdata/dcshop/images/thumb_2/617166_350208.png,4,Eurolub 350XXX Slide and Bedway Oil CGLP ISO VG 68,,,,,,,,,,,,,,,,,https://eurolub.com/userdata/dcshop/images/thumb_2/241689_211100.png,kg,8708949900,,,,,
eurolub-350xxx-slide-and-bedway-oil-cglp-iso-vg-68,,,,,,,,,,,,,,,,,,,,,,,,https://eurolub.com/userdata/dcshop/images/thumb_2/241689_211100.png,5,Eurolub 350XXX Slide and Bedway Oil CGLP ISO VG 68,,,,,,,,,,,,,,,,,,,,,,,,
eurolub-416xxx-clp-iso-vg-320,Eurolub 416XXX CLP ISO-VG 320,"<h4><strong>Description</strong></h4><p>Developed for lubricating heavy-duty industrial gears, improved by EP additives and corrosion inhibitors.</p>        <p>&nbsp;</p>        <h4>Compatibility</h4><ul><li>AIST 224</li><li>AGMA 9005 E02 (EP)</li></ul><p>Feel free to contact us at info@mlperformance.co.uk should you wish to double check!</p>        <p>&nbsp;</p>        <h4>Compatibility Check</h4><p>To ensure the part(s) you have ordered fits your vehicle, we run a compatibility check prior to dispatch. We can do this either using your registration number (UK) or the last 7 digits of your VIN. Simply enter your car details prior to checkout.</p>        <p>&nbsp;</p>        <h4>Part Number</h4><p>EUROLUB-416020 (20 L)</p><p>EUROLUB-416060 (60 L)</p><p>EUROLUB-416208 (208 L)</p>        <p>&nbsp;</p>        <h4>More Information</h4><p><strong>Manufactured by</strong></p><p>Eurolub</p>",Eurolub,Eurolub 416XXX CLP ISO-VG 320,,"Uploaded by_Muazzim, MLP Discount 2026, Brand_Eurolub, 2026_New Products, Product Type_",TRUE,Options,20 L,,,,,EUROLUB-416020,,shopify,continue,manual,,,TRUE,TRUE,416020,https://eurolub.com/userdata/dcshop/images/thumb_3/900291_416xxx.png,1,Eurolub 416XXX CLP ISO-VG 320,,Eurolub 416XXX CLP ISO-VG 320,Get Eurolub 416XXX CLP ISO-VG 320 for your car to get your desired looks and performance from ML Performance at the lowest price with FREE UK shipping & next day delivery on in stock items. Very cheap prices & good service.,,,,416020,,,new,,,,,,,https://eurolub.com/userdata/dcshop/images/thumb_2/409098_416020.png,kg,8708949900,,,,,active
eurolub-416xxx-clp-iso-vg-320,,,,,,,,,60 L,,,,,EUROLUB-416060,,shopify,continue,manual,,,TRUE,TRUE,416060,https://eurolub.com/userdata/dcshop/images/thumb_2/409098_416020.png,2,Eurolub 416XXX CLP ISO-VG 320,,,,,,,,,,,,,,,,,https://eurolub.com/userdata/dcshop/images/thumb_2/160522_416060.png,kg,8708949900,,,,,
eurolub-416xxx-clp-iso-vg-320,,,,,,,,,208 L,,,,,EUROLUB-416208,,shopify,continue,manual,,,TRUE,TRUE,416208,https://eurolub.com/userdata/dcshop/images/thumb_2/160522_416060.png,3,Eurolub 416XXX CLP ISO-VG 320,,,,,,,,,,,,,,,,,https://eurolub.com/userdata/dcshop/images/thumb_2/590135_416208.png,kg,8708949900,,,,,
eurolub-416xxx-clp-iso-vg-320,,,,,,,,,,,,,,,,,,,,,,,,https://eurolub.com/userdata/dcshop/images/thumb_2/590135_416208.png,4,Eurolub 416XXX CLP ISO-VG 320,,,,,,,,,,,,,,,,,,,,,,,,
eurolub-535xxx-release-agent-t25,Eurolub 535XXX Release Agent T25,"<h4><strong>Description</strong></h4><p>Molding and releasing fluid for the production of exposed concrete and paperhanger beton areas, concrete areas in in-situ constructions and ceiling elements.</p>        <p>&nbsp;</p>        <h4>Compatibility</h4><p>Feel free to contact us at info@mlperformance.co.uk should you wish to double check!</p>        <p>&nbsp;</p>        <h4>Compatibility Check</h4><p>To ensure the part(s) you have ordered fits your vehicle, we run a compatibility check prior to dispatch. We can do this either using your registration number (UK) or the last 7 digits of your VIN. Simply enter your car details prior to checkout.</p>        <p>&nbsp;</p>        <h4>Part Number</h4><p>EUROLUB-535020 (20 L)</p><p>EUROLUB-535060 (60 L)</p><p>EUROLUB-535208 (208 L)</p><p>EUROLUB-535100 (1000 L)</p>        <p>&nbsp;</p>        <h4>More Information</h4><p><strong>Manufactured by</strong></p><p>Eurolub</p>",Eurolub,Eurolub 535XXX Release Agent T25,,"Uploaded by_Muazzim, MLP Discount 2026, Brand_Eurolub, 2026_New Products, Product Type_",TRUE,Options,20 L,,,,,EUROLUB-535020,,shopify,continue,manual,,,TRUE,TRUE,535020,https://eurolub.com/userdata/dcshop/images/thumb_3/494659_535xxx.png,1,Eurolub 535XXX Release Agent T25,,Eurolub 535XXX Release Agent T25,Get Eurolub 535XXX Release Agent T25 for your car to get your desired looks and performance from ML Performance at the lowest price with FREE UK shipping & next day delivery on in stock items. Very cheap prices & good service.,,,,535020,,,new,,,,,,,https://eurolub.com/userdata/dcshop/images/thumb_2/260337_535020.png,kg,8708949900,,,,,active
eurolub-535xxx-release-agent-t25,,,,,,,,,60 L,,,,,EUROLUB-535060,,shopify,continue,manual,,,TRUE,TRUE,535060,https://eurolub.com/userdata/dcshop/images/thumb_2/260337_535020.png,2,Eurolub 535XXX Release Agent T25,,,,,,,,,,,,,,,,,https://eurolub.com/userdata/dcshop/images/thumb_2/841338_535060.png,kg,8708949900,,,,,
eurolub-535xxx-release-agent-t25,,,,,,,,,208 L,,,,,EUROLUB-535208,,shopify,continue,manual,,,TRUE,TRUE,535208,https://eurolub.com/userdata/dcshop/images/thumb_2/841338_535060.png,3,Eurolub 535XXX Release Agent T25,,,,,,,,,,,,,,,,,https://eurolub.com/userdata/dcshop/images/thumb_2/747985_535208.png,kg,8708949900,,,,,
eurolub-535xxx-release-agent-t25,,,,,,,,,1000 L,,,,,EUROLUB-535100,,shopify,continue,manual,,,TRUE,TRUE,535100,https://eurolub.com/userdata/dcshop/images/thumb_2/747985_535208.png,4,Eurolub 535XXX Release Agent T25,,,,,,,,,,,,,,,,,https://eurolub.com/userdata/dcshop/images/thumb_2/494724_211100.png,kg,8708949900,,,,,
eurolub-535xxx-release-agent-t25,,,,,,,,,,,,,,,,,,,,,,,,https://eurolub.com/userdata/dcshop/images/thumb_2/494724_211100.png,5,Eurolub 535XXX Release Agent T25,,,,,,,,,,,,,,,,,,,,,,,,
eurolub-414xxx-clp-iso-vg-150,Eurolub 414XXX CLP ISO-VG 150,"<h4><strong>Description</strong></h4><p>Developed for lubricating heavy-duty industrial gears, improved by EP additives and corrosion inhibitors.</p>        <p>&nbsp;</p>        <h4>Compatibility</h4><ul><li>AIST 224</li><li>AGMA 9005 E02 (EP)</li></ul><p>Feel free to contact us at info@mlperformance.co.uk should you wish to double check!</p>        <p>&nbsp;</p>        <h4>Compatibility Check</h4><p>To ensure the part(s) you have ordered fits your vehicle, we run a compatibility check prior to dispatch. We can do this either using your registration number (UK) or the last 7 digits of your VIN. Simply enter your car details prior to checkout.</p>        <p>&nbsp;</p>        <h4>Part Number</h4><p>EUROLUB-414020 (20 L)</p><p>EUROLUB-414060 (60 L)</p><p>EUROLUB-414208 (208 L)</p><p>EUROLUB-414100 (1000 L)</p>        <p>&nbsp;</p>        <h4>More Information</h4><p><strong>Manufactured by</strong></p><p>Eurolub</p>",Eurolub,Eurolub 414XXX CLP ISO-VG 150,,"Uploaded by_Muazzim, MLP Discount 2026, Brand_Eurolub, 2026_New Products, Product Type_",TRUE,Options,20 L,,,,,EUROLUB-414020,,shopify,continue,manual,,,TRUE,TRUE,414020,https://eurolub.com/userdata/dcshop/images/thumb_3/564384_414xxx.png,1,Eurolub 414XXX CLP ISO-VG 150,,Eurolub 414XXX CLP ISO-VG 150,Get Eurolub 414XXX CLP ISO-VG 150 for your car to get your desired looks and performance from ML Performance at the lowest price with FREE UK shipping & next day delivery on in stock items. Very cheap prices & good service.,,,,414020,,,new,,,,,,,https://eurolub.com/userdata/dcshop/images/thumb_2/451319_414020.png,kg,8708949900,,,,,active
eurolub-414xxx-clp-iso-vg-150,,,,,,,,,60 L,,,,,EUROLUB-414060,,shopify,continue,manual,,,TRUE,TRUE,414060,https://eurolub.com/userdata/dcshop/images/thumb_2/451319_414020.png,2,Eurolub 414XXX CLP ISO-VG 150,,,,,,,,,,,,,,,,,https://eurolub.com/userdata/dcshop/images/thumb_2/197543_414060.png,kg,8708949900,,,,,
eurolub-414xxx-clp-iso-vg-150,,,,,,,,,208 L,,,,,EUROLUB-414208,,shopify,continue,manual,,,TRUE,TRUE,414208,https://eurolub.com/userdata/dcshop/images/thumb_2/197543_414060.png,3,Eurolub 414XXX CLP ISO-VG 150,,,,,,,,,,,,,,,,,https://eurolub.com/userdata/dcshop/images/thumb_2/278109_414208.png,kg,8708949900,,,,,
eurolub-414xxx-clp-iso-vg-150,,,,,,,,,1000 L,,,,,EUROLUB-414100,,shopify,continue,manual,,,TRUE,TRUE,414100,https://eurolub.com/userdata/dcshop/images/thumb_2/278109_414208.png,4,Eurolub 414XXX CLP ISO-VG 150,,,,,,,,,,,,,,,,,https://eurolub.com/userdata/dcshop/images/thumb_2/287421_211100.png,kg,8708949900,,,,,
eurolub-414xxx-clp-iso-vg-150,,,,,,,,,,,,,,,,,,,,,,,,https://eurolub.com/userdata/dcshop/images/thumb_2/287421_211100.png,5,Eurolub 414XXX CLP ISO-VG 150,,,,,,,,,,,,,,,,,,,,,,,,
eurolub-520xxx-milking-machine-oil-10w-30,Eurolub 520XXX Milking Machine Oil 10W-30,"<h4><strong>Description</strong></h4><p>Milking machine oil is a special hydraulic fluid that has proven to be useful across a wide range of applications.</p>        <p>&nbsp;</p>        <h4>Compatibility</h4><p>Feel free to contact us at info@mlperformance.co.uk should you wish to double check!</p>        <p>&nbsp;</p>        <h4>Compatibility Check</h4><p>To ensure the part(s) you have ordered fits your vehicle, we run a compatibility check prior to dispatch. We can do this either using your registration number (UK) or the last 7 digits of your VIN. Simply enter your car details prior to checkout.</p>        <p>&nbsp;</p>        <h4>Part Number</h4><p>EUROLUB-520020 (20 L)</p><p>EUROLUB-520060 (60 L)</p><p>EUROLUB-520208 (208 L)</p>        <p>&nbsp;</p>        <h4>More Information</h4><p><strong>Manufactured by</strong></p><p>Eurolub</p>",Eurolub,Eurolub 520XXX Milking Machine Oil 10W-30,,"Uploaded by_Muazzim, MLP Discount 2026, Brand_Eurolub, 2026_New Products, Product Type_",TRUE,Options,20 L,,,,,EUROLUB-520020,,shopify,continue,manual,,,TRUE,TRUE,520020,https://eurolub.com/userdata/dcshop/images/thumb_3/829301_520xxx.png,1,Eurolub 520XXX Milking Machine Oil 10W-30,,Eurolub 520XXX Milking Machine Oil 10W-30,Get Eurolub 520XXX Milking Machine Oil 10W-30 for your car to get your desired looks and performance from ML Performance at the lowest price with FREE UK shipping & next day delivery on in stock items. Very cheap prices & good service.,,,,520020,,,new,,,,,,,https://eurolub.com/userdata/dcshop/images/thumb_2/527336_520020.png,kg,8708949900,,,,,active
eurolub-520xxx-milking-machine-oil-10w-30,,,,,,,,,60 L,,,,,EUROLUB-520060,,shopify,continue,manual,,,TRUE,TRUE,520060,https://eurolub.com/userdata/dcshop/images/thumb_2/527336_520020.png,2,Eurolub 520XXX Milking Machine Oil 10W-30,,,,,,,,,,,,,,,,,https://eurolub.com/userdata/dcshop/images/thumb_2/72560_520060.png,kg,8708949900,,,,,
eurolub-520xxx-milking-machine-oil-10w-30,,,,,,,,,208 L,,,,,EUROLUB-520208,,shopify,continue,manual,,,TRUE,TRUE,520208,https://eurolub.com/userdata/dcshop/images/thumb_2/72560_520060.png,3,Eurolub 520XXX Milking Machine Oil 10W-30,,,,,,,,,,,,,,,,,https://eurolub.com/userdata/dcshop/images/thumb_2/778181_520208.png,kg,8708949900,,,,,
eurolub-520xxx-milking-machine-oil-10w-30,,,,,,,,,,,,,,,,,,,,,,,,https://eurolub.com/userdata/dcshop/images/thumb_2/778181_520208.png,4,Eurolub 520XXX Milking Machine Oil 10W-30,,,,,,,,,,,,,,,,,,,,,,,,
eurolub-352xxx-slide-and-bedway-oil-cglp-iso-vg-220,Eurolub 352XXX Slide and Bedway Oil CGLP ISO VG 220,"<h4><strong>Description</strong></h4><p>CGLP sets itself apart by its good lubricating and sliding properties as well as its exceptional adhesive power.</p>        <p>&nbsp;</p>        <h4>Compatibility</h4><p>Feel free to contact us at info@mlperformance.co.uk should you wish to double check!</p>        <p>&nbsp;</p>        <h4>Compatibility Check</h4><p>To ensure the part(s) you have ordered fits your vehicle, we run a compatibility check prior to dispatch. We can do this either using your registration number (UK) or the last 7 digits of your VIN. Simply enter your car details prior to checkout.</p>        <p>&nbsp;</p>        <h4>Part Number</h4><p>EUROLUB-352020 (20 L)</p><p>EUROLUB-352060 (60 L)</p><p>EUROLUB-352208 (208 L)</p><p>EUROLUB-352100 (1000 L)</p>        <p>&nbsp;</p>        <h4>More Information</h4><p><strong>Manufactured by</strong></p><p>Eurolub</p>",Eurolub,Eurolub 352XXX Slide and Bedway Oil CGLP ISO VG 220,,"Uploaded by_Muazzim, MLP Discount 2026, Brand_Eurolub, 2026_New Products, Product Type_",TRUE,Options,20 L,,,,,EUROLUB-352020,,shopify,continue,manual,,,TRUE,TRUE,352020,https://eurolub.com/userdata/dcshop/images/thumb_3/146121_352xxx.png,1,Eurolub 352XXX Slide and Bedway Oil CGLP ISO VG 220,,Eurolub 352XXX Slide and Bedway Oil CGLP ISO VG 220,Get Eurolub 352XXX Slide and Bedway Oil CGLP ISO VG 220 for your car to get your desired looks and performance from ML Performance at the lowest price with FREE UK shipping & next day delivery on in stock items. Very cheap prices & good service.,,,,352020,,,new,,,,,,,https://eurolub.com/userdata/dcshop/images/thumb_2/967753_352020.png,kg,8708949900,,,,,active
eurolub-352xxx-slide-and-bedway-oil-cglp-iso-vg-220,,,,,,,,,60 L,,,,,EUROLUB-352060,,shopify,continue,manual,,,TRUE,TRUE,352060,https://eurolub.com/userdata/dcshop/images/thumb_2/967753_352020.png,2,Eurolub 352XXX Slide and Bedway Oil CGLP ISO VG 220,,,,,,,,,,,,,,,,,https://eurolub.com/userdata/dcshop/images/thumb_2/707582_352060.png,kg,8708949900,,,,,
eurolub-352xxx-slide-and-bedway-oil-cglp-iso-vg-220,,,,,,,,,208 L,,,,,EUROLUB-352208,,shopify,continue,manual,,,TRUE,TRUE,352208,https://eurolub.com/userdata/dcshop/images/thumb_2/707582_352060.png,3,Eurolub 352XXX Slide and Bedway Oil CGLP ISO VG 220,,,,,,,,,,,,,,,,,https://eurolub.com/userdata/dcshop/images/thumb_2/890778_352208.png,kg,8708949900,,,,,
eurolub-352xxx-slide-and-bedway-oil-cglp-iso-vg-220,,,,,,,,,1000 L,,,,,EUROLUB-352100,,shopify,continue,manual,,,TRUE,TRUE,352100,https://eurolub.com/userdata/dcshop/images/thumb_2/890778_352208.png,4,Eurolub 352XXX Slide and Bedway Oil CGLP ISO VG 220,,,,,,,,,,,,,,,,,https://eurolub.com/userdata/dcshop/images/thumb_2/723537_211100.png,kg,8708949900,,,,,
eurolub-352xxx-slide-and-bedway-oil-cglp-iso-vg-220,,,,,,,,,,,,,,,,,,,,,,,,https://eurolub.com/userdata/dcshop/images/thumb_2/723537_211100.png,5,Eurolub 352XXX Slide and Bedway Oil CGLP ISO VG 220,,,,,,,,,,,,,,,,,,,,,,,,
eurolub-357xxx-saw-guide-oil-special-iso-vg-220,Eurolub 357XXX Saw Guide Oil €“ Special ISO VG 220,"<h4><strong>Description</strong></h4><p>A highly stringy and adhesive lubricating oil which forms stable and pressure-resistant lubricating films. Vertical guides and sliding surfaces can be lubricated properly as the lubricating film will not tear off.</p>        <p>&nbsp;</p>        <h4>Compatibility</h4><p>Feel free to contact us at info@mlperformance.co.uk should you wish to double check!</p>        <p>&nbsp;</p>        <h4>Compatibility Check</h4><p>To ensure the part(s) you have ordered fits your vehicle, we run a compatibility check prior to dispatch. We can do this either using your registration number (UK) or the last 7 digits of your VIN. Simply enter your car details prior to checkout.</p>        <p>&nbsp;</p>        <h4>Part Number</h4><p>EUROLUB-357020 (20 L)</p><p>EUROLUB-357060 (60 L)</p><p>EUROLUB-357208 (208 L)</p>        <p>&nbsp;</p>        <h4>More Information</h4><p><strong>Manufactured by</strong></p><p>Eurolub</p>",Eurolub,Eurolub 357XXX Saw Guide Oil €“ Special ISO VG 220,,"Uploaded by_Muazzim, MLP Discount 2026, Brand_Eurolub, 2026_New Products, Product Type_",TRUE,Options,20 L,,,,,EUROLUB-357020,,shopify,continue,manual,,,TRUE,TRUE,357020,https://eurolub.com/userdata/dcshop/images/thumb_3/937366_357xxx.png,1,Eurolub 357XXX Saw Guide Oil €“ Special ISO VG 220,,Eurolub 357XXX Saw Guide Oil €“ Special ISO VG 220,Get Eurolub 357XXX Saw Guide Oil €“ Special ISO VG 220 for your car to get your desired looks and performance from ML Performance at the lowest price with FREE UK shipping & next day delivery on in stock items. Very cheap prices & good service.,,,,357020,,,new,,,,,,,https://eurolub.com/userdata/dcshop/images/thumb_2/57953_357020.png,kg,8708949900,,,,,active
eurolub-357xxx-saw-guide-oil-special-iso-vg-220,,,,,,,,,60 L,,,,,EUROLUB-357060,,shopify,continue,manual,,,TRUE,TRUE,357060,https://eurolub.com/userdata/dcshop/images/thumb_2/57953_357020.png,2,Eurolub 357XXX Saw Guide Oil €“ Special ISO VG 220,,,,,,,,,,,,,,,,,https://eurolub.com/userdata/dcshop/images/thumb_2/536789_357060.png,kg,8708949900,,,,,
eurolub-357xxx-saw-guide-oil-special-iso-vg-220,,,,,,,,,208 L,,,,,EUROLUB-357208,,shopify,continue,manual,,,TRUE,TRUE,357208,https://eurolub.com/userdata/dcshop/images/thumb_2/536789_357060.png,3,Eurolub 357XXX Saw Guide Oil €“ Special ISO VG 220,,,,,,,,,,,,,,,,,https://eurolub.com/userdata/dcshop/images/thumb_2/761949_357208.png,kg,8708949900,,,,,
eurolub-357xxx-saw-guide-oil-special-iso-vg-220,,,,,,,,,,,,,,,,,,,,,,,,https://eurolub.com/userdata/dcshop/images/thumb_2/761949_357208.png,4,Eurolub 357XXX Saw Guide Oil â€“ Special ISO VG 220,,,,,,,,,,,,,,,,,,,,,,,,
eurolub-417xxx-clp-iso-vg-460,Eurolub 417XXX CLP ISO-VG 460,"<h4><strong>Description</strong></h4><p>Developed for lubricating heavy-duty industrial gears, improved by EP additives and corrosion inhibitors.</p>        <p>&nbsp;</p>        <h4>Compatibility</h4><ul><li>AIST 224</li><li>AGMA 9005 E02 (EP)</li></ul><p>Feel free to contact us at info@mlperformance.co.uk should you wish to double check!</p>        <p>&nbsp;</p>        <h4>Compatibility Check</h4><p>To ensure the part(s) you have ordered fits your vehicle, we run a compatibility check prior to dispatch. We can do this either using your registration number (UK) or the last 7 digits of your VIN. Simply enter your car details prior to checkout.</p>        <p>&nbsp;</p>        <h4>Part Number</h4><p>EUROLUB-417020 (20 L)</p><p>EUROLUB-417060 (60 L)</p><p>EUROLUB-417208 (208 L)</p>        <p>&nbsp;</p>        <h4>More Information</h4><p><strong>Manufactured by</strong></p><p>Eurolub</p>",Eurolub,Eurolub 417XXX CLP ISO-VG 460,,"Uploaded by_Muazzim, MLP Discount 2026, Brand_Eurolub, 2026_New Products, Product Type_",TRUE,Options,20 L,,,,,EUROLUB-417020,,shopify,continue,manual,,,TRUE,TRUE,417020,https://eurolub.com/userdata/dcshop/images/thumb_3/193346_417xxx.png,1,Eurolub 417XXX CLP ISO-VG 460,,Eurolub 417XXX CLP ISO-VG 460,Get Eurolub 417XXX CLP ISO-VG 460 for your car to get your desired looks and performance from ML Performance at the lowest price with FREE UK shipping & next day delivery on in stock items. Very cheap prices & good service.,,,,417020,,,new,,,,,,,https://eurolub.com/userdata/dcshop/images/thumb_2/37357_417020.png,kg,8708949900,,,,,active
eurolub-417xxx-clp-iso-vg-460,,,,,,,,,60 L,,,,,EUROLUB-417060,,shopify,continue,manual,,,TRUE,TRUE,417060,https://eurolub.com/userdata/dcshop/images/thumb_2/37357_417020.png,2,Eurolub 417XXX CLP ISO-VG 460,,,,,,,,,,,,,,,,,https://eurolub.com/userdata/dcshop/images/thumb_2/243041_417060.png,kg,8708949900,,,,,
eurolub-417xxx-clp-iso-vg-460,,,,,,,,,208 L,,,,,EUROLUB-417208,,shopify,continue,manual,,,TRUE,TRUE,417208,https://eurolub.com/userdata/dcshop/images/thumb_2/243041_417060.png,3,Eurolub 417XXX CLP ISO-VG 460,,,,,,,,,,,,,,,,,https://eurolub.com/userdata/dcshop/images/thumb_2/345074_417208.png,kg,8708949900,,,,,
eurolub-417xxx-clp-iso-vg-460,,,,,,,,,,,,,,,,,,,,,,,,https://eurolub.com/userdata/dcshop/images/thumb_2/345074_417208.png,4,Eurolub 417XXX CLP ISO-VG 460,,,,,,,,,,,,,,,,,,,,,,,,
eurolub-353xxx-saw-guide-oil-special-iso-vg-320,Eurolub 353XXX Saw Guide Oil €“ Special ISO VG 320,"<h4><strong>Description</strong></h4><p>A highly stringy and adhesive lubricating oil which forms stable and pressure-resistant lubricating films. Vertical guides and sliding surfaces can be lubricated properly as the lubricating film will not tear off.</p>        <p>&nbsp;</p>        <h4>Compatibility</h4><p>Feel free to contact us at info@mlperformance.co.uk should you wish to double check!</p>        <p>&nbsp;</p>        <h4>Compatibility Check</h4><p>To ensure the part(s) you have ordered fits your vehicle, we run a compatibility check prior to dispatch. We can do this either using your registration number (UK) or the last 7 digits of your VIN. Simply enter your car details prior to checkout.</p>        <p>&nbsp;</p>        <h4>Part Number</h4><p>EUROLUB-353020 (20 L)</p><p>EUROLUB-353060 (60 L)</p><p>EUROLUB-353208 (208 L)</p>        <p>&nbsp;</p>        <h4>More Information</h4><p><strong>Manufactured by</strong></p><p>Eurolub</p>",Eurolub,Eurolub 353XXX Saw Guide Oil €“ Special ISO VG 320,,"Uploaded by_Muazzim, MLP Discount 2026, Brand_Eurolub, 2026_New Products, Product Type_",TRUE,Options,20 L,,,,,EUROLUB-353020,,shopify,continue,manual,,,TRUE,TRUE,353020,https://eurolub.com/userdata/dcshop/images/thumb_3/850814_353xxx.png,1,Eurolub 353XXX Saw Guide Oil €“ Special ISO VG 320,,Eurolub 353XXX Saw Guide Oil €“ Special ISO VG 320,Get Eurolub 353XXX Saw Guide Oil €“ Special ISO VG 320 for your car to get your desired looks and performance from ML Performance at the lowest price with FREE UK shipping & next day delivery on in stock items. Very cheap prices & good service.,,,,353020,,,new,,,,,,,https://eurolub.com/userdata/dcshop/images/thumb_2/338709_353020.png,kg,8708949900,,,,,active
eurolub-353xxx-saw-guide-oil-special-iso-vg-320,,,,,,,,,60 L,,,,,EUROLUB-353060,,shopify,continue,manual,,,TRUE,TRUE,353060,https://eurolub.com/userdata/dcshop/images/thumb_2/338709_353020.png,2,Eurolub 353XXX Saw Guide Oil €“ Special ISO VG 320,,,,,,,,,,,,,,,,,https://eurolub.com/userdata/dcshop/images/thumb_2/201652_353060.png,kg,8708949900,,,,,
eurolub-353xxx-saw-guide-oil-special-iso-vg-320,,,,,,,,,208 L,,,,,EUROLUB-353208,,shopify,continue,manual,,,TRUE,TRUE,353208,https://eurolub.com/userdata/dcshop/images/thumb_2/201652_353060.png,3,Eurolub 353XXX Saw Guide Oil €“ Special ISO VG 320,,,,,,,,,,,,,,,,,https://eurolub.com/userdata/dcshop/images/thumb_2/941853_353208.png,kg,8708949900,,,,,
eurolub-353xxx-saw-guide-oil-special-iso-vg-320,,,,,,,,,,,,,,,,,,,,,,,,https://eurolub.com/userdata/dcshop/images/thumb_2/941853_353208.png,4,Eurolub 353XXX Saw Guide Oil â€“ Special ISO VG 320,,,,,,,,,,,,,,,,,,,,,,,,
eurolub-413xxx-clp-iso-vg-100,Eurolub 413XXX CLP ISO-VG 100,"<h4><strong>Description</strong></h4><p>Developed for lubricating heavy-duty industrial gears, improved by EP additives and corrosion inhibitors.</p>        <p>&nbsp;</p>        <h4>Compatibility</h4><ul><li>AIST 224</li><li>AGMA 9005 E02 (EP)</li></ul><p>Feel free to contact us at info@mlperformance.co.uk should you wish to double check!</p>        <p>&nbsp;</p>        <h4>Compatibility Check</h4><p>To ensure the part(s) you have ordered fits your vehicle, we run a compatibility check prior to dispatch. We can do this either using your registration number (UK) or the last 7 digits of your VIN. Simply enter your car details prior to checkout.</p>        <p>&nbsp;</p>        <h4>Part Number</h4><p>EUROLUB-413020 (20 L)</p><p>EUROLUB-413060 (60 L)</p><p>EUROLUB-413208 (208 L)</p><p>EUROLUB-413100 (1000 L)</p>        <p>&nbsp;</p>        <h4>More Information</h4><p><strong>Manufactured by</strong></p><p>Eurolub</p>",Eurolub,Eurolub 413XXX CLP ISO-VG 100,,"Uploaded by_Muazzim, MLP Discount 2026, Brand_Eurolub, 2026_New Products, Product Type_",TRUE,Options,20 L,,,,,EUROLUB-413020,,shopify,continue,manual,,,TRUE,TRUE,413020,https://eurolub.com/userdata/dcshop/images/thumb_3/62161_413xxx.png,1,Eurolub 413XXX CLP ISO-VG 100,,Eurolub 413XXX CLP ISO-VG 100,Get Eurolub 413XXX CLP ISO-VG 100 for your car to get your desired looks and performance from ML Performance at the lowest price with FREE UK shipping & next day delivery on in stock items. Very cheap prices & good service.,,,,413020,,,new,,,,,,,https://eurolub.com/userdata/dcshop/images/thumb_2/585962_413020.png,kg,8708949900,,,,,active
eurolub-413xxx-clp-iso-vg-100,,,,,,,,,60 L,,,,,EUROLUB-413060,,shopify,continue,manual,,,TRUE,TRUE,413060,https://eurolub.com/userdata/dcshop/images/thumb_2/585962_413020.png,2,Eurolub 413XXX CLP ISO-VG 100,,,,,,,,,,,,,,,,,https://eurolub.com/userdata/dcshop/images/thumb_2/197386_413060.png,kg,8708949900,,,,,
eurolub-413xxx-clp-iso-vg-100,,,,,,,,,208 L,,,,,EUROLUB-413208,,shopify,continue,manual,,,TRUE,TRUE,413208,https://eurolub.com/userdata/dcshop/images/thumb_2/197386_413060.png,3,Eurolub 413XXX CLP ISO-VG 100,,,,,,,,,,,,,,,,,https://eurolub.com/userdata/dcshop/images/thumb_2/569704_413208.png,kg,8708949900,,,,,
eurolub-413xxx-clp-iso-vg-100,,,,,,,,,1000 L,,,,,EUROLUB-413100,,shopify,continue,manual,,,TRUE,TRUE,413100,https://eurolub.com/userdata/dcshop/images/thumb_2/569704_413208.png,4,Eurolub 413XXX CLP ISO-VG 100,,,,,,,,,,,,,,,,,https://eurolub.com/userdata/dcshop/images/thumb_2/859728_211100.png,kg,8708949900,,,,,
eurolub-413xxx-clp-iso-vg-100,,,,,,,,,,,,,,,,,,,,,,,,https://eurolub.com/userdata/dcshop/images/thumb_2/859728_211100.png,5,Eurolub 413XXX CLP ISO-VG 100,,,,,,,,,,,,,,,,,,,,,,,,
eurolub-361xxx-saw-guide-oil-special-iso-vg-460,Eurolub 361XXX Saw Guide Oil €“ Special ISO VG 460,"<h4><strong>Description</strong></h4><p>A highly stringy and adhesive lubricating oil which forms stable and pressure-resistant lubricating films. Vertical guides and sliding surfaces can be lubricated properly as the lubricating film will not tear off.</p>        <p>&nbsp;</p>        <h4>Compatibility</h4><p>Feel free to contact us at info@mlperformance.co.uk should you wish to double check!</p>        <p>&nbsp;</p>        <h4>Compatibility Check</h4><p>To ensure the part(s) you have ordered fits your vehicle, we run a compatibility check prior to dispatch. We can do this either using your registration number (UK) or the last 7 digits of your VIN. Simply enter your car details prior to checkout.</p>        <p>&nbsp;</p>        <h4>Part Number</h4><p>EUROLUB-361020 (20 L)</p><p>EUROLUB-361060 (60 L)</p><p>EUROLUB-361208 (208 L)</p>        <p>&nbsp;</p>        <h4>More Information</h4><p><strong>Manufactured by</strong></p><p>Eurolub</p>",Eurolub,Eurolub 361XXX Saw Guide Oil €“ Special ISO VG 460,,"Uploaded by_Muazzim, MLP Discount 2026, Brand_Eurolub, 2026_New Products, Product Type_",TRUE,Options,20 L,,,,,EUROLUB-361020,,shopify,continue,manual,,,TRUE,TRUE,361020,https://eurolub.com/userdata/dcshop/images/thumb_3/689208_361xxx.png,1,Eurolub 361XXX Saw Guide Oil €“ Special ISO VG 460,,Eurolub 361XXX Saw Guide Oil €“ Special ISO VG 460,Get Eurolub 361XXX Saw Guide Oil €“ Special ISO VG 460 for your car to get your desired looks and performance from ML Performance at the lowest price with FREE UK shipping & next day delivery on in stock items. Very cheap prices & good service.,,,,361020,,,new,,,,,,,https://eurolub.com/userdata/dcshop/images/thumb_2/32429_361020.png,kg,8708949900,,,,,active
eurolub-361xxx-saw-guide-oil-special-iso-vg-460,,,,,,,,,60 L,,,,,EUROLUB-361060,,shopify,continue,manual,,,TRUE,TRUE,361060,https://eurolub.com/userdata/dcshop/images/thumb_2/32429_361020.png,2,Eurolub 361XXX Saw Guide Oil €“ Special ISO VG 460,,,,,,,,,,,,,,,,,https://eurolub.com/userdata/dcshop/images/thumb_2/531606_361060.png,kg,8708949900,,,,,
eurolub-361xxx-saw-guide-oil-special-iso-vg-460,,,,,,,,,208 L,,,,,EUROLUB-361208,,shopify,continue,manual,,,TRUE,TRUE,361208,https://eurolub.com/userdata/dcshop/images/thumb_2/531606_361060.png,3,Eurolub 361XXX Saw Guide Oil €“ Special ISO VG 460,,,,,,,,,,,,,,,,,https://eurolub.com/userdata/dcshop/images/thumb_2/167333_361208.png,kg,8708949900,,,,,
eurolub-361xxx-saw-guide-oil-special-iso-vg-460,,,,,,,,,,,,,,,,,,,,,,,,https://eurolub.com/userdata/dcshop/images/thumb_2/167333_361208.png,4,Eurolub 361XXX Saw Guide Oil â€“ Special ISO VG 460,,,,,,,,,,,,,,,,,,,,,,,,
eurolub-620xxx-cutting-oil-ms2,Eurolub 620XXX Cutting Oil MS2,"<h4><strong>Description</strong></h4><p>Multi-purpose cutting oil for processing non-ferrous metal, cast iron, and steel.</p>        <p>&nbsp;</p>        <h4>Compatibility</h4><p>Feel free to contact us at info@mlperformance.co.uk should you wish to double check!</p>        <p>&nbsp;</p>        <h4>Compatibility Check</h4><p>To ensure the part(s) you have ordered fits your vehicle, we run a compatibility check prior to dispatch. We can do this either using your registration number (UK) or the last 7 digits of your VIN. Simply enter your car details prior to checkout.</p>        <p>&nbsp;</p>        <h4>Part Number</h4><p>EUROLUB-620020 (20 L)</p><p>EUROLUB-620060 (60 L)</p><p>EUROLUB-620208 (208 L)</p>        <p>&nbsp;</p>        <h4>More Information</h4><p><strong>Manufactured by</strong></p><p>Eurolub</p>",Eurolub,Eurolub 620XXX Cutting Oil MS2,,"Uploaded by_Muazzim, MLP Discount 2026, Brand_Eurolub, 2026_New Products, Product Type_",TRUE,Options,20 L,,,,,EUROLUB-620020,,shopify,continue,manual,,,TRUE,TRUE,620020,https://eurolub.com/userdata/dcshop/images/thumb_3/2285_620xxx.png,1,Eurolub 620XXX Cutting Oil MS2,,Eurolub 620XXX Cutting Oil MS2,Get Eurolub 620XXX Cutting Oil MS2 for your car to get your desired looks and performance from ML Performance at the lowest price with FREE UK shipping & next day delivery on in stock items. Very cheap prices & good service.,,,,620020,,,new,,,,,,,https://eurolub.com/userdata/dcshop/images/thumb_2/162716_620020.png,kg,8708949900,,,,,active
eurolub-620xxx-cutting-oil-ms2,,,,,,,,,60 L,,,,,EUROLUB-620060,,shopify,continue,manual,,,TRUE,TRUE,620060,https://eurolub.com/userdata/dcshop/images/thumb_2/162716_620020.png,2,Eurolub 620XXX Cutting Oil MS2,,,,,,,,,,,,,,,,,https://eurolub.com/userdata/dcshop/images/thumb_2/469440_620060.png,kg,8708949900,,,,,
eurolub-620xxx-cutting-oil-ms2,,,,,,,,,208 L,,,,,EUROLUB-620208,,shopify,continue,manual,,,TRUE,TRUE,620208,https://eurolub.com/userdata/dcshop/images/thumb_2/469440_620060.png,3,Eurolub 620XXX Cutting Oil MS2,,,,,,,,,,,,,,,,,https://eurolub.com/userdata/dcshop/images/thumb_2/683408_620208.png,kg,8708949900,,,,,
eurolub-620xxx-cutting-oil-ms2,,,,,,,,,,,,,,,,,,,,,,,,https://eurolub.com/userdata/dcshop/images/thumb_2/683408_620208.png,4,Eurolub 620XXX Cutting Oil MS2,,,,,,,,,,,,,,,,,,,,,,,,
eurolub-870xxx-eurofuel-2-stroke-equipment-petrol,Eurolub 870XXX EUROFUEL 2-STROKE® Equipment Petrol,"<h4><strong>Description</strong></h4><p>EuroMix 2-Takt Engine Fuel is a clean 2-stroke fuel which is used in the forest sector and the garden area and provides healthy workplace and clean environment.</p>        <p>&nbsp;</p>        <h4>Compatibility</h4><p>Feel free to contact us at info@mlperformance.co.uk should you wish to double check!</p>        <p>&nbsp;</p>        <h4>Compatibility Check</h4><p>To ensure the part(s) you have ordered fits your vehicle, we run a compatibility check prior to dispatch. We can do this either using your registration number (UK) or the last 7 digits of your VIN. Simply enter your car details prior to checkout.</p>        <p>&nbsp;</p>        <h4>Part Number</h4><p>EUROLUB-870005 (5 L)</p><p>EUROLUB-870020 (20 L)</p><p>EUROLUB-870060 (60 L)</p><p>EUROLUB-870200 (200 L)</p>        <p>&nbsp;</p>        <h4>More Information</h4><p><strong>Manufactured by</strong></p><p>Eurolub</p>",Eurolub,Eurolub 870XXX EUROFUEL 2-STROKE® Equipment Petrol,,"Uploaded by_Muazzim, MLP Discount 2026, Brand_Eurolub, 2026_New Products, Product Type_",TRUE,Options,5 L,,,,,EUROLUB-870005,,shopify,continue,manual,,,TRUE,TRUE,870005,https://eurolub.com/userdata/dcshop/images/thumb_3/823958_870xxx.png,1,Eurolub 870XXX EUROFUEL 2-STROKE® Equipment Petrol,,Eurolub 870XXX EUROFUEL 2-STROKE® Equipment Petrol,Get Eurolub 870XXX EUROFUEL 2-STROKE® Equipment Petrol for your car to get your desired looks and performance from ML Performance at the lowest price with FREE UK shipping & next day delivery on in stock items. Very cheap prices & good service.,,,,870005,,,new,,,,,,,https://eurolub.com/userdata/dcshop/images/thumb_2/504289_870005.png,kg,8708949900,,,,,active
eurolub-870xxx-eurofuel-2-stroke-equipment-petrol,,,,,,,,,20 L,,,,,EUROLUB-870020,,shopify,continue,manual,,,TRUE,TRUE,870020,https://eurolub.com/userdata/dcshop/images/thumb_2/504289_870005.png,2,Eurolub 870XXX EUROFUEL 2-STROKE® Equipment Petrol,,,,,,,,,,,,,,,,,https://eurolub.com/userdata/dcshop/images/thumb_2/314630_870020.png,kg,8708949900,,,,,
eurolub-870xxx-eurofuel-2-stroke-equipment-petrol,,,,,,,,,60 L,,,,,EUROLUB-870060,,shopify,continue,manual,,,TRUE,TRUE,870060,https://eurolub.com/userdata/dcshop/images/thumb_2/314630_870020.png,3,Eurolub 870XXX EUROFUEL 2-STROKE® Equipment Petrol,,,,,,,,,,,,,,,,,https://eurolub.com/userdata/dcshop/images/thumb_2/39650_870060.png,kg,8708949900,,,,,
eurolub-870xxx-eurofuel-2-stroke-equipment-petrol,,,,,,,,,200 L,,,,,EUROLUB-870200,,shopify,continue,manual,,,TRUE,TRUE,870200,https://eurolub.com/userdata/dcshop/images/thumb_2/39650_870060.png,4,Eurolub 870XXX EUROFUEL 2-STROKE® Equipment Petrol,,,,,,,,,,,,,,,,,https://eurolub.com/userdata/dcshop/images/thumb_2/815418_870200.png,kg,8708949900,,,,,
eurolub-870xxx-eurofuel-2-stroke-equipment-petrol,,,,,,,,,,,,,,,,,,,,,,,,https://eurolub.com/userdata/dcshop/images/thumb_2/815418_870200.png,5,Eurolub 870XXX EUROFUEL 2-STROKEÂ® Equipment Petrol,,,,,,,,,,,,,,,,,,,,,,,,
eurolub-880xxx-eurofuel-4-stroke-equipment-petrol,Eurolub 880XXX EUROFUEL 4-STROKE® Equipment Petrol,"<h4><strong>Description</strong></h4><p>EuroFuel 4-Takt Engine Fuel is a clean 4-stroke fuel which is used in the forest sector and the garden area and provides healthy workplace and clean environment.</p>        <p>&nbsp;</p>        <h4>Compatibility</h4><p>Feel free to contact us at info@mlperformance.co.uk should you wish to double check!</p>        <p>&nbsp;</p>        <h4>Compatibility Check</h4><p>To ensure the part(s) you have ordered fits your vehicle, we run a compatibility check prior to dispatch. We can do this either using your registration number (UK) or the last 7 digits of your VIN. Simply enter your car details prior to checkout.</p>        <p>&nbsp;</p>        <h4>Part Number</h4><p>EUROLUB-880020 (20 L)</p><p>EUROLUB-880200 (200 L)</p>        <p>&nbsp;</p>        <h4>More Information</h4><p><strong>Manufactured by</strong></p><p>Eurolub</p>",Eurolub,Eurolub 880XXX EUROFUEL 4-STROKE® Equipment Petrol,,"Uploaded by_Muazzim, MLP Discount 2026, Brand_Eurolub, 2026_New Products, Product Type_",TRUE,Options,20 L,,,,,EUROLUB-880020,,shopify,continue,manual,,,TRUE,TRUE,880020,https://eurolub.com/userdata/dcshop/images/thumb_3/347011_880xxx.png,1,Eurolub 880XXX EUROFUEL 4-STROKE® Equipment Petrol,,Eurolub 880XXX EUROFUEL 4-STROKE® Equipment Petrol,Get Eurolub 880XXX EUROFUEL 4-STROKE® Equipment Petrol for your car to get your desired looks and performance from ML Performance at the lowest price with FREE UK shipping & next day delivery on in stock items. Very cheap prices & good service.,,,,880020,,,new,,,,,,,https://eurolub.com/userdata/dcshop/images/thumb_2/318762_880020.png,kg,8708949900,,,,,active
eurolub-880xxx-eurofuel-4-stroke-equipment-petrol,,,,,,,,,200 L,,,,,EUROLUB-880200,,shopify,continue,manual,,,TRUE,TRUE,880200,https://eurolub.com/userdata/dcshop/images/thumb_2/318762_880020.png,2,Eurolub 880XXX EUROFUEL 4-STROKE® Equipment Petrol,,,,,,,,,,,,,,,,,https://eurolub.com/userdata/dcshop/images/thumb_2/32784_880200.png,kg,8708949900,,,,,
eurolub-880xxx-eurofuel-4-stroke-equipment-petrol,,,,,,,,,,,,,,,,,,,,,,,,https://eurolub.com/userdata/dcshop/images/thumb_2/32784_880200.png,3,Eurolub 880XXX EUROFUEL 4-STROKEÂ® Equipment Petrol,,,,,,,,,,,,,,,,,,,,,,,,
eurolub-814xxx-oil-absorbent-plus-fine-grain,Eurolub 814XXX Oil Absorbent PLUS (Fine Grain),"<h4><strong>Description</strong></h4><p>Absorbs liquids of all kinds on any type of solid surface. Even if fully saturated, the absorbing pellets ensure that the surface will remain perfectly skid-proof.</p>        <p>&nbsp;</p>        <h4>Compatibility</h4><p>Feel free to contact us at info@mlperformance.co.uk should you wish to double check!</p>        <p>&nbsp;</p>        <h4>Compatibility Check</h4><p>To ensure the part(s) you have ordered fits your vehicle, we run a compatibility check prior to dispatch. We can do this either using your registration number (UK) or the last 7 digits of your VIN. Simply enter your car details prior to checkout.</p>        <p>&nbsp;</p>        <h4>Part Number</h4><p>EUROLUB-814020 (20 KG)</p>        <p>&nbsp;</p>        <h4>More Information</h4><p><strong>Manufactured by</strong></p><p>Eurolub</p>",Eurolub,Eurolub 814XXX Oil Absorbent PLUS (Fine Grain),,"Uploaded by_Muazzim, MLP Discount 2026, Brand_Eurolub, 2026_New Products, Product Type_",TRUE,Options,20 KG,,,,,EUROLUB-814020,,shopify,continue,manual,,,TRUE,TRUE,814020,https://eurolub.com/userdata/dcshop/images/thumb_3/176385_814xxx.png,1,Eurolub 814XXX Oil Absorbent PLUS (Fine Grain),,Eurolub 814XXX Oil Absorbent PLUS (Fine Grain),Get Eurolub 814XXX Oil Absorbent PLUS (Fine Grain) for your car to get your desired looks and performance from ML Performance at the lowest price with FREE UK shipping & next day delivery on in stock items. Very cheap prices & good service.,,,,814020,,,new,,,,,,,https://eurolub.com/userdata/dcshop/images/thumb_2/7988_814020.png,kg,8708949900,,,,,active
eurolub-814xxx-oil-absorbent-plus-fine-grain,,,,,,,,,,,,,,,,,,,,,,,,https://eurolub.com/userdata/dcshop/images/thumb_2/7988_814020.png,2,Eurolub 814XXX Oil Absorbent PLUS (Fine Grain),,,,,,,,,,,,,,,,,,,,,,,,
eurolub-804xxx-oil-absorbent-universal-coarse-grain,Eurolub 804XXX Oil Absorbent UNIVERSAL (Coarse Grain),"<h4><strong>Description</strong></h4><p>Absorbs liquids of all kinds on any type of solid surface. Even if fully saturated, the absorbing pellets ensure that the surface will remain perfectly skid-proof.</p>        <p>&nbsp;</p>        <h4>Compatibility</h4><p>Feel free to contact us at info@mlperformance.co.uk should you wish to double check!</p>        <p>&nbsp;</p>        <h4>Compatibility Check</h4><p>To ensure the part(s) you have ordered fits your vehicle, we run a compatibility check prior to dispatch. We can do this either using your registration number (UK) or the last 7 digits of your VIN. Simply enter your car details prior to checkout.</p>        <p>&nbsp;</p>        <h4>Part Number</h4><p>EUROLUB-804020 (20 KG)</p>        <p>&nbsp;</p>        <h4>More Information</h4><p><strong>Manufactured by</strong></p><p>Eurolub</p>",Eurolub,Eurolub 804XXX Oil Absorbent UNIVERSAL (Coarse Grain),,"Uploaded by_Muazzim, MLP Discount 2026, Brand_Eurolub, 2026_New Products, Product Type_",TRUE,Options,20 KG,,,,,EUROLUB-804020,,shopify,continue,manual,,,TRUE,TRUE,804020,https://eurolub.com/userdata/dcshop/images/thumb_3/672087_804xxx.png,1,Eurolub 804XXX Oil Absorbent UNIVERSAL (Coarse Grain),,Eurolub 804XXX Oil Absorbent UNIVERSAL (Coarse Grain),Get Eurolub 804XXX Oil Absorbent UNIVERSAL (Coarse Grain) for your car to get your desired looks and performance from ML Performance at the lowest price with FREE UK shipping & next day delivery on in stock items. Very cheap prices & good service.,,,,804020,,,new,,,,,,,https://eurolub.com/userdata/dcshop/images/thumb_2/780817_804020.png,kg,8708949900,,,,,active
eurolub-804xxx-oil-absorbent-universal-coarse-grain,,,,,,,,,,,,,,,,,,,,,,,,https://eurolub.com/userdata/dcshop/images/thumb_2/780817_804020.png,2,Eurolub 804XXX Oil Absorbent UNIVERSAL (Coarse Grain),,,,,,,,,,,,,,,,,,,,,,,,
eurolub-815xxx-oil-stain-remover,Eurolub 815XXX Oil Stain Remover,"<h4><strong>Description</strong></h4><p>This is Eurolub 815XXX Oil Stain Remover</p>        <p>&nbsp;</p>        <h4>Compatibility</h4><p>Feel free to contact us at info@mlperformance.co.uk should you wish to double check!</p>        <p>&nbsp;</p>        <h4>Compatibility Check</h4><p>To ensure the part(s) you have ordered fits your vehicle, we run a compatibility check prior to dispatch. We can do this either using your registration number (UK) or the last 7 digits of your VIN. Simply enter your car details prior to checkout.</p>        <p>&nbsp;</p>        <h4>Part Number</h4><p>EUROLUB-815005 (5 L)</p><p>EUROLUB-815500 (500 ml)</p>        <p>&nbsp;</p>        <h4>More Information</h4><p><strong>Manufactured by</strong></p><p>Eurolub</p>",Eurolub,Eurolub 815XXX Oil Stain Remover,,"Uploaded by_Muazzim, MLP Discount 2026, Brand_Eurolub, 2026_New Products, Product Type_",TRUE,Options,5 L,,,,,EUROLUB-815005,,shopify,continue,manual,,,TRUE,TRUE,815005,https://eurolub.com/userdata/dcshop/images/thumb_3/961035_815xxx.png,1,Eurolub 815XXX Oil Stain Remover,,Eurolub 815XXX Oil Stain Remover,Get Eurolub 815XXX Oil Stain Remover for your car to get your desired looks and performance from ML Performance at the lowest price with FREE UK shipping & next day delivery on in stock items. Very cheap prices & good service.,,,,815005,,,new,,,,,,,https://eurolub.com/userdata/dcshop/images/thumb_2/42108_815500.png,kg,8708949900,,,,,active
eurolub-815xxx-oil-stain-remover,,,,,,,,,500 ml,,,,,EUROLUB-815500,,shopify,continue,manual,,,TRUE,TRUE,815500,https://eurolub.com/userdata/dcshop/images/thumb_2/42108_815500.png,2,Eurolub 815XXX Oil Stain Remover,,,,,,,,,,,,,,,,,https://eurolub.com/userdata/dcshop/images/thumb_2/156525_815500.png,kg,8708949900,,,,,
eurolub-815xxx-oil-stain-remover,,,,,,,,,,,,,,,,,,,,,,,,https://eurolub.com/userdata/dcshop/images/thumb_2/156525_815500.png,3,Eurolub 815XXX Oil Stain Remover,,,,,,,,,,,,,,,,,,,,,,,,
eurolub-845xxx-adblue-diesel-exhaust-fluid-def,Eurolub 845XXX ADBLUE - Diesel Exhaust Fluid (DEF),"<h4><strong>Description</strong></h4><p>For exhaust post-treatment of diesel engines with SCR technology.</p>        <p>&nbsp;</p>        <h4>Compatibility</h4><ul><li>ISO 22241</li></ul><p>Feel free to contact us at info@mlperformance.co.uk should you wish to double check!</p>        <p>&nbsp;</p>        <h4>Compatibility Check</h4><p>To ensure the part(s) you have ordered fits your vehicle, we run a compatibility check prior to dispatch. We can do this either using your registration number (UK) or the last 7 digits of your VIN. Simply enter your car details prior to checkout.</p>        <p>&nbsp;</p>        <h4>Part Number</h4><p>EUROLUB-845005 (5 L)</p><p>EUROLUB-845010 (10 L)</p><p>EUROLUB-845020 (20 L)</p><p>EUROLUB-845060 (60 L)</p><p>EUROLUB-845208 (208 L)</p><p>EUROLUB-845100 (1000 Liter)</p>        <p>&nbsp;</p>        <h4>More Information</h4><p><strong>Manufactured by</strong></p><p>Eurolub</p>",Eurolub,Eurolub 845XXX ADBLUE - Diesel Exhaust Fluid (DEF),,"Uploaded by_Muazzim, MLP Discount 2026, Brand_Eurolub, 2026_New Products, Product Type_",TRUE,Options,5 L,,,,,EUROLUB-845005,,shopify,continue,manual,,,TRUE,TRUE,845005,https://eurolub.com/userdata/dcshop/images/thumb_3/554443_845xxx.png,1,Eurolub 845XXX ADBLUE - Diesel Exhaust Fluid (DEF),,Eurolub 845XXX ADBLUE - Diesel Exhaust Fluid (DEF),Get Eurolub 845XXX ADBLUE - Diesel Exhaust Fluid (DEF) for your car to get your desired looks and performance from ML Performance at the lowest price with FREE UK shipping & next day delivery on in stock items. Very cheap prices & good service.,,,,845005,,,new,,,,,,,https://eurolub.com/userdata/dcshop/images/thumb_2/959105_845005.png,kg,8708949900,,,,,active
eurolub-845xxx-adblue-diesel-exhaust-fluid-def,,,,,,,,,10 L,,,,,EUROLUB-845010,,shopify,continue,manual,,,TRUE,TRUE,845010,https://eurolub.com/userdata/dcshop/images/thumb_2/959105_845005.png,2,Eurolub 845XXX ADBLUE - Diesel Exhaust Fluid (DEF),,,,,,,,,,,,,,,,,https://eurolub.com/userdata/dcshop/images/thumb_2/707238_845010.png,kg,8708949900,,,,,
eurolub-845xxx-adblue-diesel-exhaust-fluid-def,,,,,,,,,20 L,,,,,EUROLUB-845020,,shopify,continue,manual,,,TRUE,TRUE,845020,https://eurolub.com/userdata/dcshop/images/thumb_2/707238_845010.png,3,Eurolub 845XXX ADBLUE - Diesel Exhaust Fluid (DEF),,,,,,,,,,,,,,,,,https://eurolub.com/userdata/dcshop/images/thumb_2/70085_845020.png,kg,8708949900,,,,,
eurolub-845xxx-adblue-diesel-exhaust-fluid-def,,,,,,,,,60 L,,,,,EUROLUB-845060,,shopify,continue,manual,,,TRUE,TRUE,845060,https://eurolub.com/userdata/dcshop/images/thumb_2/70085_845020.png,4,Eurolub 845XXX ADBLUE - Diesel Exhaust Fluid (DEF),,,,,,,,,,,,,,,,,https://eurolub.com/userdata/dcshop/images/thumb_2/549609_845060.png,kg,8708949900,,,,,
eurolub-845xxx-adblue-diesel-exhaust-fluid-def,,,,,,,,,208 L,,,,,EUROLUB-845208,,shopify,continue,manual,,,TRUE,TRUE,845208,https://eurolub.com/userdata/dcshop/images/thumb_2/549609_845060.png,5,Eurolub 845XXX ADBLUE - Diesel Exhaust Fluid (DEF),,,,,,,,,,,,,,,,,https://eurolub.com/userdata/dcshop/images/thumb_2/209786_845208.png,kg,8708949900,,,,,
eurolub-845xxx-adblue-diesel-exhaust-fluid-def,,,,,,,,,1000 Liter,,,,,EUROLUB-845100,,shopify,continue,manual,,,TRUE,TRUE,845100,https://eurolub.com/userdata/dcshop/images/thumb_2/209786_845208.png,6,Eurolub 845XXX ADBLUE - Diesel Exhaust Fluid (DEF),,,,,,,,,,,,,,,,,https://eurolub.com/userdata/dcshop/images/thumb_2/224895_211100.png,kg,8708949900,,,,,
eurolub-845xxx-adblue-diesel-exhaust-fluid-def,,,,,,,,,,,,,,,,,,,,,,,,https://eurolub.com/userdata/dcshop/images/thumb_2/224895_211100.png,7,Eurolub 845XXX ADBLUE - Diesel Exhaust Fluid (DEF),,,,,,,,,,,,,,,,,,,,,,,,
eurolub-5701-eap-510-scr-anti-crystal-for-adblue-250-ml,Eurolub 5701 EAP 510 SCR Anti-Crystal for AdBlue - 250 ml,"<h4><strong>Description</strong></h4><p>Highly effective solution to preventncrystallization of AdBlue®.</p>        <p>&nbsp;</p>        <h4>Compatibility</h4><p>Feel free to contact us at info@mlperformance.co.uk should you wish to double check!</p>        <p>&nbsp;</p>        <h4>Compatibility Check</h4><p>To ensure the part(s) you have ordered fits your vehicle, we run a compatibility check prior to dispatch. We can do this either using your registration number (UK) or the last 7 digits of your VIN. Simply enter your car details prior to checkout.</p>        <p>&nbsp;</p>        <h4>Part Number</h4><p>EUROLUB-5701</p>        <p>&nbsp;</p>        <h4>More Information</h4><p><strong>Manufactured by</strong></p><p>Eurolub</p>",Eurolub,Eurolub 5701 EAP 510 SCR Anti-Crystal for AdBlue - 250 ml,,"Uploaded by_Muazzim, MLP Discount 2026, Brand_Eurolub, 2026_New Products, Product Type_",TRUE,Title,Default Title,,,,,EUROLUB-5701,,shopify,continue,manual,,,TRUE,TRUE,5701,https://eurolub.com/userdata/dcshop/images/thumb_3/683915_005701.png,1,Eurolub 5701 EAP 510 SCR Anti-Crystal for AdBlue - 250 ml,,Eurolub 5701 EAP 510 SCR Anti-Crystal for AdBlue - 250 ml,Get Eurolub 5701 EAP 510 SCR Anti-Crystal for AdBlue - 250 ml for your car to get your desired looks and performance from ML Performance at the lowest price with FREE UK shipping & next day delivery on in stock items. Very cheap prices & good service.,,,,5701,,,new,,,,,,,,kg,8708949900,,,,,active
eurolub-5701-eap-510-scr-anti-crystal-for-adblue-250-ml,,,,,,,,,,,,,,,,,,,,,,,,,2,Eurolub 5701 EAP 510 SCR Anti-Crystal for AdBlue - 250 ml,,,,,,,,,,,,,,,,,,,,,,,,
eurolub-5564-eap-111-engine-and-transmission-flush-300-ml,Eurolub 5564 EAP 111+ Engine and Transmission Flush - 300 ml,"<h4><strong>Description</strong></h4><p>High performance cleaner for all petrol and diesel engines as well as for manual transmissions and differentials.</p>        <p>&nbsp;</p>        <h4>Compatibility</h4><p>Feel free to contact us at info@mlperformance.co.uk should you wish to double check!</p>        <p>&nbsp;</p>        <h4>Compatibility Check</h4><p>To ensure the part(s) you have ordered fits your vehicle, we run a compatibility check prior to dispatch. We can do this either using your registration number (UK) or the last 7 digits of your VIN. Simply enter your car details prior to checkout.</p>        <p>&nbsp;</p>        <h4>Part Number</h4><p>EUROLUB-5564</p>        <p>&nbsp;</p>        <h4>More Information</h4><p><strong>Manufactured by</strong></p><p>Eurolub</p>",Eurolub,Eurolub 5564 EAP 111+ Engine and Transmission Flush - 300 ml,,"Uploaded by_Muazzim, MLP Discount 2026, Brand_Eurolub, 2026_New Products, Product Type_",TRUE,Title,Default Title,,,,,EUROLUB-5564,,shopify,continue,manual,,,TRUE,TRUE,5564,https://eurolub.com/userdata/dcshop/images/thumb_3/253317_005564.png,1,Eurolub 5564 EAP 111+ Engine and Transmission Flush - 300 ml,,Eurolub 5564 EAP 111+ Engine and Transmission Flush - 300 ml,Get Eurolub 5564 EAP 111+ Engine and Transmission Flush - 300 ml for your car to get your desired looks and performance from ML Performance at the lowest price with FREE UK shipping & next day delivery on in stock items. Very cheap prices & good service.,,,,5564,,,new,,,,,,,,kg,8708949900,,,,,active
eurolub-5564-eap-111-engine-and-transmission-flush-300-ml,,,,,,,,,,,,,,,,,,,,,,,,,2,Eurolub 5564 EAP 111+ Engine and Transmission Flush - 300 ml,,,,,,,,,,,,,,,,,,,,,,,,
eurolub-3737-eap-220-fuel-injection-system-cleaner-300-ml,Eurolub 3737 EAP 220 Fuel & Injection System Cleaner - 300 ml,"<h4><strong>Description</strong></h4><p>For optimal cleanliness of the entire fuel system. For 2- and 4-stroke petrol engines. Decomposes existing residues and prevents new formation. Improves engine performance and increases compression. (Suitable for catalytic converters).</p>        <p>&nbsp;</p>        <h4>Compatibility</h4><p>Feel free to contact us at info@mlperformance.co.uk should you wish to double check!</p>        <p>&nbsp;</p>        <h4>Compatibility Check</h4><p>To ensure the part(s) you have ordered fits your vehicle, we run a compatibility check prior to dispatch. We can do this either using your registration number (UK) or the last 7 digits of your VIN. Simply enter your car details prior to checkout.</p>        <p>&nbsp;</p>        <h4>Part Number</h4><p>EUROLUB-3737</p>        <p>&nbsp;</p>        <h4>More Information</h4><p><strong>Manufactured by</strong></p><p>Eurolub</p>",Eurolub,Eurolub 3737 EAP 220 Fuel & Injection System Cleaner - 300 ml,,"Uploaded by_Muazzim, MLP Discount 2026, Brand_Eurolub, 2026_New Products, Product Type_",TRUE,Title,Default Title,,,,,EUROLUB-3737,,shopify,continue,manual,,,TRUE,TRUE,3737,https://eurolub.com/userdata/dcshop/images/thumb_3/490306_003737.jpg,1,Eurolub 3737 EAP 220 Fuel & Injection System Cleaner - 300 ml,,Eurolub 3737 EAP 220 Fuel & Injection System Cleaner - 300 ml,Get Eurolub 3737 EAP 220 Fuel & Injection System Cleaner - 300 ml for your car to get your desired looks and performance from ML Performance at the lowest price with FREE UK shipping & next day delivery on in stock items. Very cheap prices & good service.,,,,3737,,,new,,,,,,,,kg,8708949900,,,,,active
eurolub-3737-eap-220-fuel-injection-system-cleaner-300-ml,,,,,,,,,,,,,,,,,,,,,,,,,2,Eurolub 3737 EAP 220 Fuel & Injection System Cleaner - 300 ml,,,,,,,,,,,,,,,,,,,,,,,,
eurolub-5584-eap-330-diesel-system-cleaner-300-ml,Eurolub 5584 EAP 330 Diesel-System Cleaner 300 ml,"<h4><strong>Description</strong></h4><p>EAP 330 DIESELSYSTEMREINIGER has specifically been developed for all high pressure direct injection diesel engines with common rail or pump injector. This high technology product is designed to meet the exacting standards of latest diesel systems and</p>        <p>&nbsp;</p>        <h4>Compatibility</h4><p>Feel free to contact us at info@mlperformance.co.uk should you wish to double check!</p>        <p>&nbsp;</p>        <h4>Compatibility Check</h4><p>To ensure the part(s) you have ordered fits your vehicle, we run a compatibility check prior to dispatch. We can do this either using your registration number (UK) or the last 7 digits of your VIN. Simply enter your car details prior to checkout.</p>        <p>&nbsp;</p>        <h4>Part Number</h4><p>EUROLUB-5584</p>        <p>&nbsp;</p>        <h4>More Information</h4><p><strong>Manufactured by</strong></p><p>Eurolub</p>",Eurolub,Eurolub 5584 EAP 330 Diesel-System Cleaner 300 ml,,"Uploaded by_Muazzim, MLP Discount 2026, Brand_Eurolub, 2026_New Products, Product Type_",TRUE,Title,Default Title,,,,,EUROLUB-5584,,shopify,continue,manual,,,TRUE,TRUE,5584,https://eurolub.com/userdata/dcshop/images/thumb_3/486359_005584.png,1,Eurolub 5584 EAP 330 Diesel-System Cleaner 300 ml,,Eurolub 5584 EAP 330 Diesel-System Cleaner 300 ml,Get Eurolub 5584 EAP 330 Diesel-System Cleaner 300 ml for your car to get your desired looks and performance from ML Performance at the lowest price with FREE UK shipping & next day delivery on in stock items. Very cheap prices & good service.,,,,5584,,,new,,,,,,,,kg,8708949900,,,,,active
eurolub-5584-eap-330-diesel-system-cleaner-300-ml,,,,,,,,,,,,,,,,,,,,,,,,,2,Eurolub 5584 EAP 330 Diesel-System Cleaner 300 ml,,,,,,,,,,,,,,,,,,,,,,,,
eurolub-5540-eap-310-dpf-protection-cleaner-300-ml,Eurolub 5540 EAP 310 DPF Protection & Cleaner - 300 ml,"<h4><strong>Description</strong></h4><p>Highly effective additive for soot reduction in all diesel engines (also without DPF). Especially for increased short-distance driving, in city traffic or with high stress. Improves combustion, cleans injectors and valves.</p>        <p>&nbsp;</p>        <h4>Compatibility</h4><p>Feel free to contact us at info@mlperformance.co.uk should you wish to double check!</p>        <p>&nbsp;</p>        <h4>Compatibility Check</h4><p>To ensure the part(s) you have ordered fits your vehicle, we run a compatibility check prior to dispatch. We can do this either using your registration number (UK) or the last 7 digits of your VIN. Simply enter your car details prior to checkout.</p>        <p>&nbsp;</p>        <h4>Part Number</h4><p>EUROLUB-5540</p>        <p>&nbsp;</p>        <h4>More Information</h4><p><strong>Manufactured by</strong></p><p>Eurolub</p>",Eurolub,Eurolub 5540 EAP 310 DPF Protection & Cleaner - 300 ml,,"Uploaded by_Muazzim, MLP Discount 2026, Brand_Eurolub, 2026_New Products, Product Type_",TRUE,Title,Default Title,,,,,EUROLUB-5540,,shopify,continue,manual,,,TRUE,TRUE,5540,https://eurolub.com/userdata/dcshop/images/thumb_3/677539_005540.png,1,Eurolub 5540 EAP 310 DPF Protection & Cleaner - 300 ml,,Eurolub 5540 EAP 310 DPF Protection & Cleaner - 300 ml,Get Eurolub 5540 EAP 310 DPF Protection & Cleaner - 300 ml for your car to get your desired looks and performance from ML Performance at the lowest price with FREE UK shipping & next day delivery on in stock items. Very cheap prices & good service.,,,,5540,,,new,,,,,,,,kg,8708949900,,,,,active
eurolub-5540-eap-310-dpf-protection-cleaner-300-ml,,,,,,,,,,,,,,,,,,,,,,,,,2,Eurolub 5540 EAP 310 DPF Protection & Cleaner - 300 ml,,,,,,,,,,,,,,,,,,,,,,,,
eurolub-5614-eap-141-ceramic-engine-protection-300-ml,Eurolub 5614 EAP 141 Ceramic Engine Protection - 300 ml,"<h4><strong>Description</strong></h4><p>EAP 141 MOTORINNENSCHUTZ creates a highly active nano barrier in the oil which protects all the internal surfaces of engines and equipment such as oil system, manual gearboxes and differentials. Seals, o-rings and shaft seals are kept supple. Improve</p>        <p>&nbsp;</p>        <h4>Compatibility</h4><p>Feel free to contact us at info@mlperformance.co.uk should you wish to double check!</p>        <p>&nbsp;</p>        <h4>Compatibility Check</h4><p>To ensure the part(s) you have ordered fits your vehicle, we run a compatibility check prior to dispatch. We can do this either using your registration number (UK) or the last 7 digits of your VIN. Simply enter your car details prior to checkout.</p>        <p>&nbsp;</p>        <h4>Part Number</h4><p>EUROLUB-5614</p>        <p>&nbsp;</p>        <h4>More Information</h4><p><strong>Manufactured by</strong></p><p>Eurolub</p>",Eurolub,Eurolub 5614 EAP 141 Ceramic Engine Protection - 300 ml,,"Uploaded by_Muazzim, MLP Discount 2026, Brand_Eurolub, 2026_New Products, Product Type_",TRUE,Title,Default Title,,,,,EUROLUB-5614,,shopify,continue,manual,,,TRUE,TRUE,5614,https://eurolub.com/userdata/dcshop/images/thumb_3/421430_005614.png,1,Eurolub 5614 EAP 141 Ceramic Engine Protection - 300 ml,,Eurolub 5614 EAP 141 Ceramic Engine Protection - 300 ml,Get Eurolub 5614 EAP 141 Ceramic Engine Protection - 300 ml for your car to get your desired looks and performance from ML Performance at the lowest price with FREE UK shipping & next day delivery on in stock items. Very cheap prices & good service.,,,,5614,,,new,,,,,,,,kg,8708949900,,,,,active
eurolub-5614-eap-141-ceramic-engine-protection-300-ml,,,,,,,,,,,,,,,,,,,,,,,,,2,Eurolub 5614 EAP 141 Ceramic Engine Protection - 300 ml,,,,,,,,,,,,,,,,,,,,,,,,
eurolub-5533-eap-120-oil-leak-stop-300-ml,Eurolub 5533 EAP 120 Oil Leak Stop - 300 ml,"<h4><strong>Description</strong></h4><p>Reduces oil consumption by sealing smaller leaks in plastic and rubber seals. For use between oil changes, for all gasoline and diesel engines.</p>        <p>&nbsp;</p>        <h4>Compatibility</h4><p>Feel free to contact us at info@mlperformance.co.uk should you wish to double check!</p>        <p>&nbsp;</p>        <h4>Compatibility Check</h4><p>To ensure the part(s) you have ordered fits your vehicle, we run a compatibility check prior to dispatch. We can do this either using your registration number (UK) or the last 7 digits of your VIN. Simply enter your car details prior to checkout.</p>        <p>&nbsp;</p>        <h4>Part Number</h4><p>EUROLUB-5533</p>        <p>&nbsp;</p>        <h4>More Information</h4><p><strong>Manufactured by</strong></p><p>Eurolub</p>",Eurolub,Eurolub 5533 EAP 120 Oil Leak Stop - 300 ml,,"Uploaded by_Muazzim, MLP Discount 2026, Brand_Eurolub, 2026_New Products, Product Type_",TRUE,Title,Default Title,,,,,EUROLUB-5533,,shopify,continue,manual,,,TRUE,TRUE,5533,https://eurolub.com/userdata/dcshop/images/thumb_3/54207_005533.png,1,Eurolub 5533 EAP 120 Oil Leak Stop - 300 ml,,Eurolub 5533 EAP 120 Oil Leak Stop - 300 ml,Get Eurolub 5533 EAP 120 Oil Leak Stop - 300 ml for your car to get your desired looks and performance from ML Performance at the lowest price with FREE UK shipping & next day delivery on in stock items. Very cheap prices & good service.,,,,5533,,,new,,,,,,,,kg,8708949900,,,,,active
eurolub-5533-eap-120-oil-leak-stop-300-ml,,,,,,,,,,,,,,,,,,,,,,,,,2,Eurolub 5533 EAP 120 Oil Leak Stop - 300 ml,,,,,,,,,,,,,,,,,,,,,,,,
eurolub-5571-eap-140-engine-protection-300-ml,Eurolub 5571 EAP 140 Engine Protection - 300 ml,"<h4><strong>Description</strong></h4><p>EAP 140 MOTORINNENSCHUTZ creates a highly active nano barrier in the oil which protects all the internal surfaces of engines and equipment such as oil system, manual gearboxes and differentials. Seals, o-rings and shaft seals are kept supple. Improve</p>        <p>&nbsp;</p>        <h4>Compatibility</h4><p>Feel free to contact us at info@mlperformance.co.uk should you wish to double check!</p>        <p>&nbsp;</p>        <h4>Compatibility Check</h4><p>To ensure the part(s) you have ordered fits your vehicle, we run a compatibility check prior to dispatch. We can do this either using your registration number (UK) or the last 7 digits of your VIN. Simply enter your car details prior to checkout.</p>        <p>&nbsp;</p>        <h4>Part Number</h4><p>EUROLUB-5571</p>        <p>&nbsp;</p>        <h4>More Information</h4><p><strong>Manufactured by</strong></p><p>Eurolub</p>",Eurolub,Eurolub 5571 EAP 140 Engine Protection - 300 ml,,"Uploaded by_Muazzim, MLP Discount 2026, Brand_Eurolub, 2026_New Products, Product Type_",TRUE,Title,Default Title,,,,,EUROLUB-5571,,shopify,continue,manual,,,TRUE,TRUE,5571,https://eurolub.com/userdata/dcshop/images/thumb_3/37524_005571.png,1,Eurolub 5571 EAP 140 Engine Protection - 300 ml,,Eurolub 5571 EAP 140 Engine Protection - 300 ml,Get Eurolub 5571 EAP 140 Engine Protection - 300 ml for your car to get your desired looks and performance from ML Performance at the lowest price with FREE UK shipping & next day delivery on in stock items. Very cheap prices & good service.,,,,5571,,,new,,,,,,,,kg,8708949900,,,,,active
eurolub-5571-eap-140-engine-protection-300-ml,,,,,,,,,,,,,,,,,,,,,,,,,2,Eurolub 5571 EAP 140 Engine Protection - 300 ml,,,,,,,,,,,,,,,,,,,,,,,,
eurolub-5526-eap-210-octane-boost-300-ml,Eurolub 5526 EAP 210 Octane Boost - 300 ml,"<h4><strong>Description</strong></h4><p>Gasoline additive for stabilizing and improving the octane number. Reduces ringing, knocking and after-running, especially on older and stressed engines. Improves cold start behavior and prevents ""after-diesel"". Suitable for all petrol engines.</p>        <p>&nbsp;</p>        <h4>Compatibility</h4><p>Feel free to contact us at info@mlperformance.co.uk should you wish to double check!</p>        <p>&nbsp;</p>        <h4>Compatibility Check</h4><p>To ensure the part(s) you have ordered fits your vehicle, we run a compatibility check prior to dispatch. We can do this either using your registration number (UK) or the last 7 digits of your VIN. Simply enter your car details prior to checkout.</p>        <p>&nbsp;</p>        <h4>Part Number</h4><p>EUROLUB-5526</p>        <p>&nbsp;</p>        <h4>More Information</h4><p><strong>Manufactured by</strong></p><p>Eurolub</p>",Eurolub,Eurolub 5526 EAP 210 Octane Boost - 300 ml,,"Uploaded by_Muazzim, MLP Discount 2026, Brand_Eurolub, 2026_New Products, Product Type_",TRUE,Title,Default Title,,,,,EUROLUB-5526,,shopify,continue,manual,,,TRUE,TRUE,5526,https://eurolub.com/userdata/dcshop/images/thumb_3/915668_005526.png,1,Eurolub 5526 EAP 210 Octane Boost - 300 ml,,Eurolub 5526 EAP 210 Octane Boost - 300 ml,Get Eurolub 5526 EAP 210 Octane Boost - 300 ml for your car to get your desired looks and performance from ML Performance at the lowest price with FREE UK shipping & next day delivery on in stock items. Very cheap prices & good service.,,,,5526,,,new,,,,,,,,kg,8708949900,,,,,active
eurolub-5526-eap-210-octane-boost-300-ml,,,,,,,,,,,,,,,,,,,,,,,,,2,Eurolub 5526 EAP 210 Octane Boost - 300 ml,,,,,,,,,,,,,,,,,,,,,,,,
eurolub-1001267x-brake-cleaner,Eurolub 1001267X Brake Cleaner,"<h4><strong>Description</strong></h4><p>Due to its balanced combination of special solvents, the product has excellent cleaning and degreasing properties and is suitable due to its high rate of evaporation for timesaving cleaning and degreasing of all brake and clutch parts. Also developed</p>        <p>&nbsp;</p>        <h4>Compatibility</h4><p>Feel free to contact us at info@mlperformance.co.uk should you wish to double check!</p>        <p>&nbsp;</p>        <h4>Compatibility Check</h4><p>To ensure the part(s) you have ordered fits your vehicle, we run a compatibility check prior to dispatch. We can do this either using your registration number (UK) or the last 7 digits of your VIN. Simply enter your car details prior to checkout.</p>        <p>&nbsp;</p>        <h4>Part Number</h4><p>EUROLUB-10012672 (5 L)</p><p>EUROLUB-10012678 (20 L)</p><p>EUROLUB-10012674 (60 L)</p><p>EUROLUB-003799 (600 ml)</p>        <p>&nbsp;</p>        <h4>More Information</h4><p><strong>Manufactured by</strong></p><p>Eurolub</p>",Eurolub,Eurolub 1001267X Brake Cleaner,,"Uploaded by_Muazzim, MLP Discount 2026, Brand_Eurolub, 2026_New Products, Product Type_",TRUE,Options,5 L,,,,,EUROLUB-10012672,,shopify,continue,manual,,,TRUE,TRUE,10012672,https://eurolub.com/userdata/dcshop/images/thumb_3/515551_1001267x.png,1,Eurolub 1001267X Brake Cleaner,,Eurolub 1001267X Brake Cleaner,Get Eurolub 1001267X Brake Cleaner for your car to get your desired looks and performance from ML Performance at the lowest price with FREE UK shipping & next day delivery on in stock items. Very cheap prices & good service.,,,,10012672,,,new,,,,,,,https://eurolub.com/userdata/dcshop/images/thumb_2/599670_10012672.png,kg,8708949900,,,,,active
eurolub-1001267x-brake-cleaner,,,,,,,,,20 L,,,,,EUROLUB-10012678,,shopify,continue,manual,,,TRUE,TRUE,10012678,https://eurolub.com/userdata/dcshop/images/thumb_2/599670_10012672.png,2,Eurolub 1001267X Brake Cleaner,,,,,,,,,,,,,,,,,https://eurolub.com/userdata/dcshop/images/thumb_2/896026_10012678.png,kg,8708949900,,,,,
eurolub-1001267x-brake-cleaner,,,,,,,,,60 L,,,,,EUROLUB-10012674,,shopify,continue,manual,,,TRUE,TRUE,10012674,https://eurolub.com/userdata/dcshop/images/thumb_2/896026_10012678.png,3,Eurolub 1001267X Brake Cleaner,,,,,,,,,,,,,,,,,https://eurolub.com/userdata/dcshop/images/thumb_2/296232_10012674.png,kg,8708949900,,,,,
eurolub-1001267x-brake-cleaner,,,,,,,,,600 ml,,,,,EUROLUB-003799,,shopify,continue,manual,,,TRUE,TRUE,3799,https://eurolub.com/userdata/dcshop/images/thumb_2/296232_10012674.png,4,Eurolub 1001267X Brake Cleaner,,,,,,,,,,,,,,,,,https://eurolub.com/userdata/dcshop/images/thumb_2/170327_003799.png,kg,8708949900,,,,,
eurolub-1001267x-brake-cleaner,,,,,,,,,,,,,,,,,,,,,,,,https://eurolub.com/userdata/dcshop/images/thumb_2/170327_003799.png,5,Eurolub 1001267X Brake Cleaner,,,,,,,,,,,,,,,,,,,,,,,,
eurolub-0022xx-cold-engine-cleaner,Eurolub 0022XX Cold Engine Cleaner,"<h4><strong>Description</strong></h4><p>Highly active, water-miscible cleaner for engines, machines and tools. Removes oil and grease stains.</p>        <p>&nbsp;</p>        <h4>Compatibility</h4><p>Feel free to contact us at info@mlperformance.co.uk should you wish to double check!</p>        <p>&nbsp;</p>        <h4>Compatibility Check</h4><p>To ensure the part(s) you have ordered fits your vehicle, we run a compatibility check prior to dispatch. We can do this either using your registration number (UK) or the last 7 digits of your VIN. Simply enter your car details prior to checkout.</p>        <p>&nbsp;</p>        <h4>Part Number</h4><p>EUROLUB-002280 (1 L)</p><p>EUROLUB-002273 (5 L)</p>        <p>&nbsp;</p>        <h4>More Information</h4><p><strong>Manufactured by</strong></p><p>Eurolub</p>",Eurolub,Eurolub 0022XX Cold Engine Cleaner,,"Uploaded by_Muazzim, MLP Discount 2026, Brand_Eurolub, 2026_New Products, Product Type_",TRUE,Options,1 L,,,,,EUROLUB-002280,,shopify,continue,manual,,,TRUE,TRUE,2280,https://eurolub.com/userdata/dcshop/images/thumb_3/524824_22xx.png,1,Eurolub 0022XX Cold Engine Cleaner,,Eurolub 0022XX Cold Engine Cleaner,Get Eurolub 0022XX Cold Engine Cleaner for your car to get your desired looks and performance from ML Performance at the lowest price with FREE UK shipping & next day delivery on in stock items. Very cheap prices & good service.,,,,2280,,,new,,,,,,,https://eurolub.com/userdata/dcshop/images/thumb_2/46207_002280.png,kg,8708949900,,,,,active
eurolub-0022xx-cold-engine-cleaner,,,,,,,,,5 L,,,,,EUROLUB-002273,,shopify,continue,manual,,,TRUE,TRUE,2273,https://eurolub.com/userdata/dcshop/images/thumb_2/46207_002280.png,2,Eurolub 0022XX Cold Engine Cleaner,,,,,,,,,,,,,,,,,https://eurolub.com/userdata/dcshop/images/thumb_2/524805_002273.png,kg,8708949900,,,,,
eurolub-0022xx-cold-engine-cleaner,,,,,,,,,,,,,,,,,,,,,,,,https://eurolub.com/userdata/dcshop/images/thumb_2/524805_002273.png,3,Eurolub 0022XX Cold Engine Cleaner,,,,,,,,,,,,,,,,,,,,,,,,
eurolub-2235-mos2-lubricating-and-penetrating-oil-400-ml,Eurolub 2235 MOS2 LUBRICATING AND PENETRATING OIL- 400 ml,"<h4><strong>Description</strong></h4><p>Water displacing spray oil to facilitate of solving stuck, corroded connections; contact spray for the ignition system.</p>        <p>&nbsp;</p>        <h4>Compatibility</h4><p>Feel free to contact us at info@mlperformance.co.uk should you wish to double check!</p>        <p>&nbsp;</p>        <h4>Compatibility Check</h4><p>To ensure the part(s) you have ordered fits your vehicle, we run a compatibility check prior to dispatch. We can do this either using your registration number (UK) or the last 7 digits of your VIN. Simply enter your car details prior to checkout.</p>        <p>&nbsp;</p>        <h4>Part Number</h4><p>EUROLUB-2235</p>        <p>&nbsp;</p>        <h4>More Information</h4><p><strong>Manufactured by</strong></p><p>Eurolub</p>",Eurolub,Eurolub 2235 MOS2 LUBRICATING AND PENETRATING OIL- 400 ml,,"Uploaded by_Muazzim, MLP Discount 2026, Brand_Eurolub, 2026_New Products, Product Type_",TRUE,Title,Default Title,,,,,EUROLUB-2235,,shopify,continue,manual,,,TRUE,TRUE,2235,https://eurolub.com/userdata/dcshop/images/thumb_3/182814_002235.png,1,Eurolub 2235 MOS2 LUBRICATING AND PENETRATING OIL- 400 ml,,Eurolub 2235 MOS2 LUBRICATING AND PENETRATING OIL- 400 ml,Get Eurolub 2235 MOS2 LUBRICATING AND PENETRATING OIL- 400 ml for your car to get your desired looks and performance from ML Performance at the lowest price with FREE UK shipping & next day delivery on in stock items. Very cheap prices & good service.,,,,2235,,,new,,,,,,,,kg,8708949900,,,,,active
eurolub-2235-mos2-lubricating-and-penetrating-oil-400-ml,,,,,,,,,,,,,,,,,,,,,,,,,2,Eurolub 2235 MOS2 LUBRICATING AND PENETRATING OIL- 400 ml,,,,,,,,,,,,,,,,,,,,,,,,
eurolub-3720-chain-spray-400-ml,Eurolub 3720 CHAIN SPRAY - 400 ml,"<h4><strong>Description</strong></h4><p>For motorcycles, bicycles, mopeds. Lubrication of X- and O-ring chains, industrial chains, wire ropes, open gears, etc. Lubricates, protects, preserves.</p>        <p>&nbsp;</p>        <h4>Compatibility</h4><p>Feel free to contact us at info@mlperformance.co.uk should you wish to double check!</p>        <p>&nbsp;</p>        <h4>Compatibility Check</h4><p>To ensure the part(s) you have ordered fits your vehicle, we run a compatibility check prior to dispatch. We can do this either using your registration number (UK) or the last 7 digits of your VIN. Simply enter your car details prior to checkout.</p>        <p>&nbsp;</p>        <h4>Part Number</h4><p>EUROLUB-3720</p>        <p>&nbsp;</p>        <h4>More Information</h4><p><strong>Manufactured by</strong></p><p>Eurolub</p>",Eurolub,Eurolub 3720 CHAIN SPRAY - 400 ml,,"Uploaded by_Muazzim, MLP Discount 2026, Brand_Eurolub, 2026_New Products, Product Type_",TRUE,Title,Default Title,,,,,EUROLUB-3720,,shopify,continue,manual,,,TRUE,TRUE,3720,https://eurolub.com/userdata/dcshop/images/thumb_3/731055_003720.png,1,Eurolub 3720 CHAIN SPRAY - 400 ml,,Eurolub 3720 CHAIN SPRAY - 400 ml,Get Eurolub 3720 CHAIN SPRAY - 400 ml for your car to get your desired looks and performance from ML Performance at the lowest price with FREE UK shipping & next day delivery on in stock items. Very cheap prices & good service.,,,,3720,,,new,,,,,,,,kg,8708949900,,,,,active
eurolub-3720-chain-spray-400-ml,,,,,,,,,,,,,,,,,,,,,,,,,2,Eurolub 3720 CHAIN SPRAY - 400 ml,,,,,,,,,,,,,,,,,,,,,,,,
eurolub-422-super-rust-remover-400-ml,Eurolub 422 SUPER RUST REMOVER - 400 ml,"<h4><strong>Description</strong></h4><p>Especially applicable where screws, nuts, bolts, cotter pins or other moving parts are stubbornly seized in rust.</p>        <p>&nbsp;</p>        <h4>Compatibility</h4><p>Feel free to contact us at info@mlperformance.co.uk should you wish to double check!</p>        <p>&nbsp;</p>        <h4>Compatibility Check</h4><p>To ensure the part(s) you have ordered fits your vehicle, we run a compatibility check prior to dispatch. We can do this either using your registration number (UK) or the last 7 digits of your VIN. Simply enter your car details prior to checkout.</p>        <p>&nbsp;</p>        <h4>Part Number</h4><p>EUROLUB-422</p>        <p>&nbsp;</p>        <h4>More Information</h4><p><strong>Manufactured by</strong></p><p>Eurolub</p>",Eurolub,Eurolub 422 SUPER RUST REMOVER - 400 ml,,"Uploaded by_Muazzim, MLP Discount 2026, Brand_Eurolub, 2026_New Products, Product Type_",TRUE,Title,Default Title,,,,,EUROLUB-422,,shopify,continue,manual,,,TRUE,TRUE,422,https://eurolub.com/userdata/dcshop/images/thumb_3/780961_000422.png,1,Eurolub 422 SUPER RUST REMOVER - 400 ml,,Eurolub 422 SUPER RUST REMOVER - 400 ml,Get Eurolub 422 SUPER RUST REMOVER - 400 ml for your car to get your desired looks and performance from ML Performance at the lowest price with FREE UK shipping & next day delivery on in stock items. Very cheap prices & good service.,,,,422,,,new,,,,,,,,kg,8708949900,,,,,active
eurolub-422-super-rust-remover-400-ml,,,,,,,,,,,,,,,,,,,,,,,,,2,Eurolub 422 SUPER RUST REMOVER - 400 ml,,,,,,,,,,,,,,,,,,,,,,,,
eurolub-569-engine-impregnation-1-l,Eurolub 569 ENGINE IMPREGNATION - 1 L,"<h4><strong>Description</strong></h4><p>Protects engine block, engine hood, engine compartment as well as rabbets and door edges from rust. Dirty door rails on the car can be cleaned easily without water.</p>        <p>&nbsp;</p>        <h4>Compatibility</h4><p>Feel free to contact us at info@mlperformance.co.uk should you wish to double check!</p>        <p>&nbsp;</p>        <h4>Compatibility Check</h4><p>To ensure the part(s) you have ordered fits your vehicle, we run a compatibility check prior to dispatch. We can do this either using your registration number (UK) or the last 7 digits of your VIN. Simply enter your car details prior to checkout.</p>        <p>&nbsp;</p>        <h4>Part Number</h4><p>EUROLUB-569</p>        <p>&nbsp;</p>        <h4>More Information</h4><p><strong>Manufactured by</strong></p><p>Eurolub</p>",Eurolub,Eurolub 569 ENGINE IMPREGNATION - 1 L,,"Uploaded by_Muazzim, MLP Discount 2026, Brand_Eurolub, 2026_New Products, Product Type_",TRUE,Title,Default Title,,,,,EUROLUB-569,,shopify,continue,manual,,,TRUE,TRUE,569,https://eurolub.com/userdata/dcshop/images/thumb_3/222221_000569.png,1,Eurolub 569 ENGINE IMPREGNATION - 1 L,,Eurolub 569 ENGINE IMPREGNATION - 1 L,Get Eurolub 569 ENGINE IMPREGNATION - 1 L for your car to get your desired looks and performance from ML Performance at the lowest price with FREE UK shipping & next day delivery on in stock items. Very cheap prices & good service.,,,,569,,,new,,,,,,,,kg,8708949900,,,,,active
eurolub-569-engine-impregnation-1-l,,,,,,,,,,,,,,,,,,,,,,,,,2,Eurolub 569 ENGINE IMPREGNATION - 1 L,,,,,,,,,,,,,,,,,,,,,,,,
eurolub-817xxx-clear-vision-1-10-summer,Eurolub 817XXX Clear Vision 1:10 Summer,"<h4><strong>Description</strong></h4><p>Window cleaning concentrate. Removes grease and silicone films from the windscreen. Suitable for fan jet nozzles and plastic headlight covers. Mixing ratio 1:10.</p>        <p>&nbsp;</p>        <h4>Compatibility</h4><p>Feel free to contact us at info@mlperformance.co.uk should you wish to double check!</p>        <p>&nbsp;</p>        <h4>Compatibility Check</h4><p>To ensure the part(s) you have ordered fits your vehicle, we run a compatibility check prior to dispatch. We can do this either using your registration number (UK) or the last 7 digits of your VIN. Simply enter your car details prior to checkout.</p>        <p>&nbsp;</p>        <h4>Part Number</h4><p>EUROLUB-001955 (1 L)</p><p>EUROLUB-817005 (5 L)</p><p>EUROLUB-001108 (25 L)</p><p>EUROLUB-002198 (60 L)</p><p>EUROLUB-817208 (208 L)</p>        <p>&nbsp;</p>        <h4>More Information</h4><p><strong>Manufactured by</strong></p><p>Eurolub</p>",Eurolub,Eurolub 817XXX Clear Vision 1:10 Summer,,"Uploaded by_Muazzim, MLP Discount 2026, Brand_Eurolub, 2026_New Products, Product Type_",TRUE,Options,1 L,,,,,EUROLUB-001955,,shopify,continue,manual,,,TRUE,TRUE,1955,https://eurolub.com/userdata/dcshop/images/thumb_3/588119_817xxx.png,1,Eurolub 817XXX Clear Vision 1:10 Summer,,Eurolub 817XXX Clear Vision 1:10 Summer,Get Eurolub 817XXX Clear Vision 1:10 Summer for your car to get your desired looks and performance from ML Performance at the lowest price with FREE UK shipping & next day delivery on in stock items. Very cheap prices & good service.,,,,1955,,,new,,,,,,,https://eurolub.com/userdata/dcshop/images/thumb_2/931174_001955.png,kg,8708949900,,,,,active
eurolub-817xxx-clear-vision-1-10-summer,,,,,,,,,5 L,,,,,EUROLUB-817005,,shopify,continue,manual,,,TRUE,TRUE,817005,https://eurolub.com/userdata/dcshop/images/thumb_2/931174_001955.png,2,Eurolub 817XXX Clear Vision 1:10 Summer,,,,,,,,,,,,,,,,,https://eurolub.com/userdata/dcshop/images/thumb_2/372255_817005.png,kg,8708949900,,,,,
eurolub-817xxx-clear-vision-1-10-summer,,,,,,,,,25 L,,,,,EUROLUB-001108,,shopify,continue,manual,,,TRUE,TRUE,1108,https://eurolub.com/userdata/dcshop/images/thumb_2/372255_817005.png,3,Eurolub 817XXX Clear Vision 1:10 Summer,,,,,,,,,,,,,,,,,https://eurolub.com/userdata/dcshop/images/thumb_2/753437_001108.png,kg,8708949900,,,,,
eurolub-817xxx-clear-vision-1-10-summer,,,,,,,,,60 L,,,,,EUROLUB-002198,,shopify,continue,manual,,,TRUE,TRUE,2198,https://eurolub.com/userdata/dcshop/images/thumb_2/753437_001108.png,4,Eurolub 817XXX Clear Vision 1:10 Summer,,,,,,,,,,,,,,,,,https://eurolub.com/userdata/dcshop/images/thumb_2/816322_002198.png,kg,8708949900,,,,,
eurolub-817xxx-clear-vision-1-10-summer,,,,,,,,,208 L,,,,,EUROLUB-817208,,shopify,continue,manual,,,TRUE,TRUE,817208,https://eurolub.com/userdata/dcshop/images/thumb_2/816322_002198.png,5,Eurolub 817XXX Clear Vision 1:10 Summer,,,,,,,,,,,,,,,,,https://eurolub.com/userdata/dcshop/images/thumb_2/515076_817208.png,kg,8708949900,,,,,
eurolub-817xxx-clear-vision-1-10-summer,,,,,,,,,,,,,,,,,,,,,,,,https://eurolub.com/userdata/dcshop/images/thumb_2/515076_817208.png,6,Eurolub 817XXX Clear Vision 1:10 Summer,,,,,,,,,,,,,,,,,,,,,,,,
eurolub-00xxxx-workshop-floor-cleaner,Eurolub 00XXXX Workshop Floor Cleaner,"<h4><strong>Description</strong></h4><p>Cleans oil-contaminated workshop floors. Solvent free, sprayable, highly concentrated. Application quantity 0.5 - 1.0 %.</p>        <p>&nbsp;</p>        <h4>Compatibility</h4><p>Feel free to contact us at info@mlperformance.co.uk should you wish to double check!</p>        <p>&nbsp;</p>        <h4>Compatibility Check</h4><p>To ensure the part(s) you have ordered fits your vehicle, we run a compatibility check prior to dispatch. We can do this either using your registration number (UK) or the last 7 digits of your VIN. Simply enter your car details prior to checkout.</p>        <p>&nbsp;</p>        <h4>Part Number</h4><p>EUROLUB-005991 (5 L)</p><p>EUROLUB-002990 (30 L)</p>        <p>&nbsp;</p>        <h4>More Information</h4><p><strong>Manufactured by</strong></p><p>Eurolub</p>",Eurolub,Eurolub 00XXXX Workshop Floor Cleaner,,"Uploaded by_Muazzim, MLP Discount 2026, Brand_Eurolub, 2026_New Products, Product Type_",TRUE,Options,5 L,,,,,EUROLUB-005991,,shopify,continue,manual,,,TRUE,TRUE,5991,https://eurolub.com/userdata/dcshop/images/thumb_3/623161_00xxxx.png,1,Eurolub 00XXXX Workshop Floor Cleaner,,Eurolub 00XXXX Workshop Floor Cleaner,Get Eurolub 00XXXX Workshop Floor Cleaner for your car to get your desired looks and performance from ML Performance at the lowest price with FREE UK shipping & next day delivery on in stock items. Very cheap prices & good service.,,,,5991,,,new,,,,,,,https://eurolub.com/userdata/dcshop/images/thumb_2/201004_005991.png,kg,8708949900,,,,,active
eurolub-00xxxx-workshop-floor-cleaner,,,,,,,,,30 L,,,,,EUROLUB-002990,,shopify,continue,manual,,,TRUE,TRUE,2990,https://eurolub.com/userdata/dcshop/images/thumb_2/201004_005991.png,2,Eurolub 00XXXX Workshop Floor Cleaner,,,,,,,,,,,,,,,,,https://eurolub.com/userdata/dcshop/images/thumb_2/745766_002990.png,kg,8708949900,,,,,
eurolub-00xxxx-workshop-floor-cleaner,,,,,,,,,,,,,,,,,,,,,,,,https://eurolub.com/userdata/dcshop/images/thumb_2/745766_002990.png,3,Eurolub 00XXXX Workshop Floor Cleaner,,,,,,,,,,,,,,,,,,,,,,,,
eurolub-8466-hand-wash-paste-wasch-star-10-l,Eurolub 8466 HAND WASH PASTE WASCH-STAR - 10 L,"<h4><strong>Description</strong></h4><p>Pore-deeply cleansing hand washing paste with refatting components for the protection and care of the skin. Dermatologically tested.</p>        <p>&nbsp;</p>        <h4>Compatibility</h4><p>Feel free to contact us at info@mlperformance.co.uk should you wish to double check!</p>        <p>&nbsp;</p>        <h4>Compatibility Check</h4><p>To ensure the part(s) you have ordered fits your vehicle, we run a compatibility check prior to dispatch. We can do this either using your registration number (UK) or the last 7 digits of your VIN. Simply enter your car details prior to checkout.</p>        <p>&nbsp;</p>        <h4>Part Number</h4><p>EUROLUB-8466</p>        <p>&nbsp;</p>        <h4>More Information</h4><p><strong>Manufactured by</strong></p><p>Eurolub</p>",Eurolub,Eurolub 8466 HAND WASH PASTE WASCH-STAR - 10 L,,"Uploaded by_Muazzim, MLP Discount 2026, Brand_Eurolub, 2026_New Products, Product Type_",TRUE,Title,Default Title,,,,,EUROLUB-8466,,shopify,continue,manual,,,TRUE,TRUE,8466,https://eurolub.com/userdata/dcshop/images/thumb_3/361425_008466.png,1,Eurolub 8466 HAND WASH PASTE WASCH-STAR - 10 L,,Eurolub 8466 HAND WASH PASTE WASCH-STAR - 10 L,Get Eurolub 8466 HAND WASH PASTE WASCH-STAR - 10 L for your car to get your desired looks and performance from ML Performance at the lowest price with FREE UK shipping & next day delivery on in stock items. Very cheap prices & good service.,,,,8466,,,new,,,,,,,,kg,8708949900,,,,,active
eurolub-8466-hand-wash-paste-wasch-star-10-l,,,,,,,,,,,,,,,,,,,,,,,,,2,Eurolub 8466 HAND WASH PASTE WASCH-STAR - 10 L,,,,,,,,,,,,,,,,,,,,,,,,
eurolub-1283-foam-cleaner-for-glass-and-upholstery-500-ml,Eurolub 1283 FOAM CLEANER FOR GLASS AND UPHOLSTERY - 500 ml,"<h4><strong>Description</strong></h4><p>For glass, all smooth surfaces and color-fast textiles, e.g. upholstery, canopies, interior door panels, etc.</p>        <p>&nbsp;</p>        <h4>Compatibility</h4><p>Feel free to contact us at info@mlperformance.co.uk should you wish to double check!</p>        <p>&nbsp;</p>        <h4>Compatibility Check</h4><p>To ensure the part(s) you have ordered fits your vehicle, we run a compatibility check prior to dispatch. We can do this either using your registration number (UK) or the last 7 digits of your VIN. Simply enter your car details prior to checkout.</p>        <p>&nbsp;</p>        <h4>Part Number</h4><p>EUROLUB-1283</p>        <p>&nbsp;</p>        <h4>More Information</h4><p><strong>Manufactured by</strong></p><p>Eurolub</p>",Eurolub,Eurolub 1283 FOAM CLEANER FOR GLASS AND UPHOLSTERY - 500 ml,,"Uploaded by_Muazzim, MLP Discount 2026, Brand_Eurolub, 2026_New Products, Product Type_",TRUE,Title,Default Title,,,,,EUROLUB-1283,,shopify,continue,manual,,,TRUE,TRUE,1283,https://eurolub.com/userdata/dcshop/images/thumb_3/489852_001283.png,1,Eurolub 1283 FOAM CLEANER FOR GLASS AND UPHOLSTERY - 500 ml,,Eurolub 1283 FOAM CLEANER FOR GLASS AND UPHOLSTERY - 500 ml,Get Eurolub 1283 FOAM CLEANER FOR GLASS AND UPHOLSTERY - 500 ml for your car to get your desired looks and performance from ML Performance at the lowest price with FREE UK shipping & next day delivery on in stock items. Very cheap prices & good service.,,,,1283,,,new,,,,,,,,kg,8708949900,,,,,active
eurolub-1283-foam-cleaner-for-glass-and-upholstery-500-ml,,,,,,,,,,,,,,,,,,,,,,,,,2,Eurolub 1283 FOAM CLEANER FOR GLASS AND UPHOLSTERY - 500 ml,,,,,,,,,,,,,,,,,,,,,,,,
eurolub-818xxx-clear-vision-rtu-summer,Eurolub 818XXX Clear Vision RTU Summer,"<h4><strong>Description</strong></h4><p>Klar Sicht Sommer RTU completely removes insect debris from the windshield and dissolves dirt deposits such as oils, greases, spray waxes and silicones.nIt ensures streak-free windows, is glare-free and thus increases your driving safety.</p>        <p>&nbsp;</p>        <h4>Compatibility</h4><p>Feel free to contact us at info@mlperformance.co.uk should you wish to double check!</p>        <p>&nbsp;</p>        <h4>Compatibility Check</h4><p>To ensure the part(s) you have ordered fits your vehicle, we run a compatibility check prior to dispatch. We can do this either using your registration number (UK) or the last 7 digits of your VIN. Simply enter your car details prior to checkout.</p>        <p>&nbsp;</p>        <h4>Part Number</h4><p>EUROLUB-818005 (5 L)</p>        <p>&nbsp;</p>        <h4>More Information</h4><p><strong>Manufactured by</strong></p><p>Eurolub</p>",Eurolub,Eurolub 818XXX Clear Vision RTU Summer,,"Uploaded by_Muazzim, MLP Discount 2026, Brand_Eurolub, 2026_New Products, Product Type_",TRUE,Options,5 L,,,,,EUROLUB-818005,,shopify,continue,manual,,,TRUE,TRUE,818005,https://eurolub.com/userdata/dcshop/images/thumb_3/175108_818xxx.png,1,Eurolub 818XXX Clear Vision RTU Summer,,Eurolub 818XXX Clear Vision RTU Summer,Get Eurolub 818XXX Clear Vision RTU Summer for your car to get your desired looks and performance from ML Performance at the lowest price with FREE UK shipping & next day delivery on in stock items. Very cheap prices & good service.,,,,818005,,,new,,,,,,,https://eurolub.com/userdata/dcshop/images/thumb_2/964411_818005.png,kg,8708949900,,,,,active
eurolub-818xxx-clear-vision-rtu-summer,,,,,,,,,,,,,,,,,,,,,,,,https://eurolub.com/userdata/dcshop/images/thumb_2/964411_818005.png,2,Eurolub 818XXX Clear Vision RTU Summer,,,,,,,,,,,,,,,,,,,,,,,,
eurolub-117000-eurowipes-cleansing-wipes-80-wipes,Eurolub 117000 EUROWIPES CLEANSING WIPES 80 WIPES,"<h4><strong>Description</strong></h4><p>Cleansing wipes for thorough removal of dirt.</p>        <p>&nbsp;</p>        <h4>Compatibility</h4><p>Feel free to contact us at info@mlperformance.co.uk should you wish to double check!</p>        <p>&nbsp;</p>        <h4>Compatibility Check</h4><p>To ensure the part(s) you have ordered fits your vehicle, we run a compatibility check prior to dispatch. We can do this either using your registration number (UK) or the last 7 digits of your VIN. Simply enter your car details prior to checkout.</p>        <p>&nbsp;</p>        <h4>Part Number</h4><p>EUROLUB-117000</p>        <p>&nbsp;</p>        <h4>More Information</h4><p><strong>Manufactured by</strong></p><p>Eurolub</p>",Eurolub,Eurolub 117000 EUROWIPES CLEANSING WIPES 80 WIPES,,"Uploaded by_Muazzim, MLP Discount 2026, Brand_Eurolub, 2026_New Products, Product Type_",TRUE,Title,Default Title,,,,,EUROLUB-117000,,shopify,continue,manual,,,TRUE,TRUE,117000,https://eurolub.com/userdata/dcshop/images/thumb_3/529468_117000.png,1,Eurolub 117000 EUROWIPES CLEANSING WIPES 80 WIPES,,Eurolub 117000 EUROWIPES CLEANSING WIPES 80 WIPES,Get Eurolub 117000 EUROWIPES CLEANSING WIPES 80 WIPES for your car to get your desired looks and performance from ML Performance at the lowest price with FREE UK shipping & next day delivery on in stock items. Very cheap prices & good service.,,,,117000,,,new,,,,,,,,kg,8708949900,,,,,active
eurolub-117000-eurowipes-cleansing-wipes-80-wipes,,,,,,,,,,,,,,,,,,,,,,,,,2,Eurolub 117000 EUROWIPES CLEANSING WIPES 80 WIPES,,,,,,,,,,,,,,,,,,,,,,,,
eurolub-000xxx-autoshampoo,Eurolub 000XXX AUTOSHAMPOO,"<h4><strong>Description</strong></h4><p>Concentrated car shampoo for brush car washes and hand wash. Keeps the brushes clean. The contained surfactants are biodegradable. Application quantity 0.1 - 0.4 %.</p>        <p>&nbsp;</p>        <h4>Compatibility</h4><p>Feel free to contact us at info@mlperformance.co.uk should you wish to double check!</p>        <p>&nbsp;</p>        <h4>Compatibility Check</h4><p>To ensure the part(s) you have ordered fits your vehicle, we run a compatibility check prior to dispatch. We can do this either using your registration number (UK) or the last 7 digits of your VIN. Simply enter your car details prior to checkout.</p>        <p>&nbsp;</p>        <h4>Part Number</h4><p>EUROLUB-000514 (5 L)</p><p>EUROLUB-000309 (30 L)</p>        <p>&nbsp;</p>        <h4>More Information</h4><p><strong>Manufactured by</strong></p><p>Eurolub</p>",Eurolub,Eurolub 000XXX AUTOSHAMPOO,,"Uploaded by_Muazzim, MLP Discount 2026, Brand_Eurolub, 2026_New Products, Product Type_",TRUE,Options,5 L,,,,,EUROLUB-000514,,shopify,continue,manual,,,TRUE,TRUE,514,https://eurolub.com/userdata/dcshop/images/thumb_3/277226_000xxx.png,1,Eurolub 000XXX AUTOSHAMPOO,,Eurolub 000XXX AUTOSHAMPOO,Get Eurolub 000XXX AUTOSHAMPOO for your car to get your desired looks and performance from ML Performance at the lowest price with FREE UK shipping & next day delivery on in stock items. Very cheap prices & good service.,,,,514,,,new,,,,,,,https://eurolub.com/userdata/dcshop/images/thumb_2/601704_000514.png,kg,8708949900,,,,,active
eurolub-000xxx-autoshampoo,,,,,,,,,30 L,,,,,EUROLUB-000309,,shopify,continue,manual,,,TRUE,TRUE,309,https://eurolub.com/userdata/dcshop/images/thumb_2/601704_000514.png,2,Eurolub 000XXX AUTOSHAMPOO,,,,,,,,,,,,,,,,,https://eurolub.com/userdata/dcshop/images/thumb_2/28736_000309.png,kg,8708949900,,,,,
eurolub-000xxx-autoshampoo,,,,,,,,,,,,,,,,,,,,,,,,https://eurolub.com/userdata/dcshop/images/thumb_2/28736_000309.png,3,Eurolub 000XXX AUTOSHAMPOO,,,,,,,,,,,,,,,,,,,,,,,,
eurolub-819xxx-distilled-water,Eurolub 819XXX Distilled Water,"<h4><strong>Description</strong></h4><p>Distilled water was demineralized by reverse osmosis and is therefore free of solutes and is suitable for all applications where pure water is needed suitable.</p>        <p>&nbsp;</p>        <h4>Compatibility</h4><p>Feel free to contact us at info@mlperformance.co.uk should you wish to double check!</p>        <p>&nbsp;</p>        <h4>Compatibility Check</h4><p>To ensure the part(s) you have ordered fits your vehicle, we run a compatibility check prior to dispatch. We can do this either using your registration number (UK) or the last 7 digits of your VIN. Simply enter your car details prior to checkout.</p>        <p>&nbsp;</p>        <h4>Part Number</h4><p>EUROLUB-819002 (2 L)</p><p>EUROLUB-819005 (5 L)</p><p>EUROLUB-819025 (25 L)</p><p>EUROLUB-819060 (60 L)</p><p>EUROLUB-819208 (208 L)</p>        <p>&nbsp;</p>        <h4>More Information</h4><p><strong>Manufactured by</strong></p><p>Eurolub</p>",Eurolub,Eurolub 819XXX Distilled Water,,"Uploaded by_Muazzim, MLP Discount 2026, Brand_Eurolub, 2026_New Products, Product Type_",TRUE,Options,2 L,,,,,EUROLUB-819002,,shopify,continue,manual,,,TRUE,TRUE,819002,https://eurolub.com/userdata/dcshop/images/thumb_3/994438_819xxx.png,1,Eurolub 819XXX Distilled Water,,Eurolub 819XXX Distilled Water,Get Eurolub 819XXX Distilled Water for your car to get your desired looks and performance from ML Performance at the lowest price with FREE UK shipping & next day delivery on in stock items. Very cheap prices & good service.,,,,819002,,,new,,,,,,,https://eurolub.com/userdata/dcshop/images/thumb_2/832339_819002.png,kg,8708949900,,,,,active
eurolub-819xxx-distilled-water,,,,,,,,,5 L,,,,,EUROLUB-819005,,shopify,continue,manual,,,TRUE,TRUE,819005,https://eurolub.com/userdata/dcshop/images/thumb_2/832339_819002.png,2,Eurolub 819XXX Distilled Water,,,,,,,,,,,,,,,,,https://eurolub.com/userdata/dcshop/images/thumb_2/103164_819005.png,kg,8708949900,,,,,
eurolub-819xxx-distilled-water,,,,,,,,,25 L,,,,,EUROLUB-819025,,shopify,continue,manual,,,TRUE,TRUE,819025,https://eurolub.com/userdata/dcshop/images/thumb_2/103164_819005.png,3,Eurolub 819XXX Distilled Water,,,,,,,,,,,,,,,,,https://eurolub.com/userdata/dcshop/images/thumb_2/336136_819025.png,kg,8708949900,,,,,
eurolub-819xxx-distilled-water,,,,,,,,,60 L,,,,,EUROLUB-819060,,shopify,continue,manual,,,TRUE,TRUE,819060,https://eurolub.com/userdata/dcshop/images/thumb_2/336136_819025.png,4,Eurolub 819XXX Distilled Water,,,,,,,,,,,,,,,,,https://eurolub.com/userdata/dcshop/images/thumb_2/721651_819060.png,kg,8708949900,,,,,
eurolub-819xxx-distilled-water,,,,,,,,,208 L,,,,,EUROLUB-819208,,shopify,continue,manual,,,TRUE,TRUE,819208,https://eurolub.com/userdata/dcshop/images/thumb_2/721651_819060.png,5,Eurolub 819XXX Distilled Water,,,,,,,,,,,,,,,,,https://eurolub.com/userdata/dcshop/images/thumb_2/859540_819208.png,kg,8708949900,,,,,
eurolub-819xxx-distilled-water,,,,,,,,,,,,,,,,,,,,,,,,https://eurolub.com/userdata/dcshop/images/thumb_2/859540_819208.png,6,Eurolub 819XXX Distilled Water,,,,,,,,,,,,,,,,,,,,,,,,
eurolub-100126xxn-nitro-thinner,Eurolub 100126XXN Nitro Thinner,"<h4><strong>Description</strong></h4><p>This is Eurolub 100126XXN Nitro Thinner</p>        <p>&nbsp;</p>        <h4>Compatibility</h4><p>Feel free to contact us at info@mlperformance.co.uk should you wish to double check!</p>        <p>&nbsp;</p>        <h4>Compatibility Check</h4><p>To ensure the part(s) you have ordered fits your vehicle, we run a compatibility check prior to dispatch. We can do this either using your registration number (UK) or the last 7 digits of your VIN. Simply enter your car details prior to checkout.</p>        <p>&nbsp;</p>        <h4>Part Number</h4><p>EUROLUB-10012617 (1 L)</p><p>EUROLUB-10012619 (6 L)</p><p>EUROLUB-10012620 (30 L)</p><p>EUROLUB-10012623 (60 L)</p><p>EUROLUB-10012625 (200 L)</p>        <p>&nbsp;</p>        <h4>More Information</h4><p><strong>Manufactured by</strong></p><p>Eurolub</p>",Eurolub,Eurolub 100126XXN Nitro Thinner,,"Uploaded by_Muazzim, MLP Discount 2026, Brand_Eurolub, 2026_New Products, Product Type_",TRUE,Options,1 L,,,,,EUROLUB-10012617,,shopify,continue,manual,,,TRUE,TRUE,10012617,https://eurolub.com/userdata/dcshop/images/thumb_3/733759_100126xxn.png,1,Eurolub 100126XXN Nitro Thinner,,Eurolub 100126XXN Nitro Thinner,Get Eurolub 100126XXN Nitro Thinner for your car to get your desired looks and performance from ML Performance at the lowest price with FREE UK shipping & next day delivery on in stock items. Very cheap prices & good service.,,,,10012617,,,new,,,,,,,https://eurolub.com/userdata/dcshop/images/thumb_2/965185_10012617.png,kg,8708949900,,,,,active
eurolub-100126xxn-nitro-thinner,,,,,,,,,6 L,,,,,EUROLUB-10012619,,shopify,continue,manual,,,TRUE,TRUE,10012619,https://eurolub.com/userdata/dcshop/images/thumb_2/965185_10012617.png,2,Eurolub 100126XXN Nitro Thinner,,,,,,,,,,,,,,,,,https://eurolub.com/userdata/dcshop/images/thumb_2/601705_10012619.png,kg,8708949900,,,,,
eurolub-100126xxn-nitro-thinner,,,,,,,,,30 L,,,,,EUROLUB-10012620,,shopify,continue,manual,,,TRUE,TRUE,10012620,https://eurolub.com/userdata/dcshop/images/thumb_2/601705_10012619.png,3,Eurolub 100126XXN Nitro Thinner,,,,,,,,,,,,,,,,,https://eurolub.com/userdata/dcshop/images/thumb_2/126620_10012620.png,kg,8708949900,,,,,
eurolub-100126xxn-nitro-thinner,,,,,,,,,60 L,,,,,EUROLUB-10012623,,shopify,continue,manual,,,TRUE,TRUE,10012623,https://eurolub.com/userdata/dcshop/images/thumb_2/126620_10012620.png,4,Eurolub 100126XXN Nitro Thinner,,,,,,,,,,,,,,,,,https://eurolub.com/userdata/dcshop/images/thumb_2/405858_10012623.png,kg,8708949900,,,,,
eurolub-100126xxn-nitro-thinner,,,,,,,,,200 L,,,,,EUROLUB-10012625,,shopify,continue,manual,,,TRUE,TRUE,10012625,https://eurolub.com/userdata/dcshop/images/thumb_2/405858_10012623.png,5,Eurolub 100126XXN Nitro Thinner,,,,,,,,,,,,,,,,,https://eurolub.com/userdata/dcshop/images/thumb_2/777438_10012625.png,kg,8708949900,,,,,
eurolub-100126xxn-nitro-thinner,,,,,,,,,,,,,,,,,,,,,,,,https://eurolub.com/userdata/dcshop/images/thumb_2/777438_10012625.png,6,Eurolub 100126XXN Nitro Thinner,,,,,,,,,,,,,,,,,,,,,,,,
eurolub-100126xxu-universal-dilution,Eurolub 100126XXU Universal Dilution,"<h4><strong>Description</strong></h4><p>This is Eurolub 100126XXU Universal Dilution</p>        <p>&nbsp;</p>        <h4>Compatibility</h4><p>Feel free to contact us at info@mlperformance.co.uk should you wish to double check!</p>        <p>&nbsp;</p>        <h4>Compatibility Check</h4><p>To ensure the part(s) you have ordered fits your vehicle, we run a compatibility check prior to dispatch. We can do this either using your registration number (UK) or the last 7 digits of your VIN. Simply enter your car details prior to checkout.</p>        <p>&nbsp;</p>        <h4>Part Number</h4><p>EUROLUB-10012626 (1 L)</p><p>EUROLUB-10012628 (6 L)</p><p>EUROLUB-10012631 (30 L)</p><p>EUROLUB-10012633 (60 L)</p><p>EUROLUB-10012635 (200 L)</p>        <p>&nbsp;</p>        <h4>More Information</h4><p><strong>Manufactured by</strong></p><p>Eurolub</p>",Eurolub,Eurolub 100126XXU Universal Dilution,,"Uploaded by_Muazzim, MLP Discount 2026, Brand_Eurolub, 2026_New Products, Product Type_",TRUE,Options,1 L,,,,,EUROLUB-10012626,,shopify,continue,manual,,,TRUE,TRUE,10012626,https://eurolub.com/userdata/dcshop/images/thumb_3/248589_10012626.png,1,Eurolub 100126XXU Universal Dilution,,Eurolub 100126XXU Universal Dilution,Get Eurolub 100126XXU Universal Dilution for your car to get your desired looks and performance from ML Performance at the lowest price with FREE UK shipping & next day delivery on in stock items. Very cheap prices & good service.,,,,10012626,,,new,,,,,,,https://eurolub.com/userdata/dcshop/images/thumb_2/748141_10012626.png,kg,8708949900,,,,,active
eurolub-100126xxu-universal-dilution,,,,,,,,,6 L,,,,,EUROLUB-10012628,,shopify,continue,manual,,,TRUE,TRUE,10012628,https://eurolub.com/userdata/dcshop/images/thumb_2/748141_10012626.png,2,Eurolub 100126XXU Universal Dilution,,,,,,,,,,,,,,,,,https://eurolub.com/userdata/dcshop/images/thumb_2/385056_10012628.png,kg,8708949900,,,,,
eurolub-100126xxu-universal-dilution,,,,,,,,,30 L,,,,,EUROLUB-10012631,,shopify,continue,manual,,,TRUE,TRUE,10012631,https://eurolub.com/userdata/dcshop/images/thumb_2/385056_10012628.png,3,Eurolub 100126XXU Universal Dilution,,,,,,,,,,,,,,,,,https://eurolub.com/userdata/dcshop/images/thumb_2/635436_10012631.png,kg,8708949900,,,,,
eurolub-100126xxu-universal-dilution,,,,,,,,,60 L,,,,,EUROLUB-10012633,,shopify,continue,manual,,,TRUE,TRUE,10012633,https://eurolub.com/userdata/dcshop/images/thumb_2/635436_10012631.png,4,Eurolub 100126XXU Universal Dilution,,,,,,,,,,,,,,,,,https://eurolub.com/userdata/dcshop/images/thumb_2/703153_10012633.png,kg,8708949900,,,,,
eurolub-100126xxu-universal-dilution,,,,,,,,,200 L,,,,,EUROLUB-10012635,,shopify,continue,manual,,,TRUE,TRUE,10012635,https://eurolub.com/userdata/dcshop/images/thumb_2/703153_10012633.png,5,Eurolub 100126XXU Universal Dilution,,,,,,,,,,,,,,,,,https://eurolub.com/userdata/dcshop/images/thumb_2/90337_10012635.png,kg,8708949900,,,,,
eurolub-100126xxu-universal-dilution,,,,,,,,,,,,,,,,,,,,,,,,https://eurolub.com/userdata/dcshop/images/thumb_2/90337_10012635.png,6,Eurolub 100126XXU Universal Dilution,,,,,,,,,,,,,,,,,,,,,,,,
eurolub-835xxx-engine-coolant-d-65,Eurolub 835XXX Engine Coolant D-65,"<h4><strong>Description</strong></h4><p>Coolant that protects the cooling system by employing organic acid technology in cominbation with silicate.</p>        <p>&nbsp;</p>        <h4>Compatibility</h4><ul><li>VW TL 774 Ausf. L</li><li>BMW LC-18</li><li>CUNA NC 956-16</li><li>ASTM D3306</li><li>ASTM D4985</li><li>ASTM D6210</li><li>BS 6580</li><li>JIS K 2234:2006</li><li>SAE J 1034</li><li>DEUTZ CC-14</li><li>*Die gesamte Verwendbarkeit im Datenblatt</li></ul><p>Feel free to contact us at info@mlperformance.co.uk should you wish to double check!</p>        <p>&nbsp;</p>        <h4>Compatibility Check</h4><p>To ensure the part(s) you have ordered fits your vehicle, we run a compatibility check prior to dispatch. We can do this either using your registration number (UK) or the last 7 digits of your VIN. Simply enter your car details prior to checkout.</p>        <p>&nbsp;</p>        <h4>Part Number</h4><p>EUROLUB-835015 (1,5 L)</p><p>EUROLUB-835005 (5 L)</p><p>EUROLUB-835020 (20 L)</p><p>EUROLUB-835060 (60 L)</p><p>EUROLUB-835208 (208 L)</p><p>EUROLUB-835100 (1000 L)</p>        <p>&nbsp;</p>        <h4>More Information</h4><p><strong>Manufactured by</strong></p><p>Eurolub</p>",Eurolub,Eurolub 835XXX Engine Coolant D-65,,"Uploaded by_Muazzim, MLP Discount 2026, Brand_Eurolub, 2026_New Products, Product Type_",TRUE,Options,"1,5 L",,,,,EUROLUB-835015,,shopify,continue,manual,,,TRUE,TRUE,835015,https://eurolub.com/userdata/dcshop/images/thumb_3/792102_835xxx.png,1,Eurolub 835XXX Engine Coolant D-65,,Eurolub 835XXX Engine Coolant D-65,Get Eurolub 835XXX Engine Coolant D-65 for your car to get your desired looks and performance from ML Performance at the lowest price with FREE UK shipping & next day delivery on in stock items. Very cheap prices & good service.,,,,835015,,,new,,,,,,,https://eurolub.com/userdata/dcshop/images/thumb_2/144424_835015.png,kg,8708949900,,,,,active
eurolub-835xxx-engine-coolant-d-65,,,,,,,,,5 L,,,,,EUROLUB-835005,,shopify,continue,manual,,,TRUE,TRUE,835005,https://eurolub.com/userdata/dcshop/images/thumb_2/144424_835015.png,2,Eurolub 835XXX Engine Coolant D-65,,,,,,,,,,,,,,,,,https://eurolub.com/userdata/dcshop/images/thumb_2/459048_835005.png,kg,8708949900,,,,,
eurolub-835xxx-engine-coolant-d-65,,,,,,,,,20 L,,,,,EUROLUB-835020,,shopify,continue,manual,,,TRUE,TRUE,835020,https://eurolub.com/userdata/dcshop/images/thumb_2/459048_835005.png,3,Eurolub 835XXX Engine Coolant D-65,,,,,,,,,,,,,,,,,https://eurolub.com/userdata/dcshop/images/thumb_2/36139_835020.png,kg,8708949900,,,,,
eurolub-835xxx-engine-coolant-d-65,,,,,,,,,60 L,,,,,EUROLUB-835060,,shopify,continue,manual,,,TRUE,TRUE,835060,https://eurolub.com/userdata/dcshop/images/thumb_2/36139_835020.png,4,Eurolub 835XXX Engine Coolant D-65,,,,,,,,,,,,,,,,,https://eurolub.com/userdata/dcshop/images/thumb_2/856611_835060.png,kg,8708949900,,,,,
eurolub-835xxx-engine-coolant-d-65,,,,,,,,,208 L,,,,,EUROLUB-835208,,shopify,continue,manual,,,TRUE,TRUE,835208,https://eurolub.com/userdata/dcshop/images/thumb_2/856611_835060.png,5,Eurolub 835XXX Engine Coolant D-65,,,,,,,,,,,,,,,,,https://eurolub.com/userdata/dcshop/images/thumb_2/673803_835208.png,kg,8708949900,,,,,
eurolub-835xxx-engine-coolant-d-65,,,,,,,,,1000 L,,,,,EUROLUB-835100,,shopify,continue,manual,,,TRUE,TRUE,835100,https://eurolub.com/userdata/dcshop/images/thumb_2/673803_835208.png,6,Eurolub 835XXX Engine Coolant D-65,,,,,,,,,,,,,,,,,https://eurolub.com/userdata/dcshop/images/thumb_2/82120_835100.png,kg,8708949900,,,,,
eurolub-835xxx-engine-coolant-d-65,,,,,,,,,,,,,,,,,,,,,,,,https://eurolub.com/userdata/dcshop/images/thumb_2/82120_835100.png,7,Eurolub 835XXX Engine Coolant D-65,,,,,,,,,,,,,,,,,,,,,,,,
eurolub-836xxx-engine-coolant-d-48-extra,Eurolub 836XXX Engine Coolant D-48 EXTRA,"<h4><strong>Description</strong></h4><p>This is Eurolub 836XXX Engine Coolant D-48 EXTRA</p>        <p>&nbsp;</p>        <h4>Compatibility</h4><ul><li>VW TL 774 Ausf. C</li><li>DTFR 29C100 (325.0)</li><li>MAN 324 Typ NF</li><li>MAN 324 Typ NF Pritarder</li><li>BMW LC-87</li><li>Jenbacher TA-Nr. 1000-0201</li><li>Liebherr Minimum LH-00-COL3A</li><li>B 040 0240</li><li>MTU MTL 5048</li><li>Saab 6901599</li><li>AS 2108</li><li>AFNOR NFR 15-601</li><li>ASTM D3306</li><li>ASTM D4985</li><li>BS 6580</li><li>Jenbacher TA-Nr. 1000-0200</li><li>SAE J 1034</li></ul><p>Feel free to contact us at info@mlperformance.co.uk should you wish to double check!</p>        <p>&nbsp;</p>        <h4>Compatibility Check</h4><p>To ensure the part(s) you have ordered fits your vehicle, we run a compatibility check prior to dispatch. We can do this either using your registration number (UK) or the last 7 digits of your VIN. Simply enter your car details prior to checkout.</p>        <p>&nbsp;</p>        <h4>Part Number</h4><p>EUROLUB-836015 (1,5 L)</p><p>EUROLUB-836005 (5 L)</p><p>EUROLUB-836020 (20 L)</p><p>EUROLUB-836060 (60 L)</p><p>EUROLUB-836208 (208 L)</p><p>EUROLUB-836100 (1000 L)</p>        <p>&nbsp;</p>        <h4>More Information</h4><p><strong>Manufactured by</strong></p><p>Eurolub</p>",Eurolub,Eurolub 836XXX Engine Coolant D-48 EXTRA,,"Uploaded by_Muazzim, MLP Discount 2026, Brand_Eurolub, 2026_New Products, Product Type_",TRUE,Options,"1,5 L",,,,,EUROLUB-836015,,shopify,continue,manual,,,TRUE,TRUE,836015,https://eurolub.com/userdata/dcshop/images/thumb_3/23673_836xxx.png,1,Eurolub 836XXX Engine Coolant D-48 EXTRA,,Eurolub 836XXX Engine Coolant D-48 EXTRA,Get Eurolub 836XXX Engine Coolant D-48 EXTRA for your car to get your desired looks and performance from ML Performance at the lowest price with FREE UK shipping & next day delivery on in stock items. Very cheap prices & good service.,,,,836015,,,new,,,,,,,https://eurolub.com/userdata/dcshop/images/thumb_2/118734_836015.png,kg,8708949900,,,,,active
eurolub-836xxx-engine-coolant-d-48-extra,,,,,,,,,5 L,,,,,EUROLUB-836005,,shopify,continue,manual,,,TRUE,TRUE,836005,https://eurolub.com/userdata/dcshop/images/thumb_2/118734_836015.png,2,Eurolub 836XXX Engine Coolant D-48 EXTRA,,,,,,,,,,,,,,,,,https://eurolub.com/userdata/dcshop/images/thumb_2/726506_836005.png,kg,8708949900,,,,,
eurolub-836xxx-engine-coolant-d-48-extra,,,,,,,,,20 L,,,,,EUROLUB-836020,,shopify,continue,manual,,,TRUE,TRUE,836020,https://eurolub.com/userdata/dcshop/images/thumb_2/726506_836005.png,3,Eurolub 836XXX Engine Coolant D-48 EXTRA,,,,,,,,,,,,,,,,,https://eurolub.com/userdata/dcshop/images/thumb_2/526322_836020.png,kg,8708949900,,,,,
eurolub-836xxx-engine-coolant-d-48-extra,,,,,,,,,60 L,,,,,EUROLUB-836060,,shopify,continue,manual,,,TRUE,TRUE,836060,https://eurolub.com/userdata/dcshop/images/thumb_2/526322_836020.png,4,Eurolub 836XXX Engine Coolant D-48 EXTRA,,,,,,,,,,,,,,,,,https://eurolub.com/userdata/dcshop/images/thumb_2/171545_836060.png,kg,8708949900,,,,,
eurolub-836xxx-engine-coolant-d-48-extra,,,,,,,,,208 L,,,,,EUROLUB-836208,,shopify,continue,manual,,,TRUE,TRUE,836208,https://eurolub.com/userdata/dcshop/images/thumb_2/171545_836060.png,5,Eurolub 836XXX Engine Coolant D-48 EXTRA,,,,,,,,,,,,,,,,,https://eurolub.com/userdata/dcshop/images/thumb_2/360296_836208.png,kg,8708949900,,,,,
eurolub-836xxx-engine-coolant-d-48-extra,,,,,,,,,1000 L,,,,,EUROLUB-836100,,shopify,continue,manual,,,TRUE,TRUE,836100,https://eurolub.com/userdata/dcshop/images/thumb_2/360296_836208.png,6,Eurolub 836XXX Engine Coolant D-48 EXTRA,,,,,,,,,,,,,,,,,https://eurolub.com/userdata/dcshop/images/thumb_2/542479_836100.png,kg,8708949900,,,,,
eurolub-836xxx-engine-coolant-d-48-extra,,,,,,,,,,,,,,,,,,,,,,,,https://eurolub.com/userdata/dcshop/images/thumb_2/542479_836100.png,7,Eurolub 836XXX Engine Coolant D-48 EXTRA,,,,,,,,,,,,,,,,,,,,,,,,
eurolub-821xxx-engine-coolant-d-30,Eurolub 821XXX Engine Coolant D-30,"<h4><strong>Description</strong></h4><p>This is Eurolub 821XXX Engine Coolant D-30</p>        <p>&nbsp;</p>        <h4>Compatibility</h4><ul><li>VW TL 774 Ausf. F</li><li>MAN 324 Typ SNF</li><li>DTFR 29C110 (325.3)</li><li>DAF 74002</li><li>Renault 41-01-001</li><li>AFNOR NFR 15-601</li><li>AS 2108</li><li>ASTM D3306</li><li>ASTM D4656</li><li>ASTM D4985</li><li>BS 6580</li><li>CUNA NC 956-16</li><li>FVV Heft R443</li><li>UNE 26361-88</li><li>SAE J 1034</li></ul><p>Feel free to contact us at info@mlperformance.co.uk should you wish to double check!</p>        <p>&nbsp;</p>        <h4>Compatibility Check</h4><p>To ensure the part(s) you have ordered fits your vehicle, we run a compatibility check prior to dispatch. We can do this either using your registration number (UK) or the last 7 digits of your VIN. Simply enter your car details prior to checkout.</p>        <p>&nbsp;</p>        <h4>Part Number</h4><p>EUROLUB-821015 (1,5 L)</p><p>EUROLUB-821005 (5 L)</p><p>EUROLUB-821020 (20 L)</p><p>EUROLUB-821060 (60 L)</p><p>EUROLUB-821208 (208 L)</p><p>EUROLUB-821100 (1000 L)</p>        <p>&nbsp;</p>        <h4>More Information</h4><p><strong>Manufactured by</strong></p><p>Eurolub</p>",Eurolub,Eurolub 821XXX Engine Coolant D-30,,"Uploaded by_Muazzim, MLP Discount 2026, Brand_Eurolub, 2026_New Products, Product Type_",TRUE,Options,"1,5 L",,,,,EUROLUB-821015,,shopify,continue,manual,,,TRUE,TRUE,821015,https://eurolub.com/userdata/dcshop/images/thumb_3/957753_821xxx.png,1,Eurolub 821XXX Engine Coolant D-30,,Eurolub 821XXX Engine Coolant D-30,Get Eurolub 821XXX Engine Coolant D-30 for your car to get your desired looks and performance from ML Performance at the lowest price with FREE UK shipping & next day delivery on in stock items. Very cheap prices & good service.,,,,821015,,,new,,,,,,,https://eurolub.com/userdata/dcshop/images/thumb_2/469556_821015.png,kg,8708949900,,,,,active
eurolub-821xxx-engine-coolant-d-30,,,,,,,,,5 L,,,,,EUROLUB-821005,,shopify,continue,manual,,,TRUE,TRUE,821005,https://eurolub.com/userdata/dcshop/images/thumb_2/469556_821015.png,2,Eurolub 821XXX Engine Coolant D-30,,,,,,,,,,,,,,,,,https://eurolub.com/userdata/dcshop/images/thumb_2/348604_821005.png,kg,8708949900,,,,,
eurolub-821xxx-engine-coolant-d-30,,,,,,,,,20 L,,,,,EUROLUB-821020,,shopify,continue,manual,,,TRUE,TRUE,821020,https://eurolub.com/userdata/dcshop/images/thumb_2/348604_821005.png,3,Eurolub 821XXX Engine Coolant D-30,,,,,,,,,,,,,,,,,https://eurolub.com/userdata/dcshop/images/thumb_2/395022_821020.png,kg,8708949900,,,,,
eurolub-821xxx-engine-coolant-d-30,,,,,,,,,60 L,,,,,EUROLUB-821060,,shopify,continue,manual,,,TRUE,TRUE,821060,https://eurolub.com/userdata/dcshop/images/thumb_2/395022_821020.png,4,Eurolub 821XXX Engine Coolant D-30,,,,,,,,,,,,,,,,,https://eurolub.com/userdata/dcshop/images/thumb_2/550443_821060.png,kg,8708949900,,,,,
eurolub-821xxx-engine-coolant-d-30,,,,,,,,,208 L,,,,,EUROLUB-821208,,shopify,continue,manual,,,TRUE,TRUE,821208,https://eurolub.com/userdata/dcshop/images/thumb_2/550443_821060.png,5,Eurolub 821XXX Engine Coolant D-30,,,,,,,,,,,,,,,,,https://eurolub.com/userdata/dcshop/images/thumb_2/992394_821208.png,kg,8708949900,,,,,
eurolub-821xxx-engine-coolant-d-30,,,,,,,,,1000 L,,,,,EUROLUB-821100,,shopify,continue,manual,,,TRUE,TRUE,821100,https://eurolub.com/userdata/dcshop/images/thumb_2/992394_821208.png,6,Eurolub 821XXX Engine Coolant D-30,,,,,,,,,,,,,,,,,https://eurolub.com/userdata/dcshop/images/thumb_2/627966_821100.png,kg,8708949900,,,,,
eurolub-821xxx-engine-coolant-d-30,,,,,,,,,,,,,,,,,,,,,,,,https://eurolub.com/userdata/dcshop/images/thumb_2/627966_821100.png,7,Eurolub 821XXX Engine Coolant D-30,,,,,,,,,,,,,,,,,,,,,,,,
eurolub-834xxx-engine-coolant-d-40-super,Eurolub 834XXX Engine Coolant D-40 SUPER,"<h4><strong>Description</strong></h4><p>This is Eurolub 834XXX Engine Coolant D-40 SUPER</p>        <p>&nbsp;</p>        <h4>Compatibility</h4><ul><li>VW TL 774 Ausf. G</li><li>CUMMINS CES 14603</li><li>DTFR 29C120 (325.5)</li><li>MB 325.6</li><li>MAN 324 Typ Si-OAT</li><li>DEUTZ CC-14</li><li>Liebherr Minimum LH-01-COL3A</li><li>AFNOR NFR 15-601</li><li>AS 2108</li><li>ASTM D3306</li><li>ASTM D4656</li><li>ASTM D4985</li><li>SAE J 1034</li><li>BS 6580</li><li>CUNA NC 956-16</li><li>UNE 26361-88</li><li>JIS K 2234:2006</li><li>China GB 29743-2013</li><li>Nato S 759</li><li>MTU MTL 5048</li><li>SANS 1251:2005</li><li>SH 0521-1999</li></ul><p>Feel free to contact us at info@mlperformance.co.uk should you wish to double check!</p>        <p>&nbsp;</p>        <h4>Compatibility Check</h4><p>To ensure the part(s) you have ordered fits your vehicle, we run a compatibility check prior to dispatch. We can do this either using your registration number (UK) or the last 7 digits of your VIN. Simply enter your car details prior to checkout.</p>        <p>&nbsp;</p>        <h4>Part Number</h4><p>EUROLUB-834015 (1,5 L)</p><p>EUROLUB-834005 (5 L)</p><p>EUROLUB-834020 (20 L)</p><p>EUROLUB-834060 (60 L)</p><p>EUROLUB-834208 (208 L)</p><p>EUROLUB-834100 (1000 L)</p>        <p>&nbsp;</p>        <h4>More Information</h4><p><strong>Manufactured by</strong></p><p>Eurolub</p>",Eurolub,Eurolub 834XXX Engine Coolant D-40 SUPER,,"Uploaded by_Muazzim, MLP Discount 2026, Brand_Eurolub, 2026_New Products, Product Type_",TRUE,Options,"1,5 L",,,,,EUROLUB-834015,,shopify,continue,manual,,,TRUE,TRUE,834015,https://eurolub.com/userdata/dcshop/images/thumb_3/498202_834xxx.png,1,Eurolub 834XXX Engine Coolant D-40 SUPER,,Eurolub 834XXX Engine Coolant D-40 SUPER,Get Eurolub 834XXX Engine Coolant D-40 SUPER for your car to get your desired looks and performance from ML Performance at the lowest price with FREE UK shipping & next day delivery on in stock items. Very cheap prices & good service.,,,,834015,,,new,,,,,,,https://eurolub.com/userdata/dcshop/images/thumb_2/245495_834015.png,kg,8708949900,,,,,active
eurolub-834xxx-engine-coolant-d-40-super,,,,,,,,,5 L,,,,,EUROLUB-834005,,shopify,continue,manual,,,TRUE,TRUE,834005,https://eurolub.com/userdata/dcshop/images/thumb_2/245495_834015.png,2,Eurolub 834XXX Engine Coolant D-40 SUPER,,,,,,,,,,,,,,,,,https://eurolub.com/userdata/dcshop/images/thumb_2/700355_834005.png,kg,8708949900,,,,,
eurolub-834xxx-engine-coolant-d-40-super,,,,,,,,,20 L,,,,,EUROLUB-834020,,shopify,continue,manual,,,TRUE,TRUE,834020,https://eurolub.com/userdata/dcshop/images/thumb_2/700355_834005.png,3,Eurolub 834XXX Engine Coolant D-40 SUPER,,,,,,,,,,,,,,,,,https://eurolub.com/userdata/dcshop/images/thumb_2/385243_834020.png,kg,8708949900,,,,,
eurolub-834xxx-engine-coolant-d-40-super,,,,,,,,,60 L,,,,,EUROLUB-834060,,shopify,continue,manual,,,TRUE,TRUE,834060,https://eurolub.com/userdata/dcshop/images/thumb_2/385243_834020.png,4,Eurolub 834XXX Engine Coolant D-40 SUPER,,,,,,,,,,,,,,,,,https://eurolub.com/userdata/dcshop/images/thumb_2/536989_834060.png,kg,8708949900,,,,,
eurolub-834xxx-engine-coolant-d-40-super,,,,,,,,,208 L,,,,,EUROLUB-834208,,shopify,continue,manual,,,TRUE,TRUE,834208,https://eurolub.com/userdata/dcshop/images/thumb_2/536989_834060.png,5,Eurolub 834XXX Engine Coolant D-40 SUPER,,,,,,,,,,,,,,,,,https://eurolub.com/userdata/dcshop/images/thumb_2/20369_834208.png,kg,8708949900,,,,,
eurolub-834xxx-engine-coolant-d-40-super,,,,,,,,,1000 L,,,,,EUROLUB-834100,,shopify,continue,manual,,,TRUE,TRUE,834100,https://eurolub.com/userdata/dcshop/images/thumb_2/20369_834208.png,6,Eurolub 834XXX Engine Coolant D-40 SUPER,,,,,,,,,,,,,,,,,https://eurolub.com/userdata/dcshop/images/thumb_2/464927_834100.png,kg,8708949900,,,,,
eurolub-834xxx-engine-coolant-d-40-super,,,,,,,,,,,,,,,,,,,,,,,,https://eurolub.com/userdata/dcshop/images/thumb_2/464927_834100.png,7,Eurolub 834XXX Engine Coolant D-40 SUPER,,,,,,,,,,,,,,,,,,,,,,,,
eurolub-832xxx-engine-coolant-ready-mix-universal-rtu,Eurolub 832XXX Engine Coolant READY-MIX UNIVERSAL RTU,"<h4><strong>Description</strong></h4><p>READY TO USE COOLANT FOR ALL MODELS.</p>        <p>&nbsp;</p>        <h4>Compatibility</h4><ul><li>AFNOR NFR 15-601</li><li>ASTM D3306</li><li>BMW N600.69.0</li><li>BS 6580</li><li>PSA B71 5110</li><li>CUNA NC 956-16</li><li>Ford WSS-M97B44D</li><li>B 040 0240</li><li>STJLR.651.5003</li><li>MB 326.0</li><li>MB 326.2</li><li>MB 326.3</li><li>MB 326.5</li><li>MB 326.6</li><li>GM 6277M</li><li>Renault RX Typ D</li><li>VW TL 774 Ausf. C</li><li>VW TL 774 Ausf. D</li><li>VW TL 774 Ausf. F</li><li>VW TL 774 Ausf. G</li><li>VW TL 774 Ausf. J</li><li>SAE J 1034</li><li>Honda Type 2</li><li>Saab 6901599</li></ul><p>Feel free to contact us at info@mlperformance.co.uk should you wish to double check!</p>        <p>&nbsp;</p>        <h4>Compatibility Check</h4><p>To ensure the part(s) you have ordered fits your vehicle, we run a compatibility check prior to dispatch. We can do this either using your registration number (UK) or the last 7 digits of your VIN. Simply enter your car details prior to checkout.</p>        <p>&nbsp;</p>        <h4>Part Number</h4><p>EUROLUB-832001 (1 L)</p><p>EUROLUB-832100 (1.000 L)</p><p>EUROLUB-832004 (4 L)</p><p>EUROLUB-832020 (20 L)</p><p>EUROLUB-832060 (60 L)</p><p>EUROLUB-832208 (208 L)</p>        <p>&nbsp;</p>        <h4>More Information</h4><p><strong>Manufactured by</strong></p><p>Eurolub</p>",Eurolub,Eurolub 832XXX Engine Coolant READY-MIX UNIVERSAL RTU,,"Uploaded by_Muazzim, MLP Discount 2026, Brand_Eurolub, 2026_New Products, Product Type_",TRUE,Options,1 L,,,,,EUROLUB-832001,,shopify,continue,manual,,,TRUE,TRUE,832001,https://eurolub.com/userdata/dcshop/images/thumb_3/998127_832xxx.png,1,Eurolub 832XXX Engine Coolant READY-MIX UNIVERSAL RTU,,Eurolub 832XXX Engine Coolant READY-MIX UNIVERSAL RTU,Get Eurolub 832XXX Engine Coolant READY-MIX UNIVERSAL RTU for your car to get your desired looks and performance from ML Performance at the lowest price with FREE UK shipping & next day delivery on in stock items. Very cheap prices & good service.,,,,832001,,,new,,,,,,,https://eurolub.com/userdata/dcshop/images/thumb_2/894800_832001.png,kg,8708949900,,,,,active
eurolub-832xxx-engine-coolant-ready-mix-universal-rtu,,,,,,,,,1.000 L,,,,,EUROLUB-832100,,shopify,continue,manual,,,TRUE,TRUE,832100,https://eurolub.com/userdata/dcshop/images/thumb_2/894800_832001.png,2,Eurolub 832XXX Engine Coolant READY-MIX UNIVERSAL RTU,,,,,,,,,,,,,,,,,https://eurolub.com/userdata/dcshop/images/thumb_2/229855_836100.png,kg,8708949900,,,,,
eurolub-832xxx-engine-coolant-ready-mix-universal-rtu,,,,,,,,,4 L,,,,,EUROLUB-832004,,shopify,continue,manual,,,TRUE,TRUE,832004,https://eurolub.com/userdata/dcshop/images/thumb_2/229855_836100.png,3,Eurolub 832XXX Engine Coolant READY-MIX UNIVERSAL RTU,,,,,,,,,,,,,,,,,https://eurolub.com/userdata/dcshop/images/thumb_2/740549_832004.png,kg,8708949900,,,,,
eurolub-832xxx-engine-coolant-ready-mix-universal-rtu,,,,,,,,,20 L,,,,,EUROLUB-832020,,shopify,continue,manual,,,TRUE,TRUE,832020,https://eurolub.com/userdata/dcshop/images/thumb_2/740549_832004.png,4,Eurolub 832XXX Engine Coolant READY-MIX UNIVERSAL RTU,,,,,,,,,,,,,,,,,https://eurolub.com/userdata/dcshop/images/thumb_2/82974_832020.png,kg,8708949900,,,,,
eurolub-832xxx-engine-coolant-ready-mix-universal-rtu,,,,,,,,,60 L,,,,,EUROLUB-832060,,shopify,continue,manual,,,TRUE,TRUE,832060,https://eurolub.com/userdata/dcshop/images/thumb_2/82974_832020.png,5,Eurolub 832XXX Engine Coolant READY-MIX UNIVERSAL RTU,,,,,,,,,,,,,,,,,https://eurolub.com/userdata/dcshop/images/thumb_2/349767_832060.png,kg,8708949900,,,,,
eurolub-832xxx-engine-coolant-ready-mix-universal-rtu,,,,,,,,,208 L,,,,,EUROLUB-832208,,shopify,continue,manual,,,TRUE,TRUE,832208,https://eurolub.com/userdata/dcshop/images/thumb_2/349767_832060.png,6,Eurolub 832XXX Engine Coolant READY-MIX UNIVERSAL RTU,,,,,,,,,,,,,,,,,https://eurolub.com/userdata/dcshop/images/thumb_2/545048_832208.png,kg,8708949900,,,,,
eurolub-832xxx-engine-coolant-ready-mix-universal-rtu,,,,,,,,,,,,,,,,,,,,,,,,https://eurolub.com/userdata/dcshop/images/thumb_2/545048_832208.png,7,Eurolub 832XXX Engine Coolant READY-MIX UNIVERSAL RTU,,,,,,,,,,,,,,,,,,,,,,,,
eurolub-820xxx-engine-coolant-anf,Eurolub 820XXX Engine Coolant ANF,"<h4><strong>Description</strong></h4><p>This is Eurolub 820XXX Engine Coolant ANF</p>        <p>&nbsp;</p>        <h4>Compatibility</h4><ul><li>BS 6580</li><li>AFNOR NFR 15-601</li><li>AS 2108</li><li>CUNA NC 956-16</li><li>UNE 26361-88</li><li>ASTM D3306</li><li>SAE J 1034</li></ul><p>Feel free to contact us at info@mlperformance.co.uk should you wish to double check!</p>        <p>&nbsp;</p>        <h4>Compatibility Check</h4><p>To ensure the part(s) you have ordered fits your vehicle, we run a compatibility check prior to dispatch. We can do this either using your registration number (UK) or the last 7 digits of your VIN. Simply enter your car details prior to checkout.</p>        <p>&nbsp;</p>        <h4>Part Number</h4><p>EUROLUB-820015 (1,5 L)</p><p>EUROLUB-820005 (5 L)</p><p>EUROLUB-820020 (20 L)</p><p>EUROLUB-820060 (60 L)</p><p>EUROLUB-820208 (208 L)</p><p>EUROLUB-820100 (1000 L)</p>        <p>&nbsp;</p>        <h4>More Information</h4><p><strong>Manufactured by</strong></p><p>Eurolub</p>",Eurolub,Eurolub 820XXX Engine Coolant ANF,,"Uploaded by_Muazzim, MLP Discount 2026, Brand_Eurolub, 2026_New Products, Product Type_",TRUE,Options,"1,5 L",,,,,EUROLUB-820015,,shopify,continue,manual,,,TRUE,TRUE,820015,https://eurolub.com/userdata/dcshop/images/thumb_3/753370_820xxx.png,1,Eurolub 820XXX Engine Coolant ANF,,Eurolub 820XXX Engine Coolant ANF,Get Eurolub 820XXX Engine Coolant ANF for your car to get your desired looks and performance from ML Performance at the lowest price with FREE UK shipping & next day delivery on in stock items. Very cheap prices & good service.,,,,820015,,,new,,,,,,,https://eurolub.com/userdata/dcshop/images/thumb_2/284044_820015.png,kg,8708949900,,,,,active
eurolub-820xxx-engine-coolant-anf,,,,,,,,,5 L,,,,,EUROLUB-820005,,shopify,continue,manual,,,TRUE,TRUE,820005,https://eurolub.com/userdata/dcshop/images/thumb_2/284044_820015.png,2,Eurolub 820XXX Engine Coolant ANF,,,,,,,,,,,,,,,,,https://eurolub.com/userdata/dcshop/images/thumb_2/825280_820005.png,kg,8708949900,,,,,
eurolub-820xxx-engine-coolant-anf,,,,,,,,,20 L,,,,,EUROLUB-820020,,shopify,continue,manual,,,TRUE,TRUE,820020,https://eurolub.com/userdata/dcshop/images/thumb_2/825280_820005.png,3,Eurolub 820XXX Engine Coolant ANF,,,,,,,,,,,,,,,,,https://eurolub.com/userdata/dcshop/images/thumb_2/633908_820020.png,kg,8708949900,,,,,
eurolub-820xxx-engine-coolant-anf,,,,,,,,,60 L,,,,,EUROLUB-820060,,shopify,continue,manual,,,TRUE,TRUE,820060,https://eurolub.com/userdata/dcshop/images/thumb_2/633908_820020.png,4,Eurolub 820XXX Engine Coolant ANF,,,,,,,,,,,,,,,,,https://eurolub.com/userdata/dcshop/images/thumb_2/930495_820060.png,kg,8708949900,,,,,
eurolub-820xxx-engine-coolant-anf,,,,,,,,,208 L,,,,,EUROLUB-820208,,shopify,continue,manual,,,TRUE,TRUE,820208,https://eurolub.com/userdata/dcshop/images/thumb_2/930495_820060.png,5,Eurolub 820XXX Engine Coolant ANF,,,,,,,,,,,,,,,,,https://eurolub.com/userdata/dcshop/images/thumb_2/782373_820208.png,kg,8708949900,,,,,
eurolub-820xxx-engine-coolant-anf,,,,,,,,,1000 L,,,,,EUROLUB-820100,,shopify,continue,manual,,,TRUE,TRUE,820100,https://eurolub.com/userdata/dcshop/images/thumb_2/782373_820208.png,6,Eurolub 820XXX Engine Coolant ANF,,,,,,,,,,,,,,,,,https://eurolub.com/userdata/dcshop/images/thumb_2/575607_820100.png,kg,8708949900,,,,,
eurolub-820xxx-engine-coolant-anf,,,,,,,,,,,,,,,,,,,,,,,,https://eurolub.com/userdata/dcshop/images/thumb_2/575607_820100.png,7,Eurolub 820XXX Engine Coolant ANF,,,,,,,,,,,,,,,,,,,,,,,,
eurolub-803xxx-clear-vision-winter-concentrate,Eurolub 803XXX Clear Vision Winter Concentrate,"<h4><strong>Description</strong></h4><p>This is Eurolub 803XXX Clear Vision Winter Concentrate</p>        <p>&nbsp;</p>        <h4>Compatibility</h4><p>Feel free to contact us at info@mlperformance.co.uk should you wish to double check!</p>        <p>&nbsp;</p>        <h4>Compatibility Check</h4><p>To ensure the part(s) you have ordered fits your vehicle, we run a compatibility check prior to dispatch. We can do this either using your registration number (UK) or the last 7 digits of your VIN. Simply enter your car details prior to checkout.</p>        <p>&nbsp;</p>        <h4>Part Number</h4><p>EUROLUB-803001 (1 L)</p><p>EUROLUB-803005 (5 L)</p><p>EUROLUB-803025 (25 L)</p><p>EUROLUB-803060 (60 L)</p><p>EUROLUB-803208 (208 L)</p><p>EUROLUB-803100 (1000 L)</p>        <p>&nbsp;</p>        <h4>More Information</h4><p><strong>Manufactured by</strong></p><p>Eurolub</p>",Eurolub,Eurolub 803XXX Clear Vision Winter Concentrate,,"Uploaded by_Muazzim, MLP Discount 2026, Brand_Eurolub, 2026_New Products, Product Type_",TRUE,Options,1 L,,,,,EUROLUB-803001,,shopify,continue,manual,,,TRUE,TRUE,803001,https://eurolub.com/userdata/dcshop/images/thumb_3/385069_803xxx.png,1,Eurolub 803XXX Clear Vision Winter Concentrate,,Eurolub 803XXX Clear Vision Winter Concentrate,Get Eurolub 803XXX Clear Vision Winter Concentrate for your car to get your desired looks and performance from ML Performance at the lowest price with FREE UK shipping & next day delivery on in stock items. Very cheap prices & good service.,,,,803001,,,new,,,,,,,https://eurolub.com/userdata/dcshop/images/thumb_2/671223_803001.png,kg,8708949900,,,,,active
eurolub-803xxx-clear-vision-winter-concentrate,,,,,,,,,5 L,,,,,EUROLUB-803005,,shopify,continue,manual,,,TRUE,TRUE,803005,https://eurolub.com/userdata/dcshop/images/thumb_2/671223_803001.png,2,Eurolub 803XXX Clear Vision Winter Concentrate,,,,,,,,,,,,,,,,,https://eurolub.com/userdata/dcshop/images/thumb_2/107957_803005.png,kg,8708949900,,,,,
eurolub-803xxx-clear-vision-winter-concentrate,,,,,,,,,25 L,,,,,EUROLUB-803025,,shopify,continue,manual,,,TRUE,TRUE,803025,https://eurolub.com/userdata/dcshop/images/thumb_2/107957_803005.png,3,Eurolub 803XXX Clear Vision Winter Concentrate,,,,,,,,,,,,,,,,,https://eurolub.com/userdata/dcshop/images/thumb_2/872630_803025.png,kg,8708949900,,,,,
eurolub-803xxx-clear-vision-winter-concentrate,,,,,,,,,60 L,,,,,EUROLUB-803060,,shopify,continue,manual,,,TRUE,TRUE,803060,https://eurolub.com/userdata/dcshop/images/thumb_2/872630_803025.png,4,Eurolub 803XXX Clear Vision Winter Concentrate,,,,,,,,,,,,,,,,,https://eurolub.com/userdata/dcshop/images/thumb_2/245829_803060.png,kg,8708949900,,,,,
eurolub-803xxx-clear-vision-winter-concentrate,,,,,,,,,208 L,,,,,EUROLUB-803208,,shopify,continue,manual,,,TRUE,TRUE,803208,https://eurolub.com/userdata/dcshop/images/thumb_2/245829_803060.png,5,Eurolub 803XXX Clear Vision Winter Concentrate,,,,,,,,,,,,,,,,,https://eurolub.com/userdata/dcshop/images/thumb_2/89749_803208.png,kg,8708949900,,,,,
eurolub-803xxx-clear-vision-winter-concentrate,,,,,,,,,1000 L,,,,,EUROLUB-803100,,shopify,continue,manual,,,TRUE,TRUE,803100,https://eurolub.com/userdata/dcshop/images/thumb_2/89749_803208.png,6,Eurolub 803XXX Clear Vision Winter Concentrate,,,,,,,,,,,,,,,,,https://eurolub.com/userdata/dcshop/images/thumb_2/646115_803100.png,kg,8708949900,,,,,
eurolub-803xxx-clear-vision-winter-concentrate,,,,,,,,,,,,,,,,,,,,,,,,https://eurolub.com/userdata/dcshop/images/thumb_2/646115_803100.png,7,Eurolub 803XXX Clear Vision Winter Concentrate,,,,,,,,,,,,,,,,,,,,,,,,
eurolub-813xxx-windshield-de-icer,Eurolub 813XXX Windshield De-Icer,"<h4><strong>Description</strong></h4><p>This is Eurolub 813XXX Windshield De-Icer</p>        <p>&nbsp;</p>        <h4>Compatibility</h4><p>Feel free to contact us at info@mlperformance.co.uk should you wish to double check!</p>        <p>&nbsp;</p>        <h4>Compatibility Check</h4><p>To ensure the part(s) you have ordered fits your vehicle, we run a compatibility check prior to dispatch. We can do this either using your registration number (UK) or the last 7 digits of your VIN. Simply enter your car details prior to checkout.</p>        <p>&nbsp;</p>        <h4>Part Number</h4><p>EUROLUB-813750 (750 ml)</p>        <p>&nbsp;</p>        <h4>More Information</h4><p><strong>Manufactured by</strong></p><p>Eurolub</p>",Eurolub,Eurolub 813XXX Windshield De-Icer,,"Uploaded by_Muazzim, MLP Discount 2026, Brand_Eurolub, 2026_New Products, Product Type_",TRUE,Options,750 ml,,,,,EUROLUB-813750,,shopify,continue,manual,,,TRUE,TRUE,813750,https://eurolub.com/userdata/dcshop/images/thumb_3/465065_813xxx.png,1,Eurolub 813XXX Windshield De-Icer,,Eurolub 813XXX Windshield De-Icer,Get Eurolub 813XXX Windshield De-Icer for your car to get your desired looks and performance from ML Performance at the lowest price with FREE UK shipping & next day delivery on in stock items. Very cheap prices & good service.,,,,813750,,,new,,,,,,,https://eurolub.com/userdata/dcshop/images/thumb_2/700995_813750.png,kg,8708949900,,,,,active
eurolub-813xxx-windshield-de-icer,,,,,,,,,,,,,,,,,,,,,,,,https://eurolub.com/userdata/dcshop/images/thumb_2/700995_813750.png,2,Eurolub 813XXX Windshield De-Icer,,,,,,,,,,,,,,,,,,,,,,,,
eurolub-10012xxx-windshield-frost-protection-ready-mix-20-c,Eurolub 10012XXX Windshield Frost Protection Ready-Mix -20°C,"<h4><strong>Description</strong></h4><p>This is Eurolub 10012XXX Windshield Frost Protection Ready-Mix -20°C</p>        <p>&nbsp;</p>        <h4>Compatibility</h4><p>Feel free to contact us at info@mlperformance.co.uk should you wish to double check!</p>        <p>&nbsp;</p>        <h4>Compatibility Check</h4><p>To ensure the part(s) you have ordered fits your vehicle, we run a compatibility check prior to dispatch. We can do this either using your registration number (UK) or the last 7 digits of your VIN. Simply enter your car details prior to checkout.</p>        <p>&nbsp;</p>        <h4>Part Number</h4><p>EUROLUB-10012449 (3 L)</p><p>EUROLUB-10012450 (5 L)</p><p>EUROLUB-10012456 (Windshield Antifreeze Ready-Mix -20°C - 25 L)</p><p>EUROLUB-10012454 (Windshield Antifreeze Ready-Mix -20°C - 60 L)</p><p>EUROLUB-10012455 (208 L)</p><p>EUROLUB-10012452 (1000 L)</p>        <p>&nbsp;</p>        <h4>More Information</h4><p><strong>Manufactured by</strong></p><p>Eurolub</p>",Eurolub,Eurolub 10012XXX Windshield Frost Protection Ready-Mix -20°C,,"Uploaded by_Muazzim, MLP Discount 2026, Brand_Eurolub, 2026_New Products, Product Type_",TRUE,Options,3 L,,,,,EUROLUB-10012449,,shopify,continue,manual,,,TRUE,TRUE,10012449,https://eurolub.com/userdata/dcshop/images/thumb_3/513429_10012449.png,1,Eurolub 10012XXX Windshield Frost Protection Ready-Mix -20°C,,Eurolub 10012XXX Windshield Frost Protection Ready-Mix -20°C,Get Eurolub 10012XXX Windshield Frost Protection Ready-Mix -20°C for your car to get your desired looks and performance from ML Performance at the lowest price with FREE UK shipping & next day delivery on in stock items. Very cheap prices & good service.,,,,10012449,,,new,,,,,,,https://eurolub.com/userdata/dcshop/images/thumb_2/727317_10012449.png,kg,8708949900,,,,,active
eurolub-10012xxx-windshield-frost-protection-ready-mix-20-c,,,,,,,,,5 L,,,,,EUROLUB-10012450,,shopify,continue,manual,,,TRUE,TRUE,10012450,https://eurolub.com/userdata/dcshop/images/thumb_2/727317_10012449.png,2,Eurolub 10012XXX Windshield Frost Protection Ready-Mix -20°C,,,,,,,,,,,,,,,,,https://eurolub.com/userdata/dcshop/images/thumb_2/141211_10012450.png,kg,8708949900,,,,,
eurolub-10012xxx-windshield-frost-protection-ready-mix-20-c,,,,,,,,,Windshield Antifreeze Ready-Mix -20°C - 25 L,,,,,EUROLUB-10012456,,shopify,continue,manual,,,TRUE,TRUE,10012456,https://eurolub.com/userdata/dcshop/images/thumb_2/141211_10012450.png,3,Eurolub 10012XXX Windshield Frost Protection Ready-Mix -20°C,,,,,,,,,,,,,,,,,https://eurolub.com/userdata/dcshop/images/thumb_2/513429_10012449.png,kg,8708949900,,,,,
eurolub-10012xxx-windshield-frost-protection-ready-mix-20-c,,,,,,,,,Windshield Antifreeze Ready-Mix -20°C - 60 L,,,,,EUROLUB-10012454,,shopify,continue,manual,,,TRUE,TRUE,10012454,https://eurolub.com/userdata/dcshop/images/thumb_2/513429_10012449.png,4,Eurolub 10012XXX Windshield Frost Protection Ready-Mix -20°C,,,,,,,,,,,,,,,,,https://eurolub.com/userdata/dcshop/images/thumb_2/513429_10012449.png,kg,8708949900,,,,,
eurolub-10012xxx-windshield-frost-protection-ready-mix-20-c,,,,,,,,,208 L,,,,,EUROLUB-10012455,,shopify,continue,manual,,,TRUE,TRUE,10012455,https://eurolub.com/userdata/dcshop/images/thumb_2/513429_10012449.png,5,Eurolub 10012XXX Windshield Frost Protection Ready-Mix -20°C,,,,,,,,,,,,,,,,,https://eurolub.com/userdata/dcshop/images/thumb_2/428164_10012455.png,kg,8708949900,,,,,
eurolub-10012xxx-windshield-frost-protection-ready-mix-20-c,,,,,,,,,1000 L,,,,,EUROLUB-10012452,,shopify,continue,manual,,,TRUE,TRUE,10012452,https://eurolub.com/userdata/dcshop/images/thumb_2/428164_10012455.png,6,Eurolub 10012XXX Windshield Frost Protection Ready-Mix -20°C,,,,,,,,,,,,,,,,,https://eurolub.com/userdata/dcshop/images/thumb_2/718417_10012452.png,kg,8708949900,,,,,
eurolub-10012xxx-windshield-frost-protection-ready-mix-20-c,,,,,,,,,,,,,,,,,,,,,,,,https://eurolub.com/userdata/dcshop/images/thumb_2/718417_10012452.png,7,Eurolub 10012XXX Windshield Frost Protection Ready-Mix -20Â°C,,,,,,,,,,,,,,,,,,,,,,,,
eurolub-810xxx-clear-vision-winter-30-c,Eurolub 810XXX Clear Vision Winter -30 °C,"<h4><strong>Description</strong></h4><p>This is Eurolub 810XXX Clear Vision Winter -30 °C</p>        <p>&nbsp;</p>        <h4>Compatibility</h4><p>Feel free to contact us at info@mlperformance.co.uk should you wish to double check!</p>        <p>&nbsp;</p>        <h4>Compatibility Check</h4><p>To ensure the part(s) you have ordered fits your vehicle, we run a compatibility check prior to dispatch. We can do this either using your registration number (UK) or the last 7 digits of your VIN. Simply enter your car details prior to checkout.</p>        <p>&nbsp;</p>        <h4>Part Number</h4><p>EUROLUB-10012460 (5 L)</p><p>EUROLUB-810005 (5 L)</p><p>EUROLUB-810025 (Clear Vision Winter up tos -30°C - 25 L)</p><p>EUROLUB-810060 (Clear Vision Winter up tos -30°C - 60 L)</p><p>EUROLUB-810208 (Clear Vision Winter up tos -30°C - 208 L)</p><p>EUROLUB-810100 (1000 L)</p>        <p>&nbsp;</p>        <h4>More Information</h4><p><strong>Manufactured by</strong></p><p>Eurolub</p>",Eurolub,Eurolub 810XXX Clear Vision Winter -30 °C,,"Uploaded by_Muazzim, MLP Discount 2026, Brand_Eurolub, 2026_New Products, Product Type_",TRUE,Options,5 L (10012460),,,,,EUROLUB-10012460,,shopify,continue,manual,,,TRUE,TRUE,10012460,https://eurolub.com/userdata/dcshop/images/thumb_3/207080_810xxx.png,1,Eurolub 810XXX Clear Vision Winter -30 °C,,Eurolub 810XXX Clear Vision Winter -30 °C,Get Eurolub 810XXX Clear Vision Winter -30 °C for your car to get your desired looks and performance from ML Performance at the lowest price with FREE UK shipping & next day delivery on in stock items. Very cheap prices & good service.,,,,10012460,,,new,,,,,,,https://eurolub.com/userdata/dcshop/images/thumb_2/446068_10012460.png,kg,8708949900,,,,,active
eurolub-810xxx-clear-vision-winter-30-c,,,,,,,,,5 L (810005),,,,,EUROLUB-810005,,shopify,continue,manual,,,TRUE,TRUE,810005,https://eurolub.com/userdata/dcshop/images/thumb_2/446068_10012460.png,2,Eurolub 810XXX Clear Vision Winter -30 °C,,,,,,,,,,,,,,,,,https://eurolub.com/userdata/dcshop/images/thumb_2/836192_810005.png,kg,8708949900,,,,,
eurolub-810xxx-clear-vision-winter-30-c,,,,,,,,,Clear Vision Winter up tos -30°C - 25 L,,,,,EUROLUB-810025,,shopify,continue,manual,,,TRUE,TRUE,810025,https://eurolub.com/userdata/dcshop/images/thumb_2/836192_810005.png,3,Eurolub 810XXX Clear Vision Winter -30 °C,,,,,,,,,,,,,,,,,https://eurolub.com/userdata/dcshop/images/thumb_2/207080_810xxx.png,kg,8708949900,,,,,
eurolub-810xxx-clear-vision-winter-30-c,,,,,,,,,Clear Vision Winter up tos -30°C - 60 L,,,,,EUROLUB-810060,,shopify,continue,manual,,,TRUE,TRUE,810060,https://eurolub.com/userdata/dcshop/images/thumb_2/207080_810xxx.png,4,Eurolub 810XXX Clear Vision Winter -30 °C,,,,,,,,,,,,,,,,,https://eurolub.com/userdata/dcshop/images/thumb_2/207080_810xxx.png,kg,8708949900,,,,,
eurolub-810xxx-clear-vision-winter-30-c,,,,,,,,,Clear Vision Winter up tos -30°C - 208 L,,,,,EUROLUB-810208,,shopify,continue,manual,,,TRUE,TRUE,810208,https://eurolub.com/userdata/dcshop/images/thumb_2/207080_810xxx.png,5,Eurolub 810XXX Clear Vision Winter -30 °C,,,,,,,,,,,,,,,,,https://eurolub.com/userdata/dcshop/images/thumb_2/207080_810xxx.png,kg,8708949900,,,,,
eurolub-810xxx-clear-vision-winter-30-c,,,,,,,,,1000 L,,,,,EUROLUB-810100,,shopify,continue,manual,,,TRUE,TRUE,810100,https://eurolub.com/userdata/dcshop/images/thumb_2/207080_810xxx.png,6,Eurolub 810XXX Clear Vision Winter -30 °C,,,,,,,,,,,,,,,,,https://eurolub.com/userdata/dcshop/images/thumb_2/54811_803100.png,kg,8708949900,,,,,
eurolub-810xxx-clear-vision-winter-30-c,,,,,,,,,,,,,,,,,,,,,,,,https://eurolub.com/userdata/dcshop/images/thumb_2/54811_803100.png,7,Eurolub 810XXX Clear Vision Winter -30 Â°C,,,,,,,,,,,,,,,,,,,,,,,,
eurolub-808xxx-clear-vision-winter-18-c-vbf-free,Eurolub 808XXX Clear Vision Winter -18°C - VbF Free,"<h4><strong>Description</strong></h4><p>This is Eurolub 808XXX Clear Vision Winter -18°C - VbF Free</p>        <p>&nbsp;</p>        <h4>Compatibility</h4><p>Feel free to contact us at info@mlperformance.co.uk should you wish to double check!</p>        <p>&nbsp;</p>        <h4>Compatibility Check</h4><p>To ensure the part(s) you have ordered fits your vehicle, we run a compatibility check prior to dispatch. We can do this either using your registration number (UK) or the last 7 digits of your VIN. Simply enter your car details prior to checkout.</p>        <p>&nbsp;</p>        <h4>Part Number</h4><p>EUROLUB-808005 (5 L)</p>        <p>&nbsp;</p>        <h4>More Information</h4><p><strong>Manufactured by</strong></p><p>Eurolub</p>",Eurolub,Eurolub 808XXX Clear Vision Winter -18°C - VbF Free,,"Uploaded by_Muazzim, MLP Discount 2026, Brand_Eurolub, 2026_New Products, Product Type_",TRUE,Options,5 L,,,,,EUROLUB-808005,,shopify,continue,manual,,,TRUE,TRUE,808005,https://eurolub.com/userdata/dcshop/images/thumb_3/999875_808005.png,1,Eurolub 808XXX Clear Vision Winter -18°C - VbF Free,,Eurolub 808XXX Clear Vision Winter -18°C - VbF Free,Get Eurolub 808XXX Clear Vision Winter -18°C - VbF Free for your car to get your desired looks and performance from ML Performance at the lowest price with FREE UK shipping & next day delivery on in stock items. Very cheap prices & good service.,,,,808005,,,new,,,,,,,https://eurolub.com/userdata/dcshop/images/thumb_2/128987_808005.png,kg,8708949900,,,,,active
eurolub-808xxx-clear-vision-winter-18-c-vbf-free,,,,,,,,,,,,,,,,,,,,,,,,https://eurolub.com/userdata/dcshop/images/thumb_2/128987_808005.png,2,Eurolub 808XXX Clear Vision Winter -18Â°C - VbF Free,,,,,,,,,,,,,,,,,,,,,,,,
eurolub-004xxx-eap-320-diesel-winter-additive,Eurolub 004XXX EAP 320 DIESEL-Winter Additive,"<h4><strong>Description</strong></h4><p>Frost protection and combustion chamber cleaner, suitable for summer and winter diesel fuels, as well as heating oil. Diesel winter additive improves the fluidity of diesel fuel in winter. At the same time existing deposits are reduced to the injecti</p>        <p>&nbsp;</p>        <h4>Compatibility</h4><p>Feel free to contact us at info@mlperformance.co.uk should you wish to double check!</p>        <p>&nbsp;</p>        <h4>Compatibility Check</h4><p>To ensure the part(s) you have ordered fits your vehicle, we run a compatibility check prior to dispatch. We can do this either using your registration number (UK) or the last 7 digits of your VIN. Simply enter your car details prior to checkout.</p>        <p>&nbsp;</p>        <h4>Part Number</h4><p>EUROLUB-004116 (1 L)</p><p>EUROLUB-004109 (300 ml)</p>        <p>&nbsp;</p>        <h4>More Information</h4><p><strong>Manufactured by</strong></p><p>Eurolub</p>",Eurolub,Eurolub 004XXX EAP 320 DIESEL-Winter Additive,,"Uploaded by_Muazzim, MLP Discount 2026, Brand_Eurolub, 2026_New Products, Product Type_",TRUE,Options,1 L,,,,,EUROLUB-004116,,shopify,continue,manual,,,TRUE,TRUE,4116,https://eurolub.com/userdata/dcshop/images/thumb_3/440975_004xxx.png,1,Eurolub 004XXX EAP 320 DIESEL-Winter Additive,,Eurolub 004XXX EAP 320 DIESEL-Winter Additive,Get Eurolub 004XXX EAP 320 DIESEL-Winter Additive for your car to get your desired looks and performance from ML Performance at the lowest price with FREE UK shipping & next day delivery on in stock items. Very cheap prices & good service.,,,,4116,,,new,,,,,,,https://eurolub.com/userdata/dcshop/images/thumb_2/173265_004116.png,kg,8708949900,,,,,active
eurolub-004xxx-eap-320-diesel-winter-additive,,,,,,,,,300 ml,,,,,EUROLUB-004109,,shopify,continue,manual,,,TRUE,TRUE,4109,https://eurolub.com/userdata/dcshop/images/thumb_2/173265_004116.png,2,Eurolub 004XXX EAP 320 DIESEL-Winter Additive,,,,,,,,,,,,,,,,,https://eurolub.com/userdata/dcshop/images/thumb_2/953742_004109.png,kg,8708949900,,,,,
eurolub-004xxx-eap-320-diesel-winter-additive,,,,,,,,,,,,,,,,,,,,,,,,https://eurolub.com/userdata/dcshop/images/thumb_2/953742_004109.png,3,Eurolub 004XXX EAP 320 DIESEL-Winter Additive,,,,,,,,,,,,,,,,,,,,,,,,
