link,title,item_no,image_list,description,compatibility_list,variants
https://eurolub.com/en/wiv-eco-5w-30-p3685/,WIV ECO 5W-30,211XXX,['https://eurolub.com/userdata/dcshop/images/thumb_3/992392_211xxx.png'],"['<p>Ultra high-tech engine oil for modern gas and iesel engines used in passenger cars.</p>', '<p>Ultra high-tech engine oil for modern gasoline and diesel passenger cars. With its high fuel efficiency, WIV ECO 5W-30 helps reduce emissions and protect the environment. WIV ECO 5W-30 was specifically developed for engines with extended maintenance intervals (WIV). Additionally, this engine oil extends the service life of the particulate filter.</p>']","['<li>ACEA C3</li>', '<li>API SN</li>', '<li>BMW Longlife-04</li>', '<li>MB 229.51</li>', '<li>Fiat 9.55535-S3</li>', '<li>Porsche C30</li>', '<li>VW 504.00</li>', '<li>VW 507.00</li>']","[{'sku': '211001', 'image': 'https://eurolub.com/userdata/dcshop/images/thumb_2/937761_211001.png', 'name': '1 L'}, {'sku': '211005', 'image': 'https://eurolub.com/userdata/dcshop/images/thumb_2/423069_211005.png', 'name': '5 L'}, {'sku': '211006', 'image': 'https://eurolub.com/userdata/dcshop/images/thumb_2/203413_211006.png', 'name': '6L'}, {'sku': '211020', 'image': 'https://eurolub.com/userdata/dcshop/images/thumb_2/1051_211020.png', 'name': '20 L'}, {'sku': '211030', 'image': 'https://eurolub.com/userdata/dcshop/images/thumb_2/421794_211030.png', 'name': '30 L'}, {'sku': '211060', 'image': 'https://eurolub.com/userdata/dcshop/images/thumb_2/913745_211060.png', 'name': '60 L'}, {'sku': '211208', 'image': 'https://eurolub.com/userdata/dcshop/images/thumb_2/522346_211208.png', 'name': '208 L'}, {'sku': '211100', 'image': 'https://eurolub.com/userdata/dcshop/images/thumb_2/51412_211100.png', 'name': '1000 L'}]"
https://eurolub.com/en/cleantec-5w-30-p4025/,CLEANTEC 5W-30,349XXX,['https://eurolub.com/userdata/dcshop/images/thumb_3/275575_349xxx.png'],['<p>Mid SAPS engine oil for modern gas and diesel engines used in passenger cars with exhaust post-treatment systems (diesel particle filter). Pump-jet engines in compliance with relevant regulation!</p>'],"['<li>ACEA C2</li>', '<li>ACEA C3</li>', '<li>API SN</li>', '<li>API CF</li>', '<li>MB 229.51</li>', '<li>MB 229.52</li>', '<li>VW 502.00</li>', '<li>VW 505.00</li>', '<li>VW 505.01</li>', '<li>Fiat 9.55535-S3</li>', '<li>BMW Longlife-04</li>', '<li>GM dexos2®</li>', '<li>RN 0700</li>', '<li>RN 0710</li>', '<li>Opel OV0401547-D30</li>', '<li>Chrysler MS 11106</li>']","[{'sku': '349001', 'image': 'https://eurolub.com/userdata/dcshop/images/thumb_2/55950_349001.png', 'name': '1 L'}, {'sku': '349005', 'image': 'https://eurolub.com/userdata/dcshop/images/thumb_2/535629_349005.png', 'name': '5 L'}, {'sku': '349020', 'image': 'https://eurolub.com/userdata/dcshop/images/thumb_2/283427_349020.png', 'name': '20 L'}, {'sku': '349060', 'image': 'https://eurolub.com/userdata/dcshop/images/thumb_2/924139_349060.png', 'name': '60 L'}, {'sku': '349208', 'image': 'https://eurolub.com/userdata/dcshop/images/thumb_2/518659_349208.png', 'name': '208 L'}, {'sku': '349100', 'image': 'https://eurolub.com/userdata/dcshop/images/thumb_2/437669_211100.png', 'name': '1000 L'}]"
https://eurolub.com/en/multitec-ford-5w-30-p3706/,MULTITEC (FORD) 5W-30,214XXX,['https://eurolub.com/userdata/dcshop/images/thumb_3/800097_214xxx.png'],"['<p>High-performance, low-viscosity engine oil for gas and diesel engines used in passenger cars and vehicles complying with the relevant regulation.</p>']","['<li>ACEA A5/B5</li>', '<li>API SL</li>', '<li>API CF</li>', '<li>Ford WSS-M2C913-A</li>', '<li>Ford WSS-M2C913-B</li>', '<li>Ford WSS-M2C913-C</li>', '<li>Ford WSS-M2C913-D</li>', '<li>RN 0700</li>', '<li>STJLR.03.5003</li>', '<li>VWC 53036</li>']","[{'sku': '214001', 'image': 'https://eurolub.com/userdata/dcshop/images/thumb_2/321229_214001.png', 'name': '1 L'}, {'sku': '214005', 'image': 'https://eurolub.com/userdata/dcshop/images/thumb_2/724478_214005.png', 'name': '5 L'}, {'sku': '214020', 'image': 'https://eurolub.com/userdata/dcshop/images/thumb_2/486680_214020.png', 'name': '20 L'}, {'sku': '214060', 'image': 'https://eurolub.com/userdata/dcshop/images/thumb_2/735348_214060.png', 'name': '60 L'}, {'sku': '214208', 'image': 'https://eurolub.com/userdata/dcshop/images/thumb_2/319017_214208.png', 'name': '208 L'}, {'sku': '214100', 'image': 'https://eurolub.com/userdata/dcshop/images/thumb_2/622071_211100.png', 'name': '1000 L'}]"
https://eurolub.com/en/gt-10w-40-p3981/,GT 10W-40,337XXX,['https://eurolub.com/userdata/dcshop/images/thumb_3/762149_337xxx.png'],"['<p>Low-viscosity, partially synthetic engine oil for gas and diesel engines used in passenger cars (including turbo models and except pump-jet engines). Good cold start characteristics are combined with excellent ""stay in grade"" properties.</p>']","['<li>ACEA A3/B4</li>', '<li>API SL</li>', '<li>API CF</li>', '<li>VW 501.01</li>', '<li>VW 505.00</li>']","[{'sku': '337001', 'image': 'https://eurolub.com/userdata/dcshop/images/thumb_2/410475_337001.png', 'name': '1 L'}, {'sku': '337005', 'image': 'https://eurolub.com/userdata/dcshop/images/thumb_2/492178_337005.png', 'name': '5 L'}, {'sku': '337020', 'image': 'https://eurolub.com/userdata/dcshop/images/thumb_2/364109_337020.png', 'name': '20 L'}, {'sku': '337060', 'image': 'https://eurolub.com/userdata/dcshop/images/thumb_2/701370_337060.png', 'name': '60 L'}, {'sku': '337208', 'image': 'https://eurolub.com/userdata/dcshop/images/thumb_2/602019_337208.png', 'name': '208 L'}, {'sku': '337100', 'image': 'https://eurolub.com/userdata/dcshop/images/thumb_2/998812_211100.png', 'name': '1000 L'}]"
https://eurolub.com/en/synt-5w-40-p3881/,SYNT 5W-40,316XXX,['https://eurolub.com/userdata/dcshop/images/thumb_3/848147_316xxx.png'],['<p>Synthetic high-performance engine oil for gas and diesel engines used in passenger cars (except pump-jet engines). Best possible oil penetration at all temperatures and in all usage conditions. Fuel-efficient.</p>'],"['<li>ACEA A3/B4</li>', '<li>API SN</li>', '<li>API CF</li>', '<li>BMW Longlife-01</li>', '<li>MB 226.5</li>', '<li>VW 502.00</li>', '<li>MB 229.3</li>', '<li>VW 505.00</li>', '<li>Porsche A40</li>', '<li>GM LL-B-025</li>', '<li>Fiat 9.55535-M2</li>', '<li>PSA B71 2296</li>', '<li>RN 0700</li>', '<li>RN 0710</li>']","[{'sku': '316001', 'image': 'https://eurolub.com/userdata/dcshop/images/thumb_2/620604_316001.png', 'name': '1 L'}, {'sku': '316005', 'image': 'https://eurolub.com/userdata/dcshop/images/thumb_2/420986_316005.png', 'name': '5 L'}, {'sku': '316020', 'image': 'https://eurolub.com/userdata/dcshop/images/thumb_2/609832_316020.png', 'name': '20 L'}, {'sku': '316060', 'image': 'https://eurolub.com/userdata/dcshop/images/thumb_2/769952_316060.png', 'name': '60 L'}, {'sku': '316208', 'image': 'https://eurolub.com/userdata/dcshop/images/thumb_2/447846_316208.png', 'name': '208 L'}, {'sku': '316100', 'image': 'https://eurolub.com/userdata/dcshop/images/thumb_2/834823_211100.png', 'name': '1000 L'}]"
https://eurolub.com/en/cleantec-stl-5w-30-p4171/,CLEANTEC STL 5W-30,393XXX,['https://eurolub.com/userdata/dcshop/images/thumb_3/167801_393xxx.png'],['<p>Modern low viscosity motor oil.</p>'],"['<li>ACEA C3</li>', '<li>API SN PLUS</li>', '<li>GM dexos2®</li>', '<li>MB 229.31</li>', '<li>MB 229.51</li>', '<li>MB 229.52</li>', '<li>PSA B71 2290</li>', '<li>PSA B71 2297</li>', '<li>STELLANTIS FPW9.55535/03</li>']","[{'sku': '393001', 'image': 'https://eurolub.com/userdata/dcshop/images/thumb_2/998474_393001.png', 'name': '1 L'}, {'sku': '393005', 'image': 'https://eurolub.com/userdata/dcshop/images/thumb_2/245522_393005.png', 'name': '5 L'}, {'sku': '393020', 'image': 'https://eurolub.com/userdata/dcshop/images/thumb_2/911838_393020.png', 'name': '20 L'}, {'sku': '393060', 'image': 'https://eurolub.com/userdata/dcshop/images/thumb_2/142921_393060.png', 'name': '60 L'}, {'sku': '393208', 'image': 'https://eurolub.com/userdata/dcshop/images/thumb_2/262325_393208.png', 'name': '208 L'}, {'sku': '393100', 'image': 'https://eurolub.com/userdata/dcshop/images/thumb_2/941287_393100.png', 'name': '1000 L'}]"
https://eurolub.com/en/super-eco-0w-20-p3760/,SUPER ECO 0W-20,226XXX,['https://eurolub.com/userdata/dcshop/images/thumb_3/389175_226xxx.png'],"['<p>Fuel-saving, specially composed engine oil. Suitable for modern petrol an diesel engines in cars and vans.</p>']","['<li>ACEA C5</li>', '<li>API SQ (RC)</li>', '<li>ACEA C6</li>', '<li>MB 229.72</li>', '<li>MB 229.71</li>', '<li>ILSAC GF-7A</li>', '<li>BMW Longlife-14 FE+</li>', '<li>Ford WSS-M2C947-B1</li>', '<li>BMW Longlife-17 FE+</li>', '<li>Ford WSS-M2C954-A1</li>', '<li>Ford WSS-M2C962-A1</li>', '<li>GM dexosD™</li>', '<li>Chrysler MS 12145</li>', '<li>OPEL OV0401547-A20</li>', '<li>Volvo VCC RBS0-2AE</li>', '<li>Fiat 9.55535-GSX</li>', '<li>VWC 53037</li>']","[{'sku': '226001', 'image': 'https://eurolub.com/userdata/dcshop/images/thumb_2/91774_226001.png', 'name': '1 L'}, {'sku': '226005', 'image': 'https://eurolub.com/userdata/dcshop/images/thumb_2/699968_226005.png', 'name': '5 L'}, {'sku': '226020', 'image': 'https://eurolub.com/userdata/dcshop/images/thumb_2/847320_226020.png', 'name': '20 L'}, {'sku': '226060', 'image': 'https://eurolub.com/userdata/dcshop/images/thumb_2/635997_226060.png', 'name': '60 L'}, {'sku': '226208', 'image': 'https://eurolub.com/userdata/dcshop/images/thumb_2/645177_226208.png', 'name': '208 L'}, {'sku': '226100', 'image': 'https://eurolub.com/userdata/dcshop/images/thumb_2/7826_211100.png', 'name': '1000 L'}]"
https://eurolub.com/en/eco-fe-ll4-0w-20-p3713/,ECO FE LL4 0W-20,215XXX,['https://eurolub.com/userdata/dcshop/images/thumb_3/945439_215xxx.png'],['<p>Motor oil developed for VAG models for extreme fuel-saving.</p>'],"['<li>ACEA C5</li>', '<li>VW 508.00</li>', '<li>VW 509.00</li>', '<li>Porsche C20</li>', '<li>Ford WSS-M2C956-A1</li>']","[{'sku': '215001', 'image': 'https://eurolub.com/userdata/dcshop/images/thumb_2/90941_215001.png', 'name': '1 L'}, {'sku': '215005', 'image': 'https://eurolub.com/userdata/dcshop/images/thumb_2/841790_215005.png', 'name': '5 L'}, {'sku': '215020', 'image': 'https://eurolub.com/userdata/dcshop/images/thumb_2/515582_215020.png', 'name': '20 L'}, {'sku': '215060', 'image': 'https://eurolub.com/userdata/dcshop/images/thumb_2/518679_215060.png', 'name': '60 L'}, {'sku': '215208', 'image': 'https://eurolub.com/userdata/dcshop/images/thumb_2/795424_215208.png', 'name': '208 L'}, {'sku': '215100', 'image': 'https://eurolub.com/userdata/dcshop/images/thumb_2/114144_211100.png', 'name': '1000 L'}]"
https://eurolub.com/en/synt-m-5w-40-p4178/,SYNT M 5W-40,395XXX,['https://eurolub.com/userdata/dcshop/images/thumb_3/236247_395xxx.png'],"['<p>State-of-the-art modern technology-based, premium, multi-grade, engine oil for use in car petrol and diesel engines according to manufacturer´s instructions.</p>']","['<li>ACEA A3/B4</li>', '<li>API SN</li>', '<li>API CF</li>', '<li>MB 229.3</li>', '<li>BMW Longlife-01</li>', '<li>MB 229.5</li>', '<li>VW 502.00</li>', '<li>VW 505.00</li>', '<li>Porsche A40</li>', '<li>RN 0700</li>', '<li>RN 0710</li>', '<li>Fiat 9.55535-H2</li>', '<li>Fiat 9.55535-M2</li>', '<li>GM LL-B-025</li>', '<li>PSA B71 2296</li>']","[{'sku': '395001', 'image': 'https://eurolub.com/userdata/dcshop/images/thumb_2/276616_395001.png', 'name': '1 L'}, {'sku': '395005', 'image': 'https://eurolub.com/userdata/dcshop/images/thumb_2/357388_395005.png', 'name': '5 L'}, {'sku': '395020', 'image': 'https://eurolub.com/userdata/dcshop/images/thumb_2/652098_395020.png', 'name': '20 L'}, {'sku': '395060', 'image': 'https://eurolub.com/userdata/dcshop/images/thumb_2/492665_395060.png', 'name': '60 L'}, {'sku': '395208', 'image': 'https://eurolub.com/userdata/dcshop/images/thumb_2/593014_395208.png', 'name': '208 L'}, {'sku': '395100', 'image': 'https://eurolub.com/userdata/dcshop/images/thumb_2/300048_211100.png', 'name': '1000 L'}]"
https://eurolub.com/en/synt-pdi-5w-40-p3854/,SYNT PDI 5W-40,308XXX,['https://eurolub.com/userdata/dcshop/images/thumb_3/899345_308xxx.png'],"['<p>Modern based, multi-grade engine oil for car petrol and diesel engines with and without turbocharger including soot particle filter according to manufacturer´s instructions.</p>']","['<li>ACEA C3</li>', '<li>API SN</li>', '<li>API CF</li>', '<li>BMW Longlife-04</li>', '<li>MB 229.51</li>', '<li>MB 229.31</li>', '<li>VW 505.00</li>', '<li>VW 505.01</li>', '<li>GM dexos2®</li>', '<li>Ford WSS-M2C917-A</li>', '<li>RN 0700</li>', '<li>RN 0710</li>', '<li>Porsche A40</li>', '<li>Fiat 9.55535-S2</li>']","[{'sku': '308001', 'image': 'https://eurolub.com/userdata/dcshop/images/thumb_2/454654_308001.png', 'name': '1 L'}, {'sku': '308005', 'image': 'https://eurolub.com/userdata/dcshop/images/thumb_2/620838_308005.png', 'name': '5 L'}, {'sku': '308020', 'image': 'https://eurolub.com/userdata/dcshop/images/thumb_2/41759_308020.png', 'name': '20 L'}, {'sku': '308060', 'image': 'https://eurolub.com/userdata/dcshop/images/thumb_2/142038_308060.png', 'name': '60 L'}, {'sku': '308208', 'image': 'https://eurolub.com/userdata/dcshop/images/thumb_2/737072_308208.png', 'name': '208 L'}, {'sku': '308100', 'image': 'https://eurolub.com/userdata/dcshop/images/thumb_2/942159_211100.png', 'name': '1000 L'}]"
https://eurolub.com/en/multitec-fo-0w-30-p3899/,MULTITEC FO 0W-30,319XXX,['https://eurolub.com/userdata/dcshop/images/thumb_3/516100_319xxx.png'],['<p>State-of-the-art low-viscosity oil of the latest generation. Use according to manufacturer specifications.</p>'],"['<li>ACEA C2</li>', '<li>Ford WSS-M2C950-A</li>', '<li>STJLR.03.5007</li>', '<li>VWC 53035</li>']","[{'sku': '319001', 'image': 'https://eurolub.com/userdata/dcshop/images/thumb_2/534382_319001.png', 'name': '1 L'}, {'sku': '319005', 'image': 'https://eurolub.com/userdata/dcshop/images/thumb_2/232788_319005.png', 'name': '5 L'}, {'sku': '319020', 'image': 'https://eurolub.com/userdata/dcshop/images/thumb_2/738629_319020.png', 'name': '20 L'}, {'sku': '319060', 'image': 'https://eurolub.com/userdata/dcshop/images/thumb_2/174962_319060.png', 'name': '60 L'}, {'sku': '319208', 'image': 'https://eurolub.com/userdata/dcshop/images/thumb_2/408919_319208.png', 'name': '208 L'}, {'sku': '319100', 'image': 'https://eurolub.com/userdata/dcshop/images/thumb_2/647336_211100.png', 'name': '1000 L'}]"
https://eurolub.com/en/wiv-eco-pro-5w-30-p3828/,WIV ECO PRO 5W-30,254XXX,['https://eurolub.com/userdata/dcshop/images/thumb_3/138573_254xxx.png'],['<p>High-end engine oil modern technology-based.</p>'],"['<li>ACEA C3</li>', '<li>API SP</li>', '<li>BMW Longlife-04</li>', '<li>MB 229.31</li>', '<li>MB 229.51</li>', '<li>VW 504.00</li>', '<li>MB 229.52</li>', '<li>VW 507.00</li>', '<li>Porsche C30</li>', '<li>Opel OV0401547-G30</li>', '<li>Opel OV0401547-D30</li>', '<li>GM dexos1® Gen. 2</li>', '<li>GM dexos2®</li>']","[{'sku': '254001', 'image': 'https://eurolub.com/userdata/dcshop/images/thumb_2/912446_254001.png', 'name': '1 L'}, {'sku': '254005', 'image': 'https://eurolub.com/userdata/dcshop/images/thumb_2/762124_254005.png', 'name': '5 L'}, {'sku': '254020', 'image': 'https://eurolub.com/userdata/dcshop/images/thumb_2/855628_254020.png', 'name': '20 L'}, {'sku': '254060', 'image': 'https://eurolub.com/userdata/dcshop/images/thumb_2/987180_254060.png', 'name': '60 L'}, {'sku': '254208', 'image': 'https://eurolub.com/userdata/dcshop/images/thumb_2/316372_254208.png', 'name': '208 L'}, {'sku': '254100', 'image': 'https://eurolub.com/userdata/dcshop/images/thumb_2/602799_211100.png', 'name': '1000 L'}]"
https://eurolub.com/en/eco-ps-c-0w-30-p3727/,ECO PS-C 0W-30,219XXX,['https://eurolub.com/userdata/dcshop/images/thumb_3/593712_219xxx.png'],['<p>State-of-the-art motor oil for vehicles of the PSA group.</p>'],"['<li>API CF</li>', '<li>API SN PLUS RC</li>', '<li>ACEA C2</li>', '<li>PSA B71 2312</li>', '<li>Fiat 9.55535-DS1</li>', '<li>Fiat 9.55535-GS1</li>', '<li>Iveco 18-1811 SC1 LV</li>']","[{'sku': '219001', 'image': 'https://eurolub.com/userdata/dcshop/images/thumb_2/728538_219001.png', 'name': '1 L'}, {'sku': '219005', 'image': 'https://eurolub.com/userdata/dcshop/images/thumb_2/479321_219005.png', 'name': '5 L'}, {'sku': '219020', 'image': 'https://eurolub.com/userdata/dcshop/images/thumb_2/371441_219020.png', 'name': '20 L'}, {'sku': '219060', 'image': 'https://eurolub.com/userdata/dcshop/images/thumb_2/670245_219060.png', 'name': '60 L'}, {'sku': '219208', 'image': 'https://eurolub.com/userdata/dcshop/images/thumb_2/457631_219208.png', 'name': '208 L'}, {'sku': '219100', 'image': 'https://eurolub.com/userdata/dcshop/images/thumb_2/844075_211100.png', 'name': '1000 L'}]"
https://eurolub.com/en/cleantec-dxs-5w-30-p4158/,CLEANTEC DXS 5W-30,385XXX,['https://eurolub.com/userdata/dcshop/images/thumb_3/261673_385xxx.png'],['<p>Specially developed for modern cars that require the specification GM dexos 1 Gen 3.</p>'],"['<li>GM dexos1® Gen. 3</li>', '<li>API SQ (RC)</li>', '<li>ILSAC GF-7A</li>', '<li>Ford WSS-M2C946-A/-B1</li>', '<li>Ford WSS-M2C929-A</li>', '<li>GM 6094M</li>', '<li>Chrysler MS 13340</li>', '<li>Ford WSS-M2C961-A1</li>', '<li>Chrysler MS 6395</li>', '<li>Fiat 9.55535-CR1</li>', '<li>VWC 53034</li>']","[{'sku': '385001', 'image': 'https://eurolub.com/userdata/dcshop/images/thumb_2/929649_385001.png', 'name': '1 L'}, {'sku': '385005', 'image': 'https://eurolub.com/userdata/dcshop/images/thumb_2/663352_385005.png', 'name': '5 L'}, {'sku': '385020', 'image': 'https://eurolub.com/userdata/dcshop/images/thumb_2/266520_385020.png', 'name': '20 L'}, {'sku': '385060', 'image': 'https://eurolub.com/userdata/dcshop/images/thumb_2/390760_385060.png', 'name': '60 L'}, {'sku': '385208', 'image': 'https://eurolub.com/userdata/dcshop/images/thumb_2/465352_385208.png', 'name': '208 L'}, {'sku': '385100', 'image': 'https://eurolub.com/userdata/dcshop/images/thumb_2/217516_211100.png', 'name': '1000 L'}]"
https://eurolub.com/en/eco-ll-0w-30-p3692/,ECO LL 0W-30,212XXX,['https://eurolub.com/userdata/dcshop/images/thumb_3/196296_212xxx.png'],['<p>Ultra high-tech engine oil for modern gas and iesel engines used in passenger cars.</p>'],"['<li>ACEA C3</li>', '<li>API SN</li>', '<li>VW 504.00</li>', '<li>VW 507.00</li>', '<li>MB 229.51</li>', '<li>MB 229.52</li>', '<li>BMW Longlife-04</li>', '<li>Porsche C30</li>']","[{'sku': '212001', 'image': 'https://eurolub.com/userdata/dcshop/images/thumb_2/929789_212001.png', 'name': '1 L'}, {'sku': '212005', 'image': 'https://eurolub.com/userdata/dcshop/images/thumb_2/699208_212005.png', 'name': '5 L'}, {'sku': '212020', 'image': 'https://eurolub.com/userdata/dcshop/images/thumb_2/108708_212020.png', 'name': '20 L'}, {'sku': '212060', 'image': 'https://eurolub.com/userdata/dcshop/images/thumb_2/181840_212060.png', 'name': '60 L'}, {'sku': '212208', 'image': 'https://eurolub.com/userdata/dcshop/images/thumb_2/206824_212208.png', 'name': '208 L'}, {'sku': '212100', 'image': 'https://eurolub.com/userdata/dcshop/images/thumb_2/573647_211100.png', 'name': '1000 L'}]"
https://eurolub.com/en/cleanstar-c2-5w-30-p3753/,CLEANSTAR C2 5W-30,223XXX,['https://eurolub.com/userdata/dcshop/images/thumb_3/261850_223xxx.png'],['<p>Specially developed for PSA models with an exhaust post-treatment system and vehicles complying with the relevant regulation.</p>'],"['<li>ACEA C2</li>', '<li>API SN</li>', '<li>API CF</li>', '<li>PSA B71 2290</li>', '<li>RN 0700</li>', '<li>Fiat 9.55535-S1</li>']","[{'sku': '223001', 'image': 'https://eurolub.com/userdata/dcshop/images/thumb_2/148245_223001.png', 'name': '1 L'}, {'sku': '223005', 'image': 'https://eurolub.com/userdata/dcshop/images/thumb_2/270472_223005.png', 'name': '5 L'}, {'sku': '223020', 'image': 'https://eurolub.com/userdata/dcshop/images/thumb_2/903722_223020.png', 'name': '20 L'}, {'sku': '223060', 'image': 'https://eurolub.com/userdata/dcshop/images/thumb_2/283559_223060.png', 'name': '60 L'}, {'sku': '223208', 'image': 'https://eurolub.com/userdata/dcshop/images/thumb_2/987043_223208.png', 'name': '208 L'}, {'sku': '223100', 'image': 'https://eurolub.com/userdata/dcshop/images/thumb_2/321631_211100.png', 'name': '1000 L'}]"
https://eurolub.com/en/supertec-5w-20-p3874/,SUPERTEC 5W-20,314XXX,['https://eurolub.com/userdata/dcshop/images/thumb_3/569207_314xxx.png'],['<p>State-of-the-art low-viscosity engine oil. Conserving fuel and reducing wear.</p>'],"['<li>ACEA C5</li>', '<li>API SN</li>', '<li>Ford WSS-M2C934-B</li>', '<li>STJLR.03.5004</li>']","[{'sku': '314001', 'image': 'https://eurolub.com/userdata/dcshop/images/thumb_2/749757_314001.png', 'name': '1 L'}, {'sku': '314005', 'image': 'https://eurolub.com/userdata/dcshop/images/thumb_2/348226_314005.png', 'name': '5 L'}, {'sku': '314020', 'image': 'https://eurolub.com/userdata/dcshop/images/thumb_2/713286_314020.png', 'name': '20 L'}, {'sku': '314060', 'image': 'https://eurolub.com/userdata/dcshop/images/thumb_2/318603_314060.png', 'name': '60 L'}, {'sku': '314208', 'image': 'https://eurolub.com/userdata/dcshop/images/thumb_2/400265_314208.png', 'name': '208 L'}, {'sku': '314100', 'image': 'https://eurolub.com/userdata/dcshop/images/thumb_2/440231_211100.png', 'name': '1000 L'}]"
https://eurolub.com/en/cleantop-c4-5w-30-p3734/,CLEANTOP C4 5W-30,220XXX,['https://eurolub.com/userdata/dcshop/images/thumb_3/115527_220xxx.png'],['<p>Specially developed for Renault vehicles equipped with an exhaust post-treatment system and vehicles complying with the relevant regulation.</p>'],"['<li>ACEA C4</li>', '<li>MB 226.51</li>', '<li>MB 229.51</li>', '<li>RN 0720</li>']","[{'sku': '220001', 'image': 'https://eurolub.com/userdata/dcshop/images/thumb_2/154231_220001.png', 'name': '1 L'}, {'sku': '220005', 'image': 'https://eurolub.com/userdata/dcshop/images/thumb_2/232594_220005.png', 'name': '5 L'}, {'sku': '220020', 'image': 'https://eurolub.com/userdata/dcshop/images/thumb_2/863314_220020.png', 'name': '20 L'}, {'sku': '220060', 'image': 'https://eurolub.com/userdata/dcshop/images/thumb_2/287314_220060.png', 'name': '60 L'}, {'sku': '220208', 'image': 'https://eurolub.com/userdata/dcshop/images/thumb_2/415984_220208.png', 'name': '208 L'}, {'sku': '220100', 'image': 'https://eurolub.com/userdata/dcshop/images/thumb_2/29325_211100.png', 'name': '1000 L'}]"
https://eurolub.com/en/eco-r-n-5w-30-p3767/,ECO R-N 5W-30,227XXX,['https://eurolub.com/userdata/dcshop/images/thumb_3/629339_227xxx.png'],['<p>High-end engine oil modern technology-based. Use in Renault cars according to instructions.</p>'],"['<li>ACEA C3</li>', '<li>RN17</li>', '<li>MB 226.52</li>']","[{'sku': '227001', 'image': 'https://eurolub.com/userdata/dcshop/images/thumb_2/715421_227001.png', 'name': '1 L'}, {'sku': '227005', 'image': 'https://eurolub.com/userdata/dcshop/images/thumb_2/114343_227005.png', 'name': '5 L'}, {'sku': '227020', 'image': 'https://eurolub.com/userdata/dcshop/images/thumb_2/559000_227020.png', 'name': '20 L'}, {'sku': '227060', 'image': 'https://eurolub.com/userdata/dcshop/images/thumb_2/871014_227060.png', 'name': '60 L'}, {'sku': '227208', 'image': 'https://eurolub.com/userdata/dcshop/images/thumb_2/387663_227208.png', 'name': '208 L'}, {'sku': '227100', 'image': 'https://eurolub.com/userdata/dcshop/images/thumb_2/999220_211100.png', 'name': '1000 L'}]"
https://eurolub.com/en/formel-3ll-5w-30-p3720/,FORMEL 3LL 5W-30,218XXX,['https://eurolub.com/userdata/dcshop/images/thumb_3/412930_218xxx.png'],['<p>Ultra Hightec Engine Oil.</p></p>'],"['<li>ACEA C3</li>', '<li>API SN</li>', '<li>VW 504.00</li>', '<li>VW 507.00</li>', '<li>MB 229.51</li>', '<li>BMW Longlife-04</li>', '<li>Porsche C30</li>']","[{'sku': '218005', 'image': 'https://eurolub.com/userdata/dcshop/images/thumb_2/260830_218005.png', 'name': '5 L'}, {'sku': '218060', 'image': 'https://eurolub.com/userdata/dcshop/images/thumb_2/421156_218060.png', 'name': '60 L'}, {'sku': '218208', 'image': 'https://eurolub.com/userdata/dcshop/images/thumb_2/253750_218208.png', 'name': '208 L'}, {'sku': '218100', 'image': 'https://eurolub.com/userdata/dcshop/images/thumb_2/174716_211100.png', 'name': '1000 L'}]"
https://eurolub.com/en/formel-1-5w-40-p3719/,FORMEL 1 5W-40,216XXX,['https://eurolub.com/userdata/dcshop/images/thumb_3/759261_216xxx.png'],['<p>Super low-viscosity engien oil.</p>'],"['<li>ACEA C3</li>', '<li>API SN</li>', '<li>API CF</li>', '<li>MB 229.51</li>', '<li>VW 505.01</li>', '<li>VW 505.00</li>', '<li>RN 0700</li>', '<li>RN 0710</li>', '<li>GM dexos2®</li>', '<li>Ford WSS-M2C917-A</li>', '<li>Porsche A40</li>']","[{'sku': '216005', 'image': 'https://eurolub.com/userdata/dcshop/images/thumb_2/8210_216005.png', 'name': '5 L'}, {'sku': '216060', 'image': 'https://eurolub.com/userdata/dcshop/images/thumb_2/621200_216060.png', 'name': '60 L'}, {'sku': '216208', 'image': 'https://eurolub.com/userdata/dcshop/images/thumb_2/951775_216208.png', 'name': '208 L'}, {'sku': '216100', 'image': 'https://eurolub.com/userdata/dcshop/images/thumb_2/740012_211100.png', 'name': '1000 L'}]"
https://eurolub.com/en/formel-2-10w-40-p3795/,FORMEL 2 10W-40,237XXX,['https://eurolub.com/userdata/dcshop/images/thumb_3/634264_237xxx.png'],['<p>Low-viscosity engine oil.</p>'],"['<li>ACEA A3/B4</li>', '<li>API SL</li>', '<li>API CF</li>', '<li>MB 229.1</li>']","[{'sku': '237005', 'image': 'https://eurolub.com/userdata/dcshop/images/thumb_2/884662_237005.png', 'name': '5 L'}, {'sku': '237060', 'image': 'https://eurolub.com/userdata/dcshop/images/thumb_2/723975_237060.png', 'name': '60 L'}, {'sku': '237208', 'image': 'https://eurolub.com/userdata/dcshop/images/thumb_2/805392_237208.png', 'name': '208 L'}, {'sku': '237100', 'image': 'https://eurolub.com/userdata/dcshop/images/thumb_2/803306_211100.png', 'name': '1000 L'}]"
https://eurolub.com/en/motor-vo-0w-30-p3821/,Motor VO 0W-30,243XXX,['https://eurolub.com/userdata/dcshop/images/thumb_3/828898_243xxx.png'],['<p>High-performance engine oil for passenger car engines with turbocharger for engine fuel economy according to A5/B5. Recommended for Volvo passenger cars in accordance with manufacturer´s specifications.</p>'],"['<li>ACEA A5/B5</li>', '<li>API SL</li>', '<li>Volvo VCC 95200377</li>']","[{'sku': '243001', 'image': 'https://eurolub.com/userdata/dcshop/images/thumb_2/908616_243001.png', 'name': '1 L'}, {'sku': '243005', 'image': 'https://eurolub.com/userdata/dcshop/images/thumb_2/970410_243005.png', 'name': '5 L'}, {'sku': '243020', 'image': 'https://eurolub.com/userdata/dcshop/images/thumb_2/200482_243020.png', 'name': '20 L'}, {'sku': '243060', 'image': 'https://eurolub.com/userdata/dcshop/images/thumb_2/780609_243060.png', 'name': '60 L'}, {'sku': '243208', 'image': 'https://eurolub.com/userdata/dcshop/images/thumb_2/372869_243208.png', 'name': '208 L'}, {'sku': '243100', 'image': 'https://eurolub.com/userdata/dcshop/images/thumb_2/55648_211100.png', 'name': '1000 L'}]"
https://eurolub.com/en/megatec-0w-40-p3809/,MEGATEC 0W-40,241XXX,['https://eurolub.com/userdata/dcshop/images/thumb_3/344221_241xxx.png'],['<p>High-performance engine oil for passenger car engines with turbocharger for engine fuel economy. The innovative combination of low viscosity and safety under all conditions.</p>'],"['<li>ACEA A3/B4</li>', '<li>API SN</li>', '<li>API CF</li>', '<li>MB 229.5</li>', '<li>MB 229.3</li>', '<li>MB 226.5</li>', '<li>PSA B71 2296</li>', '<li>Fiat 9.55535-M2</li>', '<li>Fiat 9.55535-N2</li>', '<li>Fiat 9.55535-Z2</li>', '<li>BMW Longlife-01</li>', '<li>VW 502.00</li>', '<li>Ford WSS-M2C937-A</li>', '<li>VW 505.00</li>', '<li>Porsche A40</li>', '<li>RN 0700</li>', '<li>RN 0710</li>']","[{'sku': '241001', 'image': 'https://eurolub.com/userdata/dcshop/images/thumb_2/37644_241001.png', 'name': '1 L'}, {'sku': '241005', 'image': 'https://eurolub.com/userdata/dcshop/images/thumb_2/423834_241005.png', 'name': '5 L'}, {'sku': '241020', 'image': 'https://eurolub.com/userdata/dcshop/images/thumb_2/317728_241020.png', 'name': '20 L'}, {'sku': '241060', 'image': 'https://eurolub.com/userdata/dcshop/images/thumb_2/735923_241060.png', 'name': '60 L'}, {'sku': '241208', 'image': 'https://eurolub.com/userdata/dcshop/images/thumb_2/462263_241208.png', 'name': '208 L'}, {'sku': '241100', 'image': 'https://eurolub.com/userdata/dcshop/images/thumb_2/134577_211100.png', 'name': '1000 L'}]"
https://eurolub.com/en/eco-dxs-5w-20-p3830/,ECO DXS 5W-20,256XXX,['https://eurolub.com/userdata/dcshop/images/thumb_3/956478_256xxx.png'],['<p>Modern low viscosity motor oil.</p>'],"['<li>API SQ (RC)</li>', '<li>GM dexos1® Gen. 3</li>', '<li>ILSAC GF-7A</li>', '<li>Chrysler MS 6395</li>', '<li>Ford WSS-M2C945-B1</li>', '<li>Ford WSS-M2C960-A</li>']","[{'sku': '256060', 'image': 'https://eurolub.com/userdata/dcshop/images/thumb_2/493747_256060.png', 'name': '60 L'}, {'sku': '256208', 'image': 'https://eurolub.com/userdata/dcshop/images/thumb_2/692057_256208.png', 'name': '208 L'}, {'sku': '256100', 'image': 'https://eurolub.com/userdata/dcshop/images/thumb_2/810900_xxx100.png', 'name': '1000 L'}]"
https://eurolub.com/en/super-fo-0w-20-p3823/,SUPER FO 0W-20,250XXX,['https://eurolub.com/userdata/dcshop/images/thumb_3/848651_250xxx.png'],['<p>Modern engine oil for use in car gasoline- and diesel-engines and hybrid concepts from various suppliers according to their specifications.</p>'],"['<li>ACEA C5</li>', '<li>ACEA C6</li>', '<li>API SP</li>', '<li>FORD WSS-M2C952-A1</li>', '<li>API SN PLUS</li>', '<li>STJLR.03.5006</li>', '<li>MB 229.71</li>', '<li>GM dexosD™</li>', '<li>OPEL OV0401547-A20</li>']","[{'sku': '250001', 'image': 'https://eurolub.com/userdata/dcshop/images/thumb_2/870944_250001.png', 'name': '1 L'}, {'sku': '250005', 'image': 'https://eurolub.com/userdata/dcshop/images/thumb_2/101496_250005.png', 'name': '5 L'}, {'sku': '250020', 'image': 'https://eurolub.com/userdata/dcshop/images/thumb_2/200366_250020.png', 'name': '20 L'}, {'sku': '250060', 'image': 'https://eurolub.com/userdata/dcshop/images/thumb_2/349089_250060.png', 'name': '60 L'}, {'sku': '250208', 'image': 'https://eurolub.com/userdata/dcshop/images/thumb_2/206565_250208.png', 'name': '208 L'}, {'sku': '250100', 'image': 'https://eurolub.com/userdata/dcshop/images/thumb_2/784400_211100.png', 'name': '1000 L'}]"
https://eurolub.com/en/super-ps-c-0w-20-p3824/,SUPER PS-C 0W-20,252XXX,['https://eurolub.com/userdata/dcshop/images/thumb_3/948180_252xxx.png'],"['<p>Modern, synthetic fuel-efficient engine oil. With a special potential for fuel economy.</p>']","['<li>ACEA C5</li>', '<li>API SN PLUS</li>', '<li>PSA B71 2010</li>', '<li>OPEL OV0401547-A20</li>', '<li>Fiat 9.55535-DM1</li>']","[{'sku': '252001', 'image': 'https://eurolub.com/userdata/dcshop/images/thumb_2/184308_252001.png', 'name': '1 L'}, {'sku': '252005', 'image': 'https://eurolub.com/userdata/dcshop/images/thumb_2/727429_252005.png', 'name': '5 L'}, {'sku': '252020', 'image': 'https://eurolub.com/userdata/dcshop/images/thumb_2/968718_252020.png', 'name': '20 L'}, {'sku': '252060', 'image': 'https://eurolub.com/userdata/dcshop/images/thumb_2/4475_252060.png', 'name': '60 L'}, {'sku': '252208', 'image': 'https://eurolub.com/userdata/dcshop/images/thumb_2/322376_252208.png', 'name': '208 L'}, {'sku': '252100', 'image': 'https://eurolub.com/userdata/dcshop/images/thumb_2/108526_211100.png', 'name': '1000 L'}]"
https://eurolub.com/en/super-eco-0w-16-p3746/,SUPER ECO 0W-16,222XXX,['https://eurolub.com/userdata/dcshop/images/thumb_3/488339_222xxx.png'],['<p>Modern low viscosity motor oil.</p>'],"['<li>API SP RC</li>', '<li>ILSAC GF-6B</li>']","[{'sku': '222001', 'image': 'https://eurolub.com/userdata/dcshop/images/thumb_2/462356_222001.png', 'name': '1 L'}, {'sku': '222005', 'image': 'https://eurolub.com/userdata/dcshop/images/thumb_2/260610_222005.png', 'name': '5 L'}, {'sku': '222020', 'image': 'https://eurolub.com/userdata/dcshop/images/thumb_2/662168_222020.png', 'name': '20 L'}, {'sku': '222060', 'image': 'https://eurolub.com/userdata/dcshop/images/thumb_2/968493_222060.png', 'name': '60 L'}, {'sku': '222208', 'image': 'https://eurolub.com/userdata/dcshop/images/thumb_2/495290_222208.png', 'name': '208 L'}, {'sku': '222100', 'image': 'https://eurolub.com/userdata/dcshop/images/thumb_2/404295_221100.png', 'name': '1000 L'}]"
https://eurolub.com/en/racing-gt2-10w-60-p3861/,RACING GT2 10W-60,311XXX,['https://eurolub.com/userdata/dcshop/images/thumb_3/105261_311xxx.png'],['<p>High-performance engine oil for passenger car models. Low oil consumption. Heavy-duty lubricating film and oil pressure.</p>'],"['<li>ACEA A3/B4</li>', '<li>API SN</li>', '<li>API CF</li>']","[{'sku': '311001', 'image': 'https://eurolub.com/userdata/dcshop/images/thumb_2/48996_311001.png', 'name': '1 L'}, {'sku': '311005', 'image': 'https://eurolub.com/userdata/dcshop/images/thumb_2/284416_311005.png', 'name': '5 L'}, {'sku': '311020', 'image': 'https://eurolub.com/userdata/dcshop/images/thumb_2/956653_311020.png', 'name': '20 L'}, {'sku': '311060', 'image': 'https://eurolub.com/userdata/dcshop/images/thumb_2/66098_311060.png', 'name': '60 L'}, {'sku': '311208', 'image': 'https://eurolub.com/userdata/dcshop/images/thumb_2/677917_311208.png', 'name': '208 L'}]"
https://eurolub.com/en/eco-dxs-0w-20-p3829/,ECO DXS 0W-20,255XXX,['https://eurolub.com/userdata/dcshop/images/thumb_3/435353_255xxx.png'],['<p>Modern low viscosity motor oil.</p>'],"['<li>GM dexos1® Gen. 3</li>', '<li>API SQ (RC)</li>', '<li>Chrysler MS 6395</li>', '<li>ILSAC GF-7A</li>', '<li>Fiat 9.55535-GSX</li>', '<li>Fiat 9.55535-CR1</li>', '<li>Ford WSS-M2C947-B1</li>', '<li>Ford WSS-M2C962-A</li>', '<li>GM 6094M</li>']","[{'sku': '255001', 'image': 'https://eurolub.com/userdata/dcshop/images/thumb_2/508703_255001.png', 'name': '1 L'}, {'sku': '255005', 'image': 'https://eurolub.com/userdata/dcshop/images/thumb_2/513888_255005.png', 'name': '5 L'}, {'sku': '255020', 'image': 'https://eurolub.com/userdata/dcshop/images/thumb_2/168542_255020.png', 'name': '20 L'}, {'sku': '255060', 'image': 'https://eurolub.com/userdata/dcshop/images/thumb_2/114639_255060.png', 'name': '60 L'}, {'sku': '255208', 'image': 'https://eurolub.com/userdata/dcshop/images/thumb_2/538389_255208.png', 'name': '208 L'}, {'sku': '255100', 'image': 'https://eurolub.com/userdata/dcshop/images/thumb_2/183338_211100.png', 'name': '1000 L'}]"
https://eurolub.com/en/formel-dx-5w-30-p3822/,FORMEL DX 5W-30,244XXX,['https://eurolub.com/userdata/dcshop/images/thumb_3/728081_244xxx.png'],['<p>Mid SAPS Engine Oil.</p></p>'],"['<li>ACEA C2</li>', '<li>ACEA C3</li>', '<li>API SN</li>', '<li>API CF</li>', '<li>VW 502.00</li>', '<li>VW 505.00</li>', '<li>VW 505.01</li>', '<li>MB 229.51</li>', '<li>MB 229.52</li>', '<li>BMW Longlife-04</li>', '<li>GM dexos2®</li>', '<li>RN 0700</li>', '<li>RN 0710</li>']","[{'sku': '244005', 'image': 'https://eurolub.com/userdata/dcshop/images/thumb_2/780250_244005.png', 'name': '5 L'}, {'sku': '244060', 'image': 'https://eurolub.com/userdata/dcshop/images/thumb_2/586033_244060.png', 'name': '60 L'}, {'sku': '244208', 'image': 'https://eurolub.com/userdata/dcshop/images/thumb_2/974560_244208.png', 'name': '208 L'}, {'sku': '244100', 'image': 'https://eurolub.com/userdata/dcshop/images/thumb_2/563839_211100.png', 'name': '1000 L'}]"
https://eurolub.com/en/cleanpower-c1-5w-30-p3699/,CLEANPOWER C1 5W-30,213XXX,['https://eurolub.com/userdata/dcshop/images/thumb_3/935229_213xxx.png'],['<p>Specially developed for models equipped with an exhaust post-treatment system and models complying with the relevant regulation.</p>'],"['<li>ACEA C1</li>', '<li>Ford WSS-M2C934-B</li>', '<li>STJLR.03.5005</li>', '<li>JASO DL-1</li>', '<li>Mazda</li>']","[{'sku': '213001', 'image': 'https://eurolub.com/userdata/dcshop/images/thumb_2/561591_213001.png', 'name': '1 L'}, {'sku': '213005', 'image': 'https://eurolub.com/userdata/dcshop/images/thumb_2/950489_213005.png', 'name': '5 L'}, {'sku': '213020', 'image': 'https://eurolub.com/userdata/dcshop/images/thumb_2/729224_213020.png', 'name': '20 L'}, {'sku': '213060', 'image': 'https://eurolub.com/userdata/dcshop/images/thumb_2/831036_213060.png', 'name': '60 L'}, {'sku': '213208', 'image': 'https://eurolub.com/userdata/dcshop/images/thumb_2/948647_213208.png', 'name': '208 L'}, {'sku': '213100', 'image': 'https://eurolub.com/userdata/dcshop/images/thumb_2/242838_211100.png', 'name': '1000 L'}]"
https://eurolub.com/en/eco-b12-0w-30-p3674/,ECO B12 0W-30,208XXX,['https://eurolub.com/userdata/dcshop/images/thumb_3/895137_208xxx.png'],['<p>Motor oil developed for BMW models for extreme fuel-saving.</p>'],"['<li>ACEA C2</li>', '<li>BMW Longlife-12 FE</li>', '<li>MB 229.61</li>']","[{'sku': '208020', 'image': 'https://eurolub.com/userdata/dcshop/images/thumb_2/660899_208020.png', 'name': '20 L'}, {'sku': '208060', 'image': 'https://eurolub.com/userdata/dcshop/images/thumb_2/992511_208060.png', 'name': '60 L'}, {'sku': '208208', 'image': 'https://eurolub.com/userdata/dcshop/images/thumb_2/636484_208208.png', 'name': '208 L'}, {'sku': '208100', 'image': 'https://eurolub.com/userdata/dcshop/images/thumb_2/807068_211100.png', 'name': '1000 L'}]"
https://eurolub.com/en/classic-multigrade-20w-50-p3788/,Classic MULTIGRADE 20W-50,235XXX,['https://eurolub.com/userdata/dcshop/images/thumb_3/276544_235060.png'],['<p>Mildly alloyed multi-grade engine oil for older vehicles. Also suitable for Harley Davidson in accordance with regulation!</p>'],"['<li>API CD</li>', '<li>API SF</li>']","[{'sku': '235060', 'image': 'https://eurolub.com/userdata/dcshop/images/thumb_2/155133_235060.png', 'name': '60 L'}]"
https://eurolub.com/en/classic-monograde-30-p3785/,Classic MONOGRADE 30,233XXX,['https://eurolub.com/userdata/dcshop/images/thumb_3/719951_233xxx.png'],['<p>Mildly alloyed single-grade engine oil for older vhicles.</p>'],"['<li>API CD</li>', '<li>API SF</li>']","[{'sku': '233060', 'image': 'https://eurolub.com/userdata/dcshop/images/thumb_2/458590_233060.png', 'name': '60 L'}]"
https://eurolub.com/en/cargo-lsp-super-10w-40-p3777/,CARGO LSP SUPER 10W-40,231XXX,['https://eurolub.com/userdata/dcshop/images/thumb_3/34696_231xxx.png'],['<p>State-of-the-art SHPD engine oil. Developed and adpated for use with the latest particle filter systems in commercial vehicles in accordance.</p>'],"['<li>ACEA E7</li>', '<li>ACEA E8</li>', '<li>ACEA E11</li>', '<li>API CK-4</li>', '<li>API SN</li>', '<li>DTFR 15C110 (228.51)</li>', '<li>MAN M 3477</li>', '<li>MAN M 3775</li>', '<li>Volvo VDS-4.5</li>', '<li>Renault VI RLD-2</li>', '<li>Renault VI RLD-3</li>', '<li>Scania Low Ash</li>', '<li>Deutz IV-18 LA</li>', '<li>CAT ECF-1a</li>', '<li>CAT ECF-2</li>', '<li>CAT ECF-3</li>', '<li>Cummins CES 20086</li>', '<li>Detroit Diesel 93K222</li>', '<li>JASO DH-2</li>', '<li>MTU Typ 2.1</li>', '<li>MTU Typ 3.1</li>', '<li>Mack EOS 4.5</li>']","[{'sku': '231020', 'image': 'https://eurolub.com/userdata/dcshop/images/thumb_2/336851_231020.png', 'name': '20 L'}, {'sku': '231060', 'image': 'https://eurolub.com/userdata/dcshop/images/thumb_2/13779_231060.png', 'name': '60 L'}, {'sku': '231208', 'image': 'https://eurolub.com/userdata/dcshop/images/thumb_2/29090_231208.png', 'name': '208 L'}]"
https://eurolub.com/en/turbo-star-15w-40-p3993/,TURBO STAR 15W-40,340XXX,['https://eurolub.com/userdata/dcshop/images/thumb_3/34611_340xxx.png'],"['<p>Engine oil for diesel and gas engines, tried and tested as an excellent choice for commercial vehicles, heavy-duty work machinery, and passenger cars (except pump-jet engines).</p>']","['<li>API CF-4</li>', '<li>API SJ</li>', '<li>MB 228.1</li>', '<li>MAN 271</li>', '<li>Volvo VDS</li>']","[{'sku': '340001', 'image': 'https://eurolub.com/userdata/dcshop/images/thumb_2/481482_340001.png', 'name': '1 L'}, {'sku': '340005', 'image': 'https://eurolub.com/userdata/dcshop/images/thumb_2/482913_340005.png', 'name': '5 L'}, {'sku': '340020', 'image': 'https://eurolub.com/userdata/dcshop/images/thumb_2/827656_340020.png', 'name': '20 L'}, {'sku': '340060', 'image': 'https://eurolub.com/userdata/dcshop/images/thumb_2/241513_340060.png', 'name': '60 L'}, {'sku': '340208', 'image': 'https://eurolub.com/userdata/dcshop/images/thumb_2/31933_340208.png', 'name': '208 L'}, {'sku': '340100', 'image': 'https://eurolub.com/userdata/dcshop/images/thumb_2/300705_211100.png', 'name': '1000 L'}]"
https://eurolub.com/en/gts-20w-50-p3933/,GTS 20W-50,325XXX,['https://eurolub.com/userdata/dcshop/images/thumb_3/508899_325xxx.png'],"['<p>Multi-grade engine oil for gas and diesel engines (no pump-jet, without WIV) including turbo models.</p>']","['<li>ACEA A3/B3</li>', '<li>API CF-4</li>', '<li>API CH-4</li>', '<li>API SJ</li>', '<li>MB 228.1</li>', '<li>MB 229.1</li>', '<li>MAN 271</li>', '<li>Volvo VDS</li>', '<li>CAT TO-2</li>', '<li>Allison C-4</li>']","[{'sku': '325001', 'image': 'https://eurolub.com/userdata/dcshop/images/thumb_2/642634_325001.png', 'name': '1 L'}, {'sku': '325005', 'image': 'https://eurolub.com/userdata/dcshop/images/thumb_2/145093_325005.png', 'name': '5 L'}, {'sku': '325020', 'image': 'https://eurolub.com/userdata/dcshop/images/thumb_2/697397_325020.png', 'name': '20 L'}, {'sku': '325060', 'image': 'https://eurolub.com/userdata/dcshop/images/thumb_2/462781_325060.png', 'name': '60 L'}, {'sku': '325208', 'image': 'https://eurolub.com/userdata/dcshop/images/thumb_2/776068_325208.png', 'name': '208 L'}, {'sku': '325100', 'image': 'https://eurolub.com/userdata/dcshop/images/thumb_2/364382_211100.png', 'name': '1000 L'}]"
https://eurolub.com/en/hd-4cx-plus-15w-40-p3938/,HD 4CX PLUS 15W-40,327XXX,['https://eurolub.com/userdata/dcshop/images/thumb_3/738559_327xxx.png'],"['<p>Multi-grade engine oil for mixed vehicle fleets. Developed for use in diesel and gas engines built into commercial vehicles, work machinery, and passenger cars (except pump-jet engines).</p>']","['<li>ACEA A3/B4</li>', '<li>ACEA E7</li>', '<li>API CI-4</li>', '<li>API SL</li>', '<li>DTFR 15B110 (228.3)</li>', '<li>MB 229.1</li>', '<li>MAN M 3275-1</li>', '<li>Deutz III-10</li>', '<li>MTU Typ 2</li>', '<li>Volvo VDS-3</li>', '<li>Renault VI RLD-2</li>', '<li>Mack EO-N</li>', '<li>Mack EO-M Plus</li>', '<li>Allison C-4</li>', '<li>JASO DH-1</li>', '<li>Global DHD-1</li>', '<li>CAT ECF-1a</li>', '<li>CAT ECF-2</li>', '<li>Detroit Diesel 93K215</li>', '<li>Cummins CES 20076</li>', '<li>Cummins CES 20077</li>', '<li>Cummins CES 20078</li>']","[{'sku': '327020', 'image': 'https://eurolub.com/userdata/dcshop/images/thumb_2/206908_327020.png', 'name': '20 L'}, {'sku': '327060', 'image': 'https://eurolub.com/userdata/dcshop/images/thumb_2/589972_327060.png', 'name': '60 L'}, {'sku': '327208', 'image': 'https://eurolub.com/userdata/dcshop/images/thumb_2/619796_327208.png', 'name': '208 L'}, {'sku': '327100', 'image': 'https://eurolub.com/userdata/dcshop/images/thumb_2/248784_211100.png', 'name': '1000 L'}]"
https://eurolub.com/en/multitec-10w-40-p3887/,MULTITEC 10W-40,317XXX,['https://eurolub.com/userdata/dcshop/images/thumb_3/100609_317xxx.png'],"['<p>All-purpose, low-viscosity oil based on synthetic technology. Developed for use in diesel and gas engines built into commercial vehicles, work machinery, and passenger cars (except pump-jet engines).</p>']","['<li>ACEA A3/B4</li>', '<li>ACEA E7</li>', '<li>API CI-4</li>', '<li>API SL</li>', '<li>DTFR 15B110 (228.3)</li>', '<li>MB 229.1</li>', '<li>MAN M 3275</li>', '<li>Volvo VDS-3</li>', '<li>Renault VI RLD-2</li>', '<li>MTU Typ 2</li>', '<li>Cummins CES 20077</li>', '<li>Cummins CES 20078</li>', '<li>Global DHD-1</li>', '<li>Mack EO-N</li>', '<li>CAT ECF-1a</li>', '<li>Deutz III-10</li>', '<li>CAT ECF-2</li>', '<li>Detroit Diesel 93K215</li>', '<li>JASO DH-1</li>']","[{'sku': '317020', 'image': 'https://eurolub.com/userdata/dcshop/images/thumb_2/539428_317020.png', 'name': '20 L'}, {'sku': '317060', 'image': 'https://eurolub.com/userdata/dcshop/images/thumb_2/418741_317060.png', 'name': '60 L'}, {'sku': '317208', 'image': 'https://eurolub.com/userdata/dcshop/images/thumb_2/991543_317208.png', 'name': '208 L'}, {'sku': '317100', 'image': 'https://eurolub.com/userdata/dcshop/images/thumb_2/825883_211100.png', 'name': '1000 L'}]"
https://eurolub.com/en/lowcargo-5w-30-p3783/,LOWCARGO 5W-30,232XXX,['https://eurolub.com/userdata/dcshop/images/thumb_3/175575_232xxx.png'],"['<p>Highly alloyed, USHPD low-viscosity engine oil with a reduced ash content (Low SAPS). Adapted to meet the most recent emission standards EURO 4, EURO 5 and EURO 6.</p>']","['<li>ACEA E7</li>', '<li>ACEA E8</li>', '<li>ACEA E11</li>', '<li>API CK-4</li>', '<li>API SN</li>', '<li>JASO DH-2</li>', '<li>DTFR 15C110 (228.51)</li>', '<li>Volvo VDS-4.5</li>', '<li>Renault VI RLD-3</li>', '<li>Mack EOS 4.5</li>', '<li>Deutz IV-18 LA</li>', '<li>MTU MTL 5044</li>', '<li>MTU Typ 3.1</li>', '<li>MAN M 3775</li>', '<li>MAN M 3677</li>', '<li>MAN M 3477</li>', '<li>CAT ECF-3</li>', '<li>Cummins CES 20086</li>', '<li>Scania LDF-4</li>', '<li>Detroit Diesel 93K222</li>']","[{'sku': '232005', 'image': 'https://eurolub.com/userdata/dcshop/images/thumb_2/468390_232005.png', 'name': '5 L'}, {'sku': '232020', 'image': 'https://eurolub.com/userdata/dcshop/images/thumb_2/360455_232020.png', 'name': '20 L'}, {'sku': '232060', 'image': 'https://eurolub.com/userdata/dcshop/images/thumb_2/96898_232060.png', 'name': '60 L'}, {'sku': '232208', 'image': 'https://eurolub.com/userdata/dcshop/images/thumb_2/815790_232208.png', 'name': '208 L'}, {'sku': '232100', 'image': 'https://eurolub.com/userdata/dcshop/images/thumb_2/114316_211100.png', 'name': '1000 L'}]"
https://eurolub.com/en/supermax-10w-40-p3921/,SUPERMAX 10W-40,323XXX,['https://eurolub.com/userdata/dcshop/images/thumb_3/710472_323xxx.png'],"['<p>High-quality, low-viscosity engine oil for commercial vehicles of the latest generation and in compliance with the most recent emission standards EURO 4, 5 and EURO 6.</p>']","['<li>ACEA E7</li>', '<li>API CI-4</li>', '<li>DTFR 15C110 (228.51)</li>', '<li>MAN M 3477</li>', '<li>MAN M 3271-1</li>', '<li>Volvo VDS-3</li>', '<li>Renault VI RXD</li>', '<li>Renault VI RGD</li>', '<li>Renault VI RLD-2</li>', '<li>MTU Typ 3.1</li>', '<li>Deutz IV-10 LA</li>', '<li>Mack EO-N</li>', '<li>Cummins CES 20076</li>', '<li>Cummins CES 20077</li>', '<li>JASO DH-2</li>', '<li>DAF Long Drain</li>']","[{'sku': '323020', 'image': 'https://eurolub.com/userdata/dcshop/images/thumb_2/713714_323020.png', 'name': '20 L'}, {'sku': '323060', 'image': 'https://eurolub.com/userdata/dcshop/images/thumb_2/715912_323060.png', 'name': '60 L'}, {'sku': '323208', 'image': 'https://eurolub.com/userdata/dcshop/images/thumb_2/228756_323208.png', 'name': '208 L'}, {'sku': '323100', 'image': 'https://eurolub.com/userdata/dcshop/images/thumb_2/254585_211100.png', 'name': '1000 L'}]"
https://eurolub.com/en/hd-5cx-extra-15w-40-p3772/,HD 5CX EXTRA 15W-40,228XXX,['https://eurolub.com/userdata/dcshop/images/thumb_3/221031_228xxx.png'],['<p>This engine oil is intended for diesel engines operating under heavy loads and helps lower exhaust and particle emissions.</p>'],"['<li>ACEA E11</li>', '<li>API CK-4</li>', '<li>API SN</li>', '<li>DTFR 15C100 (228.31)</li>', '<li>MAN M 3775</li>', '<li>Volvo VDS-4.5</li>', '<li>Renault VI RLD-3</li>', '<li>CAT ECF-3</li>', '<li>Cummins CES 20086</li>', '<li>Deutz III-18 LA</li>', '<li>Detroit Diesel 93K222</li>', '<li>MTU Typ 2.1</li>', '<li>Mack EOS 4.5</li>', '<li>Ford WSS-M2C171-F1</li>']","[{'sku': '228020', 'image': 'https://eurolub.com/userdata/dcshop/images/thumb_2/779202_228020.png', 'name': '20 L'}, {'sku': '228060', 'image': 'https://eurolub.com/userdata/dcshop/images/thumb_2/645871_228060.png', 'name': '60 L'}, {'sku': '228208', 'image': 'https://eurolub.com/userdata/dcshop/images/thumb_2/131566_228208.png', 'name': '208 L'}, {'sku': '228100', 'image': 'https://eurolub.com/userdata/dcshop/images/thumb_2/339884_211100.png', 'name': '1000 L'}]"
https://eurolub.com/en/multicargo-10w-40-p3892/,MULTICARGO 10W-40,318XXX,['https://eurolub.com/userdata/dcshop/images/thumb_3/719523_318xxx.png'],['<p>Low-viscosity engine oil of the latest generation and based on synthetic technology. Developed especially for use in commercial vehicle engines.</p>'],"['<li>ACEA E7</li>', '<li>API CI-4</li>', '<li>DTFR 15B120 (228.5)</li>', '<li>Cummins CES 20078</li>', '<li>MAN M 3277</li>', '<li>MAN M 3377</li>', '<li>Volvo VDS-3</li>', '<li>Global DHD-1</li>', '<li>Renault VI RXD</li>', '<li>Renault VI RLD-2</li>', '<li>MTU Typ 3</li>', '<li>Deutz IV-10</li>', '<li>Mack EO-N</li>', '<li>Mack EO-M Plus</li>', '<li>Detroit Diesel 93K215</li>']","[{'sku': '318020', 'image': 'https://eurolub.com/userdata/dcshop/images/thumb_2/106949_318020.png', 'name': '20 L'}, {'sku': '318060', 'image': 'https://eurolub.com/userdata/dcshop/images/thumb_2/91963_318060.png', 'name': '60 L'}, {'sku': '318208', 'image': 'https://eurolub.com/userdata/dcshop/images/thumb_2/897337_318208.png', 'name': '208 L'}, {'sku': '318100', 'image': 'https://eurolub.com/userdata/dcshop/images/thumb_2/513062_211100.png', 'name': '1000 L'}]"
https://eurolub.com/en/multimax-lfd3-10w-40-p3800/,MULTIMAX LFD3 10W-40,239XXX,['https://eurolub.com/userdata/dcshop/images/thumb_3/923203_239xxx.png'],['<p>This engine oil was specially developed for diesel engines that are used in the harshest operating conditions the whole year round.</p>'],"['<li>ACEA E7</li>', '<li>API CF</li>', '<li>DTFR 15B120 (228.5)</li>', '<li>MAN M 3277</li>', '<li>Volvo VDS-3</li>', '<li>Scania LDF</li>', '<li>Scania LDF-2</li>', '<li>Scania LDF-3</li>', '<li>Mack EO-N</li>', '<li>Renault VI RLD</li>', '<li>Renault VI RLD-2</li>', '<li>Renault VI RXD</li>', '<li>Deutz III-10</li>', '<li>MTU Typ 3</li>', '<li>DAF Extended Drain</li>']","[{'sku': '239020', 'image': 'https://eurolub.com/userdata/dcshop/images/thumb_2/390366_239020.png', 'name': '20 L'}, {'sku': '239060', 'image': 'https://eurolub.com/userdata/dcshop/images/thumb_2/118318_239060.png', 'name': '60 L'}, {'sku': '239208', 'image': 'https://eurolub.com/userdata/dcshop/images/thumb_2/254279_239208.png', 'name': '208 L'}, {'sku': '239100', 'image': 'https://eurolub.com/userdata/dcshop/images/thumb_2/216376_211100.png', 'name': '1000 L'}]"
https://eurolub.com/en/4tz-premium-10w-40-p3867/,4TZ PREMIUM 10W-40,313XXX,['https://eurolub.com/userdata/dcshop/images/thumb_3/470421_313xxx.png'],['<p>Specially developed for use in high-revolution four-stroke engines with wet-running clutches.</p>'],"['<li>API SN</li>', '<li>JASO MA2</li>']","[{'sku': '313001', 'image': 'https://eurolub.com/userdata/dcshop/images/thumb_2/413966_313001.png', 'name': '1 L'}, {'sku': '313020', 'image': 'https://eurolub.com/userdata/dcshop/images/thumb_2/257172_313020.png', 'name': '20 L'}, {'sku': '313060', 'image': 'https://eurolub.com/userdata/dcshop/images/thumb_2/912973_313060.png', 'name': '60 L'}, {'sku': '313208', 'image': 'https://eurolub.com/userdata/dcshop/images/thumb_2/993222_313208.png', 'name': '208 L'}, {'sku': '313100', 'image': 'https://eurolub.com/userdata/dcshop/images/thumb_2/806291_211100.png', 'name': '1000 L'}]"
https://eurolub.com/en/2-tz-scooter-p3998/,2 TZ SCOOTER,341XXX,['https://eurolub.com/userdata/dcshop/images/thumb_3/820004_341xxx.png'],"['<p>This oil is suitable for use in water-cooled or air-cooled two-stroke engines that employ mixed or separate lubrication and are built into any kind of scooter, lawn mower and chain saw drives.</p>']","['<li>API TC</li>', '<li>ISO-L-EGB</li>', '<li>JASO FB</li>']","[{'sku': '341001', 'image': 'https://eurolub.com/userdata/dcshop/images/thumb_2/261103_341001.png', 'name': '1 L'}, {'sku': '341020', 'image': 'https://eurolub.com/userdata/dcshop/images/thumb_2/950181_341020.png', 'name': '20 L'}, {'sku': '341060', 'image': 'https://eurolub.com/userdata/dcshop/images/thumb_2/591880_341060.png', 'name': '60 L'}, {'sku': '341208', 'image': 'https://eurolub.com/userdata/dcshop/images/thumb_2/926104_341208.png', 'name': '208 L'}]"
https://eurolub.com/en/2-tz-self-mix-p3847/,2 TZ SELF MIX,306XXX,['https://eurolub.com/userdata/dcshop/images/thumb_3/497390_306xxx.png'],['<p>This oil is suitable for use in water-cooled or air-cooled two-stroke engines of small and medium cubic capacities that employ mixed or separate lubrication.</p>'],['<li>API TC</li>'],"[{'sku': '306001', 'image': 'https://eurolub.com/userdata/dcshop/images/thumb_2/467540_306001.png', 'name': '1 L'}, {'sku': '306020', 'image': 'https://eurolub.com/userdata/dcshop/images/thumb_2/195582_306020.png', 'name': '20 L'}, {'sku': '306060', 'image': 'https://eurolub.com/userdata/dcshop/images/thumb_2/284718_306060.png', 'name': '60 L'}, {'sku': '306208', 'image': 'https://eurolub.com/userdata/dcshop/images/thumb_2/717071_306208.png', 'name': '208 L'}, {'sku': '306100', 'image': 'https://eurolub.com/userdata/dcshop/images/thumb_2/778148_211100.png', 'name': '1000 L'}]"
https://eurolub.com/en/2-tz-racing-p3836/,2 TZ RACING,303XXX,['https://eurolub.com/userdata/dcshop/images/thumb_3/748803_303xxx.png'],['<p>This oil is suitable for use in water-cooled or air-cooled two-stroke engines of all cubic capacities that employ mixed or separate lubrication.</p>'],"['<li>API TC</li>', '<li>ISO-L-EGD</li>', '<li>JASO FD</li>', '<li>Global GD</li>', '<li>Husqvarna 272</li>', '<li>2-Stroke DFI</li>']","[{'sku': '303001', 'image': 'https://eurolub.com/userdata/dcshop/images/thumb_2/375072_303001.png', 'name': '1 L'}, {'sku': '303020', 'image': 'https://eurolub.com/userdata/dcshop/images/thumb_2/786024_303020.png', 'name': '20 L'}, {'sku': '303060', 'image': 'https://eurolub.com/userdata/dcshop/images/thumb_2/749712_303060.png', 'name': '60 L'}, {'sku': '303208', 'image': 'https://eurolub.com/userdata/dcshop/images/thumb_2/424333_303208.png', 'name': '208 L'}, {'sku': '303100', 'image': 'https://eurolub.com/userdata/dcshop/images/thumb_2/196537_211100.png', 'name': '1000 L'}]"
https://eurolub.com/en/4tz-premium-10w-50-p3911/,4TZ PREMIUM 10W-50,321XXX,['https://eurolub.com/userdata/dcshop/images/thumb_3/441756_321xxx.png'],['<p>High-end engine oil for all 4-stroke motorcycles with oil circulation of engine- clutch and gear box.</p>'],"['<li>ACEA A3</li>', '<li>API SL</li>', '<li>JASO MA2</li>']","[{'sku': '321001', 'image': 'https://eurolub.com/userdata/dcshop/images/thumb_2/736509_321001.png', 'name': '1 L'}, {'sku': '321020', 'image': 'https://eurolub.com/userdata/dcshop/images/thumb_2/594507_321020.png', 'name': '20 L'}, {'sku': '321060', 'image': 'https://eurolub.com/userdata/dcshop/images/thumb_2/891755_321060.png', 'name': '60 L'}, {'sku': '321208', 'image': 'https://eurolub.com/userdata/dcshop/images/thumb_2/846531_321208.png', 'name': '208 L'}, {'sku': '321100', 'image': 'https://eurolub.com/userdata/dcshop/images/thumb_2/558760_211100.png', 'name': '1000 L'}]"
https://eurolub.com/en/uni-truck-stou-10w-40-p3948/,UNI TRUCK STOU 10W-40,330XXX,['https://eurolub.com/userdata/dcshop/images/thumb_3/525558_330xxx.png'],"['<p>High-performance STOU based on unconventional, state-of-the-art base oils for use in engines, transmissions, and hydraulic systems. Also suitable for wet brakes and clutches.</p>']","['<li>ACEA E3</li>', '<li>API SF</li>', '<li>API CG-4</li>', '<li>API GL-4</li>', '<li>Allison C-4</li>', '<li>NH 410B</li>', '<li>MF M1144</li>', '<li>MF M1145</li>', '<li>CAT TO-2</li>', '<li>MIL-L-2104D</li>', '<li>Ford WSS-M2C159-B</li>', '<li>Ford WSS-M2C159-C</li>', '<li>Ford WSS-M2C134-D</li>', '<li>MAN 271</li>', '<li>MF M1139</li>', '<li>MB 227.1</li>', '<li>MB 228.1</li>', '<li>DTFR 15B110 (228.3)</li>']","[{'sku': '330020', 'image': 'https://eurolub.com/userdata/dcshop/images/thumb_2/801461_330020.png', 'name': '20 L'}, {'sku': '330060', 'image': 'https://eurolub.com/userdata/dcshop/images/thumb_2/229603_330060.png', 'name': '60 L'}, {'sku': '330208', 'image': 'https://eurolub.com/userdata/dcshop/images/thumb_2/176501_330208.png', 'name': '208 L'}, {'sku': '330100', 'image': 'https://eurolub.com/userdata/dcshop/images/thumb_2/315743_211100.png', 'name': '1000 L'}]"
https://eurolub.com/en/hydrofluid-utto-p3943/,Hydrofluid UTTO,329XXX,['https://eurolub.com/userdata/dcshop/images/thumb_3/569409_329xxx.png'],"['<p>Special oil for use in agricultural machinery, excavators and construction machinery with shared oil circuits for transmission / axle drives and hydraulic systems.</p>']","['<li>API GL-4</li>', '<li>Ford WSS-M2C134-A</li>', '<li>Volvo WB 101</li>', '<li>John Deere JDM</li>', '<li>John Deere J20C</li>', '<li>Allison C-4</li>', '<li>MF M1135</li>', '<li>MF M1139</li>', '<li>MF M1144</li>', '<li>MF M1145</li>', '<li>CAT TO-2</li>', '<li>Case MS1207</li>', '<li>NH 410B</li>', '<li>Case MS1209</li>', '<li>Case MS1317</li>']","[{'sku': '329020', 'image': 'https://eurolub.com/userdata/dcshop/images/thumb_2/958538_329020.png', 'name': '20 L'}, {'sku': '329060', 'image': 'https://eurolub.com/userdata/dcshop/images/thumb_2/840238_329060.png', 'name': '60 L'}, {'sku': '329208', 'image': 'https://eurolub.com/userdata/dcshop/images/thumb_2/776802_329208.png', 'name': '208 L'}, {'sku': '329100', 'image': 'https://eurolub.com/userdata/dcshop/images/thumb_2/445510_211100.png', 'name': '1000 L'}]"
https://eurolub.com/en/uni-truck-stou-10w-30-p3916/,UNI TRUCK STOU 10W-30,322XXX,['https://eurolub.com/userdata/dcshop/images/thumb_3/435165_322xxx.png'],"['<p>Modern multi-grade oil for agricultural machinery, excavators, and construction machinery.</p>']","['<li>API SF</li>', '<li>API CG-4</li>', '<li>API GL-4</li>', '<li>Allison C-4</li>', '<li>NH 410B</li>', '<li>NH 030C</li>', '<li>NH 82009201</li>', '<li>CAT TO-2</li>', '<li>John Deere J27</li>', '<li>John Deere J27C</li>', '<li>Ford WSS-M2C159-B</li>', '<li>Ford WSS-M2C159-C</li>', '<li>Ford WSS-M2C86-B</li>', '<li>Ford WSS-M2C134-D</li>', '<li>MF M1135</li>', '<li>MF M1139</li>', '<li>MF M1144</li>', '<li>MF M1145</li>']","[{'sku': '322020', 'image': 'https://eurolub.com/userdata/dcshop/images/thumb_2/241154_322020.png', 'name': '20 L'}, {'sku': '322060', 'image': 'https://eurolub.com/userdata/dcshop/images/thumb_2/827855_322060.png', 'name': '60 L'}, {'sku': '322208', 'image': 'https://eurolub.com/userdata/dcshop/images/thumb_2/627151_322208.png', 'name': '208 L'}, {'sku': '322100', 'image': 'https://eurolub.com/userdata/dcshop/images/thumb_2/447213_211100.png', 'name': '1000 L'}]"
https://eurolub.com/en/uni-truck-stou-15w-30-p3926/,UNI TRUCK STOU 15W-30,324XXX,['https://eurolub.com/userdata/dcshop/images/thumb_3/849018_324xxx.png'],[],"['<li>API SF</li>', '<li>API CG-4</li>', '<li>API GL-4</li>', '<li>NH 410A</li>', '<li>Allison C-4</li>', '<li>NH 82009202</li>', '<li>Ford WSS-M2C159-B</li>', '<li>Ford WSS-M2C159-C</li>', '<li>Ford WSS-M2C134-A</li>', '<li>John Deere J27</li>', '<li>CAT TO-2</li>', '<li>MF M1135</li>', '<li>MF M1139</li>', '<li>MF M1144</li>', '<li>MF M1145</li>', '<li>Eaton M29505</li>', '<li>Eaton I-280-S</li>']","[{'sku': '324020', 'image': 'https://eurolub.com/userdata/dcshop/images/thumb_2/112127_324020.png', 'name': '20 L'}, {'sku': '324060', 'image': 'https://eurolub.com/userdata/dcshop/images/thumb_2/180031_324060.png', 'name': '60 L'}, {'sku': '324208', 'image': 'https://eurolub.com/userdata/dcshop/images/thumb_2/767929_324208.png', 'name': '208 L'}, {'sku': '324100', 'image': 'https://eurolub.com/userdata/dcshop/images/thumb_2/476298_211100.png', 'name': '1000 L'}]"
https://eurolub.com/en/hd-4c-to-4-30-p3974/,HD 4C TO-4 30,336XXX,['https://eurolub.com/userdata/dcshop/images/thumb_3/790203_336xxx.png'],['<p>Special transmission oil (power transmission oil) for modern transmissions used in construction machinery and tractors.</p>'],"['<li>CAT TO-4</li>', '<li>CAT TO-2</li>', '<li>Komatsu KES 07.868.1</li>', '<li>Allison C-4</li>']","[{'sku': '336020', 'image': 'https://eurolub.com/userdata/dcshop/images/thumb_2/565950_336020.png', 'name': '20 L'}, {'sku': '336060', 'image': 'https://eurolub.com/userdata/dcshop/images/thumb_2/64672_336060.png', 'name': '60 L'}, {'sku': '336208', 'image': 'https://eurolub.com/userdata/dcshop/images/thumb_2/355737_336208.png', 'name': '208 L'}, {'sku': '336100', 'image': 'https://eurolub.com/userdata/dcshop/images/thumb_2/200078_211100.png', 'name': '1000 L'}]"
https://eurolub.com/en/hd-4c-to-4-10w-p3986/,HD 4C TO-4 10W,338XXX,['https://eurolub.com/userdata/dcshop/images/thumb_3/862966_338xxx.png'],['<p>Special transmission oil (power transmission oil) for modern transmissions used in construction machinery and tractors.</p>'],"['<li>CAT TO-4</li>', '<li>CAT TO-2</li>', '<li>Allison C-4</li>', '<li>Komatsu KES 07.868.1</li>']","[{'sku': '338020', 'image': 'https://eurolub.com/userdata/dcshop/images/thumb_2/922231_338020.png', 'name': '20 L'}, {'sku': '338060', 'image': 'https://eurolub.com/userdata/dcshop/images/thumb_2/960735_338060.png', 'name': '60 L'}, {'sku': '338208', 'image': 'https://eurolub.com/userdata/dcshop/images/thumb_2/994972_338208.png', 'name': '208 L'}, {'sku': '338100', 'image': 'https://eurolub.com/userdata/dcshop/images/thumb_2/676066_211100.png', 'name': '1000 L'}]"
https://eurolub.com/en/hd-4c-30-rasenmaeheroel-p3964/,HD 4C 30 Lawn Mower Oil,333XXX,['https://eurolub.com/userdata/dcshop/images/thumb_3/948002_333xxx.png'],['<p>Single-grade engine oil for gas and diesel engines (except pump-jet engines).</p>'],"['<li>API CD</li>', '<li>API SF</li>', '<li>Caterpillar Series 3</li>', '<li>David Brown DB OM 616</li>', '<li>Mack EO-J</li>', '<li>MIL-L-2104C</li>', '<li>Volvo B20</li>']","[{'sku': '333001', 'image': 'https://eurolub.com/userdata/dcshop/images/thumb_2/243879_333001.png', 'name': '1 L'}, {'sku': '333020', 'image': 'https://eurolub.com/userdata/dcshop/images/thumb_2/304516_333020.png', 'name': '20 L'}, {'sku': '333060', 'image': 'https://eurolub.com/userdata/dcshop/images/thumb_2/325470_333060.png', 'name': '60 L'}, {'sku': '333208', 'image': 'https://eurolub.com/userdata/dcshop/images/thumb_2/285273_333208.png', 'name': '208 L'}, {'sku': '333100', 'image': 'https://eurolub.com/userdata/dcshop/images/thumb_2/751114_211100.png', 'name': '1000 L'}]"
https://eurolub.com/en/hd-4c-40-p3969/,HD 4C 40,334XXX,['https://eurolub.com/userdata/dcshop/images/thumb_3/295402_334xxx.png'],['<p>Single-grade engine oil for gas and diesel engines (except pump-jet engines).</p>'],"['<li>API CD</li>', '<li>API SF</li>', '<li>Caterpillar Series 3</li>', '<li>David Brown DB OM 616</li>', '<li>Mack EO-J</li>', '<li>MIL-L-2104C</li>', '<li>Volvo B20</li>']","[{'sku': '334020', 'image': 'https://eurolub.com/userdata/dcshop/images/thumb_2/934829_334020.png', 'name': '20 L'}, {'sku': '334060', 'image': 'https://eurolub.com/userdata/dcshop/images/thumb_2/559286_334060.png', 'name': '60 L'}, {'sku': '334208', 'image': 'https://eurolub.com/userdata/dcshop/images/thumb_2/646630_334208.png', 'name': '208 L'}, {'sku': '334100', 'image': 'https://eurolub.com/userdata/dcshop/images/thumb_2/282105_211100.png', 'name': '1000 L'}]"
https://eurolub.com/en/hd-4c-20w-20-p3958/,HD 4C 20W-20,332XXX,['https://eurolub.com/userdata/dcshop/images/thumb_3/542838_332xxx.png'],['<p>Single-grade engine oil for gas and diesel engines (except pump-jet engines).</p>'],"['<li>API CD</li>', '<li>API SF</li>', '<li>Caterpillar Series 3</li>', '<li>David Brown DB OM 616</li>', '<li>Mack EO-J</li>', '<li>MIL-L-2104C</li>', '<li>Volvo B20</li>']","[{'sku': '332020', 'image': 'https://eurolub.com/userdata/dcshop/images/thumb_2/101650_332020.png', 'name': '20 L'}, {'sku': '332060', 'image': 'https://eurolub.com/userdata/dcshop/images/thumb_2/923177_322060.png', 'name': '60 L'}, {'sku': '332208', 'image': 'https://eurolub.com/userdata/dcshop/images/thumb_2/765526_322208.png', 'name': '208 L'}, {'sku': '332100', 'image': 'https://eurolub.com/userdata/dcshop/images/thumb_2/397084_211100.png', 'name': '1000 L'}]"
https://eurolub.com/en/gasmotorenoel-hgm-plus-40-p3841/,Gas Engine Oil HGM Plus 40,304XXX,['https://eurolub.com/userdata/dcshop/images/thumb_3/589366_304xxx.png'],"['<p>This oil was developed for lubricating stationary, high-capacity gas engines that operate on all types of different gases.</p>']","['<li>API CF</li>', '<li>MAN M 3271-4</li>', '<li>GE Jenbacher TA 1000-1109</li>', '<li>MWM/CAT</li>', '<li>Waukesha</li>', '<li>Wärtsila</li>', '<li>Perkins</li>', '<li>Ruston</li>']","[{'sku': '304020', 'image': 'https://eurolub.com/userdata/dcshop/images/thumb_2/693069_304020.png', 'name': '20 L'}, {'sku': '304060', 'image': 'https://eurolub.com/userdata/dcshop/images/thumb_2/812626_304060.png', 'name': '60 L'}, {'sku': '304208', 'image': 'https://eurolub.com/userdata/dcshop/images/thumb_2/420003_304208.png', 'name': '208 L'}, {'sku': '304100', 'image': 'https://eurolub.com/userdata/dcshop/images/thumb_2/34156_211100.png', 'name': '1000 L'}]"
https://eurolub.com/en/hd-4c-10w-p3953/,HD 4C 10W,331XXX,['https://eurolub.com/userdata/dcshop/images/thumb_3/570345_331xxx.png'],['<p>Single-grade engine oil for gas and diesel engines (except pump-jet engines).</p>'],"['<li>API CD</li>', '<li>API SF</li>', '<li>Caterpillar Series 3</li>', '<li>David Brown DB OM 616</li>', '<li>Mack EO-J</li>', '<li>MIL-L-2104C</li>', '<li>Volvo B20</li>']","[{'sku': '331020', 'image': 'https://eurolub.com/userdata/dcshop/images/thumb_2/218058_331020.png', 'name': '20 L'}, {'sku': '331060', 'image': 'https://eurolub.com/userdata/dcshop/images/thumb_2/9424_331060.png', 'name': '60 L'}, {'sku': '331208', 'image': 'https://eurolub.com/userdata/dcshop/images/thumb_2/736340_331208.png', 'name': '208 L'}, {'sku': '331100', 'image': 'https://eurolub.com/userdata/dcshop/images/thumb_2/437021_211100.png', 'name': '1000 L'}]"
https://eurolub.com/en/gear-eco-75w-80-p4164/,Gear ECO 75W-80,386XXX,['https://eurolub.com/userdata/dcshop/images/thumb_3/188205_386xxx.png'],['<p>High-performance manual transmission oil with reduced cold viscosity for good cold shift behavior and optimized efficiency.</p>'],"['<li>API GL-4</li>', '<li>API GL-5</li>', '<li>BMW MTF LT-1/-2/-3/-4</li>', '<li>Fiat 9.55550-MZ2</li>', '<li>MB 235.10</li>', '<li>PSA 9730 A2</li>', '<li>PSA 9730 A8</li>', '<li>PSA B71 2330</li>', '<li>Toyota JWS 227</li>', '<li>VW G 009 317</li>', '<li>Ford WSS-M2C-200-D2</li>', '<li>VW G 052 171</li>', '<li>VW G 052 178</li>', '<li>VW G 052 512</li>', '<li>VW G 052 527</li>', '<li>VW G 052 532</li>', '<li>VW G 052 726</li>', '<li>VW G 052 798</li>', '<li>VW G 055 726</li>']","[{'sku': '386001', 'image': 'https://eurolub.com/userdata/dcshop/images/thumb_2/404033_386001.png', 'name': '1 L'}, {'sku': '386020', 'image': 'https://eurolub.com/userdata/dcshop/images/thumb_2/993048_386020.png', 'name': '20 L'}, {'sku': '386060', 'image': 'https://eurolub.com/userdata/dcshop/images/thumb_2/520025_386060.png', 'name': '60 L'}, {'sku': '386208', 'image': 'https://eurolub.com/userdata/dcshop/images/thumb_2/562114_386208.png', 'name': '208 L'}, {'sku': '386100', 'image': 'https://eurolub.com/userdata/dcshop/images/thumb_2/514046_211100.png', 'name': '1000 L'}]"
https://eurolub.com/en/gear-uni-80w-90-p4068/,Gear UNI 80W-90,365XXX,['https://eurolub.com/userdata/dcshop/images/thumb_3/958273_365xxx.png'],['<p>Multi-grade transmission oil for manual transmissions and axle drives.</p>'],"['<li>API GL-5</li>', '<li>MIL-L-2105D</li>', '<li>MAN 342 Typ M2</li>']","[{'sku': '365001', 'image': 'https://eurolub.com/userdata/dcshop/images/thumb_2/741899_365001.png', 'name': '1 L'}, {'sku': '365020', 'image': 'https://eurolub.com/userdata/dcshop/images/thumb_2/98669_365020.png', 'name': '20 L'}, {'sku': '365060', 'image': 'https://eurolub.com/userdata/dcshop/images/thumb_2/287202_365060.png', 'name': '60 L'}, {'sku': '365208', 'image': 'https://eurolub.com/userdata/dcshop/images/thumb_2/538259_365208.png', 'name': '208 L'}, {'sku': '365100', 'image': 'https://eurolub.com/userdata/dcshop/images/thumb_2/763219_211100.png', 'name': '1000 L'}]"
https://eurolub.com/en/gear-lsl-75w-90-p4151/,Gear LSL 75W-90,383XXX,['https://eurolub.com/userdata/dcshop/images/thumb_3/37636_383xxx.png'],['<p>High Performance transmission oil with a wide range of applications.</p>'],"['<li>API GL-4</li>', '<li>API GL-5</li>', '<li>API GL-5 LS</li>', '<li>MAN 342 Typ M1</li>', '<li>MAN 342 Typ M2</li>', '<li>MAN 342 Typ M3</li>', '<li>Mack GO-J</li>', '<li>Mack GO-J Plus</li>', '<li>Scania STO 1:0</li>']","[{'sku': '383001', 'image': 'https://eurolub.com/userdata/dcshop/images/thumb_2/997587_383001.png', 'name': '1 L'}, {'sku': '383020', 'image': 'https://eurolub.com/userdata/dcshop/images/thumb_2/632605_383020.png', 'name': '20 L'}, {'sku': '383060', 'image': 'https://eurolub.com/userdata/dcshop/images/thumb_2/951271_383060.png', 'name': '60 L'}, {'sku': '383208', 'image': 'https://eurolub.com/userdata/dcshop/images/thumb_2/481814_383208.png', 'name': '208 L'}, {'sku': '383100', 'image': 'https://eurolub.com/userdata/dcshop/images/thumb_2/676051_211100.png', 'name': '1000 L'}]"
https://eurolub.com/en/gear-synt-75w-90-p4109/,Gear SYNT 75W-90,374XXX,['https://eurolub.com/userdata/dcshop/images/thumb_3/953000_374xxx.png'],"['<p>Partially synthetic transmission oil for manual transmissions and axle drives used in passenger cars. Fuel-economy, low-viscosity oil.</p>']","['<li>API GL-4</li>', '<li>API GL-5</li>', '<li>MIL-L-2105D</li>', '<li>MAN 341 Typ Z2</li>', '<li>MAN 342 Typ M2</li>', '<li>DTFR 12B100 (235.0)</li>', '<li>DTFR 13B100 (235.1)</li>']","[{'sku': '374020', 'image': 'https://eurolub.com/userdata/dcshop/images/thumb_2/916873_374020.png', 'name': '20 L'}, {'sku': '374060', 'image': 'https://eurolub.com/userdata/dcshop/images/thumb_2/412667_374060.png', 'name': '60 L'}, {'sku': '374208', 'image': 'https://eurolub.com/userdata/dcshop/images/thumb_2/62772_374208.png', 'name': '208 L'}, {'sku': '374100', 'image': 'https://eurolub.com/userdata/dcshop/images/thumb_2/328615_211100.png', 'name': '1000 L'}]"
https://eurolub.com/en/gear-ls-80w-90-p4114/,Gear LS 80W-90,375XXX,['https://eurolub.com/userdata/dcshop/images/thumb_3/864923_375xxx.png'],"['<p>LS hypoid transmsission oil for axles with and without self-locking differential used in passenger cars, commercial vehicles, work machinery, and agricultural equipment.</p>']","['<li>API GL-5</li>', '<li>API GL-5 LS</li>', '<li>MIL-L-2105D</li>']","[{'sku': '375020', 'image': 'https://eurolub.com/userdata/dcshop/images/thumb_2/389606_375020.png', 'name': '20 L'}, {'sku': '375060', 'image': 'https://eurolub.com/userdata/dcshop/images/thumb_2/659097_375060.png', 'name': '60 L'}, {'sku': '375208', 'image': 'https://eurolub.com/userdata/dcshop/images/thumb_2/625152_375208.png', 'name': '208 L'}, {'sku': '375100', 'image': 'https://eurolub.com/userdata/dcshop/images/thumb_2/344008_211100.png', 'name': '1000 L'}]"
https://eurolub.com/en/gear-uni-hc-80w-90-p4079/,Gear UNI HC 80W-90,367XXX,['https://eurolub.com/userdata/dcshop/images/thumb_3/40820_367xxx.png'],['<p>Low-viscosity transmission oil for extended oil change intervals when used as an all-purpose oil for manual transmissions and axle drives.</p>'],"['<li>API GL-4</li>', '<li>API GL-5</li>', '<li>API MT-1</li>', '<li>MIL-L-2105D</li>', '<li>MIL-PRF-2105E</li>', '<li>SAE J 2360</li>', '<li>MAN 341 Typ Z2</li>', '<li>MAN 342 Typ M2</li>', '<li>Scania STO 1:0</li>', '<li>DTFR 12B100 (235.0)</li>', '<li>Mack GO-J</li>']","[{'sku': '367020', 'image': 'https://eurolub.com/userdata/dcshop/images/thumb_2/653570_367020.png', 'name': '20 L'}, {'sku': '367060', 'image': 'https://eurolub.com/userdata/dcshop/images/thumb_2/498101_367060.png', 'name': '60 L'}, {'sku': '367208', 'image': 'https://eurolub.com/userdata/dcshop/images/thumb_2/559868_367208.png', 'name': '208 L'}, {'sku': '367100', 'image': 'https://eurolub.com/userdata/dcshop/images/thumb_2/424364_211100.png', 'name': '1000 L'}]"
https://eurolub.com/en/gear-trans-m-75w-90-p4018/,Gear TRANS M 75W-90,348XXX,['https://eurolub.com/userdata/dcshop/images/thumb_3/838242_348xxx.png'],['<p>Low-viscosity transmission oil for extended oil change intervals in accordance with specifications.</p>'],"['<li>API GL-4</li>', '<li>DTFR 13B110 (235.11)</li>', '<li>MAN 341 Typ Z2</li>', '<li>MAN 341 Typ E1</li>', '<li>VW 501.50</li>']","[{'sku': '348020', 'image': 'https://eurolub.com/userdata/dcshop/images/thumb_2/417557_348020.png', 'name': '20 L'}, {'sku': '348060', 'image': 'https://eurolub.com/userdata/dcshop/images/thumb_2/998717_348060.png', 'name': '60 L'}, {'sku': '348208', 'image': 'https://eurolub.com/userdata/dcshop/images/thumb_2/940506_348208.png', 'name': '208 L'}, {'sku': '348100', 'image': 'https://eurolub.com/userdata/dcshop/images/thumb_2/504818_211100.png', 'name': '1000 Liter'}]"
https://eurolub.com/en/gear-ep-85w-90-p4057/,Gear EP 85W-90,362XXX,['https://eurolub.com/userdata/dcshop/images/thumb_3/464036_362xxx.png'],"['<p>EP transmission oil for synchronized and non-synchronized manual transmissions and auxiliary drives, pinions and axles subject to filling requirement API GL-4.</p>']",['<li>API GL-4</li>'],"[{'sku': '362020', 'image': 'https://eurolub.com/userdata/dcshop/images/thumb_2/794837_362020.png', 'name': '20 L'}, {'sku': '362060', 'image': 'https://eurolub.com/userdata/dcshop/images/thumb_2/579185_362060.png', 'name': '60 L'}, {'sku': '362208', 'image': 'https://eurolub.com/userdata/dcshop/images/thumb_2/643447_362208.png', 'name': '208 L'}, {'sku': '362100', 'image': 'https://eurolub.com/userdata/dcshop/images/thumb_2/246410_211100.png', 'name': '1000 L'}]"
https://eurolub.com/en/gear-axle-sb-75w-90-p4013/,Gear AXLE SB 75W-90,347XXX,['https://eurolub.com/userdata/dcshop/images/thumb_3/2450_347xxx.png'],['<p>Low-viscosity transmission oil for extended oil change intervals in accordance with specifications.</p>'],"['<li>API GL-4</li>', '<li>API GL-5</li>', '<li>API MT-1</li>', '<li>MIL-L-2105D</li>', '<li>MIL-PRF-2105E</li>', '<li>SAE J 2360</li>', '<li>DTFR 12B140 (235.8)</li>', '<li>MAN 341 Typ Z2</li>', '<li>MAN 342 Typ S1</li>', '<li>Scania STO 1:0</li>', '<li>Volvo 97312</li>', '<li>Meritor 076-N</li>', '<li>Eaton Europe</li>']","[{'sku': '347020', 'image': 'https://eurolub.com/userdata/dcshop/images/thumb_2/888552_347020.png', 'name': '20 L'}, {'sku': '347060', 'image': 'https://eurolub.com/userdata/dcshop/images/thumb_2/222383_347060.png', 'name': '60 L'}, {'sku': '347208', 'image': 'https://eurolub.com/userdata/dcshop/images/thumb_2/678092_347208.png', 'name': '208 L'}, {'sku': '347100', 'image': 'https://eurolub.com/userdata/dcshop/images/thumb_2/825399_211100.png', 'name': '1000 L'}]"
https://eurolub.com/en/gear-ep-db-85w-140-p4062/,Gear EP-DB 85W-140,364XXX,['https://eurolub.com/userdata/dcshop/images/thumb_3/16071_364xxx.png'],['<p>Hypoid transmission oil for heavy-duty axle drives with hypoid gear axles.</p>'],"['<li>API GL-5</li>', '<li>MIL-L-2105D</li>']","[{'sku': '364020', 'image': 'https://eurolub.com/userdata/dcshop/images/thumb_2/353777_364020.png', 'name': '20 L'}, {'sku': '364060', 'image': 'https://eurolub.com/userdata/dcshop/images/thumb_2/633755_364060.png', 'name': '60 L'}, {'sku': '364208', 'image': 'https://eurolub.com/userdata/dcshop/images/thumb_2/781930_364208.png', 'name': '208 L'}]"
https://eurolub.com/en/gear-trans-sl-75w-80-p4008/,Gear TRANS SL 75W-80,346XXX,['https://eurolub.com/userdata/dcshop/images/thumb_3/359005_346xxx.png'],"['<p>Low-viscosity transmission oil developed especially for transmissions subjected to high loads. Capable of handling extreme mechanical and thermal stress, even for extended oil change intervals in accordance with specifications.</p>']","['<li>API GL-4</li>', '<li>MAN 341 Typ Z4</li>', '<li>MAN 341 Typ E3</li>', '<li>Volvo 97307</li>', '<li>Eaton Manual Transmission</li>']","[{'sku': '346020', 'image': 'https://eurolub.com/userdata/dcshop/images/thumb_2/977250_346020.png', 'name': '20 L'}, {'sku': '346060', 'image': 'https://eurolub.com/userdata/dcshop/images/thumb_2/817345_346060.png', 'name': '60 L'}, {'sku': '346208', 'image': 'https://eurolub.com/userdata/dcshop/images/thumb_2/358995_346208.png', 'name': '208 L'}, {'sku': '346100', 'image': 'https://eurolub.com/userdata/dcshop/images/thumb_2/667803_211100.png', 'name': '1000 Liter'}]"
https://eurolub.com/en/gear-ep-80w-p4003/,Gear EP 80W,342XXX,['https://eurolub.com/userdata/dcshop/images/thumb_3/120275_342xxx.png'],"['<p>EP transmission oil for synchronized and non-synchronized manual transmissions and auxiliary drives, pinions and axles subject to filling requirement API GL-4.</p>']",['<li>API GL-4</li>'],"[{'sku': '342020', 'image': 'https://eurolub.com/userdata/dcshop/images/thumb_2/990110_342020.png', 'name': '20 L'}, {'sku': '342060', 'image': 'https://eurolub.com/userdata/dcshop/images/thumb_2/170088_342060.png', 'name': '60 L'}, {'sku': '342208', 'image': 'https://eurolub.com/userdata/dcshop/images/thumb_2/452246_342208.png', 'name': '208 L'}, {'sku': '342100', 'image': 'https://eurolub.com/userdata/dcshop/images/thumb_2/407608_211100.png', 'name': '1000 L'}]"
https://eurolub.com/en/doppelkupplungsfluid-dkg-p4324/,Dual-Clutch Fluid (DKG),545XXX,['https://eurolub.com/userdata/dcshop/images/thumb_3/451636_545xxx.png'],['<p>This oil is developed according to the requirements of increasingly advanced double clutch transmissions according to manufacturer specifications. Colour: yellow.</p>'],"['<li>VW G 052 529</li>', '<li>VW G 052 182</li>', '<li>BMW 83222148578</li>', '<li>BMW 83222148579</li>', '<li>BMW 83220440214</li>', '<li>BMW 83222147477</li>', '<li>Ford WSS-M2C936-A</li>', '<li>DTFR 13C130 (236.21)</li>', '<li>MB 236.25</li>', '<li>Mitsubishi MZ320065</li>', '<li>PSA 9734.S2</li>', '<li>Porsche 999.917.080.00</li>', '<li>Volvo 1161838</li>', '<li>Volvo 1161839</li>']","[{'sku': '545001', 'image': 'https://eurolub.com/userdata/dcshop/images/thumb_2/662521_545001.png', 'name': '1 L'}, {'sku': '545020', 'image': 'https://eurolub.com/userdata/dcshop/images/thumb_2/787032_545020.png', 'name': '20 L'}, {'sku': '545060', 'image': 'https://eurolub.com/userdata/dcshop/images/thumb_2/308445_545060.png', 'name': '60 L'}, {'sku': '545208', 'image': 'https://eurolub.com/userdata/dcshop/images/thumb_2/274211_545208.png', 'name': '208 L'}, {'sku': '545100', 'image': 'https://eurolub.com/userdata/dcshop/images/thumb_2/17268_211100.png', 'name': '1000 L'}]"
https://eurolub.com/en/gear-fluide-6-p4092/,Gear Fluid 6,370XXX,['https://eurolub.com/userdata/dcshop/images/thumb_3/692527_370xxx.png'],['<p>Premium ATF satisfying the highest requirements when used as automatic transmission oil in passenger cars and steering systems. Colour: red.</p>'],"['<li>AW JWS 3309 (T-IV)</li>', '<li>AW JWS 3324 (WS)</li>', '<li>AW AW-1</li>', '<li>Allison C-3</li>', '<li>Allison C-4</li>', '<li>BMW 7045E</li>', '<li>BMW 8072B</li>', '<li>BMW LA2634</li>', '<li>BMW Mini C T-IV</li>', '<li>CAT TO-2</li>', '<li>Chrysler Dodge Mopar AS68RC</li>', '<li>Chrysler Dodge Mopar AS69RC (T-IV)</li>', '<li>Chrysler ATF+</li>', '<li>Chrysler ATF+2</li>', '<li>Chrysler ATF+3</li>', '<li>Chrysler ATF+4</li>', '<li>Fiat Type IV</li>', '<li>Daihatsu ATF D-II</li>', '<li>Daihatsu ATF D-III PS</li>', '<li>Ford Mercon</li>', '<li>Ford Mercon LV</li>', '<li>Ford Mercon M2C138-CJ</li>', '<li>Ford Mercon M2C166-H</li>', '<li>Ford WSS-M2C922-A1</li>', '<li>Ford WSS-M2C924-A</li>', '<li>GM Dexron IID</li>', '<li>GM Dexron IIIH</li>', '<li>GM Dexron VI</li>', '<li>Honda Acura DW-1</li>', '<li>Honda Acura ATF-Z1</li>', '<li>Hyundai/Kia SP-II</li>', '<li>Hyundai/Kia SP-III</li>', '<li>Hyundai/Kia SP-IV</li>', '<li>Hyundai/Kia SP-IV M</li>', '<li>Hyundai/Kia SP-IV RR</li>', '<li>Hyundai/Kia JWS 3314</li>', '<li>Hyundai/Kia JWS 9683</li>', '<li>Isuzu ATF II/III/SP</li>', '<li>Jaguar ATF 3403 M115</li>', '<li>Jaguar JLM 20238</li>', '<li>Jaguar JLM 20292</li>', '<li>JASO M315-2013 1A</li>', '<li>JASO M315-2013 1A-LV</li>', '<li>JASO M315-2013 2A</li>', '<li>Mazda ATF DII</li>', '<li>Mazda ATF M-III</li>', '<li>Mazda ATF M-V</li>', '<li>Mazda ATF F-1</li>', '<li>Mazda ATF N-1</li>', '<li>Mazda ATF S-1</li>', '<li>Mazda ATF 3317</li>', '<li>DTFR 13C100 (236.1)</li>', '<li>DTFR 13C120 (236.2)</li>', '<li>DTFR 38B100 (236.3)</li>', '<li>MB 236.5</li>', '<li>DTFR 13C140 (236.7)</li>', '<li>DTFR 13C150 (236.8)</li>', '<li>DTFR 13C170 (236.9)</li>', '<li>MB 236.41</li>', '<li>Mitsubishi SK</li>', '<li>Mitsubishi SP-II</li>', '<li>Mitsubishi SP-III</li>', '<li>Mitsubishi SP-IV</li>', '<li>Mitsubishi AW</li>', '<li>Mitsubishi J2</li>', '<li>Mitsubishi J3</li>', '<li>Mitsubishi ATF PA</li>', '<li>Nissan Matic C/D/J/K/S</li>', '<li>Porsche ATF 3403-M115</li>', '<li>Porsche ATF T-IV</li>', '<li>Subaru ATF AW-1</li>', '<li>Subaru ATF 5AT</li>', '<li>Subaru ATF HP</li>', '<li>Suzuki ATF 3309</li>', '<li>Suzuki ATF 3314</li>', '<li>Suzuki ATF 3317</li>', '<li>Suzuki ATF 2326</li>', '<li>Suzuki ATF 23848K</li>', '<li>Toyota D-II</li>', '<li>Toyota D-III</li>', '<li>Toyota T-III</li>', '<li>Toyota T-IV</li>', '<li>Toyota WS</li>', '<li>VW G 052 025</li>', '<li>VW G 052 055</li>', '<li>VW G 052 162</li>', '<li>VW G 052 990</li>', '<li>VW G 053 025</li>', '<li>VW G 055 025</li>', '<li>VW G 055 162</li>', '<li>VW G 055 540</li>', '<li>VW G 060 162</li>', '<li>Voith 55.6335</li>', '<li>Volvo 97335</li>', '<li>Volvo 97340</li>', '<li>Volvo 1161540</li>', '<li>ZF 5HP 18FL</li>', '<li>ZF 5HP 19FL</li>', '<li>ZF 5HP 24A</li>', '<li>ZF 5HP 30</li>', '<li>ZF 4HP 20</li>']","[{'sku': '370001', 'image': 'https://eurolub.com/userdata/dcshop/images/thumb_2/952862_370001.png', 'name': '1 L'}, {'sku': '370005', 'image': 'https://eurolub.com/userdata/dcshop/images/thumb_2/784846_370005.png', 'name': '5 L'}, {'sku': '370020', 'image': 'https://eurolub.com/userdata/dcshop/images/thumb_2/182607_370020.png', 'name': '20 L'}, {'sku': '370060', 'image': 'https://eurolub.com/userdata/dcshop/images/thumb_2/816082_370060.png', 'name': '60 L'}, {'sku': '370208', 'image': 'https://eurolub.com/userdata/dcshop/images/thumb_2/81331_370208.png', 'name': '208 L'}, {'sku': '370100', 'image': 'https://eurolub.com/userdata/dcshop/images/thumb_2/677567_211100.png', 'name': '1000 L'}]"
https://eurolub.com/en/gear-fluide-8g-p4120/,Gear Fluid 8G,376XXX,['https://eurolub.com/userdata/dcshop/images/thumb_3/736403_376xxx.png'],['<p>Modern ATF with low viscosity for automatic transmissions. Specially developed for 8HP transmissions. Colour: green.</p>'],"['<li>VW G 060 162</li>', '<li>BMW 8322 2152426</li>', '<li>Landrover LR023288</li>', '<li>Landrover LR023289</li>', '<li>ZF S671 090 310</li>', '<li>ZF S671 090 311</li>', '<li>ZF S671 090 312</li>', '<li>Honda ATF DW-1</li>', '<li>Honda ATF Z-1</li>']","[{'sku': '376001', 'image': 'https://eurolub.com/userdata/dcshop/images/thumb_2/149189_376001.png', 'name': '1 L'}, {'sku': '376020', 'image': 'https://eurolub.com/userdata/dcshop/images/thumb_2/79438_376020.png', 'name': '20 L'}, {'sku': '376060', 'image': 'https://eurolub.com/userdata/dcshop/images/thumb_2/158768_376060.png', 'name': '60 L'}, {'sku': '376208', 'image': 'https://eurolub.com/userdata/dcshop/images/thumb_2/803007_376208.png', 'name': '208 L'}, {'sku': '376100', 'image': 'https://eurolub.com/userdata/dcshop/images/thumb_2/744667_211100.png', 'name': '1000 L'}]"
https://eurolub.com/en/gear-fluide-cvt-p4085/,Gear Fluid CVT,368XXX,['https://eurolub.com/userdata/dcshop/images/thumb_3/694550_368xxx.png'],['<p>Special fluid developed for use in state-of-the-art CVT gear units. Colour: yellow.</p>'],"['<li>MB 236.20</li>', '<li>Hyundai/Kia SP-III</li>', '<li>Mazda CVT Fluid JWS 3320</li>', '<li>VW G 052 180</li>', '<li>VW TL 521 80</li>', '<li>BMW CVT EZL 799A</li>', '<li>Mini Cooper EZL 799A</li>', '<li>Ford CVT WSS-M2C928-A</li>', '<li>Ford CVT WSS-M2C933-A</li>', '<li>Ford CVT Fluid 23</li>', '<li>Ford CVT Fluid 30</li>', '<li>Ford Mercon C</li>', '<li>Chrysler Mopar CVTF+4</li>', '<li>Chrysler CVT Fluid NS-2</li>', '<li>GM DEX-CVT</li>', '<li>Daihatsu Amix CVTF DC</li>', '<li>Honda HMMF HCF2</li>', '<li>Mitsubishi CVT Fluid J1</li>', '<li>Mitsubishi CVT Fluid J4</li>', '<li>Mitsubishi SP-III</li>', '<li>Toyota CVTF TC/FE</li>', '<li>Nissan NS-1/2/3</li>', '<li>Subaru Lineartronic HAT CVTF</li>', '<li>Suzuki Green1/Green2/Green1V</li>', '<li>Suzuki SCVT Fluid</li>', '<li>Subaru i-CVT Fluid</li>', '<li>Subaru i-CVT Fluid FG</li>']","[{'sku': '368001', 'image': 'https://eurolub.com/userdata/dcshop/images/thumb_2/72801_368001.png', 'name': '1 L'}, {'sku': '368020', 'image': 'https://eurolub.com/userdata/dcshop/images/thumb_2/858994_368020.png', 'name': '20 L'}, {'sku': '368060', 'image': 'https://eurolub.com/userdata/dcshop/images/thumb_2/724923_368060.png', 'name': '60 L'}, {'sku': '368208', 'image': 'https://eurolub.com/userdata/dcshop/images/thumb_2/977022_368208.png', 'name': '208 L'}, {'sku': '368100', 'image': 'https://eurolub.com/userdata/dcshop/images/thumb_2/871583_211100.png', 'name': '1000 L'}]"
https://eurolub.com/en/gear-fluide-iii-p4127/,Gear Fluid III,378XXX,['https://eurolub.com/userdata/dcshop/images/thumb_3/219945_378xxx.png'],"['<p>Multi-purpose ATF for use in automatic transmissions, hydrostatic steering systems, converters, and power trains used in passenger cars, commercial vehicles and work machinery. Colour: red</p>']","['<li>GM Dexron IID</li>', '<li>GM Dexron IIE</li>', '<li>GM Dexron IIIF</li>', '<li>GM Dexron IIIG</li>', '<li>GM Dexron IIIH</li>', '<li>DTFR 13C100 (236.1)</li>', '<li>MB 236.5</li>', '<li>MB 236.6</li>', '<li>DTFR 13C140 (236.7)</li>', '<li>DTFR 13C170 (236.9)</li>', '<li>Ford Mercon M2C138-CJ</li>', '<li>Ford Mercon M2C166-H</li>', '<li>MAN 339 Typ Z1</li>', '<li>MAN 339 Typ V1</li>', '<li>Allison C-4</li>', '<li>Allison TES 389</li>', '<li>CAT TO-2</li>', '<li>Volvo 97341</li>', '<li>Voith 55.6335</li>']","[{'sku': '378001', 'image': 'https://eurolub.com/userdata/dcshop/images/thumb_2/525108_378001.png', 'name': '1 L'}, {'sku': '378020', 'image': 'https://eurolub.com/userdata/dcshop/images/thumb_2/957395_378020.png', 'name': '20 L'}, {'sku': '378060', 'image': 'https://eurolub.com/userdata/dcshop/images/thumb_2/761319_378060.png', 'name': '60 L'}, {'sku': '378208', 'image': 'https://eurolub.com/userdata/dcshop/images/thumb_2/528764_378208.png', 'name': '208 L'}, {'sku': '378100', 'image': 'https://eurolub.com/userdata/dcshop/images/thumb_2/518680_211100.png', 'name': '1000 L'}]"
https://eurolub.com/en/gear-fluide-ii-d-p4104/,Gear Fluid II D,373XXX,['https://eurolub.com/userdata/dcshop/images/thumb_3/515463_373xxx.png'],"['<p>ATF for use in automatic transmissions, hydrostatic steering systems, converters, and power trains used in passenger cars, commercial vehicles, and work machinery. Colour: red.</p>']","['<li>GM Dexron IID</li>', '<li>MB 236.6</li>', '<li>DTFR 13C140 (236.7)</li>', '<li>MAN 339 Typ Z1</li>', '<li>MAN 339 Typ V1</li>', '<li>CAT TO-2</li>', '<li>Allison C-4</li>', '<li>Voith 55.6335</li>']","[{'sku': '373001', 'image': 'https://eurolub.com/userdata/dcshop/images/thumb_2/633500_373001.png', 'name': '1 L'}, {'sku': '373020', 'image': 'https://eurolub.com/userdata/dcshop/images/thumb_2/491165_373020.png', 'name': '20 L'}, {'sku': '373060', 'image': 'https://eurolub.com/userdata/dcshop/images/thumb_2/469036_373060.png', 'name': '60 L'}, {'sku': '373208', 'image': 'https://eurolub.com/userdata/dcshop/images/thumb_2/659919_373208.png', 'name': '208 L'}, {'sku': '373100', 'image': 'https://eurolub.com/userdata/dcshop/images/thumb_2/388107_211100.png', 'name': '1000 L'}]"
https://eurolub.com/en/gear-fluide-15-bm-p4074/,Gear Fluid 15 BM,366XXX,['https://eurolub.com/userdata/dcshop/images/thumb_3/214280_366xxx.png'],['<p>Low-viscosity ATF for maximum fuel efficiency. Adapted to the requirements of Mercedes-Benz seven-speed automatic transmissions from 06/2010 or later. Colour: blue.</p>'],"['<li>MB 236.15</li>', '<li>MB 722.9 NAG2FE+</li>', '<li>SSANG YONG</li>']","[{'sku': '366001', 'image': 'https://eurolub.com/userdata/dcshop/images/thumb_2/947847_366001.png', 'name': '1 L'}, {'sku': '366020', 'image': 'https://eurolub.com/userdata/dcshop/images/thumb_2/989064_366020.png', 'name': '20 L'}, {'sku': '366060', 'image': 'https://eurolub.com/userdata/dcshop/images/thumb_2/719920_366060.png', 'name': '60 L'}, {'sku': '366208', 'image': 'https://eurolub.com/userdata/dcshop/images/thumb_2/851864_366208.png', 'name': '208 L'}, {'sku': '366100', 'image': 'https://eurolub.com/userdata/dcshop/images/thumb_2/76408_211100.png', 'name': '1000 L'}]"
https://eurolub.com/en/gear-fluide-as-p4098/,Gear Fluid AS,371XXX,['https://eurolub.com/userdata/dcshop/images/thumb_3/397065_371xxx.png'],['<p>High-tech ATF developed for the specific requirements of passenger cars and light commercial vehicles of Japanese origin. Other applications possible. Colour: red.</p>'],"['<li>GM Dexron IIIH</li>', '<li>Ford Mercon</li>', '<li>Ford Mercon V</li>', '<li>Ford Mercon M2C195-A</li>', '<li>Ford Mercon M2C202-B</li>', '<li>Ford WSS-M2C922-A1</li>', '<li>Ford WSS-M2C924-A</li>', '<li>Ford WSS-M2C938-A</li>', '<li>MAN 339 Typ V1</li>', '<li>MAN 339 Typ V2</li>', '<li>MAN 339 Typ Z2</li>', '<li>MAN 339 Typ Z3</li>', '<li>MAN 339 Typ Z11</li>', '<li>MB 235.71</li>', '<li>MB 236.6</li>', '<li>DTFR 13C150 (236.8)</li>', '<li>DTFR 13C170 (236.9)</li>', '<li>MB 236.10</li>', '<li>DTFR 13C110 (236.11)</li>', '<li>Voith 55.6335</li>', '<li>Voith 55.6336</li>', '<li>AW JWS 3309 (T-IV)</li>', '<li>AW JWS 3314</li>', '<li>Allison C-4</li>', '<li>Allison TES 295</li>', '<li>Allison TES 389</li>', '<li>BMW LA2334</li>', '<li>BMW LT-71141</li>', '<li>BMW ETL 7045E</li>', '<li>Chrysler ATF+3</li>', '<li>Chrysler ATF+4</li>', '<li>GM 9986195</li>', '<li>Zonda Z1</li>', '<li>Hyundai/Kia SP-II</li>', '<li>Hyundai/Kia SP-III</li>', '<li>Toyota T-IV</li>', '<li>Toyota JWS 3309</li>', '<li>Volvo 97341</li>', '<li>Volvo 5-Speed</li>', '<li>VW 50160</li>', '<li>VW TL 52 162</li>', '<li>VW G 052 990</li>', '<li>VW G 055 025</li>']","[{'sku': '371001', 'image': 'https://eurolub.com/userdata/dcshop/images/thumb_2/757217_371001.png', 'name': '1 L'}, {'sku': '371020', 'image': 'https://eurolub.com/userdata/dcshop/images/thumb_2/895486_371020.png', 'name': '20 L'}, {'sku': '371060', 'image': 'https://eurolub.com/userdata/dcshop/images/thumb_2/877075_371060.png', 'name': '60 L'}, {'sku': '371208', 'image': 'https://eurolub.com/userdata/dcshop/images/thumb_2/372207_371208.png', 'name': '208 L'}, {'sku': '371100', 'image': 'https://eurolub.com/userdata/dcshop/images/thumb_2/745671_211100.png', 'name': '1000 L'}]"
https://eurolub.com/en/gear-fluide-17-bm-p4170/,Gear Fluid 17 BM,387XXX,['https://eurolub.com/userdata/dcshop/images/thumb_3/388263_387xxx.png'],"['<p>High-performance, reduced-viscosity ATF based on the latest additives and a special base oil composition. Use according to manufacturer specifications. Colour: yellow.</p>']","['<li>MB 236.16</li>', '<li>MB 236.17</li>']","[{'sku': '387001', 'image': 'https://eurolub.com/userdata/dcshop/images/thumb_2/3494_387001.png', 'name': '1 L'}, {'sku': '387020', 'image': 'https://eurolub.com/userdata/dcshop/images/thumb_2/361495_387020.png', 'name': '20 L'}, {'sku': '387060', 'image': 'https://eurolub.com/userdata/dcshop/images/thumb_2/188927_387060.png', 'name': '60 L'}, {'sku': '387208', 'image': 'https://eurolub.com/userdata/dcshop/images/thumb_2/45332_387208.png', 'name': '208 L'}, {'sku': '387100', 'image': 'https://eurolub.com/userdata/dcshop/images/thumb_2/797924_211100.png', 'name': '1000 L'}]"
https://eurolub.com/en/gear-fluide-bm-spezial-p4139/,Gear Fluid BM SPEZIAL,381XXX,['https://eurolub.com/userdata/dcshop/images/thumb_3/457387_381xxx.png'],['<p>Excellent transmission fluid of premium class. It´s special formula provieds a failure-free operation and makes shifting gears exceptionally comfortable. Colour: yellow.</p>'],"['<li>VW G 055 005</li>', '<li>BMW 1375.4</li>', '<li>BMW 83220142516</li>', '<li>bmw 83220144137</li>', '<li>Ford Mercon LV</li>', '<li>Ford Mercon SP</li>', '<li>Jaguar C2C 8432</li>', '<li>LANDROVER TYK 5000050</li>', '<li>Hyundai/Kia 040000C90SG</li>', '<li>ZF S671 090 252</li>', '<li>ZF S671 090 253</li>', '<li>ZF S671 090 255</li>']","[{'sku': '381001', 'image': 'https://eurolub.com/userdata/dcshop/images/thumb_2/992618_381001.png', 'name': '1 L'}, {'sku': '381020', 'image': 'https://eurolub.com/userdata/dcshop/images/thumb_2/220111_381020.png', 'name': '20 L'}, {'sku': '381060', 'image': 'https://eurolub.com/userdata/dcshop/images/thumb_2/626885_381060.png', 'name': '60 L'}, {'sku': '381208', 'image': 'https://eurolub.com/userdata/dcshop/images/thumb_2/828862_381208.png', 'name': '208 L'}, {'sku': '381100', 'image': 'https://eurolub.com/userdata/dcshop/images/thumb_2/935784_211100.png', 'name': '1000 L'}]"
https://eurolub.com/en/gear-fluide-v-fe-p4133/,Gear Fluid V-FE,379XXX,['https://eurolub.com/userdata/dcshop/images/thumb_3/828331_379xxx.png'],"['<p>Excellent transmission fluid for automatic transmissions with good viscosity index, best oxidation stability, outstanding wear and anti-friction protection properties. Colour: red.</p>']","['<li>AW JWS 3309</li>', '<li>JASO M315-2013 1A</li>', '<li>JATCO ATF</li>', '<li>JATCO 3100 PL085</li>', '<li>Toyota T</li>', '<li>Toyota T-II</li>', '<li>Toyota T-III</li>', '<li>Toyota T-IV</li>', '<li>NISSAN MATIC D/J/K</li>', '<li>Mitsubishi SP-II</li>', '<li>Mitsubishi SP-III</li>', '<li>Mazda ATF M-III</li>', '<li>Mazda ATF M-V</li>', '<li>Daihatsu Alumix ATF MULTI</li>', '<li>Honda Acura ATF-Z1</li>', '<li>Honda ATF DW-1</li>', '<li>Suzuki ATF 3313</li>', '<li>Suzuki ATF 3317</li>', '<li>Suzuki ATF 23848K</li>', '<li>Suzuki ATF OIL</li>', '<li>Suzuki ATF OIL SPECIAL</li>', '<li>Subaru ATF</li>', '<li>Subaru ATF HP</li>', '<li>Hyundai/Kia SP-II</li>', '<li>Hyundai/Kia SP-III</li>', '<li>GM Dexron IID</li>', '<li>GM Dexron IIIH</li>', '<li>Chrysler ATF+3</li>', '<li>Chrysler ATF+4</li>', '<li>VW G 052 025-A2</li>', '<li>VW G 052 162-A1</li>', '<li>VW G 052 990-A1</li>', '<li>VW G 055 025-A1</li>', '<li>VW G 055 025-A2</li>', '<li>BMW 7045E</li>', '<li>BMW 8072B</li>', '<li>BMW LA2634</li>', '<li>BMW LT-71141</li>', '<li>DTFR 13C100 (236.1)</li>', '<li>DTFR 13C120 (236.2)</li>', '<li>DTFR 38B100 (236.3)</li>', '<li>MB 236.5</li>', '<li>MB 236.6</li>', '<li>DTFR 13C140 (236.7)</li>', '<li>DTFR 13C170 (236.9)</li>', '<li>MB 236.10</li>', '<li>DTFR 13C110 (236.11)</li>', '<li>Porsche JWS 3309</li>', '<li>Volvo 97340</li>', '<li>Volvo 97341</li>', '<li>Voith 55.6335</li>', '<li>Allison C-4</li>', '<li>Ford Mercon V</li>', '<li>MAN 339 Typ V1</li>', '<li>MAN 339 Typ V2</li>', '<li>MAN 339 Typ Z1</li>', '<li>MAN 341 Typ Z2</li>']","[{'sku': '379001', 'image': 'https://eurolub.com/userdata/dcshop/images/thumb_2/775377_379001.png', 'name': '1 L'}, {'sku': '379020', 'image': 'https://eurolub.com/userdata/dcshop/images/thumb_2/994720_379020.png', 'name': '20 L'}, {'sku': '379060', 'image': 'https://eurolub.com/userdata/dcshop/images/thumb_2/112543_379060.png', 'name': '60 L'}, {'sku': '379208', 'image': 'https://eurolub.com/userdata/dcshop/images/thumb_2/721835_379208.png', 'name': '208 L'}, {'sku': '379100', 'image': 'https://eurolub.com/userdata/dcshop/images/thumb_2/420708_211100.png', 'name': '1000 L'}]"
https://eurolub.com/en/gear-fluide-14-bm-p4145/,Gear Fluid 14 BM,382XXX,['https://eurolub.com/userdata/dcshop/images/thumb_3/833110_382xxx.png'],['<p>Modern based high-performance ATF. Specially developed for use in 7-speed automatic gears according to manufacturer specifation. Colour: red.</p>'],"['<li>MB 236.12</li>', '<li>MB 236.14</li>', '<li>Hyundai/Kia Red-1K</li>', '<li>SSANG YONG</li>']","[{'sku': '382001', 'image': 'https://eurolub.com/userdata/dcshop/images/thumb_2/185201_382001.png', 'name': '1 L'}, {'sku': '382020', 'image': 'https://eurolub.com/userdata/dcshop/images/thumb_2/423080_382020.png', 'name': '20 L'}, {'sku': '382060', 'image': 'https://eurolub.com/userdata/dcshop/images/thumb_2/884806_382060.png', 'name': '60 L'}, {'sku': '382208', 'image': 'https://eurolub.com/userdata/dcshop/images/thumb_2/38488_382208.png', 'name': '208 L'}, {'sku': '382100', 'image': 'https://eurolub.com/userdata/dcshop/images/thumb_2/445824_211100.png', 'name': '1000 L'}]"
https://eurolub.com/en/bremsfluessigkeit-dot4-p4312/,Brake Fluid DOT4,542XXX,['https://eurolub.com/userdata/dcshop/images/thumb_3/742363_542xxx.png'],['<p>DOT4 is a brake fluid that reduces vapour bubble formation due its good dry and wet boiling point.</p>'],"['<li>FMVSS 116 DOT 3/4</li>', '<li>ISO 4925 (Class 4)</li>', '<li>SAE J 1703</li>']","[{'sku': '542001', 'image': 'https://eurolub.com/userdata/dcshop/images/thumb_2/347484_542001.png', 'name': '1 L'}, {'sku': '542005', 'image': 'https://eurolub.com/userdata/dcshop/images/thumb_2/200065_542005.png', 'name': '5 L'}, {'sku': '542020', 'image': 'https://eurolub.com/userdata/dcshop/images/thumb_2/828074_542020.png', 'name': '20 L'}, {'sku': '542060', 'image': 'https://eurolub.com/userdata/dcshop/images/thumb_2/650838_542060.png', 'name': '60 L'}]"
https://eurolub.com/en/bremsfluessigkeit-dot4-ls-6-class6-p4333/,Brake Fluid DOT4 LS.6 (CLASS6),549XXX,['https://eurolub.com/userdata/dcshop/images/thumb_3/918392_549xxx.png'],"['<p>Special, low-viscosity brake fluid DOT4 Class6 for relevant regulations in accordance with ABS, ASR, and ESP.</p>']","['<li>FMVSS 116 DOT 3/4</li>', '<li>ISO 4925 (Class 6)</li>', '<li>SAE J 1703</li>', '<li>SAE J 1704</li>', '<li>BMW QV 34 001</li>', '<li>FORD WSS-M6C65-A2</li>', '<li>GM GMBW 3356</li>', '<li>PSA S71 2114</li>', '<li>VW TL 766-Z</li>', '<li>VW 50 114</li>']","[{'sku': '549001', 'image': 'https://eurolub.com/userdata/dcshop/images/thumb_2/839303_549001.png', 'name': '1 L'}, {'sku': '549005', 'image': 'https://eurolub.com/userdata/dcshop/images/thumb_2/178504_549005.png', 'name': '5 L'}, {'sku': '549020', 'image': 'https://eurolub.com/userdata/dcshop/images/thumb_2/234443_549020.png', 'name': '20 L'}, {'sku': '549060', 'image': 'https://eurolub.com/userdata/dcshop/images/thumb_2/720728_549060.png', 'name': '60 L'}]"
https://eurolub.com/en/bremsfluessigkeit-dot42b-p4328/,Brake Fluid DOT4+,548XXX,['https://eurolub.com/userdata/dcshop/images/thumb_3/804498_548xxx.png'],['<p>Brake fluid with excellent corrosion protection and high thermal stability.</p>'],"['<li>FMVSS 116 DOT 3/4</li>', '<li>ISO 4925 (Class 3)</li>', '<li>ISO 4925 (Class 4)</li>', '<li>SAE J 1703</li>', '<li>SAE J 1704</li>']","[{'sku': '548005', 'image': 'https://eurolub.com/userdata/dcshop/images/thumb_2/137012_548005.png', 'name': '5 L'}, {'sku': '548020', 'image': 'https://eurolub.com/userdata/dcshop/images/thumb_2/141252_548020.png', 'name': '20 L'}, {'sku': '548060', 'image': 'https://eurolub.com/userdata/dcshop/images/thumb_2/685532_548060.png', 'name': '60 L'}]"
https://eurolub.com/en/zh-l-st-hydraulik-fluid-p4339/,ZH-L ST Hydraulic Fluid,564XXX,['https://eurolub.com/userdata/dcshop/images/thumb_3/12660_564xxx.png'],"['<p>Specially developed for use in central hydraulic systems, servo steering, convertible top activation, and hydropneumatic chassis and shock absorbers. Colour: green.</p>']","['<li>DTFR 31B120 (345.0)</li>', '<li>VW TL 52 146</li>', '<li>VW G 002 000</li>', '<li>VW G 004 000</li>', '<li>BMW 812 29 407 758</li>', '<li>Ford WSS-M2C204-A</li>', '<li>GM B040 0070</li>', '<li>Fendt X 902.011.622</li>', '<li>MAN M 3289</li>']","[{'sku': '564001', 'image': 'https://eurolub.com/userdata/dcshop/images/thumb_2/20777_564001.png', 'name': '1 L'}, {'sku': '564020', 'image': 'https://eurolub.com/userdata/dcshop/images/thumb_2/646725_564020.png', 'name': '20 L'}, {'sku': '564060', 'image': 'https://eurolub.com/userdata/dcshop/images/thumb_2/944347_564060.png', 'name': '60 L'}, {'sku': '564208', 'image': 'https://eurolub.com/userdata/dcshop/images/thumb_2/912491_564208.png', 'name': '208 L'}, {'sku': '564100', 'image': 'https://eurolub.com/userdata/dcshop/images/thumb_2/366657_211100.png', 'name': '1000 L'}]"
https://eurolub.com/en/zh-l-hydraulik-fluid-p4318,ZH-L Hydraulic Fluid,544XXX,['https://eurolub.com/userdata/dcshop/images/thumb_3/596324_544xxx.png'],"['<p>Specially developed for use in central hydraulic systems, servo steering, convertible top activation, and hydropneumatic chassis and shock absorbers. Colour: yellow.</p>']","['<li>MB 343.0</li>', '<li>ISO 7308</li>']","[{'sku': '544001', 'image': 'https://eurolub.com/userdata/dcshop/images/thumb_2/825357_544001.png', 'name': '1 L'}, {'sku': '544020', 'image': 'https://eurolub.com/userdata/dcshop/images/thumb_2/141276_544020.png', 'name': '20 L'}, {'sku': '544060', 'image': 'https://eurolub.com/userdata/dcshop/images/thumb_2/559530_544060.png', 'name': '60 L'}, {'sku': '544208', 'image': 'https://eurolub.com/userdata/dcshop/images/thumb_2/562255_544208.png', 'name': '208 L'}, {'sku': '544100', 'image': 'https://eurolub.com/userdata/dcshop/images/thumb_2/598481_211100.png', 'name': '1000 L'}]"
https://eurolub.com/en/hlp-iso-vg-46-p4232/,HLP ISO-VG 46,505XXX,['https://eurolub.com/userdata/dcshop/images/thumb_3/726022_505xxx.png'],['<p>Hydraulic oil based on selective raffinates of the highest quality that contain active ingredients designed to improve restistance ot oxidation and corrosion.</p>'],"['<li>ISO 11158</li>', '<li>AIST 127+136</li>', '<li>ASTM D6158</li>', '<li>SAE MS 1004</li>', '<li>JCMAS P041 HK</li>', '<li>GM LS 2</li>']","[{'sku': '505005', 'image': 'https://eurolub.com/userdata/dcshop/images/thumb_2/824262_505005.png', 'name': '5 L'}, {'sku': '505020', 'image': 'https://eurolub.com/userdata/dcshop/images/thumb_2/142612_505020.png', 'name': '20 L'}, {'sku': '505060', 'image': 'https://eurolub.com/userdata/dcshop/images/thumb_2/677514_505060.png', 'name': '60 L'}, {'sku': '505208', 'image': 'https://eurolub.com/userdata/dcshop/images/thumb_2/200470_505208.png', 'name': '208 L'}, {'sku': '505100', 'image': 'https://eurolub.com/userdata/dcshop/images/thumb_2/324946_211100.png', 'name': '1000 L'}]"
https://eurolub.com/en/hlp-iso-vg-32-p4226/,HLP ISO-VG 32,504XXX,['https://eurolub.com/userdata/dcshop/images/thumb_3/285958_504xxx.png'],['<p>Hydraulic oil based on selective raffinates of the highest quality that contain active ingredients designed to improve restistance ot oxidation and corrosion.</p>'],"['<li>ISO 11158</li>', '<li>AIST 127+136</li>', '<li>ASTM D6158</li>', '<li>SAE MS 1004</li>', '<li>JCMAS P041 HK</li>', '<li>GM LS 2</li>']","[{'sku': '504020', 'image': 'https://eurolub.com/userdata/dcshop/images/thumb_2/207724_504020.png', 'name': '20 L'}, {'sku': '504060', 'image': 'https://eurolub.com/userdata/dcshop/images/thumb_2/487543_504060.png', 'name': '60 L'}, {'sku': '504208', 'image': 'https://eurolub.com/userdata/dcshop/images/thumb_2/226183_504208.png', 'name': '208 L'}, {'sku': '504100', 'image': 'https://eurolub.com/userdata/dcshop/images/thumb_2/717088_211100.png', 'name': '1000 L'}]"
https://eurolub.com/en/hvlp-iso-vg-46-p4272/,HVLP ISO-VG 46,515XXX,['https://eurolub.com/userdata/dcshop/images/thumb_3/352160_515xxx.png'],['<p>Hydraulic oil based on selective raffinates of the highest quality that contain active ingredients designed to improve restistance to oxdiation and corrosion. High viscosity index.</p>'],"['<li>ISO 11158</li>', '<li>SIS SS 155434</li>', '<li>ASTM D6158</li>', '<li>SAE MS 1004</li>', '<li>JCMAS P041 HK</li>', '<li>GM LS 2</li>', '<li>AIST 127+136</li>', '<li>Denison Filterability TP 02100</li>']","[{'sku': '515020', 'image': 'https://eurolub.com/userdata/dcshop/images/thumb_2/25091_515020.png', 'name': '20 L'}, {'sku': '515060', 'image': 'https://eurolub.com/userdata/dcshop/images/thumb_2/360194_515060.png', 'name': '60 L'}, {'sku': '515208', 'image': 'https://eurolub.com/userdata/dcshop/images/thumb_2/41766_515208.png', 'name': '208 L'}, {'sku': '515100', 'image': 'https://eurolub.com/userdata/dcshop/images/thumb_2/163181_211100.png', 'name': '1000 L'}]"
https://eurolub.com/en/hlp-iso-vg-68-p4237/,HLP ISO-VG 68,506XXX,['https://eurolub.com/userdata/dcshop/images/thumb_3/477729_506xxx.png'],['<p>Hydraulic oil based on selective raffinates of the highest quality that contain active ingredients designed to improve restistance ot oxidation and corrosion.</p>'],"['<li>ISO 11158</li>', '<li>AIST 127+136</li>', '<li>ASTM D6158</li>', '<li>SAE MS 1004</li>', '<li>JCMAS P041 HK</li>', '<li>GM LS 2</li>']","[{'sku': '506020', 'image': 'https://eurolub.com/userdata/dcshop/images/thumb_2/749576_506020.png', 'name': '20 L'}, {'sku': '506060', 'image': 'https://eurolub.com/userdata/dcshop/images/thumb_2/512753_506060.png', 'name': '60 L'}, {'sku': '506208', 'image': 'https://eurolub.com/userdata/dcshop/images/thumb_2/527238_506208.png', 'name': '208 L'}, {'sku': '506100', 'image': 'https://eurolub.com/userdata/dcshop/images/thumb_2/674260_211100.png', 'name': '1000 L'}]"
https://eurolub.com/en/hlp-iso-vg-22-p4216/,HLP ISO-VG 22,502XXX,['https://eurolub.com/userdata/dcshop/images/thumb_3/894427_502xxx.png'],['<p>Hydraulic oil based on selective raffinates of the highest quality that contain active ingredients designed to improve restistance ot oxidation and corrosion.</p>'],"['<li>AIST 127+136</li>', '<li>ISO 11158</li>', '<li>ASTM D6158</li>', '<li>SAE MS 1004</li>', '<li>JCMAS P041 HK</li>', '<li>GM LS 2</li>']","[{'sku': '502020', 'image': 'https://eurolub.com/userdata/dcshop/images/thumb_2/112046_502020.png', 'name': '20 L'}, {'sku': '502060', 'image': 'https://eurolub.com/userdata/dcshop/images/thumb_2/710988_502060.png', 'name': '60 L'}, {'sku': '502208', 'image': 'https://eurolub.com/userdata/dcshop/images/thumb_2/786930_502208.png', 'name': '208 L'}, {'sku': '502100', 'image': 'https://eurolub.com/userdata/dcshop/images/thumb_2/544494_211100.png', 'name': '1000 L'}]"
https://eurolub.com/en/hlp-d-iso-vg-22-p4257/,HLP-D ISO-VG 22,512XXX,['https://eurolub.com/userdata/dcshop/images/thumb_3/193575_512xxx.png'],['<p>Hydraulic oil that contains active ingredients designed to improve resistance to oxidation and corrosion. Contains detergent additives.</p>'],[],"[{'sku': '512020', 'image': 'https://eurolub.com/userdata/dcshop/images/thumb_2/501375_512020.png', 'name': '20 L'}, {'sku': '512060', 'image': 'https://eurolub.com/userdata/dcshop/images/thumb_2/320441_512060.png', 'name': '60 L'}, {'sku': '512208', 'image': 'https://eurolub.com/userdata/dcshop/images/thumb_2/936110_512208.png', 'name': '208 L'}, {'sku': '512100', 'image': 'https://eurolub.com/userdata/dcshop/images/thumb_2/663880_211100.png', 'name': '1000 L'}]"
https://eurolub.com/en/hvlp-d-iso-vg-46-p4286/,HVLP-D ISO-VG 46,529XXX,['https://eurolub.com/userdata/dcshop/images/thumb_3/257601_529xxx.png'],['<p>Hydraulic oil based on selective raffinates of the highest quality that contains active ingredients designed to improve resistance to oxidation and corrosion. High viscosity index. Contains detergent additives.</p>'],[],"[{'sku': '529020', 'image': 'https://eurolub.com/userdata/dcshop/images/thumb_2/915105_529020.png', 'name': '20 L'}, {'sku': '529060', 'image': 'https://eurolub.com/userdata/dcshop/images/thumb_2/983322_529060.png', 'name': '60 L'}, {'sku': '529208', 'image': 'https://eurolub.com/userdata/dcshop/images/thumb_2/130535_529208.png', 'name': '208 L'}, {'sku': '529100', 'image': 'https://eurolub.com/userdata/dcshop/images/thumb_2/862156_211100.png', 'name': '1000 L'}]"
https://eurolub.com/en/hlp-iso-vg-10-p4211/,HLP ISO-VG 10,500XXX,['https://eurolub.com/userdata/dcshop/images/thumb_3/289574_500xxx.png'],['<p>Hydraulic oil based on selective raffinates of the highest quality that contain active ingredients designed to improve restistance ot oxidation and corrosion.</p>'],"['<li>ISO 11158</li>', '<li>AIST 126/127</li>', '<li>ASTM D6158</li>', '<li>SAE MS 1004</li>', '<li>JCMAS P041 HK</li>', '<li>GM LS 2</li>']","[{'sku': '500020', 'image': 'https://eurolub.com/userdata/dcshop/images/thumb_2/547763_500020.png', 'name': '20 L'}, {'sku': '500060', 'image': 'https://eurolub.com/userdata/dcshop/images/thumb_2/978621_500060.png', 'name': '60 L'}, {'sku': '500208', 'image': 'https://eurolub.com/userdata/dcshop/images/thumb_2/129404_500208.png', 'name': '208 L'}, {'sku': '500100', 'image': 'https://eurolub.com/userdata/dcshop/images/thumb_2/79538_211100.png', 'name': '1000 L'}]"
https://eurolub.com/en/hlp-d-iso-vg-46-p4252/,HLP-D ISO-VG 46,511XXX,['https://eurolub.com/userdata/dcshop/images/thumb_3/995635_511xxx.png'],['<p>Hydraulic oil that contains active ingredients designed to improve resistance to oxidation and corrosion. Contains detergent additives.</p>'],[],"[{'sku': '511020', 'image': 'https://eurolub.com/userdata/dcshop/images/thumb_2/584039_511020.png', 'name': '20 L'}, {'sku': '511060', 'image': 'https://eurolub.com/userdata/dcshop/images/thumb_2/99930_511060.png', 'name': '60 L'}, {'sku': '511208', 'image': 'https://eurolub.com/userdata/dcshop/images/thumb_2/913514_511208.png', 'name': '208 L'}, {'sku': '511100', 'image': 'https://eurolub.com/userdata/dcshop/images/thumb_2/348633_211100.png', 'name': '1000 L'}]"
https://eurolub.com/en/hvlp-iso-vg-32-p4267/,HVLP ISO-VG 32,514XXX,['https://eurolub.com/userdata/dcshop/images/thumb_3/766427_514xxx.png'],['<p>Hydraulic oil based on selective raffinates of the highest quality that contain active ingredients designed to improve restistance to oxdiation and corrosion. High viscosity index.</p>'],"['<li>ISO 11158</li>', '<li>SIS SS 155434</li>', '<li>ASTM D6158</li>', '<li>SAE MS 1004</li>', '<li>JCMAS P041 HK</li>', '<li>GM LS 2</li>', '<li>AIST 127+136</li>', '<li>Denison Filterability TP 02100</li>']","[{'sku': '514020', 'image': 'https://eurolub.com/userdata/dcshop/images/thumb_2/893192_514020.png', 'name': '20 L'}, {'sku': '514060', 'image': 'https://eurolub.com/userdata/dcshop/images/thumb_2/992628_514060.png', 'name': '60 L'}, {'sku': '514208', 'image': 'https://eurolub.com/userdata/dcshop/images/thumb_2/77153_514208.png', 'name': '208 L'}, {'sku': '514100', 'image': 'https://eurolub.com/userdata/dcshop/images/thumb_2/70084_211100.png', 'name': '1000 L'}]"
https://eurolub.com/en/hlp-d-iso-vg-32-p4221/,HLP-D ISO-VG 32,503XXX,['https://eurolub.com/userdata/dcshop/images/thumb_3/371156_503xxx.png'],['<p>Hydraulic oil that contains active ingredients designed to improve resistance to oxidation and corrosion. Contains detergent additives.</p>'],[],"[{'sku': '503020', 'image': 'https://eurolub.com/userdata/dcshop/images/thumb_2/420243_503020.png', 'name': '20 L'}, {'sku': '503060', 'image': 'https://eurolub.com/userdata/dcshop/images/thumb_2/856208_503060.png', 'name': '60 L'}, {'sku': '503208', 'image': 'https://eurolub.com/userdata/dcshop/images/thumb_2/984860_503208.png', 'name': '208 L'}, {'sku': '503100', 'image': 'https://eurolub.com/userdata/dcshop/images/thumb_2/295167_211100.png', 'name': '1000 L'}]"
https://eurolub.com/en/hlp-d-iso-vg-68-p4262/,HLP-D ISO-VG 68,513XXX,['https://eurolub.com/userdata/dcshop/images/thumb_3/297936_513xxx.png'],['<p>Hydraulic oil that contains active ingredients designed to improve resistance to oxidation and corrosion. Contains detergent additives.</p>'],[],"[{'sku': '513020', 'image': 'https://eurolub.com/userdata/dcshop/images/thumb_2/809098_513020.png', 'name': '20 L'}, {'sku': '513060', 'image': 'https://eurolub.com/userdata/dcshop/images/thumb_2/144674_513060.png', 'name': '60 L'}, {'sku': '513208', 'image': 'https://eurolub.com/userdata/dcshop/images/thumb_2/334437_513208.png', 'name': '208 L'}, {'sku': '513100', 'image': 'https://eurolub.com/userdata/dcshop/images/thumb_2/360214_211100.png', 'name': '1000 L'}]"
https://eurolub.com/en/hvlp-iso-vg-68-p4277/,HVLP ISO-VG 68,516XXX,['https://eurolub.com/userdata/dcshop/images/thumb_3/565195_516xxx.png'],['<p>Hydraulic oil based on selective raffinates of the highest quality that contain active ingredients designed to improve restistance to oxdiation and corrosion. High viscosity index.</p>'],"['<li>ISO 11158</li>', '<li>SIS SS 155434</li>', '<li>ASTM D6158</li>', '<li>SAE MS 1004</li>', '<li>JCMAS P041 HK</li>', '<li>GM LS 2</li>', '<li>AIST 127+136</li>', '<li>Denison Filterability TP 02100</li>']","[{'sku': '516020', 'image': 'https://eurolub.com/userdata/dcshop/images/thumb_2/749884_516020.png', 'name': '20 L'}, {'sku': '516060', 'image': 'https://eurolub.com/userdata/dcshop/images/thumb_2/141014_516060.png', 'name': '60 L'}, {'sku': '516208', 'image': 'https://eurolub.com/userdata/dcshop/images/thumb_2/201349_516208.png', 'name': '208 L'}, {'sku': '516100', 'image': 'https://eurolub.com/userdata/dcshop/images/thumb_2/43876_211100.png', 'name': '1000 L'}]"
https://eurolub.com/en/mehrbereichshydraulikoel-10w-30-p3904/,Multi-Grade Hydraulic Oil 10W-30,320XXX,['https://eurolub.com/userdata/dcshop/images/thumb_3/183803_320xxx.png'],['<p>All-purpose oil for hydraulic systems that helps improve hydraulic oil economy.</p>'],[],"[{'sku': '320020', 'image': 'https://eurolub.com/userdata/dcshop/images/thumb_2/123431_320020.png', 'name': '20 L'}, {'sku': '320060', 'image': 'https://eurolub.com/userdata/dcshop/images/thumb_2/181206_320060.png', 'name': '60 L'}, {'sku': '320208', 'image': 'https://eurolub.com/userdata/dcshop/images/thumb_2/555011_320208.png', 'name': '208 L'}, {'sku': '320100', 'image': 'https://eurolub.com/userdata/dcshop/images/thumb_2/221526_211100.png', 'name': '1000 L'}]"
https://eurolub.com/en/hlp-iso-vg-100-p4247/,HLP ISO-VG 100,509XXX,['https://eurolub.com/userdata/dcshop/images/thumb_3/962895_509xxx.png'],['<p>Hydraulic oil based on selective raffinates of the highest quality that contain active ingredients designed to improve restistance ot oxidation and corrosion.</p>'],"['<li>ISO 11158</li>', '<li>AIST 127+136</li>', '<li>ASTM D6158</li>', '<li>SAE MS 1004</li>', '<li>JCMAS P041 HK</li>', '<li>GM LS 2</li>']","[{'sku': '509020', 'image': 'https://eurolub.com/userdata/dcshop/images/thumb_2/419560_509020.png', 'name': '20 L'}, {'sku': '509060', 'image': 'https://eurolub.com/userdata/dcshop/images/thumb_2/529764_509060.png', 'name': '60 L'}, {'sku': '509208', 'image': 'https://eurolub.com/userdata/dcshop/images/thumb_2/679592_509208.png', 'name': '208 L'}, {'sku': '509100', 'image': 'https://eurolub.com/userdata/dcshop/images/thumb_2/864274_211100.png', 'name': '1000 L'}]"
https://eurolub.com/en/lagerfit-ep-2-la-p4373/,Lagerfit EP 2 LA,709XXX,['https://eurolub.com/userdata/dcshop/images/thumb_3/576272_709xxx.png'],['<p>Lithium-saponified long-lasting EP grease for lubricating friction and anti-friction bearings. Operating temperature: -25°C to + 120°C. Colour: brown.</p>'],[],"[{'sku': '709005', 'image': 'https://eurolub.com/userdata/dcshop/images/thumb_2/419186_709005.png', 'name': '5 KG'}, {'sku': '709015', 'image': 'https://eurolub.com/userdata/dcshop/images/thumb_2/773347_709015.png', 'name': '15 KG'}, {'sku': '709025', 'image': 'https://eurolub.com/userdata/dcshop/images/thumb_2/252729_709025.png', 'name': '25 KG'}, {'sku': '709050', 'image': 'https://eurolub.com/userdata/dcshop/images/thumb_2/48239_709050.png', 'name': '50 KG'}, {'sku': '709180', 'image': 'https://eurolub.com/userdata/dcshop/images/thumb_2/433503_709180.png', 'name': '180 KG'}, {'sku': '709400', 'image': 'https://eurolub.com/userdata/dcshop/images/thumb_2/732003_709400.png', 'name': '400 g'}, {'sku': '709500', 'image': 'https://eurolub.com/userdata/dcshop/images/thumb_2/930292_709500.png', 'name': '500 g'}]"
https://eurolub.com/en/langzeitfett-lzf-2-blau-p4386/,Long-Life Grease LZF 2 Blue,719XXX,['https://eurolub.com/userdata/dcshop/images/thumb_3/566787_719xxx.png'],[],[],"[{'sku': '719005', 'image': 'https://eurolub.com/userdata/dcshop/images/thumb_2/225128_719005.png', 'name': '5 KG'}, {'sku': '719015', 'image': 'https://eurolub.com/userdata/dcshop/images/thumb_2/630810_719015.png', 'name': '15 KG'}, {'sku': '719025', 'image': 'https://eurolub.com/userdata/dcshop/images/thumb_2/451469_719025.png', 'name': '25 KG'}, {'sku': '719400', 'image': 'https://eurolub.com/userdata/dcshop/images/thumb_2/300158_719400.png', 'name': '400 g'}, {'sku': '719500', 'image': 'https://eurolub.com/userdata/dcshop/images/thumb_2/62578_719500.png', 'name': '500 g'}]"
https://eurolub.com/en/top-3000-p4359/,TOP 3000,707XXX,['https://eurolub.com/userdata/dcshop/images/thumb_3/263638_707xxx.png'],"['<p>Yellow, specially calcium-saponified long-lasting EP grease that was developed to withstand high pressure stress and vibrations. Extremely adhesive. Exceptionally water-resistant. Operating temperature: -30°C up to +110°C. Colour: yellow.</p>']",[],"[{'sku': '707015', 'image': 'https://eurolub.com/userdata/dcshop/images/thumb_2/995629_707015.png', 'name': '15 KG'}, {'sku': '707500', 'image': 'https://eurolub.com/userdata/dcshop/images/thumb_2/303593_707500.png', 'name': '500 g'}]"
https://eurolub.com/en/gearfit-ep-00-000-p4365/,Gearfit EP 00-000,708XXX,['https://eurolub.com/userdata/dcshop/images/thumb_3/803823_708xxx.png'],['<p>For central lubrication systems in commercial vehicles and units that are operated outdoors and whose lines are laid over long distances (lithium-saponified). Operating temperature: -50°C up to +120°C. Colour: green.</p>'],[],"[{'sku': '708005', 'image': 'https://eurolub.com/userdata/dcshop/images/thumb_2/95503_708005.png', 'name': '5 KG'}, {'sku': '708015', 'image': 'https://eurolub.com/userdata/dcshop/images/thumb_2/753462_708015.png', 'name': '15 KG'}, {'sku': '708025', 'image': 'https://eurolub.com/userdata/dcshop/images/thumb_2/589795_708025.png', 'name': '25 KG'}, {'sku': '708180', 'image': 'https://eurolub.com/userdata/dcshop/images/thumb_2/326274_708180.png', 'name': '180 KG'}, {'sku': '708900', 'image': 'https://eurolub.com/userdata/dcshop/images/thumb_2/353547_708900.png', 'name': '900 g'}]"
https://eurolub.com/en/lagerfit-litho-plex-ep-2-p4376/,Lagerfit Litho-Plex EP 2,714XXX,['https://eurolub.com/userdata/dcshop/images/thumb_3/732237_714xxx.png'],['<p>Lithium complex soap-thickened grease for lubricating friction and anti-friction bearings that operate under high pressure. Operating temperature: -30°C up to +150°C. Colour: blue.</p>'],"['<li>MB 265.1</li>', '<li>MAN 284 Li-H2</li>']","[{'sku': '714400', 'image': 'https://eurolub.com/userdata/dcshop/images/thumb_2/81618_714400.png', 'name': '400 g'}]"
https://eurolub.com/en/seilfett-tw-p4392/,Wire Rope Grease TW,720XXX,['https://eurolub.com/userdata/dcshop/images/thumb_3/581418_720xxx.png'],['<p>Highly adhesive lubricant and anti-corrosive for wire ropes and use as automobile cavity protection and underbody coating.</p>'],[],"[{'sku': '720001', 'image': 'https://eurolub.com/userdata/dcshop/images/thumb_2/925161_720001.png', 'name': '1 L'}, {'sku': '720005', 'image': 'https://eurolub.com/userdata/dcshop/images/thumb_2/219529_720005.png', 'name': '5 L'}, {'sku': '720600', 'image': 'https://eurolub.com/userdata/dcshop/images/thumb_2/835583_720600.png', 'name': '600 ml'}]"
https://eurolub.com/en/drahtseil-fluid-p4379/,Wire Rope Fluid,718XXX,['https://eurolub.com/userdata/dcshop/images/thumb_3/822658_718xxx.png'],[],[],"[{'sku': '718001', 'image': 'https://eurolub.com/userdata/dcshop/images/thumb_2/305146_718001.png', 'name': '1 L'}, {'sku': '718600', 'image': 'https://eurolub.com/userdata/dcshop/images/thumb_2/582904_718600.png', 'name': '600 ml'}]"
https://eurolub.com/en/saegekettenmedium-p4297/,Saw Chain Medium,538XXX,['https://eurolub.com/userdata/dcshop/images/thumb_3/916336_538xxx.png'],['<p>Chain Saw Medium offers unrivaled adhesive properties alongside exceptional temperature characteristics and good lubricating properties. Chain Saw Medium is a highly developed product suitable for use in chain saws of all makes.</p>'],[],"[{'sku': '538005', 'image': 'https://eurolub.com/userdata/dcshop/images/thumb_2/216093_538005.png', 'name': '5 L'}, {'sku': '538020', 'image': 'https://eurolub.com/userdata/dcshop/images/thumb_2/614648_538020.png', 'name': '20 L'}, {'sku': '538060', 'image': 'https://eurolub.com/userdata/dcshop/images/thumb_2/114164_538060.png', 'name': '60 L'}, {'sku': '538208', 'image': 'https://eurolub.com/userdata/dcshop/images/thumb_2/482710_538208.png', 'name': '208 L'}, {'sku': '538100', 'image': 'https://eurolub.com/userdata/dcshop/images/thumb_2/528125_211100.png', 'name': '1000 L'}]"
https://eurolub.com/en/nirostol-1-spruehoel-hell-p4307/,Nirostol 1 Spray Oil Light,541XXX,['https://eurolub.com/userdata/dcshop/images/thumb_3/15129_541xxx.png'],['<p>Nirostol 1 is a low-viscosity anti-corrosion oil. It is used to preserve workpieces of all kinds during extended storage.</p>'],[],"[{'sku': '541020', 'image': 'https://eurolub.com/userdata/dcshop/images/thumb_2/907788_541020.png', 'name': '20 L'}, {'sku': '541060', 'image': 'https://eurolub.com/userdata/dcshop/images/thumb_2/243119_541060.png', 'name': '60 L'}, {'sku': '541208', 'image': 'https://eurolub.com/userdata/dcshop/images/thumb_2/250821_541208.png', 'name': '208 L'}]"
https://eurolub.com/en/bio-kettenoel-uws-p4303/,Bio Chain Oil UWS,539XXX,['https://eurolub.com/userdata/dcshop/images/thumb_3/125591_539xxx.png'],"['<p>Chain saw oil based on rapeseed oil. For chain saws used in professional applications. Exceptional lubricating properties, good aging resistance.</p>']",[],"[{'sku': '539005', 'image': 'https://eurolub.com/userdata/dcshop/images/thumb_2/528283_539005.png', 'name': '5 L'}, {'sku': '539020', 'image': 'https://eurolub.com/userdata/dcshop/images/thumb_2/424714_539020.png', 'name': '20 L'}, {'sku': '539060', 'image': 'https://eurolub.com/userdata/dcshop/images/thumb_2/635394_539060.png', 'name': '60 L'}, {'sku': '539208', 'image': 'https://eurolub.com/userdata/dcshop/images/thumb_2/829697_539208.png', 'name': '208 L'}, {'sku': '539100', 'image': 'https://eurolub.com/userdata/dcshop/images/thumb_2/987600_211100.png', 'name': '1000 L'}]"
https://eurolub.com/en/w4-p4349/,W4,680XXX,['https://eurolub.com/userdata/dcshop/images/thumb_3/806286_680xxx.png'],['<p>This concentrate is a water-soluble coolant that contains mineral oil.</p>'],[],"[{'sku': '680005', 'image': 'https://eurolub.com/userdata/dcshop/images/thumb_2/416438_680005.png', 'name': '5 L'}, {'sku': '680020', 'image': 'https://eurolub.com/userdata/dcshop/images/thumb_2/886987_680020.png', 'name': '20 L'}, {'sku': '680060', 'image': 'https://eurolub.com/userdata/dcshop/images/thumb_2/780794_680060.png', 'name': '60 L'}, {'sku': '680208', 'image': 'https://eurolub.com/userdata/dcshop/images/thumb_2/641371_680208.png', 'name': '208 L'}, {'sku': '680100', 'image': 'https://eurolub.com/userdata/dcshop/images/thumb_2/851070_211100.png', 'name': '1000 L'}]"
https://eurolub.com/en/hees-46-p4242/,HEES 46,508XXX,['https://eurolub.com/userdata/dcshop/images/thumb_3/106203_508xxx.png'],['<p>Hydraulic oil based on premium quality synthetic ester.</p>'],"['<li>VDMA 24568</li>', '<li>HEES</li>']","[{'sku': '508020', 'image': 'https://eurolub.com/userdata/dcshop/images/thumb_2/820166_508020.png', 'name': '20 L'}, {'sku': '508060', 'image': 'https://eurolub.com/userdata/dcshop/images/thumb_2/822888_508060.png', 'name': '60 L'}, {'sku': '508208', 'image': 'https://eurolub.com/userdata/dcshop/images/thumb_2/36684_508208.png', 'name': '208 L'}, {'sku': '508100', 'image': 'https://eurolub.com/userdata/dcshop/images/thumb_2/786889_211100.png', 'name': '1000 L'}]"
https://eurolub.com/en/clpc2a0iso-vgc2a0220-p4194/,CLP ISO-VG 220,415XXX,['https://eurolub.com/userdata/dcshop/images/thumb_3/200477_415xxx.png'],"['<p>Developed for lubricating heavy-duty industrial gears, improved by EP additives and corrosion inhibitors.</p>']","['<li>AIST 224</li>', '<li>AGMA 9005 E02 (EP)</li>']","[{'sku': '415020', 'image': 'https://eurolub.com/userdata/dcshop/images/thumb_2/212696_415020.png', 'name': '20 L'}, {'sku': '415060', 'image': 'https://eurolub.com/userdata/dcshop/images/thumb_2/373302_415060.png', 'name': '60 L'}, {'sku': '415208', 'image': 'https://eurolub.com/userdata/dcshop/images/thumb_2/28051_415208.png', 'name': '208 L'}, {'sku': '415100', 'image': 'https://eurolub.com/userdata/dcshop/images/thumb_2/653119_211100.png', 'name': '1000 L'}]"
https://eurolub.com/en/gatteroel-haftoel-spezial-iso-vg-150-p4035/,Saw Guide Oil – Special ISO VG 150,351XXX,['https://eurolub.com/userdata/dcshop/images/thumb_3/337511_351xxx.png'],['<p>A highly stringy and adhesive lubricating oil which forms stable and pressure-resistant lubricating films. Vertical guides and sliding surfaces can be lubricated properly as the lubricating film will not tear off.</p>'],[],"[{'sku': '351020', 'image': 'https://eurolub.com/userdata/dcshop/images/thumb_2/939493_351020.png', 'name': '20 L'}, {'sku': '351060', 'image': 'https://eurolub.com/userdata/dcshop/images/thumb_2/914793_351060.png', 'name': '60 L'}, {'sku': '351208', 'image': 'https://eurolub.com/userdata/dcshop/images/thumb_2/521359_351208.png', 'name': '208 L'}, {'sku': '351100', 'image': 'https://eurolub.com/userdata/dcshop/images/thumb_2/206311_211100.png', 'name': '1000 L'}]"
https://eurolub.com/en/gleit-und-bettbahnoel-cglp-iso-vg-68-p4030/,Slide and Bedway Oil CGLP ISO VG 68,350XXX,['https://eurolub.com/userdata/dcshop/images/thumb_3/846952_350xxx.png'],['<p>CGLP sets itself apart by its good lubricating and sliding properties as well as its exceptional adhesive power.</p>'],[],"[{'sku': '350020', 'image': 'https://eurolub.com/userdata/dcshop/images/thumb_2/207536_350020.png', 'name': '20 L'}, {'sku': '350060', 'image': 'https://eurolub.com/userdata/dcshop/images/thumb_2/579148_350060.png', 'name': '60 L'}, {'sku': '350208', 'image': 'https://eurolub.com/userdata/dcshop/images/thumb_2/617166_350208.png', 'name': '208 L'}, {'sku': '350100', 'image': 'https://eurolub.com/userdata/dcshop/images/thumb_2/241689_211100.png', 'name': '1000 L'}]"
https://eurolub.com/en/clp-iso-vg-320-p4198/,CLP ISO-VG 320,416XXX,['https://eurolub.com/userdata/dcshop/images/thumb_3/900291_416xxx.png'],"['<p>Developed for lubricating heavy-duty industrial gears, improved by EP additives and corrosion inhibitors.</p>']","['<li>AIST 224</li>', '<li>AGMA 9005 E02 (EP)</li>']","[{'sku': '416020', 'image': 'https://eurolub.com/userdata/dcshop/images/thumb_2/409098_416020.png', 'name': '20 L'}, {'sku': '416060', 'image': 'https://eurolub.com/userdata/dcshop/images/thumb_2/160522_416060.png', 'name': '60 L'}, {'sku': '416208', 'image': 'https://eurolub.com/userdata/dcshop/images/thumb_2/590135_416208.png', 'name': '208 L'}]"
https://eurolub.com/en/trennmittel-t25-p4291/,Release Agent T25,535XXX,['https://eurolub.com/userdata/dcshop/images/thumb_3/494659_535xxx.png'],"['<p>Molding and releasing fluid for the production of exposed concrete and paperhanger beton areas, concrete areas in in-situ constructions and ceiling elements.</p>']",[],"[{'sku': '535020', 'image': 'https://eurolub.com/userdata/dcshop/images/thumb_2/260337_535020.png', 'name': '20 L'}, {'sku': '535060', 'image': 'https://eurolub.com/userdata/dcshop/images/thumb_2/841338_535060.png', 'name': '60 L'}, {'sku': '535208', 'image': 'https://eurolub.com/userdata/dcshop/images/thumb_2/747985_535208.png', 'name': '208 L'}, {'sku': '535100', 'image': 'https://eurolub.com/userdata/dcshop/images/thumb_2/494724_211100.png', 'name': '1000 L'}]"
https://eurolub.com/en/clp-iso-vg-150-p4189/,CLP ISO-VG 150,414XXX,['https://eurolub.com/userdata/dcshop/images/thumb_3/564384_414xxx.png'],"['<p>Developed for lubricating heavy-duty industrial gears, improved by EP additives and corrosion inhibitors.</p>']","['<li>AIST 224</li>', '<li>AGMA 9005 E02 (EP)</li>']","[{'sku': '414020', 'image': 'https://eurolub.com/userdata/dcshop/images/thumb_2/451319_414020.png', 'name': '20 L'}, {'sku': '414060', 'image': 'https://eurolub.com/userdata/dcshop/images/thumb_2/197543_414060.png', 'name': '60 L'}, {'sku': '414208', 'image': 'https://eurolub.com/userdata/dcshop/images/thumb_2/278109_414208.png', 'name': '208 L'}, {'sku': '414100', 'image': 'https://eurolub.com/userdata/dcshop/images/thumb_2/287421_211100.png', 'name': '1000 L'}]"
https://eurolub.com/en/melkmaschinenoel-10w-30-p4281/,Milking Machine Oil 10W-30,520XXX,['https://eurolub.com/userdata/dcshop/images/thumb_3/829301_520xxx.png'],['<p>Milking machine oil is a special hydraulic fluid that has proven to be useful across a wide range of applications.</p>'],[],"[{'sku': '520020', 'image': 'https://eurolub.com/userdata/dcshop/images/thumb_2/527336_520020.png', 'name': '20 L'}, {'sku': '520060', 'image': 'https://eurolub.com/userdata/dcshop/images/thumb_2/72560_520060.png', 'name': '60 L'}, {'sku': '520208', 'image': 'https://eurolub.com/userdata/dcshop/images/thumb_2/778181_520208.png', 'name': '208 L'}]"
https://eurolub.com/en/gleit-und-bettbahnoel-cglp-iso-vg-220-p4040/,Slide and Bedway Oil CGLP ISO VG 220,352XXX,['https://eurolub.com/userdata/dcshop/images/thumb_3/146121_352xxx.png'],['<p>CGLP sets itself apart by its good lubricating and sliding properties as well as its exceptional adhesive power.</p>'],[],"[{'sku': '352020', 'image': 'https://eurolub.com/userdata/dcshop/images/thumb_2/967753_352020.png', 'name': '20 L'}, {'sku': '352060', 'image': 'https://eurolub.com/userdata/dcshop/images/thumb_2/707582_352060.png', 'name': '60 L'}, {'sku': '352208', 'image': 'https://eurolub.com/userdata/dcshop/images/thumb_2/890778_352208.png', 'name': '208 L'}, {'sku': '352100', 'image': 'https://eurolub.com/userdata/dcshop/images/thumb_2/723537_211100.png', 'name': '1000 L'}]"
https://eurolub.com/en/gatteroel-haftoel-spezial-iso-vg-220-p4048/,Saw Guide Oil – Special ISO VG 220,357XXX,['https://eurolub.com/userdata/dcshop/images/thumb_3/937366_357xxx.png'],['<p>A highly stringy and adhesive lubricating oil which forms stable and pressure-resistant lubricating films. Vertical guides and sliding surfaces can be lubricated properly as the lubricating film will not tear off.</p>'],[],"[{'sku': '357020', 'image': 'https://eurolub.com/userdata/dcshop/images/thumb_2/57953_357020.png', 'name': '20 L'}, {'sku': '357060', 'image': 'https://eurolub.com/userdata/dcshop/images/thumb_2/536789_357060.png', 'name': '60 L'}, {'sku': '357208', 'image': 'https://eurolub.com/userdata/dcshop/images/thumb_2/761949_357208.png', 'name': '208 L'}]"
https://eurolub.com/en/clp-iso-vg-460-p4202/,CLP ISO-VG 460,417XXX,['https://eurolub.com/userdata/dcshop/images/thumb_3/193346_417xxx.png'],"['<p>Developed for lubricating heavy-duty industrial gears, improved by EP additives and corrosion inhibitors.</p>']","['<li>AIST 224</li>', '<li>AGMA 9005 E02 (EP)</li>']","[{'sku': '417020', 'image': 'https://eurolub.com/userdata/dcshop/images/thumb_2/37357_417020.png', 'name': '20 L'}, {'sku': '417060', 'image': 'https://eurolub.com/userdata/dcshop/images/thumb_2/243041_417060.png', 'name': '60 L'}, {'sku': '417208', 'image': 'https://eurolub.com/userdata/dcshop/images/thumb_2/345074_417208.png', 'name': '208 L'}]"
https://eurolub.com/en/gatteroel-haftoel-spezial-iso-vg-320-p4044/,Saw Guide Oil – Special ISO VG 320,353XXX,['https://eurolub.com/userdata/dcshop/images/thumb_3/850814_353xxx.png'],['<p>A highly stringy and adhesive lubricating oil which forms stable and pressure-resistant lubricating films. Vertical guides and sliding surfaces can be lubricated properly as the lubricating film will not tear off.</p>'],[],"[{'sku': '353020', 'image': 'https://eurolub.com/userdata/dcshop/images/thumb_2/338709_353020.png', 'name': '20 L'}, {'sku': '353060', 'image': 'https://eurolub.com/userdata/dcshop/images/thumb_2/201652_353060.png', 'name': '60 L'}, {'sku': '353208', 'image': 'https://eurolub.com/userdata/dcshop/images/thumb_2/941853_353208.png', 'name': '208 L'}]"
https://eurolub.com/en/clp-iso-vg-100-p4184/,CLP ISO-VG 100,413XXX,['https://eurolub.com/userdata/dcshop/images/thumb_3/62161_413xxx.png'],"['<p>Developed for lubricating heavy-duty industrial gears, improved by EP additives and corrosion inhibitors.</p>']","['<li>AIST 224</li>', '<li>AGMA 9005 E02 (EP)</li>']","[{'sku': '413020', 'image': 'https://eurolub.com/userdata/dcshop/images/thumb_2/585962_413020.png', 'name': '20 L'}, {'sku': '413060', 'image': 'https://eurolub.com/userdata/dcshop/images/thumb_2/197386_413060.png', 'name': '60 L'}, {'sku': '413208', 'image': 'https://eurolub.com/userdata/dcshop/images/thumb_2/569704_413208.png', 'name': '208 L'}, {'sku': '413100', 'image': 'https://eurolub.com/userdata/dcshop/images/thumb_2/859728_211100.png', 'name': '1000 L'}]"
https://eurolub.com/en/gatteroel-haftoel-spezial-iso-vg-460-p4052/,Saw Guide Oil – Special ISO VG 460,361XXX,['https://eurolub.com/userdata/dcshop/images/thumb_3/689208_361xxx.png'],['<p>A highly stringy and adhesive lubricating oil which forms stable and pressure-resistant lubricating films. Vertical guides and sliding surfaces can be lubricated properly as the lubricating film will not tear off.</p>'],[],"[{'sku': '361020', 'image': 'https://eurolub.com/userdata/dcshop/images/thumb_2/32429_361020.png', 'name': '20 L'}, {'sku': '361060', 'image': 'https://eurolub.com/userdata/dcshop/images/thumb_2/531606_361060.png', 'name': '60 L'}, {'sku': '361208', 'image': 'https://eurolub.com/userdata/dcshop/images/thumb_2/167333_361208.png', 'name': '208 L'}]"
https://eurolub.com/en/schneidoel-ms2-p4343/,Cutting Oil MS2,620XXX,['https://eurolub.com/userdata/dcshop/images/thumb_3/2285_620xxx.png'],"['<p>Multi-purpose cutting oil for processing non-ferrous metal, cast iron, and steel.</p>']",[],"[{'sku': '620020', 'image': 'https://eurolub.com/userdata/dcshop/images/thumb_2/162716_620020.png', 'name': '20 L'}, {'sku': '620060', 'image': 'https://eurolub.com/userdata/dcshop/images/thumb_2/469440_620060.png', 'name': '60 L'}, {'sku': '620208', 'image': 'https://eurolub.com/userdata/dcshop/images/thumb_2/683408_620208.png', 'name': '208 L'}]"
https://eurolub.com/en/euromix-2-taktc2ae-geraetebenzin-p4493/,EUROFUEL 2-STROKE® Equipment Petrol,870XXX,['https://eurolub.com/userdata/dcshop/images/thumb_3/823958_870xxx.png'],['<p>EuroMix 2-Takt Engine Fuel is a clean 2-stroke fuel which is used in the forest sector and the garden area and provides healthy workplace and clean environment.</p>'],[],"[{'sku': '870005', 'image': 'https://eurolub.com/userdata/dcshop/images/thumb_2/504289_870005.png', 'name': '5 L'}, {'sku': '870020', 'image': 'https://eurolub.com/userdata/dcshop/images/thumb_2/314630_870020.png', 'name': '20 L'}, {'sku': '870060', 'image': 'https://eurolub.com/userdata/dcshop/images/thumb_2/39650_870060.png', 'name': '60 L'}, {'sku': '870200', 'image': 'https://eurolub.com/userdata/dcshop/images/thumb_2/815418_870200.png', 'name': '200 L'}]"
https://eurolub.com/en/eurofuel-4-taktc2ae-geraetebenzin-p4497/,EUROFUEL 4-STROKE® Equipment Petrol,880XXX,['https://eurolub.com/userdata/dcshop/images/thumb_3/347011_880xxx.png'],['<p>EuroFuel 4-Takt Engine Fuel is a clean 4-stroke fuel which is used in the forest sector and the garden area and provides healthy workplace and clean environment.</p>'],[],"[{'sku': '880020', 'image': 'https://eurolub.com/userdata/dcshop/images/thumb_2/318762_880020.png', 'name': '20 L'}, {'sku': '880200', 'image': 'https://eurolub.com/userdata/dcshop/images/thumb_2/32784_880200.png', 'name': '200 L'}]"
https://eurolub.com/en/oelbinder-plus-feinkorn-p4419/,Oil Absorbent PLUS (Fine Grain),814XXX,['https://eurolub.com/userdata/dcshop/images/thumb_3/176385_814xxx.png'],"['<p>Absorbs liquids of all kinds on any type of solid surface. Even if fully saturated, the absorbing pellets ensure that the surface will remain perfectly skid-proof.</p>']",[],"[{'sku': '814020', 'image': 'https://eurolub.com/userdata/dcshop/images/thumb_2/7988_814020.png', 'name': '20 KG'}]"
https://eurolub.com/en/oelbinder-universal-grobkorn-p4401/,Oil Absorbent UNIVERSAL (Coarse Grain),804XXX,['https://eurolub.com/userdata/dcshop/images/thumb_3/672087_804xxx.png'],"['<p>Absorbs liquids of all kinds on any type of solid surface. Even if fully saturated, the absorbing pellets ensure that the surface will remain perfectly skid-proof.</p>']",[],"[{'sku': '804020', 'image': 'https://eurolub.com/userdata/dcshop/images/thumb_2/780817_804020.png', 'name': '20 KG'}]"
https://eurolub.com/en/oelfleckentferner-p4422/,Oil Stain Remover,815XXX,['https://eurolub.com/userdata/dcshop/images/thumb_3/961035_815xxx.png'],[],[],"[{'sku': '815005', 'image': 'https://eurolub.com/userdata/dcshop/images/thumb_2/42108_815500.png', 'name': '5 L'}, {'sku': '815500', 'image': 'https://eurolub.com/userdata/dcshop/images/thumb_2/156525_815500.png', 'name': '500 ml'}]"
https://eurolub.com/en/adbluec2ae-p4488/,ADBLUE - Diesel Exhaust Fluid (DEF),845XXX,['https://eurolub.com/userdata/dcshop/images/thumb_3/554443_845xxx.png'],['<p>For exhaust post-treatment of diesel engines with SCR technology.</p>'],['<li>ISO 22241</li>'],"[{'sku': '845005', 'image': 'https://eurolub.com/userdata/dcshop/images/thumb_2/959105_845005.png', 'name': '5 L'}, {'sku': '845010', 'image': 'https://eurolub.com/userdata/dcshop/images/thumb_2/707238_845010.png', 'name': '10 L'}, {'sku': '845020', 'image': 'https://eurolub.com/userdata/dcshop/images/thumb_2/70085_845020.png', 'name': '20 L'}, {'sku': '845060', 'image': 'https://eurolub.com/userdata/dcshop/images/thumb_2/549609_845060.png', 'name': '60 L'}, {'sku': '845208', 'image': 'https://eurolub.com/userdata/dcshop/images/thumb_2/209786_845208.png', 'name': '208 L'}, {'sku': '845100', 'image': 'https://eurolub.com/userdata/dcshop/images/thumb_2/224895_211100.png', 'name': '1000 Liter'}]"
https://eurolub.com/en/eap-510-scr-anti-crystal-for-adblue-250-ml-p4629/,EAP 510 SCR Anti-Crystal for AdBlue - 250 ml,5701,['https://eurolub.com/userdata/dcshop/images/thumb_3/683915_005701.png'],['<p>Highly effective solution to preventncrystallization of AdBlue®.</p>'],[],"[{'sku': '', 'image': '', 'name': ''}]"
https://eurolub.com/en/eap-1112b-engine-and-transmission-flush-300-ml-p3561/,EAP 111+ Engine and Transmission Flush - 300 ml,5564,['https://eurolub.com/userdata/dcshop/images/thumb_3/253317_005564.png'],['<p>High performance cleaner for all petrol and diesel engines as well as for manual transmissions and differentials.</p>'],[],"[{'sku': '', 'image': '', 'name': ''}]"
https://eurolub.com/en/eap-220-fuel-injection-system-cleaner-300-ml-p3544/,EAP 220 Fuel & Injection System Cleaner - 300 ml,3737,['https://eurolub.com/userdata/dcshop/images/thumb_3/490306_003737.jpg'],['<p>For optimal cleanliness of the entire fuel system. For 2- and 4-stroke petrol engines. Decomposes existing residues and prevents new formation. Improves engine performance and increases compression. (Suitable for catalytic converters).</p>'],[],"[{'sku': '', 'image': '', 'name': ''}]"
https://eurolub.com/en/eap-330-diesel-system-cleaner-300-ml-p3563/,EAP 330 Diesel-System Cleaner 300 ml,5584,['https://eurolub.com/userdata/dcshop/images/thumb_3/486359_005584.png'],['<p>EAP 330 DIESELSYSTEMREINIGER has specifically been developed for all high pressure direct injection diesel engines with common rail or pump injector. This high technology product is designed to meet the exacting standards of latest diesel systems and</p>'],[],"[{'sku': '', 'image': '', 'name': ''}]"
https://eurolub.com/en/eap-310-dpf-protection-cleaner-300-ml-p3559/,EAP 310 DPF Protection & Cleaner - 300 ml,5540,['https://eurolub.com/userdata/dcshop/images/thumb_3/677539_005540.png'],"['<p>Highly effective additive for soot reduction in all diesel engines (also without DPF). Especially for increased short-distance driving, in city traffic or with high stress. Improves combustion, cleans injectors and valves.</p>']",[],"[{'sku': '', 'image': '', 'name': ''}]"
https://eurolub.com/en/eap-141-ceramic-engine-protection-300-ml-p4628/,EAP 141 Ceramic Engine Protection - 300 ml,5614,['https://eurolub.com/userdata/dcshop/images/thumb_3/421430_005614.png'],"['<p>EAP 141 MOTORINNENSCHUTZ creates a highly active nano barrier in the oil which protects all the internal surfaces of engines and equipment such as oil system, manual gearboxes and differentials. Seals, o-rings and shaft seals are kept supple. Improve</p>']",[],"[{'sku': '', 'image': '', 'name': ''}]"
https://eurolub.com/en/eap-120-oil-leak-stop-300-ml-p3558/,EAP 120 Oil Leak Stop - 300 ml,5533,['https://eurolub.com/userdata/dcshop/images/thumb_3/54207_005533.png'],"['<p>Reduces oil consumption by sealing smaller leaks in plastic and rubber seals. For use between oil changes, for all gasoline and diesel engines.</p>']",[],"[{'sku': '', 'image': '', 'name': ''}]"
https://eurolub.com/en/eap-140-engine-protection-300-ml-p3562/,EAP 140 Engine Protection - 300 ml,5571,['https://eurolub.com/userdata/dcshop/images/thumb_3/37524_005571.png'],"['<p>EAP 140 MOTORINNENSCHUTZ creates a highly active nano barrier in the oil which protects all the internal surfaces of engines and equipment such as oil system, manual gearboxes and differentials. Seals, o-rings and shaft seals are kept supple. Improve</p>']",[],"[{'sku': '', 'image': '', 'name': ''}]"
https://eurolub.com/en/eap-210-octane-boost-300-ml-p3557/,EAP 210 Octane Boost - 300 ml,5526,['https://eurolub.com/userdata/dcshop/images/thumb_3/915668_005526.png'],"['<p>Gasoline additive for stabilizing and improving the octane number. Reduces ringing, knocking and after-running, especially on older and stressed engines. Improves cold start behavior and prevents ""after-diesel"". Suitable for all petrol engines.</p>']",[],"[{'sku': '', 'image': '', 'name': ''}]"
https://eurolub.com/en/bremsenreiniger-p3619/,Brake Cleaner,1001267X,['https://eurolub.com/userdata/dcshop/images/thumb_3/515551_1001267x.png'],"['<p>Due to its balanced combination of special solvents, the product has excellent cleaning and degreasing properties and is suitable due to its high rate of evaporation for timesaving cleaning and degreasing of all brake and clutch parts. Also developed</p>']",[],"[{'sku': '10012672', 'image': 'https://eurolub.com/userdata/dcshop/images/thumb_2/599670_10012672.png', 'name': '5 L'}, {'sku': '10012678', 'image': 'https://eurolub.com/userdata/dcshop/images/thumb_2/896026_10012678.png', 'name': '20 L'}, {'sku': '10012674', 'image': 'https://eurolub.com/userdata/dcshop/images/thumb_2/296232_10012674.png', 'name': '60 L'}, {'sku': '003799', 'image': 'https://eurolub.com/userdata/dcshop/images/thumb_2/170327_003799.png', 'name': '600 ml'}]"
https://eurolub.com/en/motorkaltreiniger-p3537,Cold Engine Cleaner,0022XX,['https://eurolub.com/userdata/dcshop/images/thumb_3/524824_22xx.png'],"['<p>Highly active, water-miscible cleaner for engines, machines and tools. Removes oil and grease stains.</p>']",[],"[{'sku': '002280', 'image': 'https://eurolub.com/userdata/dcshop/images/thumb_2/46207_002280.png', 'name': '1 L'}, {'sku': '002273', 'image': 'https://eurolub.com/userdata/dcshop/images/thumb_2/524805_002273.png', 'name': '5 L'}]"
https://eurolub.com/en/mos2-lubricating-and-penetrating-oil-400-ml-p3534/,MOS2 LUBRICATING AND PENETRATING OIL- 400 ml,2235,['https://eurolub.com/userdata/dcshop/images/thumb_3/182814_002235.png'],"['<p>Water displacing spray oil to facilitate of solving stuck, corroded connections; contact spray for the ignition system.</p>']",[],"[{'sku': '', 'image': '', 'name': ''}]"
https://eurolub.com/en/chain-spray-400-ml-p3543/,CHAIN SPRAY - 400 ml,3720,['https://eurolub.com/userdata/dcshop/images/thumb_3/731055_003720.png'],"['<p>For motorcycles, bicycles, mopeds. Lubrication of X- and O-ring chains, industrial chains, wire ropes, open gears, etc. Lubricates, protects, preserves.</p>']",[],"[{'sku': '', 'image': '', 'name': ''}]"
https://eurolub.com/en/super-rust-remover-400-ml-p3522/,SUPER RUST REMOVER - 400 ml,422,['https://eurolub.com/userdata/dcshop/images/thumb_3/780961_000422.png'],"['<p>Especially applicable where screws, nuts, bolts, cotter pins or other moving parts are stubbornly seized in rust.</p>']",[],"[{'sku': '', 'image': '', 'name': ''}]"
https://eurolub.com/en/engine-impregnation-1-l-p3525/,ENGINE IMPREGNATION - 1 L,569,['https://eurolub.com/userdata/dcshop/images/thumb_3/222221_000569.png'],"['<p>Protects engine block, engine hood, engine compartment as well as rabbets and door edges from rust. Dirty door rails on the car can be cleaned easily without water.</p>']",[],"[{'sku': '', 'image': '', 'name': ''}]"
https://eurolub.com/en/klar-sicht-1-10-sommer-p4426/,Clear Vision 1:10 Summer,817XXX,['https://eurolub.com/userdata/dcshop/images/thumb_3/588119_817xxx.png'],['<p>Window cleaning concentrate. Removes grease and silicone films from the windscreen. Suitable for fan jet nozzles and plastic headlight covers. Mixing ratio 1:10.</p>'],[],"[{'sku': '001955', 'image': 'https://eurolub.com/userdata/dcshop/images/thumb_2/931174_001955.png', 'name': '1 L'}, {'sku': '817005', 'image': 'https://eurolub.com/userdata/dcshop/images/thumb_2/372255_817005.png', 'name': '5 L'}, {'sku': '001108', 'image': 'https://eurolub.com/userdata/dcshop/images/thumb_2/753437_001108.png', 'name': '25 L'}, {'sku': '002198', 'image': 'https://eurolub.com/userdata/dcshop/images/thumb_2/816322_002198.png', 'name': '60 L'}, {'sku': '817208', 'image': 'https://eurolub.com/userdata/dcshop/images/thumb_2/515076_817208.png', 'name': '208 L'}]"
https://eurolub.com/en/werkstatt-fussbodenreiniger-p3576/,Workshop Floor Cleaner,00XXXX,['https://eurolub.com/userdata/dcshop/images/thumb_3/623161_00xxxx.png'],"['<p>Cleans oil-contaminated workshop floors. Solvent free, sprayable, highly concentrated. Application quantity 0.5 - 1.0 %.</p>']",[],"[{'sku': '005991', 'image': 'https://eurolub.com/userdata/dcshop/images/thumb_2/201004_005991.png', 'name': '5 L'}, {'sku': '002990', 'image': 'https://eurolub.com/userdata/dcshop/images/thumb_2/745766_002990.png', 'name': '30 L'}]"
https://eurolub.com/en/hand-wash-paste-wasch-star-10-l-p3575/,HAND WASH PASTE WASCH-STAR - 10 L,8466,['https://eurolub.com/userdata/dcshop/images/thumb_3/361425_008466.png'],['<p>Pore-deeply cleansing hand washing paste with refatting components for the protection and care of the skin. Dermatologically tested.</p>'],[],"[{'sku': '', 'image': '', 'name': ''}]"
https://eurolub.com/en/foam-cleaner-for-glass-and-upholstery-500-ml-p3531/,FOAM CLEANER FOR GLASS AND UPHOLSTERY - 500 ml,1283,['https://eurolub.com/userdata/dcshop/images/thumb_3/489852_001283.png'],"['<p>For glass, all smooth surfaces and color-fast textiles, e.g. upholstery, canopies, interior door panels, etc.</p>']",[],"[{'sku': '', 'image': '', 'name': ''}]"
https://eurolub.com/en/klar-sicht-rtu-sommer-p4428/,Clear Vision RTU Summer,818XXX,['https://eurolub.com/userdata/dcshop/images/thumb_3/175108_818xxx.png'],"['<p>Klar Sicht Sommer RTU completely removes insect debris from the windshield and dissolves dirt deposits such as oils, greases, spray waxes and silicones.nIt ensures streak-free windows, is glare-free and thus increases your driving safety.</p>']",[],"[{'sku': '818005', 'image': 'https://eurolub.com/userdata/dcshop/images/thumb_2/964411_818005.png', 'name': '5 L'}]"
https://eurolub.com/en/eurowipes-cleansing-wipes-80-wipes-p4630/,EUROWIPES CLEANSING WIPES 80 WIPES,117000,['https://eurolub.com/userdata/dcshop/images/thumb_3/529468_117000.png'],['<p>Cleansing wipes for thorough removal of dirt.</p>'],[],"[{'sku': '', 'image': '', 'name': ''}]"
https://eurolub.com/en/autoshampoo-p3528/,AUTOSHAMPOO,000XXX,['https://eurolub.com/userdata/dcshop/images/thumb_3/277226_000xxx.png'],['<p>Concentrated car shampoo for brush car washes and hand wash. Keeps the brushes clean. The contained surfactants are biodegradable. Application quantity 0.1 - 0.4 %.</p>'],[],"[{'sku': '000514', 'image': 'https://eurolub.com/userdata/dcshop/images/thumb_2/601704_000514.png', 'name': '5 L'}, {'sku': '000309', 'image': 'https://eurolub.com/userdata/dcshop/images/thumb_2/28736_000309.png', 'name': '30 L'}]"
https://eurolub.com/en/destilliertes-wasser-p4435/,Distilled Water,819XXX,['https://eurolub.com/userdata/dcshop/images/thumb_3/994438_819xxx.png'],['<p>Distilled water was demineralized by reverse osmosis and is therefore free of solutes and is suitable for all applications where pure water is needed suitable.</p>'],[],"[{'sku': '819002', 'image': 'https://eurolub.com/userdata/dcshop/images/thumb_2/832339_819002.png', 'name': '2 L'}, {'sku': '819005', 'image': 'https://eurolub.com/userdata/dcshop/images/thumb_2/103164_819005.png', 'name': '5 L'}, {'sku': '819025', 'image': 'https://eurolub.com/userdata/dcshop/images/thumb_2/336136_819025.png', 'name': '25 L'}, {'sku': '819060', 'image': 'https://eurolub.com/userdata/dcshop/images/thumb_2/721651_819060.png', 'name': '60 L'}, {'sku': '819208', 'image': 'https://eurolub.com/userdata/dcshop/images/thumb_2/859540_819208.png', 'name': '208 L'}]"
https://eurolub.com/en/nitroverduennung-p3621/,Nitro Thinner,100126XXN,['https://eurolub.com/userdata/dcshop/images/thumb_3/733759_100126xxn.png'],[],[],"[{'sku': '10012617', 'image': 'https://eurolub.com/userdata/dcshop/images/thumb_2/965185_10012617.png', 'name': '1 L'}, {'sku': '10012619', 'image': 'https://eurolub.com/userdata/dcshop/images/thumb_2/601705_10012619.png', 'name': '6 L'}, {'sku': '10012620', 'image': 'https://eurolub.com/userdata/dcshop/images/thumb_2/126620_10012620.png', 'name': '30 L'}, {'sku': '10012623', 'image': 'https://eurolub.com/userdata/dcshop/images/thumb_2/405858_10012623.png', 'name': '60 L'}, {'sku': '10012625', 'image': 'https://eurolub.com/userdata/dcshop/images/thumb_2/777438_10012625.png', 'name': '200 L'}]"
https://eurolub.com/en/universalverduennung-p3622/,Universal Dilution,100126XXU,['https://eurolub.com/userdata/dcshop/images/thumb_3/248589_10012626.png'],[],[],"[{'sku': '10012626', 'image': 'https://eurolub.com/userdata/dcshop/images/thumb_2/748141_10012626.png', 'name': '1 L'}, {'sku': '10012628', 'image': 'https://eurolub.com/userdata/dcshop/images/thumb_2/385056_10012628.png', 'name': '6 L'}, {'sku': '10012631', 'image': 'https://eurolub.com/userdata/dcshop/images/thumb_2/635436_10012631.png', 'name': '30 L'}, {'sku': '10012633', 'image': 'https://eurolub.com/userdata/dcshop/images/thumb_2/703153_10012633.png', 'name': '60 L'}, {'sku': '10012635', 'image': 'https://eurolub.com/userdata/dcshop/images/thumb_2/90337_10012635.png', 'name': '200 L'}]"
https://eurolub.com/en/kuehlerschutz-d-65-p4459/,Engine Coolant D-65,835XXX,['https://eurolub.com/userdata/dcshop/images/thumb_3/792102_835xxx.png'],['<p>Coolant that protects the cooling system by employing organic acid technology in cominbation with silicate.</p>'],"['<li>VW TL 774 Ausf. L</li>', '<li>BMW LC-18</li>', '<li>CUNA NC 956-16</li>', '<li>ASTM D3306</li>', '<li>ASTM D4985</li>', '<li>ASTM D6210</li>', '<li>BS 6580</li>', '<li>JIS K 2234:2006</li>', '<li>SAE J 1034</li>', '<li>DEUTZ CC-14</li>', '<li>*Die gesamte Verwendbarkeit im Datenblatt</li>']","[{'sku': '835015', 'image': 'https://eurolub.com/userdata/dcshop/images/thumb_2/144424_835015.png', 'name': '1,5 L'}, {'sku': '835005', 'image': 'https://eurolub.com/userdata/dcshop/images/thumb_2/459048_835005.png', 'name': '5 L'}, {'sku': '835020', 'image': 'https://eurolub.com/userdata/dcshop/images/thumb_2/36139_835020.png', 'name': '20 L'}, {'sku': '835060', 'image': 'https://eurolub.com/userdata/dcshop/images/thumb_2/856611_835060.png', 'name': '60 L'}, {'sku': '835208', 'image': 'https://eurolub.com/userdata/dcshop/images/thumb_2/673803_835208.png', 'name': '208 L'}, {'sku': '835100', 'image': 'https://eurolub.com/userdata/dcshop/images/thumb_2/82120_835100.png', 'name': '1000 L'}]"
https://eurolub.com/en/kuehlerschutz-d-48-extra-p4466/,Engine Coolant D-48 EXTRA,836XXX,['https://eurolub.com/userdata/dcshop/images/thumb_3/23673_836xxx.png'],[],"['<li>VW TL 774 Ausf. C</li>', '<li>DTFR 29C100 (325.0)</li>', '<li>MAN 324 Typ NF</li>', '<li>MAN 324 Typ NF Pritarder</li>', '<li>BMW LC-87</li>', '<li>Jenbacher TA-Nr. 1000-0201</li>', '<li>Liebherr Minimum LH-00-COL3A</li>', '<li>B 040 0240</li>', '<li>MTU MTL 5048</li>', '<li>Saab 6901599</li>', '<li>AS 2108</li>', '<li>AFNOR NFR 15-601</li>', '<li>ASTM D3306</li>', '<li>ASTM D4985</li>', '<li>BS 6580</li>', '<li>Jenbacher TA-Nr. 1000-0200</li>', '<li>SAE J 1034</li>']","[{'sku': '836015', 'image': 'https://eurolub.com/userdata/dcshop/images/thumb_2/118734_836015.png', 'name': '1,5 L'}, {'sku': '836005', 'image': 'https://eurolub.com/userdata/dcshop/images/thumb_2/726506_836005.png', 'name': '5 L'}, {'sku': '836020', 'image': 'https://eurolub.com/userdata/dcshop/images/thumb_2/526322_836020.png', 'name': '20 L'}, {'sku': '836060', 'image': 'https://eurolub.com/userdata/dcshop/images/thumb_2/171545_836060.png', 'name': '60 L'}, {'sku': '836208', 'image': 'https://eurolub.com/userdata/dcshop/images/thumb_2/360296_836208.png', 'name': '208 L'}, {'sku': '836100', 'image': 'https://eurolub.com/userdata/dcshop/images/thumb_2/542479_836100.png', 'name': '1000 L'}]"
https://eurolub.com/en/kuehlerschutz-d-30-p4449/,Engine Coolant D-30,821XXX,['https://eurolub.com/userdata/dcshop/images/thumb_3/957753_821xxx.png'],[],"['<li>VW TL 774 Ausf. F</li>', '<li>MAN 324 Typ SNF</li>', '<li>DTFR 29C110 (325.3)</li>', '<li>DAF 74002</li>', '<li>Renault 41-01-001</li>', '<li>AFNOR NFR 15-601</li>', '<li>AS 2108</li>', '<li>ASTM D3306</li>', '<li>ASTM D4656</li>', '<li>ASTM D4985</li>', '<li>BS 6580</li>', '<li>CUNA NC 956-16</li>', '<li>FVV Heft R443</li>', '<li>UNE 26361-88</li>', '<li>SAE J 1034</li>']","[{'sku': '821015', 'image': 'https://eurolub.com/userdata/dcshop/images/thumb_2/469556_821015.png', 'name': '1,5 L'}, {'sku': '821005', 'image': 'https://eurolub.com/userdata/dcshop/images/thumb_2/348604_821005.png', 'name': '5 L'}, {'sku': '821020', 'image': 'https://eurolub.com/userdata/dcshop/images/thumb_2/395022_821020.png', 'name': '20 L'}, {'sku': '821060', 'image': 'https://eurolub.com/userdata/dcshop/images/thumb_2/550443_821060.png', 'name': '60 L'}, {'sku': '821208', 'image': 'https://eurolub.com/userdata/dcshop/images/thumb_2/992394_821208.png', 'name': '208 L'}, {'sku': '821100', 'image': 'https://eurolub.com/userdata/dcshop/images/thumb_2/627966_821100.png', 'name': '1000 L'}]"
https://eurolub.com/en/kuehlerschutz-d-40-super-p4457/,Engine Coolant D-40 SUPER,834XXX,['https://eurolub.com/userdata/dcshop/images/thumb_3/498202_834xxx.png'],[],"['<li>VW TL 774 Ausf. G</li>', '<li>CUMMINS CES 14603</li>', '<li>DTFR 29C120 (325.5)</li>', '<li>MB 325.6</li>', '<li>MAN 324 Typ Si-OAT</li>', '<li>DEUTZ CC-14</li>', '<li>Liebherr Minimum LH-01-COL3A</li>', '<li>AFNOR NFR 15-601</li>', '<li>AS 2108</li>', '<li>ASTM D3306</li>', '<li>ASTM D4656</li>', '<li>ASTM D4985</li>', '<li>SAE J 1034</li>', '<li>BS 6580</li>', '<li>CUNA NC 956-16</li>', '<li>UNE 26361-88</li>', '<li>JIS K 2234:2006</li>', '<li>China GB 29743-2013</li>', '<li>Nato S 759</li>', '<li>MTU MTL 5048</li>', '<li>SANS 1251:2005</li>', '<li>SH 0521-1999</li>']","[{'sku': '834015', 'image': 'https://eurolub.com/userdata/dcshop/images/thumb_2/245495_834015.png', 'name': '1,5 L'}, {'sku': '834005', 'image': 'https://eurolub.com/userdata/dcshop/images/thumb_2/700355_834005.png', 'name': '5 L'}, {'sku': '834020', 'image': 'https://eurolub.com/userdata/dcshop/images/thumb_2/385243_834020.png', 'name': '20 L'}, {'sku': '834060', 'image': 'https://eurolub.com/userdata/dcshop/images/thumb_2/536989_834060.png', 'name': '60 L'}, {'sku': '834208', 'image': 'https://eurolub.com/userdata/dcshop/images/thumb_2/20369_834208.png', 'name': '208 L'}, {'sku': '834100', 'image': 'https://eurolub.com/userdata/dcshop/images/thumb_2/464927_834100.png', 'name': '1000 L'}]"
https://eurolub.com/en/kuehlerschutz-ready-mix-universal-rtu-p4450/,Engine Coolant READY-MIX UNIVERSAL RTU,832XXX,['https://eurolub.com/userdata/dcshop/images/thumb_3/998127_832xxx.png'],['<p>READY TO USE COOLANT FOR ALL MODELS.</p>'],"['<li>AFNOR NFR 15-601</li>', '<li>ASTM D3306</li>', '<li>BMW N600.69.0</li>', '<li>BS 6580</li>', '<li>PSA B71 5110</li>', '<li>CUNA NC 956-16</li>', '<li>Ford WSS-M97B44D</li>', '<li>B 040 0240</li>', '<li>STJLR.651.5003</li>', '<li>MB 326.0</li>', '<li>MB 326.2</li>', '<li>MB 326.3</li>', '<li>MB 326.5</li>', '<li>MB 326.6</li>', '<li>GM 6277M</li>', '<li>Renault RX Typ D</li>', '<li>VW TL 774 Ausf. C</li>', '<li>VW TL 774 Ausf. D</li>', '<li>VW TL 774 Ausf. F</li>', '<li>VW TL 774 Ausf. G</li>', '<li>VW TL 774 Ausf. J</li>', '<li>SAE J 1034</li>', '<li>Honda Type 2</li>', '<li>Saab 6901599</li>']","[{'sku': '832001', 'image': 'https://eurolub.com/userdata/dcshop/images/thumb_2/894800_832001.png', 'name': '1 L'}, {'sku': '832100', 'image': 'https://eurolub.com/userdata/dcshop/images/thumb_2/229855_836100.png', 'name': '1.000 L'}, {'sku': '832004', 'image': 'https://eurolub.com/userdata/dcshop/images/thumb_2/740549_832004.png', 'name': '4 L'}, {'sku': '832020', 'image': 'https://eurolub.com/userdata/dcshop/images/thumb_2/82974_832020.png', 'name': '20 L'}, {'sku': '832060', 'image': 'https://eurolub.com/userdata/dcshop/images/thumb_2/349767_832060.png', 'name': '60 L'}, {'sku': '832208', 'image': 'https://eurolub.com/userdata/dcshop/images/thumb_2/545048_832208.png', 'name': '208 L'}]"
https://eurolub.com/en/kuehlerschutz-anf-p4442/,Engine Coolant ANF,820XXX,['https://eurolub.com/userdata/dcshop/images/thumb_3/753370_820xxx.png'],[],"['<li>BS 6580</li>', '<li>AFNOR NFR 15-601</li>', '<li>AS 2108</li>', '<li>CUNA NC 956-16</li>', '<li>UNE 26361-88</li>', '<li>ASTM D3306</li>', '<li>SAE J 1034</li>']","[{'sku': '820015', 'image': 'https://eurolub.com/userdata/dcshop/images/thumb_2/284044_820015.png', 'name': '1,5 L'}, {'sku': '820005', 'image': 'https://eurolub.com/userdata/dcshop/images/thumb_2/825280_820005.png', 'name': '5 L'}, {'sku': '820020', 'image': 'https://eurolub.com/userdata/dcshop/images/thumb_2/633908_820020.png', 'name': '20 L'}, {'sku': '820060', 'image': 'https://eurolub.com/userdata/dcshop/images/thumb_2/930495_820060.png', 'name': '60 L'}, {'sku': '820208', 'image': 'https://eurolub.com/userdata/dcshop/images/thumb_2/782373_820208.png', 'name': '208 L'}, {'sku': '820100', 'image': 'https://eurolub.com/userdata/dcshop/images/thumb_2/575607_820100.png', 'name': '1000 L'}]"
https://eurolub.com/en/klare-sicht-winter-Concentrate-p4399/,Clear Vision Winter Concentrate,803XXX,['https://eurolub.com/userdata/dcshop/images/thumb_3/385069_803xxx.png'],[],[],"[{'sku': '803001', 'image': 'https://eurolub.com/userdata/dcshop/images/thumb_2/671223_803001.png', 'name': '1 L'}, {'sku': '803005', 'image': 'https://eurolub.com/userdata/dcshop/images/thumb_2/107957_803005.png', 'name': '5 L'}, {'sku': '803025', 'image': 'https://eurolub.com/userdata/dcshop/images/thumb_2/872630_803025.png', 'name': '25 L'}, {'sku': '803060', 'image': 'https://eurolub.com/userdata/dcshop/images/thumb_2/245829_803060.png', 'name': '60 L'}, {'sku': '803208', 'image': 'https://eurolub.com/userdata/dcshop/images/thumb_2/89749_803208.png', 'name': '208 L'}, {'sku': '803100', 'image': 'https://eurolub.com/userdata/dcshop/images/thumb_2/646115_803100.png', 'name': '1000 L'}]"
https://eurolub.com/en/scheibenenteiser-p4417/,Windshield De-Icer,813XXX,['https://eurolub.com/userdata/dcshop/images/thumb_3/465065_813xxx.png'],[],[],"[{'sku': '813750', 'image': 'https://eurolub.com/userdata/dcshop/images/thumb_2/700995_813750.png', 'name': '750 ml'}]"
https://eurolub.com/en/scheibenfrostschutz-fertigm-20-radc-p3623/,Windshield Frost Protection Ready-Mix -20°C,10012XXX,['https://eurolub.com/userdata/dcshop/images/thumb_3/513429_10012449.png'],[],[],"[{'sku': '10012449', 'image': 'https://eurolub.com/userdata/dcshop/images/thumb_2/727317_10012449.png', 'name': '3 L'}, {'sku': '10012450', 'image': 'https://eurolub.com/userdata/dcshop/images/thumb_2/141211_10012450.png', 'name': '5 L'}, {'sku': '10012456', 'image': 'https://eurolub.com/userdata/dcshop/images/thumb_2/513429_10012449.png', 'name': 'SCHEIBENFROSTSCHUTZ Fertigm. -20°C - 25 L'}, {'sku': '10012454', 'image': 'https://eurolub.com/userdata/dcshop/images/thumb_2/513429_10012449.png', 'name': 'SCHEIBENFROSTSCHUTZ Fertigm. -20°C - 60 L'}, {'sku': '10012455', 'image': 'https://eurolub.com/userdata/dcshop/images/thumb_2/428164_10012455.png', 'name': '208 L'}, {'sku': '10012452', 'image': 'https://eurolub.com/userdata/dcshop/images/thumb_2/718417_10012452.png', 'name': '1000 L'}]"
https://eurolub.com/en/klare-sicht-winter-30-radc-p4415/,Clear Vision Winter -30 °C,810XXX,['https://eurolub.com/userdata/dcshop/images/thumb_3/207080_810xxx.png'],[],[],"[{'sku': '10012460', 'image': 'https://eurolub.com/userdata/dcshop/images/thumb_2/446068_10012460.png', 'name': '5 L'}, {'sku': '810005', 'image': 'https://eurolub.com/userdata/dcshop/images/thumb_2/836192_810005.png', 'name': '5 L'}, {'sku': '810025', 'image': 'https://eurolub.com/userdata/dcshop/images/thumb_2/207080_810xxx.png', 'name': 'KLARE SICHT Winter bis -30°C - 25 L'}, {'sku': '810060', 'image': 'https://eurolub.com/userdata/dcshop/images/thumb_2/207080_810xxx.png', 'name': 'KLARE SICHT Winter bis -30°C - 60 L'}, {'sku': '810208', 'image': 'https://eurolub.com/userdata/dcshop/images/thumb_2/207080_810xxx.png', 'name': 'KLARE SICHT Winter bis -30°C - 208 L'}, {'sku': '810100', 'image': 'https://eurolub.com/userdata/dcshop/images/thumb_2/54811_803100.png', 'name': '1000 L'}]"
https://eurolub.com/en/klare-sicht-winter-18-radc-vbf-Free-p4412/,Clear Vision Winter -18°C - VbF Free,808XXX,['https://eurolub.com/userdata/dcshop/images/thumb_3/999875_808005.png'],[],[],"[{'sku': '808005', 'image': 'https://eurolub.com/userdata/dcshop/images/thumb_2/128987_808005.png', 'name': '5 L'}]"
https://eurolub.com/en/eap-320-diesel-winterzusatz-p3556/,EAP 320 DIESEL-Winter Additive,004XXX,['https://eurolub.com/userdata/dcshop/images/thumb_3/440975_004xxx.png'],"['<p>Frost protection and combustion chamber cleaner, suitable for summer and winter diesel fuels, as well as heating oil. Diesel winter additive improves the fluidity of diesel fuel in winter. At the same time existing deposits are reduced to the injecti</p>']",[],"[{'sku': '004116', 'image': 'https://eurolub.com/userdata/dcshop/images/thumb_2/173265_004116.png', 'name': '1 L'}, {'sku': '004109', 'image': 'https://eurolub.com/userdata/dcshop/images/thumb_2/953742_004109.png', 'name': '300 ml'}]"
