Handle,Title,Body (HTML),Vendor,Standardized Product Type,Custom Product Type,Tags,Published,Option1 Name,Option1 Value,Option2 Name,Option2 Value,Option3 Name,Option3 Value,Variant SKU,Variant Grams,Variant Inventory Tracker,Variant Inventory Policy,Variant Fulfillment Service,Variant Price,Variant Compare At Price,Variant Requires Shipping,Variant Taxable,Variant Barcode,Image Src,Image Position,Image Alt Text,Gift Card,SEO Title,SEO Description,Google Shopping / Google Product Category,Google Shopping / Gender,Google Shopping / Age Group,Google Shopping / MPN,Google Shopping / AdWords Grouping,Google Shopping / AdWords Labels,Google Shopping / Condition,Google Shopping / Custom Product,Google Shopping / Custom Label 0,Google Shopping / Custom Label 1,Google Shopping / Custom Label 2,Google Shopping / Custom Label 3,Google Shopping / Custom Label 4,Variant Image,Variant Weight Unit,Variant Tax Code,Cost per item,Margins,Price / International,Compare At Price / International,Status
mishimoto-mmaf-3005s-air-filter-elements,Mishimoto MMAF-3005S Air Filter Elements,"<h4><strong>Description</strong></h4><p>This is Mishimoto MMAF-3005S Air Filter Elements</p>        <p>&nbsp;</p><h4>Features</h4><div><strong>Part Type:</strong></div><div>Air Filter Elements</div>        <p>&nbsp;</p>        <h4>Compatibility</h4><p>Feel free to contact us at info@mlperformance.co.uk should you wish to double check!</p>        <p>&nbsp;</p>        <h4>Compatibility Check</h4><p>To ensure the part(s) you have ordered fits your vehicle, we run a compatibility check prior to dispatch. We can do this either using your registration number (UK) or the last 7 digits of your VIN. Simply enter your car details prior to checkout.</p>        <p>&nbsp;</p>        <h4>Part Number</h4><p>MMAF-3005S</p>        <p>&nbsp;</p>        <h4>More Information</h4><p><strong>Manufactured by</strong></p><p>Mishimoto</p>",Mishimoto,,Filters,"Uploaded by_Muazzim, Brand_Mishimoto, MLP Discount 2025, 2025_New Products, Product Type_Filters, Category_Air Filters",TRUE,Title,Default Title,,,,,MMAF-3005S,5000,shopify,continue,manual,74.1,78,TRUE,TRUE,MMAF-3005S,https://static.summitracing.com/global/images/prod/xlarge/mio-mmaf-2756s_xl.jpg,1,Mishimoto MMAF-3005S Air Filter Elements,,Mishimoto MMAF-3005S Air Filter Elements,Get Mishimoto MMAF-3005S Air Filter Elements for your car to get your desired looks and performance from ML Performance at the lowest price with FREE UK shipping & next day delivery on in stock items. Very cheap prices & good service.,,,,MMAF-3005S,,,new,,,,,,,,kg,8708949900,48.75,,,,active
mishimoto-mmaf-3506-air-filter-elements,Mishimoto MMAF-3506 Air Filter Elements,"<h4><strong>Description</strong></h4><p>This is Mishimoto MMAF-3506 Air Filter Elements</p>        <p>&nbsp;</p><h4>Features</h4><div><strong>Part Type:</strong></div><div>Air Filter Elements</div>        <p>&nbsp;</p>        <h4>Compatibility</h4><p>Feel free to contact us at info@mlperformance.co.uk should you wish to double check!</p>        <p>&nbsp;</p>        <h4>Compatibility Check</h4><p>To ensure the part(s) you have ordered fits your vehicle, we run a compatibility check prior to dispatch. We can do this either using your registration number (UK) or the last 7 digits of your VIN. Simply enter your car details prior to checkout.</p>        <p>&nbsp;</p>        <h4>Part Number</h4><p>MMAF-3506</p>        <p>&nbsp;</p>        <h4>More Information</h4><p><strong>Manufactured by</strong></p><p>Mishimoto</p>",Mishimoto,,Filters,"Uploaded by_Muazzim, Brand_Mishimoto, MLP Discount 2025, 2025_New Products, Product Type_Filters, Category_Air Filters",TRUE,Title,Default Title,,,,,MMAF-3506,5000,shopify,continue,manual,57,60,TRUE,TRUE,MMAF-3506,https://static.summitracing.com/global/images/prod/xlarge/mio-mmaf-3506_xl.jpg,1,Mishimoto MMAF-3506 Air Filter Elements,,Mishimoto MMAF-3506 Air Filter Elements,Get Mishimoto MMAF-3506 Air Filter Elements for your car to get your desired looks and performance from ML Performance at the lowest price with FREE UK shipping & next day delivery on in stock items. Very cheap prices & good service.,,,,MMAF-3506,,,new,,,,,,,,kg,8708949900,37.5,,,,active
mishimoto-mmaf-4008-air-filter-elements,Mishimoto MMAF-4008 Air Filter Elements,"<h4><strong>Description</strong></h4><p>This is Mishimoto MMAF-4008 Air Filter Elements</p>        <p>&nbsp;</p><h4>Features</h4><div><strong>Part Type:</strong></div><div>Air Filter Elements</div>        <p>&nbsp;</p>        <h4>Compatibility</h4><p>Feel free to contact us at info@mlperformance.co.uk should you wish to double check!</p>        <p>&nbsp;</p>        <h4>Compatibility Check</h4><p>To ensure the part(s) you have ordered fits your vehicle, we run a compatibility check prior to dispatch. We can do this either using your registration number (UK) or the last 7 digits of your VIN. Simply enter your car details prior to checkout.</p>        <p>&nbsp;</p>        <h4>Part Number</h4><p>MMAF-4008</p>        <p>&nbsp;</p>        <h4>More Information</h4><p><strong>Manufactured by</strong></p><p>Mishimoto</p>",Mishimoto,,Filters,"Uploaded by_Muazzim, Brand_Mishimoto, MLP Discount 2025, 2025_New Products, Product Type_Filters, Category_Air Filters",TRUE,Title,Default Title,,,,,MMAF-4008,5000,shopify,continue,manual,49.02,51.6,TRUE,TRUE,MMAF-4008,soon,1,Mishimoto MMAF-4008 Air Filter Elements,,Mishimoto MMAF-4008 Air Filter Elements,Get Mishimoto MMAF-4008 Air Filter Elements for your car to get your desired looks and performance from ML Performance at the lowest price with FREE UK shipping & next day delivery on in stock items. Very cheap prices & good service.,,,,MMAF-4008,,,new,,,,,,,,kg,8708949900,32.25,,,,active
mishimoto-mmdbh-crf450x-05ktrd-powersports-silicone-hose-kits-for-2005-2013-crf450x,Mishimoto MMDBH-CRF450X-05KTRD Powersports Silicone Hose Kits for 2005-2013 CRF450X,"<h4><strong>Description</strong></h4><p>Mishimoto powersports silicone hose kits are made out of high-grade silicone, combined with heat-resistant embedded fibers, and engineered for a direct OEM fit. These silicone hose kits add function and style to your ride by providing increased pressure tolerances and heat reduction. Plus, they are available in black, blue, red, and green.</p>        <p>&nbsp;</p><h4>Features</h4><div><strong>Part Type:</strong></div><div>Powersports Hose Kits, Cooling System</div><div><strong>Product Line:</strong></div><div>Mishimoto Powersports Silicone Hose Kits</div>        <p>&nbsp;</p>        <h4>Compatibility</h4><p>Feel free to contact us at info@mlperformance.co.uk should you wish to double check!</p>        <p>&nbsp;</p>        <h4>Compatibility Check</h4><p>To ensure the part(s) you have ordered fits your vehicle, we run a compatibility check prior to dispatch. We can do this either using your registration number (UK) or the last 7 digits of your VIN. Simply enter your car details prior to checkout.</p>        <p>&nbsp;</p>        <h4>Part Number</h4><p>MMDBH-CRF450X-05KTRD</p>        <p>&nbsp;</p>        <h4>More Information</h4><p><strong>Manufactured by</strong></p><p>Mishimoto</p>",Mishimoto,,Cooling & Radiator,"Uploaded by_Muazzim, Brand_Mishimoto, MLP Discount 2025, 2025_New Products, Product Type_Cooling & Radiator, Category_Radiator Hose Kit",TRUE,Title,Default Title,,,,,MMDBH-CRF450X-05KTRD,7000,shopify,continue,manual,71.82,75.6,TRUE,TRUE,MMDBH-CRF450X-05KTRD,https://static.summitracing.com/global/images/prod/large/MIO-C450X05KTRD.jpg,1,Mishimoto MMDBH-CRF450X-05KTRD Powersports Silicone Hose Kits for 2005-2013 CRF450X,,Mishimoto MMDBH-CRF450X-05KTRD Powersports Silicone Hose Kits for 2005-2013 CRF450X,Get Mishimoto MMDBH-CRF450X-05KTRD Powersports Silicone Hose Kits for 2005-2013 CRF450X for your car to get your desired looks and performance from ML Performance at the lowest price with FREE UK shipping & next day delivery on in stock items. Very cheap prices & good service.,,,,MMDBH-CRF450X-05KTRD,,,new,,,,,,,,kg,8708949900,47.25,,,,active
mishimoto-mmdbh-ktm2-03bk-powersports-silicone-hose-kits,Mishimoto MMDBH-KTM2-03BK Powersports Silicone Hose Kits,"<h4><strong>Description</strong></h4><p>Mishimoto powersports silicone hose kits are made out of high-grade silicone, combined with heat-resistant embedded fibers, and engineered for a direct OEM fit. These silicone hose kits add function and style to your ride by providing increased pressure tolerances and heat reduction. Plus, they are available in black, blue, red, and green.</p>        <p>&nbsp;</p><h4>Features</h4><div><strong>Part Type:</strong></div><div>Powersports Hose Kits, Cooling System</div><div><strong>Product Line:</strong></div><div>Mishimoto Powersports Silicone Hose Kits</div>        <p>&nbsp;</p>        <h4>Compatibility</h4><p>Feel free to contact us at info@mlperformance.co.uk should you wish to double check!</p>        <p>&nbsp;</p>        <h4>Compatibility Check</h4><p>To ensure the part(s) you have ordered fits your vehicle, we run a compatibility check prior to dispatch. We can do this either using your registration number (UK) or the last 7 digits of your VIN. Simply enter your car details prior to checkout.</p>        <p>&nbsp;</p>        <h4>Part Number</h4><p>MMDBH-KTM2-03BK</p>        <p>&nbsp;</p>        <h4>More Information</h4><p><strong>Manufactured by</strong></p><p>Mishimoto</p>",Mishimoto,,Cooling & Radiator,"Uploaded by_Muazzim, Brand_Mishimoto, MLP Discount 2025, 2025_New Products, Product Type_Cooling & Radiator, Category_Radiator Hose Kit",TRUE,Title,Default Title,,,,,MMDBH-KTM2-03BK,7000,shopify,continue,manual,43.32,45.6,TRUE,TRUE,MMDBH-KTM2-03BK,https://static.summitracing.com/global/images/prod/large/MIO-DBHKTM203BK.jpg,1,Mishimoto MMDBH-KTM2-03BK Powersports Silicone Hose Kits,,Mishimoto MMDBH-KTM2-03BK Powersports Silicone Hose Kits,Get Mishimoto MMDBH-KTM2-03BK Powersports Silicone Hose Kits for your car to get your desired looks and performance from ML Performance at the lowest price with FREE UK shipping & next day delivery on in stock items. Very cheap prices & good service.,,,,MMDBH-KTM2-03BK,,,new,,,,,,,,kg,8708949900,28.5,,,,active
mishimoto-mmdbh-yz450f-00ktbl-powersports-silicone-hose-kits-for-2003-2005-yz450f,Mishimoto MMDBH-YZ450F-00KTBL Powersports Silicone Hose Kits for 2003-2005 YZ450F,"<h4><strong>Description</strong></h4><p>Mishimoto powersports silicone hose kits are made out of high-grade silicone, combined with heat-resistant embedded fibers, and engineered for a direct OEM fit. These silicone hose kits add function and style to your ride by providing increased pressure tolerances and heat reduction. Plus, they are available in black, blue, red, and green.</p>        <p>&nbsp;</p><h4>Features</h4><div><strong>Part Type:</strong></div><div>Powersports Hose Kits, Cooling System</div><div><strong>Product Line:</strong></div><div>Mishimoto Powersports Silicone Hose Kits</div>        <p>&nbsp;</p>        <h4>Compatibility</h4><p>Feel free to contact us at info@mlperformance.co.uk should you wish to double check!</p>        <p>&nbsp;</p>        <h4>Compatibility Check</h4><p>To ensure the part(s) you have ordered fits your vehicle, we run a compatibility check prior to dispatch. We can do this either using your registration number (UK) or the last 7 digits of your VIN. Simply enter your car details prior to checkout.</p>        <p>&nbsp;</p>        <h4>Part Number</h4><p>MMDBH-YZ450F-00KTBL</p>        <p>&nbsp;</p>        <h4>More Information</h4><p><strong>Manufactured by</strong></p><p>Mishimoto</p>",Mishimoto,,Cooling & Radiator,"Uploaded by_Muazzim, Brand_Mishimoto, MLP Discount 2025, 2025_New Products, Product Type_Cooling & Radiator, Category_Radiator Hose Kit",TRUE,Title,Default Title,,,,,MMDBH-YZ450F-00KTBL,7000,shopify,continue,manual,71.82,75.6,TRUE,TRUE,MMDBH-YZ450F-00KTBL,https://static.summitracing.com/global/images/prod/large/MIO-YZ450F00KTBL.jpg,1,Mishimoto MMDBH-YZ450F-00KTBL Powersports Silicone Hose Kits for 2003-2005 YZ450F,,Mishimoto MMDBH-YZ450F-00KTBL Powersports Silicone Hose Kits for 2003-2005 YZ450F,Get Mishimoto MMDBH-YZ450F-00KTBL Powersports Silicone Hose Kits for 2003-2005 YZ450F for your car to get your desired looks and performance from ML Performance at the lowest price with FREE UK shipping & next day delivery on in stock items. Very cheap prices & good service.,,,,MMDBH-YZ450F-00KTBL,,,new,,,,,,,,kg,8708949900,47.25,,,,active
mishimoto-mmdb-ktm4-08rx-performance-radiators,Mishimoto MMDB-KTM4-08RX Performance Radiators,"<h4><strong>Description</strong></h4><p>Mishimoto performance radiators are designed and engineered to maximize cooling efficiency, boost engine functions, and, most of all, protect your engine from overheating. Many stock radiators can't handle the additional heat that comes higher horsepower levels. So, swap out your stock radiator for an all-aluminum Mishimoto.<br>Key features and benefits of Mishimoto performance radiators include:<br>Available for universal and exact fit applications (no cutting or modifications required)<br>All-aluminum construction for optimal heat dissipation, improved strength, and reliability<br>Increased cooling capacity due to their massive core size<br>100 percent brazed aluminum core for minimal distortion, low stress, and clean joints<br>Available in various sizes with 2-row or 3-row cores<br>TIG-welded for clean, strong welds and increased durability<br>Magnetic drain plugs capture metallic debris or fragments<br>Included high-pressure 1.3 bar cap raises the coolant boiling point for greater safety and efficiency<br>Automatic transmission and accessory coolers included where applicable<br></p>        <p>&nbsp;</p><h4>Features</h4><div><strong>Part Type:</strong></div><div>Radiators</div><div><strong>Product Line:</strong></div><div>Mishimoto Performance Radiators</div>        <p>&nbsp;</p>        <h4>Compatibility</h4><p>Feel free to contact us at info@mlperformance.co.uk should you wish to double check!</p>        <p>&nbsp;</p>        <h4>Compatibility Check</h4><p>To ensure the part(s) you have ordered fits your vehicle, we run a compatibility check prior to dispatch. We can do this either using your registration number (UK) or the last 7 digits of your VIN. Simply enter your car details prior to checkout.</p>        <p>&nbsp;</p>        <h4>Part Number</h4><p>MMDB-KTM4-08RX</p>        <p>&nbsp;</p>        <h4>More Information</h4><p><strong>Manufactured by</strong></p><p>Mishimoto</p>",Mishimoto,,Cooling & Radiator,"Uploaded by_Muazzim, Brand_Mishimoto, MLP Discount 2025, 2025_New Products, Product Type_Cooling & Radiator, Category_Radiators",TRUE,Title,Default Title,,,,,MMDB-KTM4-08RX,25000,shopify,continue,manual,125.4,132,TRUE,TRUE,MMDB-KTM4-08RX,https://static.summitracing.com/global/images/prod/xlarge/mio-mmdbktm408rx_xl.jpg,1,Mishimoto MMDB-KTM4-08RX Performance Radiators,,Mishimoto MMDB-KTM4-08RX Performance Radiators,Get Mishimoto MMDB-KTM4-08RX Performance Radiators for your car to get your desired looks and performance from ML Performance at the lowest price with FREE UK shipping & next day delivery on in stock items. Very cheap prices & good service.,,,,MMDB-KTM4-08RX,,,new,,,,,,,,kg,8708949900,82.5,,,,active
mishimoto-mmdb-ktm4-08rx-performance-radiators,,,,,,,,,,,,,,,,,,,,,,,,https://static.summitracing.com/global/images/prod/xlarge/mio-mmdbktm408rx_uj_xl.jpg,2,Mishimoto MMDB-KTM4-08RX Performance Radiators,,,,,,,,,,,,,,,,,,,,,,,,
mishimoto-mmdb-ktm4-08rx-performance-radiators,,,,,,,,,,,,,,,,,,,,,,,,https://static.summitracing.com/global/images/prod/xlarge/mio-mmdbktm408rx_cc_xl.jpg,3,Mishimoto MMDB-KTM4-08RX Performance Radiators,,,,,,,,,,,,,,,,,,,,,,,,
mishimoto-mmdb-ktm4-08rx-performance-radiators,,,,,,,,,,,,,,,,,,,,,,,,https://static.summitracing.com/global/images/prod/xlarge/mio-mmdbktm408rx_md_xl.jpg,4,Mishimoto MMDB-KTM4-08RX Performance Radiators,,,,,,,,,,,,,,,,,,,,,,,,
mishimoto-mmdb-ktm4-08rx-performance-radiators,,,,,,,,,,,,,,,,,,,,,,,,https://static.summitracing.com/global/images/prod/xlarge/mio-mmdbktm408rx_eu_xl.jpg,5,Mishimoto MMDB-KTM4-08RX Performance Radiators,,,,,,,,,,,,,,,,,,,,,,,,
mishimoto-mmdb-ktm4-08rx-performance-radiators,,,,,,,,,,,,,,,,,,,,,,,,https://static.summitracing.com/global/images/prod/xlarge/mio-mmdbktm408rx_fy_xl.jpg,6,Mishimoto MMDB-KTM4-08RX Performance Radiators,,,,,,,,,,,,,,,,,,,,,,,,
mishimoto-mmdb-rmz250-10rx-powersports-x-braced-radiators-for-2010-2012-rmz250,Mishimoto MMDB-RMZ250-10RX Powersports X-Braced Radiators for 2010-2012 RMZ250,"<h4><strong>Description</strong></h4><p>Protect your cooling systems with the strength of Mishimoto powersports X-Braced radiators. Made with 100 percent brazed aluminum cores that allow for 25 percent greater cooling capacity, powersports X-Braced radiators from Mishimoto are carefully designed for a clean OEM fit. These precision TIG-welded assemblies' built-in corner bracing results in radiators that are five times stronger than stock. Keep it cool with ruggedly durable Mishimoto powersports X-Braced radiators.</p>        <p>&nbsp;</p><h4>Features</h4><div><strong>Part Type:</strong></div><div>Radiators</div><div><strong>Product Line:</strong></div><div>Mishimoto Powersports X-Braced Radiators</div>        <p>&nbsp;</p>        <h4>Compatibility</h4><p>Feel free to contact us at info@mlperformance.co.uk should you wish to double check!</p>        <p>&nbsp;</p>        <h4>Compatibility Check</h4><p>To ensure the part(s) you have ordered fits your vehicle, we run a compatibility check prior to dispatch. We can do this either using your registration number (UK) or the last 7 digits of your VIN. Simply enter your car details prior to checkout.</p>        <p>&nbsp;</p>        <h4>Part Number</h4><p>MMDB-RMZ250-10RX</p>        <p>&nbsp;</p>        <h4>More Information</h4><p><strong>Manufactured by</strong></p><p>Mishimoto</p>",Mishimoto,,Cooling & Radiator,"Uploaded by_Muazzim, Brand_Mishimoto, MLP Discount 2025, 2025_New Products, Product Type_Cooling & Radiator, Category_Radiators",TRUE,Title,Default Title,,,,,MMDB-RMZ250-10RX,25000,shopify,continue,manual,125.4,132,TRUE,TRUE,MMDB-RMZ250-10RX,https://static.summitracing.com/global/images/prod/xlarge/mio-dbrmz25010rx_xl.jpg,1,Mishimoto MMDB-RMZ250-10RX Powersports X-Braced Radiators for 2010-2012 RMZ250,,Mishimoto MMDB-RMZ250-10RX Powersports X-Braced Radiators for 2010-2012 RMZ250,Get Mishimoto MMDB-RMZ250-10RX Powersports X-Braced Radiators for 2010-2012 RMZ250 for your car to get your desired looks and performance from ML Performance at the lowest price with FREE UK shipping & next day delivery on in stock items. Very cheap prices & good service.,,,,MMDB-RMZ250-10RX,,,new,,,,,,,,kg,8708949900,82.5,,,,active
mishimoto-mmdb-rmz450-05lx-powersports-x-braced-radiators-for-2005-2007-rmz450,Mishimoto MMDB-RMZ450-05LX Powersports X-Braced Radiators for 2005-2007 RMZ450,"<h4><strong>Description</strong></h4><p>Protect your cooling systems with the strength of Mishimoto powersports X-Braced radiators. Made with 100 percent brazed aluminum cores that allow for 25 percent greater cooling capacity, powersports X-Braced radiators from Mishimoto are carefully designed for a clean OEM fit. These precision TIG-welded assemblies' built-in corner bracing results in radiators that are five times stronger than stock. Keep it cool with ruggedly durable Mishimoto powersports X-Braced radiators.</p>        <p>&nbsp;</p><h4>Features</h4><div><strong>Part Type:</strong></div><div>Radiators</div><div><strong>Product Line:</strong></div><div>Mishimoto Powersports X-Braced Radiators</div>        <p>&nbsp;</p>        <h4>Compatibility</h4><p>Feel free to contact us at info@mlperformance.co.uk should you wish to double check!</p>        <p>&nbsp;</p>        <h4>Compatibility Check</h4><p>To ensure the part(s) you have ordered fits your vehicle, we run a compatibility check prior to dispatch. We can do this either using your registration number (UK) or the last 7 digits of your VIN. Simply enter your car details prior to checkout.</p>        <p>&nbsp;</p>        <h4>Part Number</h4><p>MMDB-RMZ450-05LX</p>        <p>&nbsp;</p>        <h4>More Information</h4><p><strong>Manufactured by</strong></p><p>Mishimoto</p>",Mishimoto,,Cooling & Radiator,"Uploaded by_Muazzim, Brand_Mishimoto, MLP Discount 2025, 2025_New Products, Product Type_Cooling & Radiator, Category_Radiators",TRUE,Title,Default Title,,,,,MMDB-RMZ450-05LX,25000,shopify,continue,manual,125.4,132,TRUE,TRUE,MMDB-RMZ450-05LX,https://static.summitracing.com/global/images/prod/xlarge/mio-dbrmz45005lx_mf_xl.jpg,1,Mishimoto MMDB-RMZ450-05LX Powersports X-Braced Radiators for 2005-2007 RMZ450,,Mishimoto MMDB-RMZ450-05LX Powersports X-Braced Radiators for 2005-2007 RMZ450,Get Mishimoto MMDB-RMZ450-05LX Powersports X-Braced Radiators for 2005-2007 RMZ450 for your car to get your desired looks and performance from ML Performance at the lowest price with FREE UK shipping & next day delivery on in stock items. Very cheap prices & good service.,,,,MMDB-RMZ450-05LX,,,new,,,,,,,,kg,8708949900,82.5,,,,active
mishimoto-mmdb-rmz450-05lx-powersports-x-braced-radiators-for-2005-2007-rmz450,,,,,,,,,,,,,,,,,,,,,,,,https://static.summitracing.com/global/images/prod/xlarge/mio-dbrmz45005lx_xl.jpg,2,Mishimoto MMDB-RMZ450-05LX Powersports X-Braced Radiators for 2005-2007 RMZ450,,,,,,,,,,,,,,,,,,,,,,,,
mishimoto-mmdb-rmz450-05lx-powersports-x-braced-radiators-for-2005-2007-rmz450,,,,,,,,,,,,,,,,,,,,,,,,https://static.summitracing.com/global/images/prod/xlarge/mio-dbrmz45005lx_bj_xl.jpg,3,Mishimoto MMDB-RMZ450-05LX Powersports X-Braced Radiators for 2005-2007 RMZ450,,,,,,,,,,,,,,,,,,,,,,,,
mishimoto-mmdb-rmz450-05lx-powersports-x-braced-radiators-for-2005-2007-rmz450,,,,,,,,,,,,,,,,,,,,,,,,https://static.summitracing.com/global/images/prod/xlarge/mio-dbrmz45005lx_je_xl.jpg,4,Mishimoto MMDB-RMZ450-05LX Powersports X-Braced Radiators for 2005-2007 RMZ450,,,,,,,,,,,,,,,,,,,,,,,,
mishimoto-mmdb-rmz450-05lx-powersports-x-braced-radiators-for-2005-2007-rmz450,,,,,,,,,,,,,,,,,,,,,,,,https://static.summitracing.com/global/images/prod/xlarge/mio-dbrmz45005lx_ox_xl.jpg,5,Mishimoto MMDB-RMZ450-05LX Powersports X-Braced Radiators for 2005-2007 RMZ450,,,,,,,,,,,,,,,,,,,,,,,,
mishimoto-mmdb-rmz450-05lx-powersports-x-braced-radiators-for-2005-2007-rmz450,,,,,,,,,,,,,,,,,,,,,,,,https://static.summitracing.com/global/images/prod/xlarge/mio-dbrmz45005lx_zd_xl.jpg,6,Mishimoto MMDB-RMZ450-05LX Powersports X-Braced Radiators for 2005-2007 RMZ450,,,,,,,,,,,,,,,,,,,,,,,,
mishimoto-mmdb-rmz450-08lx-powersports-x-braced-radiators-for-2008-2013-rmz450,Mishimoto MMDB-RMZ450-08LX Powersports X-Braced Radiators for 2008-2013 RMZ450,"<h4><strong>Description</strong></h4><p>Protect your cooling systems with the strength of Mishimoto powersports X-Braced radiators. Made with 100 percent brazed aluminum cores that allow for 25 percent greater cooling capacity, powersports X-Braced radiators from Mishimoto are carefully designed for a clean OEM fit. These precision TIG-welded assemblies' built-in corner bracing results in radiators that are five times stronger than stock. Keep it cool with ruggedly durable Mishimoto powersports X-Braced radiators.</p>        <p>&nbsp;</p><h4>Features</h4><div><strong>Part Type:</strong></div><div>Radiators</div><div><strong>Product Line:</strong></div><div>Mishimoto Powersports X-Braced Radiators</div>        <p>&nbsp;</p>        <h4>Compatibility</h4><p>Feel free to contact us at info@mlperformance.co.uk should you wish to double check!</p>        <p>&nbsp;</p>        <h4>Compatibility Check</h4><p>To ensure the part(s) you have ordered fits your vehicle, we run a compatibility check prior to dispatch. We can do this either using your registration number (UK) or the last 7 digits of your VIN. Simply enter your car details prior to checkout.</p>        <p>&nbsp;</p>        <h4>Part Number</h4><p>MMDB-RMZ450-08LX</p>        <p>&nbsp;</p>        <h4>More Information</h4><p><strong>Manufactured by</strong></p><p>Mishimoto</p>",Mishimoto,,Cooling & Radiator,"Uploaded by_Muazzim, Brand_Mishimoto, MLP Discount 2025, 2025_New Products, Product Type_Cooling & Radiator, Category_Radiators",TRUE,Title,Default Title,,,,,MMDB-RMZ450-08LX,25000,shopify,continue,manual,127.68,134.4,TRUE,TRUE,MMDB-RMZ450-08LX,https://static.summitracing.com/global/images/prod/xlarge/mio-dbrmz45008lx_zi_xl.jpg,1,Mishimoto MMDB-RMZ450-08LX Powersports X-Braced Radiators for 2008-2013 RMZ450,,Mishimoto MMDB-RMZ450-08LX Powersports X-Braced Radiators for 2008-2013 RMZ450,Get Mishimoto MMDB-RMZ450-08LX Powersports X-Braced Radiators for 2008-2013 RMZ450 for your car to get your desired looks and performance from ML Performance at the lowest price with FREE UK shipping & next day delivery on in stock items. Very cheap prices & good service.,,,,MMDB-RMZ450-08LX,,,new,,,,,,,,kg,8708949900,84,,,,active
mishimoto-mmdb-rmz450-08lx-powersports-x-braced-radiators-for-2008-2013-rmz450,,,,,,,,,,,,,,,,,,,,,,,,https://static.summitracing.com/global/images/prod/xlarge/mio-dbrmz45008lx_xl.jpg,2,Mishimoto MMDB-RMZ450-08LX Powersports X-Braced Radiators for 2008-2013 RMZ450,,,,,,,,,,,,,,,,,,,,,,,,
mishimoto-mmdb-rmz450-08lx-powersports-x-braced-radiators-for-2008-2013-rmz450,,,,,,,,,,,,,,,,,,,,,,,,https://static.summitracing.com/global/images/prod/xlarge/mio-dbrmz45008lx_vv_xl.jpg,3,Mishimoto MMDB-RMZ450-08LX Powersports X-Braced Radiators for 2008-2013 RMZ450,,,,,,,,,,,,,,,,,,,,,,,,
mishimoto-mmdb-rmz450-08lx-powersports-x-braced-radiators-for-2008-2013-rmz450,,,,,,,,,,,,,,,,,,,,,,,,https://static.summitracing.com/global/images/prod/xlarge/mio-dbrmz45008lx_mk_xl.jpg,4,Mishimoto MMDB-RMZ450-08LX Powersports X-Braced Radiators for 2008-2013 RMZ450,,,,,,,,,,,,,,,,,,,,,,,,
mishimoto-mmdb-rmz450-08lx-powersports-x-braced-radiators-for-2008-2013-rmz450,,,,,,,,,,,,,,,,,,,,,,,,https://static.summitracing.com/global/images/prod/xlarge/mio-dbrmz45008lx_nk_xl.jpg,5,Mishimoto MMDB-RMZ450-08LX Powersports X-Braced Radiators for 2008-2013 RMZ450,,,,,,,,,,,,,,,,,,,,,,,,
mishimoto-mmdb-rmz450-08lx-powersports-x-braced-radiators-for-2008-2013-rmz450,,,,,,,,,,,,,,,,,,,,,,,,https://static.summitracing.com/global/images/prod/xlarge/mio-dbrmz45008lx_rs_xl.jpg,6,Mishimoto MMDB-RMZ450-08LX Powersports X-Braced Radiators for 2008-2013 RMZ450,,,,,,,,,,,,,,,,,,,,,,,,
mishimoto-mmdb-yz250f-10lx-powersports-x-braced-radiators-for-2010-2013-yz250f,Mishimoto MMDB-YZ250F-10LX Powersports X-Braced Radiators for 2010-2013 YZ250F,"<h4><strong>Description</strong></h4><p>Protect your cooling systems with the strength of Mishimoto powersports X-Braced radiators. Made with 100 percent brazed aluminum cores that allow for 25 percent greater cooling capacity, powersports X-Braced radiators from Mishimoto are carefully designed for a clean OEM fit. These precision TIG-welded assemblies' built-in corner bracing results in radiators that are five times stronger than stock. Keep it cool with ruggedly durable Mishimoto powersports X-Braced radiators.</p>        <p>&nbsp;</p><h4>Features</h4><div><strong>Part Type:</strong></div><div>Radiators</div><div><strong>Product Line:</strong></div><div>Mishimoto Powersports X-Braced Radiators</div>        <p>&nbsp;</p>        <h4>Compatibility</h4><p>Feel free to contact us at info@mlperformance.co.uk should you wish to double check!</p>        <p>&nbsp;</p>        <h4>Compatibility Check</h4><p>To ensure the part(s) you have ordered fits your vehicle, we run a compatibility check prior to dispatch. We can do this either using your registration number (UK) or the last 7 digits of your VIN. Simply enter your car details prior to checkout.</p>        <p>&nbsp;</p>        <h4>Part Number</h4><p>MMDB-YZ250F-10LX</p>        <p>&nbsp;</p>        <h4>More Information</h4><p><strong>Manufactured by</strong></p><p>Mishimoto</p>",Mishimoto,,Cooling & Radiator,"Uploaded by_Muazzim, Brand_Mishimoto, MLP Discount 2025, 2025_New Products, Product Type_Cooling & Radiator, Category_Radiators",TRUE,Title,Default Title,,,,,MMDB-YZ250F-10LX,25000,shopify,continue,manual,121.98,128.4,TRUE,TRUE,MMDB-YZ250F-10LX,https://static.summitracing.com/global/images/prod/xlarge/mio-dbyz250f10lx_my_xl.jpg,1,Mishimoto MMDB-YZ250F-10LX Powersports X-Braced Radiators for 2010-2013 YZ250F,,Mishimoto MMDB-YZ250F-10LX Powersports X-Braced Radiators for 2010-2013 YZ250F,Get Mishimoto MMDB-YZ250F-10LX Powersports X-Braced Radiators for 2010-2013 YZ250F for your car to get your desired looks and performance from ML Performance at the lowest price with FREE UK shipping & next day delivery on in stock items. Very cheap prices & good service.,,,,MMDB-YZ250F-10LX,,,new,,,,,,,,kg,8708949900,80.25,,,,active
mishimoto-mmdb-yz250f-10lx-powersports-x-braced-radiators-for-2010-2013-yz250f,,,,,,,,,,,,,,,,,,,,,,,,https://static.summitracing.com/global/images/prod/xlarge/mio-dbyz250f10lx_fj_xl.jpg,2,Mishimoto MMDB-YZ250F-10LX Powersports X-Braced Radiators for 2010-2013 YZ250F,,,,,,,,,,,,,,,,,,,,,,,,
mishimoto-mmdb-yz250f-10lx-powersports-x-braced-radiators-for-2010-2013-yz250f,,,,,,,,,,,,,,,,,,,,,,,,https://static.summitracing.com/global/images/prod/xlarge/mio-dbyz250f10lx_xl.jpg,3,Mishimoto MMDB-YZ250F-10LX Powersports X-Braced Radiators for 2010-2013 YZ250F,,,,,,,,,,,,,,,,,,,,,,,,
mishimoto-mmdb-yz250f-10lx-powersports-x-braced-radiators-for-2010-2013-yz250f,,,,,,,,,,,,,,,,,,,,,,,,https://static.summitracing.com/global/images/prod/xlarge/mio-dbyz250f10lx_cl_xl.jpg,4,Mishimoto MMDB-YZ250F-10LX Powersports X-Braced Radiators for 2010-2013 YZ250F,,,,,,,,,,,,,,,,,,,,,,,,
mishimoto-mmdb-yz250f-10lx-powersports-x-braced-radiators-for-2010-2013-yz250f,,,,,,,,,,,,,,,,,,,,,,,,https://static.summitracing.com/global/images/prod/xlarge/mio-dbyz250f10lx_df_xl.jpg,5,Mishimoto MMDB-YZ250F-10LX Powersports X-Braced Radiators for 2010-2013 YZ250F,,,,,,,,,,,,,,,,,,,,,,,,
mishimoto-mmdb-yz250f-10lx-powersports-x-braced-radiators-for-2010-2013-yz250f,,,,,,,,,,,,,,,,,,,,,,,,https://static.summitracing.com/global/images/prod/xlarge/mio-dbyz250f10lx_yo_xl.jpg,6,Mishimoto MMDB-YZ250F-10LX Powersports X-Braced Radiators for 2010-2013 YZ250F,,,,,,,,,,,,,,,,,,,,,,,,
mishimoto-mmfs-ecl-90-12-inch-1-866-cfm-electric-fan-and-shroud-kit,"Mishimoto MMFS-ECL-90 12 Inch 1,866 CFM Electric Fan and Shroud Kit","<h4><strong>Description</strong></h4><p>Improve engine cooling performance with Mishimoto electric fan and shroud kits! These kits are a direct OEM fit, without the excess weight or bulk of standard OEM shrouds. Mishimoto electric fan and shroud kits include Mishimoto slim electric fans and durable, lightweight aluminum shrouds that safely secure the fan blades from damaging vital engine components. Don't let their light weight and compact size fool you, though--Mishimoto electric fan and shroud kits flow a massive amount of air to your aluminum radiator, while driving out excess heat.</p>        <p>&nbsp;</p><h4>Features</h4><div><strong>Part Type:</strong></div><div>Fans, Electric</div><div><strong>Product Line:</strong></div><div>Mishimoto Electric Fan and Shroud Kits</div>        <p>&nbsp;</p>        <h4>Compatibility</h4><p>Feel free to contact us at info@mlperformance.co.uk should you wish to double check!</p>        <p>&nbsp;</p>        <h4>Compatibility Check</h4><p>To ensure the part(s) you have ordered fits your vehicle, we run a compatibility check prior to dispatch. We can do this either using your registration number (UK) or the last 7 digits of your VIN. Simply enter your car details prior to checkout.</p>        <p>&nbsp;</p>        <h4>Part Number</h4><p>MMFS-ECL-90</p>        <p>&nbsp;</p>        <h4>More Information</h4><p><strong>Manufactured by</strong></p><p>Mishimoto</p>",Mishimoto,,Cooling & Radiator,"Uploaded by_Muazzim, Brand_Mishimoto, MLP Discount 2025, 2025_New Products, Product Type_Cooling & Radiator, Category_Radiator Fans",TRUE,Title,Default Title,,,,,MMFS-ECL-90,10000,shopify,continue,manual,201.78,212.4,TRUE,TRUE,MMFS-ECL-90,https://static.summitracing.com/global/images/prod/large/MIO-MMFSCIV06SI.jpg,1,"Mishimoto MMFS-ECL-90 12 Inch 1,866 CFM Electric Fan and Shroud Kit",,"Mishimoto MMFS-ECL-90 12 Inch 1,866 CFM Electric Fan and Shroud Kit","Get Mishimoto MMFS-ECL-90 12 Inch 1,866 CFM Electric Fan and Shroud Kit for your car to get your desired looks and performance from ML Performance at the lowest price with FREE UK shipping & next day delivery on in stock items. Very cheap prices & good service.",,,,MMFS-ECL-90,,,new,,,,,,,,kg,8708949900,132.75,,,,active
mishimoto-mmhe-g80-21at-heat-exchangers-for-2025-m2-m3-m4,"Mishimoto MMHE-G80-21AT Heat Exchangers for 2025 M2, M3, M4","<h4><strong>Description</strong></h4><p>Mishimoto heat exchangers offer improved design for increased performance in your vehicle. Air-to-water intercooling is efficient, and while stock exchangers perform well; their small cores and plastic parts leave room for improvement. Mishimoto performance heat exchangers are designed with increase core volume and external fin surface area, plus they deliver full aluminum construction-including the end tanks-and TIG welding. These upgraded features deliver efficient operation, a drop in temperatures, and a rise in performance.</p>        <p>&nbsp;</p><h4>Features</h4><div><strong>Part Type:</strong></div><div>Heat Exchangers</div><div><strong>Product Line:</strong></div><div>Mishimoto Heat Exchangers</div>        <p>&nbsp;</p>        <h4>Compatibility</h4><p>Feel free to contact us at info@mlperformance.co.uk should you wish to double check!</p>        <p>&nbsp;</p>        <h4>Compatibility Check</h4><p>To ensure the part(s) you have ordered fits your vehicle, we run a compatibility check prior to dispatch. We can do this either using your registration number (UK) or the last 7 digits of your VIN. Simply enter your car details prior to checkout.</p>        <p>&nbsp;</p>        <h4>Part Number</h4><p>MMHE-G80-21AT</p>        <p>&nbsp;</p>        <h4>More Information</h4><p><strong>Manufactured by</strong></p><p>Mishimoto</p>",Mishimoto,,Cooling & Radiator,"Uploaded by_Muazzim, Brand_Mishimoto, MLP Discount 2025, 2025_New Products, Product Type_Cooling & Radiator, Category_Heat Exchangers",TRUE,Title,Default Title,,,,,MMHE-G80-21AT,10000,shopify,continue,manual,593.94,625.2,TRUE,TRUE,MMHE-G80-21AT,https://static.summitracing.com/global/images/prod/xlarge/mio-mmheg8021at_gu_xl.jpg,1,"Mishimoto MMHE-G80-21AT Heat Exchangers for 2025 M2, M3, M4",,"Mishimoto MMHE-G80-21AT Heat Exchangers for 2025 M2, M3, M4","Get Mishimoto MMHE-G80-21AT Heat Exchangers for 2025 M2, M3, M4 for your car to get your desired looks and performance from ML Performance at the lowest price with FREE UK shipping & next day delivery on in stock items. Very cheap prices & good service.",,,,MMHE-G80-21AT,,,new,,,,,,,,kg,8708949900,390.75,,,,active
mishimoto-mmhe-g80-21at-heat-exchangers-for-2025-m2-m3-m4,,,,,,,,,,,,,,,,,,,,,,,,https://static.summitracing.com/global/images/prod/xlarge/mio-mmheg8021at_em_xl.jpg,2,"Mishimoto MMHE-G80-21AT Heat Exchangers for 2025 M2, M3, M4",,,,,,,,,,,,,,,,,,,,,,,,
mishimoto-mmhe-g80-21at-heat-exchangers-for-2025-m2-m3-m4,,,,,,,,,,,,,,,,,,,,,,,,https://static.summitracing.com/global/images/prod/xlarge/mio-mmheg8021at_wk_xl.jpg,3,"Mishimoto MMHE-G80-21AT Heat Exchangers for 2025 M2, M3, M4",,,,,,,,,,,,,,,,,,,,,,,,
mishimoto-mmhe-g80-21at-heat-exchangers-for-2025-m2-m3-m4,,,,,,,,,,,,,,,,,,,,,,,,https://static.summitracing.com/global/images/prod/xlarge/mio-mmheg8021at_pp_xl.jpg,4,"Mishimoto MMHE-G80-21AT Heat Exchangers for 2025 M2, M3, M4",,,,,,,,,,,,,,,,,,,,,,,,
mishimoto-mmhe-g80-21at-heat-exchangers-for-2025-m2-m3-m4,,,,,,,,,,,,,,,,,,,,,,,,https://static.summitracing.com/global/images/prod/xlarge/mio-mmheg8021at_mr_xl.jpg,5,"Mishimoto MMHE-G80-21AT Heat Exchangers for 2025 M2, M3, M4",,,,,,,,,,,,,,,,,,,,,,,,
mishimoto-mmhe-g80-21at-heat-exchangers-for-2025-m2-m3-m4,,,,,,,,,,,,,,,,,,,,,,,,https://static.summitracing.com/global/images/prod/xlarge/mio-mmheg8021at_iq_xl.jpg,6,"Mishimoto MMHE-G80-21AT Heat Exchangers for 2025 M2, M3, M4",,,,,,,,,,,,,,,,,,,,,,,,
mishimoto-mmhe-g80-21at-heat-exchangers-for-2025-m2-m3-m4,,,,,,,,,,,,,,,,,,,,,,,,https://static.summitracing.com/global/images/prod/xlarge/mio-mmheg8021at_xl.jpg,7,"Mishimoto MMHE-G80-21AT Heat Exchangers for 2025 M2, M3, M4",,,,,,,,,,,,,,,,,,,,,,,,
mishimoto-mmhose-sub-int4bk-intercooler-hose-kits-for-2004-2007-impreza,Mishimoto MMHOSE-SUB-INT4BK Intercooler Hose Kits for 2004-2007 IMPREZA,"<h4><strong>Description</strong></h4><p>These Mishimoto intercooler hose kits have been designed for making connecting your intercooler easy. They feature hoses manufactured from a combination of high-grade silicone and heat-resistant embedded fibers to handle high temperatures and additional boost pressure. Each hose has a smooth interior surface to deliver increased airflow to your intercooler. The kits are available in black, red, or blue and retain OEM fitment, while providing increased pressure tolerance, for the ultimate upgrade in performance and style.</p>        <p>&nbsp;</p><h4>Features</h4><div><strong>Part Type:</strong></div><div>Intercooler Hoses and Couplers</div><div><strong>Product Line:</strong></div><div>Mishimoto Intercooler Hose Kits</div>        <p>&nbsp;</p>        <h4>Compatibility</h4><p>Feel free to contact us at info@mlperformance.co.uk should you wish to double check!</p>        <p>&nbsp;</p>        <h4>Compatibility Check</h4><p>To ensure the part(s) you have ordered fits your vehicle, we run a compatibility check prior to dispatch. We can do this either using your registration number (UK) or the last 7 digits of your VIN. Simply enter your car details prior to checkout.</p>        <p>&nbsp;</p>        <h4>Part Number</h4><p>MMHOSE-SUB-INT4BK</p>        <p>&nbsp;</p>        <h4>More Information</h4><p><strong>Manufactured by</strong></p><p>Mishimoto</p>",Mishimoto,,Intercooler,"Uploaded by_Muazzim, Brand_Mishimoto, MLP Discount 2025, 2025_New Products, Product Type_Intercooler",TRUE,Title,Default Title,,,,,MMHOSE-SUB-INT4BK,5000,shopify,continue,manual,96.9,102,TRUE,TRUE,MMHOSE-SUB-INT4BK,https://static.summitracing.com/global/images/prod/large/MIO-HSUBINT4BK.jpg,1,Mishimoto MMHOSE-SUB-INT4BK Intercooler Hose Kits for 2004-2007 IMPREZA,,Mishimoto MMHOSE-SUB-INT4BK Intercooler Hose Kits for 2004-2007 IMPREZA,Get Mishimoto MMHOSE-SUB-INT4BK Intercooler Hose Kits for 2004-2007 IMPREZA for your car to get your desired looks and performance from ML Performance at the lowest price with FREE UK shipping & next day delivery on in stock items. Very cheap prices & good service.,,,,MMHOSE-SUB-INT4BK,,,new,,,,,,,,kg,8708949900,63.75,,,,active
mishimoto-mmint-f10-12wbk-intercoolers-for-2013-2016-m5-2012-2016-m6,"Mishimoto MMINT-F10-12WBK Intercoolers for 2013-2016 M5, 2012-2016 M6","<h4><strong>Description</strong></h4><p>Maximize your ride's performance with a Mishimoto intercooler! These high performance intercoolers significantly lower air intake temperatures, while safely increasing horsepower for small and large turbo applications. Constructed from 6061 aluminum and precision TIG-welded, Mishimoto intercoolers feature sleek styling in a choice of colors for the ultimate in good looks. Whether you want to show it off or go with the popular sleeper look, Mishimoto makes an intercooler to give your engine--and your style--a boost!</p>        <p>&nbsp;</p><h4>Features</h4><div><strong>Part Type:</strong></div><div>Intercoolers</div><div><strong>Product Line:</strong></div><div>Mishimoto Intercoolers</div>        <p>&nbsp;</p>        <h4>Compatibility</h4><p>Feel free to contact us at info@mlperformance.co.uk should you wish to double check!</p>        <p>&nbsp;</p>        <h4>Compatibility Check</h4><p>To ensure the part(s) you have ordered fits your vehicle, we run a compatibility check prior to dispatch. We can do this either using your registration number (UK) or the last 7 digits of your VIN. Simply enter your car details prior to checkout.</p>        <p>&nbsp;</p>        <h4>Part Number</h4><p>MMINT-F10-12WBK</p>        <p>&nbsp;</p>        <h4>More Information</h4><p><strong>Manufactured by</strong></p><p>Mishimoto</p>",Mishimoto,,Intercooler,"Uploaded by_Muazzim, Brand_Mishimoto, MLP Discount 2025, 2025_New Products, Product Type_Intercooler",TRUE,Title,Default Title,,,,,MMINT-F10-12WBK,20000,shopify,continue,manual,1616.52,1701.6,TRUE,TRUE,MMINT-F10-12WBK,https://static.summitracing.com/global/images/prod/xlarge/mio-s2329_ph_xl.jpg,1,"Mishimoto MMINT-F10-12WBK Intercoolers for 2013-2016 M5, 2012-2016 M6",,"Mishimoto MMINT-F10-12WBK Intercoolers for 2013-2016 M5, 2012-2016 M6","Get Mishimoto MMINT-F10-12WBK Intercoolers for 2013-2016 M5, 2012-2016 M6 for your car to get your desired looks and performance from ML Performance at the lowest price with FREE UK shipping & next day delivery on in stock items. Very cheap prices & good service.",,,,MMINT-F10-12WBK,,,new,,,,,,,,kg,8708949900,1063.5,,,,active
mishimoto-mmint-f10-12wbk-intercoolers-for-2013-2016-m5-2012-2016-m6,,,,,,,,,,,,,,,,,,,,,,,,https://static.summitracing.com/global/images/prod/xlarge/mio-s2329_xl.jpg,2,"Mishimoto MMINT-F10-12WBK Intercoolers for 2013-2016 M5, 2012-2016 M6",,,,,,,,,,,,,,,,,,,,,,,,
mishimoto-mmint-f10-12wbk-intercoolers-for-2013-2016-m5-2012-2016-m6,,,,,,,,,,,,,,,,,,,,,,,,https://static.summitracing.com/global/images/prod/xlarge/mio-s2329_nz_xl.jpg,3,"Mishimoto MMINT-F10-12WBK Intercoolers for 2013-2016 M5, 2012-2016 M6",,,,,,,,,,,,,,,,,,,,,,,,
mishimoto-mmint-f10-12wbk-intercoolers-for-2013-2016-m5-2012-2016-m6,,,,,,,,,,,,,,,,,,,,,,,,https://static.summitracing.com/global/images/prod/xlarge/mio-s2329_ve_xl.jpg,4,"Mishimoto MMINT-F10-12WBK Intercoolers for 2013-2016 M5, 2012-2016 M6",,,,,,,,,,,,,,,,,,,,,,,,
mishimoto-mmint-f10-12wbk-intercoolers-for-2013-2016-m5-2012-2016-m6,,,,,,,,,,,,,,,,,,,,,,,,https://static.summitracing.com/global/images/prod/xlarge/mio-s2329_ir_xl.jpg,5,"Mishimoto MMINT-F10-12WBK Intercoolers for 2013-2016 M5, 2012-2016 M6",,,,,,,,,,,,,,,,,,,,,,,,
mishimoto-mmint-f10-12wbk-intercoolers-for-2013-2016-m5-2012-2016-m6,,,,,,,,,,,,,,,,,,,,,,,,https://static.summitracing.com/global/images/prod/xlarge/mio-s2329_wy_xl.jpg,6,"Mishimoto MMINT-F10-12WBK Intercoolers for 2013-2016 M5, 2012-2016 M6",,,,,,,,,,,,,,,,,,,,,,,,
mishimoto-mmint-f10-12wbk-intercoolers-for-2013-2016-m5-2012-2016-m6,,,,,,,,,,,,,,,,,,,,,,,,https://static.summitracing.com/global/images/prod/xlarge/mio-s2329_zp_xl.jpg,7,"Mishimoto MMINT-F10-12WBK Intercoolers for 2013-2016 M5, 2012-2016 M6",,,,,,,,,,,,,,,,,,,,,,,,
mishimoto-mmint-f10-12wbk-intercoolers-for-2013-2016-m5-2012-2016-m6,,,,,,,,,,,,,,,,,,,,,,,,https://static.summitracing.com/global/images/prod/xlarge/mio-s2329_jg_xl.jpg,8,"Mishimoto MMINT-F10-12WBK Intercoolers for 2013-2016 M5, 2012-2016 M6",,,,,,,,,,,,,,,,,,,,,,,,
mishimoto-mmint-f10-12wbk-intercoolers-for-2013-2016-m5-2012-2016-m6,,,,,,,,,,,,,,,,,,,,,,,,https://static.summitracing.com/global/images/prod/xlarge/mio-s2329_zg_xl.jpg,9,"Mishimoto MMINT-F10-12WBK Intercoolers for 2013-2016 M5, 2012-2016 M6",,,,,,,,,,,,,,,,,,,,,,,,
mishimoto-mmint-f10-12wbk-intercoolers-for-2013-2016-m5-2012-2016-m6,,,,,,,,,,,,,,,,,,,,,,,,https://static.summitracing.com/global/images/prod/xlarge/mio-s2329_wl_xl.jpg,10,"Mishimoto MMINT-F10-12WBK Intercoolers for 2013-2016 M5, 2012-2016 M6",,,,,,,,,,,,,,,,,,,,,,,,
mishimoto-mmint-g80-21bk-intercoolers,Mishimoto MMINT-G80-21BK Intercoolers,"<h4><strong>Description</strong></h4><p>Maximize your ride's performance with a Mishimoto intercooler! These high performance intercoolers significantly lower air intake temperatures, while safely increasing horsepower for small and large turbo applications. Constructed from 6061 aluminum and precision TIG-welded, Mishimoto intercoolers feature sleek styling in a choice of colors for the ultimate in good looks. Whether you want to show it off or go with the popular sleeper look, Mishimoto makes an intercooler to give your engine--and your style--a boost!</p>        <p>&nbsp;</p><h4>Features</h4><div><strong>Part Type:</strong></div><div>Intercoolers</div><div><strong>Product Line:</strong></div><div>Mishimoto Intercoolers</div>        <p>&nbsp;</p>        <h4>Compatibility</h4><p>Feel free to contact us at info@mlperformance.co.uk should you wish to double check!</p>        <p>&nbsp;</p>        <h4>Compatibility Check</h4><p>To ensure the part(s) you have ordered fits your vehicle, we run a compatibility check prior to dispatch. We can do this either using your registration number (UK) or the last 7 digits of your VIN. Simply enter your car details prior to checkout.</p>        <p>&nbsp;</p>        <h4>Part Number</h4><p>MMINT-G80-21BK</p>        <p>&nbsp;</p>        <h4>More Information</h4><p><strong>Manufactured by</strong></p><p>Mishimoto</p>",Mishimoto,,Intercooler,"Uploaded by_Muazzim, Brand_Mishimoto, MLP Discount 2025, 2025_New Products, Product Type_Intercooler",TRUE,Title,Default Title,,,,,MMINT-G80-21BK,20000,shopify,continue,manual,3269.52,3441.6,TRUE,TRUE,MMINT-G80-21BK,https://static.summitracing.com/global/images/prod/xlarge/mio-mmintg8021bk_tn_xl.jpg,1,Mishimoto MMINT-G80-21BK Intercoolers,,Mishimoto MMINT-G80-21BK Intercoolers,Get Mishimoto MMINT-G80-21BK Intercoolers for your car to get your desired looks and performance from ML Performance at the lowest price with FREE UK shipping & next day delivery on in stock items. Very cheap prices & good service.,,,,MMINT-G80-21BK,,,new,,,,,,,,kg,8708949900,2151,,,,active
mishimoto-mmint-g80-21bk-intercoolers,,,,,,,,,,,,,,,,,,,,,,,,https://static.summitracing.com/global/images/prod/xlarge/mio-mmintg8021bk_mp_xl.jpg,2,Mishimoto MMINT-G80-21BK Intercoolers,,,,,,,,,,,,,,,,,,,,,,,,
mishimoto-mmint-g80-21bk-intercoolers,,,,,,,,,,,,,,,,,,,,,,,,https://static.summitracing.com/global/images/prod/xlarge/mio-mmintg8021bk_gx_xl.jpg,3,Mishimoto MMINT-G80-21BK Intercoolers,,,,,,,,,,,,,,,,,,,,,,,,
mishimoto-mmint-g80-21bk-intercoolers,,,,,,,,,,,,,,,,,,,,,,,,https://static.summitracing.com/global/images/prod/xlarge/mio-mmintg8021bk_hr_xl.jpg,4,Mishimoto MMINT-G80-21BK Intercoolers,,,,,,,,,,,,,,,,,,,,,,,,
mishimoto-mmint-g80-21bk-intercoolers,,,,,,,,,,,,,,,,,,,,,,,,https://static.summitracing.com/global/images/prod/xlarge/mio-mmintg8021bk_ek_xl.jpg,5,Mishimoto MMINT-G80-21BK Intercoolers,,,,,,,,,,,,,,,,,,,,,,,,
mishimoto-mmint-g80-21bk-intercoolers,,,,,,,,,,,,,,,,,,,,,,,,https://static.summitracing.com/global/images/prod/xlarge/mio-mmintg8021bk_it_xl.jpg,6,Mishimoto MMINT-G80-21BK Intercoolers,,,,,,,,,,,,,,,,,,,,,,,,
mishimoto-mmint-g80-21bk-intercoolers,,,,,,,,,,,,,,,,,,,,,,,,https://static.summitracing.com/global/images/prod/xlarge/mio-mmintg8021bk_xo_xl.jpg,7,Mishimoto MMINT-G80-21BK Intercoolers,,,,,,,,,,,,,,,,,,,,,,,,
mishimoto-mmint-g80-21bk-intercoolers,,,,,,,,,,,,,,,,,,,,,,,,https://static.summitracing.com/global/images/prod/xlarge/mio-mmintg8021bk_iy_xl.jpg,8,Mishimoto MMINT-G80-21BK Intercoolers,,,,,,,,,,,,,,,,,,,,,,,,
mishimoto-mmint-g80-21bk-intercoolers,,,,,,,,,,,,,,,,,,,,,,,,https://static.summitracing.com/global/images/prod/xlarge/mio-mmintg8021bk_wp_xl.jpg,9,Mishimoto MMINT-G80-21BK Intercoolers,,,,,,,,,,,,,,,,,,,,,,,,
mishimoto-mmlg-125-20lbk-aluminum-locking-lug-nuts,Mishimoto MMLG-125-20LBK Aluminum Locking Lug Nuts,"<h4><strong>Description</strong></h4><p>Upgrade the styling of your vehicle's exterior with a set of Mishimoto aluminum locking lug nuts! Machined from a single piece of 7075-T6 aircraft-quality aluminum, they're the perfect complement to both stock and aftermarket wheels. These lug nuts provide a lightweight yet durable alternative to your stock originals. Each kit includes 16 standard lug nuts, four locking lug nuts, and one key for removal. The lug nuts utilize an open-ended design with a total length of 50mm, and a knurled end for speedy installation. Choose the size and anodized color you prefer.<br></p>        <p>&nbsp;</p><h4>Features</h4><div><strong>Part Type:</strong></div><div>Lug Nuts and Lug Bolts</div><div><strong>Product Line:</strong></div><div>Mishimoto Aluminum Locking Lug Nuts</div>        <p>&nbsp;</p>        <h4>Compatibility</h4><p>Feel free to contact us at info@mlperformance.co.uk should you wish to double check!</p>        <p>&nbsp;</p>        <h4>Compatibility Check</h4><p>To ensure the part(s) you have ordered fits your vehicle, we run a compatibility check prior to dispatch. We can do this either using your registration number (UK) or the last 7 digits of your VIN. Simply enter your car details prior to checkout.</p>        <p>&nbsp;</p>        <h4>Part Number</h4><p>MMLG-125-20LBK</p>        <p>&nbsp;</p>        <h4>More Information</h4><p><strong>Manufactured by</strong></p><p>Mishimoto</p>",Mishimoto,,Automotive Tools & Hardware,"Uploaded by_Muazzim, Brand_Mishimoto, MLP Discount 2025, 2025_New Products, Product Type_Automotive Tools & Hardware",TRUE,Title,Default Title,,,,,MMLG-125-20LBK,1500,shopify,continue,manual,84.36,88.8,TRUE,TRUE,MMLG-125-20LBK,https://static.summitracing.com/global/images/prod/xlarge/mio-mmlg12520lbk_xl.jpg,1,Mishimoto MMLG-125-20LBK Aluminum Locking Lug Nuts,,Mishimoto MMLG-125-20LBK Aluminum Locking Lug Nuts,Get Mishimoto MMLG-125-20LBK Aluminum Locking Lug Nuts for your car to get your desired looks and performance from ML Performance at the lowest price with FREE UK shipping & next day delivery on in stock items. Very cheap prices & good service.,,,,MMLG-125-20LBK,,,new,,,,,,,,kg,8708949900,55.5,,,,active
mishimoto-mmlg-125-20lbl-aluminum-locking-lug-nuts,Mishimoto MMLG-125-20LBL Aluminum Locking Lug Nuts,"<h4><strong>Description</strong></h4><p>Upgrade the styling of your vehicle's exterior with a set of Mishimoto aluminum locking lug nuts! Machined from a single piece of 7075-T6 aircraft-quality aluminum, they're the perfect complement to both stock and aftermarket wheels. These lug nuts provide a lightweight yet durable alternative to your stock originals. Each kit includes 16 standard lug nuts, four locking lug nuts, and one key for removal. The lug nuts utilize an open-ended design with a total length of 50mm, and a knurled end for speedy installation. Choose the size and anodized color you prefer.<br></p>        <p>&nbsp;</p><h4>Features</h4><div><strong>Part Type:</strong></div><div>Lug Nuts and Lug Bolts</div><div><strong>Product Line:</strong></div><div>Mishimoto Aluminum Locking Lug Nuts</div>        <p>&nbsp;</p>        <h4>Compatibility</h4><p>Feel free to contact us at info@mlperformance.co.uk should you wish to double check!</p>        <p>&nbsp;</p>        <h4>Compatibility Check</h4><p>To ensure the part(s) you have ordered fits your vehicle, we run a compatibility check prior to dispatch. We can do this either using your registration number (UK) or the last 7 digits of your VIN. Simply enter your car details prior to checkout.</p>        <p>&nbsp;</p>        <h4>Part Number</h4><p>MMLG-125-20LBL</p>        <p>&nbsp;</p>        <h4>More Information</h4><p><strong>Manufactured by</strong></p><p>Mishimoto</p>",Mishimoto,,Automotive Tools & Hardware,"Uploaded by_Muazzim, Brand_Mishimoto, MLP Discount 2025, 2025_New Products, Product Type_Automotive Tools & Hardware",TRUE,Title,Default Title,,,,,MMLG-125-20LBL,1500,shopify,continue,manual,84.36,88.8,TRUE,TRUE,MMLG-125-20LBL,https://static.summitracing.com/global/images/prod/xlarge/mio-mmlg12520lbl_xl.jpg,1,Mishimoto MMLG-125-20LBL Aluminum Locking Lug Nuts,,Mishimoto MMLG-125-20LBL Aluminum Locking Lug Nuts,Get Mishimoto MMLG-125-20LBL Aluminum Locking Lug Nuts for your car to get your desired looks and performance from ML Performance at the lowest price with FREE UK shipping & next day delivery on in stock items. Very cheap prices & good service.,,,,MMLG-125-20LBL,,,new,,,,,,,,kg,8708949900,55.5,,,,active
mishimoto-mmlg-125-20lnc-aluminum-locking-lug-nuts,Mishimoto MMLG-125-20LNC Aluminum Locking Lug Nuts,"<h4><strong>Description</strong></h4><p>Upgrade the styling of your vehicle's exterior with a set of Mishimoto aluminum locking lug nuts! Machined from a single piece of 7075-T6 aircraft-quality aluminum, they're the perfect complement to both stock and aftermarket wheels. These lug nuts provide a lightweight yet durable alternative to your stock originals. Each kit includes 16 standard lug nuts, four locking lug nuts, and one key for removal. The lug nuts utilize an open-ended design with a total length of 50mm, and a knurled end for speedy installation. Choose the size and anodized color you prefer.<br></p>        <p>&nbsp;</p><h4>Features</h4><div><strong>Part Type:</strong></div><div>Lug Nuts and Lug Bolts</div><div><strong>Product Line:</strong></div><div>Mishimoto Aluminum Locking Lug Nuts</div>        <p>&nbsp;</p>        <h4>Compatibility</h4><p>Feel free to contact us at info@mlperformance.co.uk should you wish to double check!</p>        <p>&nbsp;</p>        <h4>Compatibility Check</h4><p>To ensure the part(s) you have ordered fits your vehicle, we run a compatibility check prior to dispatch. We can do this either using your registration number (UK) or the last 7 digits of your VIN. Simply enter your car details prior to checkout.</p>        <p>&nbsp;</p>        <h4>Part Number</h4><p>MMLG-125-20LNC</p>        <p>&nbsp;</p>        <h4>More Information</h4><p><strong>Manufactured by</strong></p><p>Mishimoto</p>",Mishimoto,,Automotive Tools & Hardware,"Uploaded by_Muazzim, Brand_Mishimoto, MLP Discount 2025, 2025_New Products, Product Type_Automotive Tools & Hardware",TRUE,Title,Default Title,,,,,MMLG-125-20LNC,1500,shopify,continue,manual,110.58,116.4,TRUE,TRUE,MMLG-125-20LNC,https://static.summitracing.com/global/images/prod/xlarge/mio-mmlg12520lnc_xl.jpg,1,Mishimoto MMLG-125-20LNC Aluminum Locking Lug Nuts,,Mishimoto MMLG-125-20LNC Aluminum Locking Lug Nuts,Get Mishimoto MMLG-125-20LNC Aluminum Locking Lug Nuts for your car to get your desired looks and performance from ML Performance at the lowest price with FREE UK shipping & next day delivery on in stock items. Very cheap prices & good service.,,,,MMLG-125-20LNC,,,new,,,,,,,,kg,8708949900,72.75,,,,active
mishimoto-mmlg-125-20lrd-aluminum-locking-lug-nuts,Mishimoto MMLG-125-20LRD Aluminum Locking Lug Nuts,"<h4><strong>Description</strong></h4><p>Upgrade the styling of your vehicle's exterior with a set of Mishimoto aluminum locking lug nuts! Machined from a single piece of 7075-T6 aircraft-quality aluminum, they're the perfect complement to both stock and aftermarket wheels. These lug nuts provide a lightweight yet durable alternative to your stock originals. Each kit includes 16 standard lug nuts, four locking lug nuts, and one key for removal. The lug nuts utilize an open-ended design with a total length of 50mm, and a knurled end for speedy installation. Choose the size and anodized color you prefer.<br></p>        <p>&nbsp;</p><h4>Features</h4><div><strong>Part Type:</strong></div><div>Lug Nuts and Lug Bolts</div><div><strong>Product Line:</strong></div><div>Mishimoto Aluminum Locking Lug Nuts</div>        <p>&nbsp;</p>        <h4>Compatibility</h4><p>Feel free to contact us at info@mlperformance.co.uk should you wish to double check!</p>        <p>&nbsp;</p>        <h4>Compatibility Check</h4><p>To ensure the part(s) you have ordered fits your vehicle, we run a compatibility check prior to dispatch. We can do this either using your registration number (UK) or the last 7 digits of your VIN. Simply enter your car details prior to checkout.</p>        <p>&nbsp;</p>        <h4>Part Number</h4><p>MMLG-125-20LRD</p>        <p>&nbsp;</p>        <h4>More Information</h4><p><strong>Manufactured by</strong></p><p>Mishimoto</p>",Mishimoto,,Automotive Tools & Hardware,"Uploaded by_Muazzim, Brand_Mishimoto, MLP Discount 2025, 2025_New Products, Product Type_Automotive Tools & Hardware",TRUE,Title,Default Title,,,,,MMLG-125-20LRD,1500,shopify,continue,manual,84.36,88.8,TRUE,TRUE,MMLG-125-20LRD,https://static.summitracing.com/global/images/prod/xlarge/mio-mmlg12520lrd_xl.jpg,1,Mishimoto MMLG-125-20LRD Aluminum Locking Lug Nuts,,Mishimoto MMLG-125-20LRD Aluminum Locking Lug Nuts,Get Mishimoto MMLG-125-20LRD Aluminum Locking Lug Nuts for your car to get your desired looks and performance from ML Performance at the lowest price with FREE UK shipping & next day delivery on in stock items. Very cheap prices & good service.,,,,MMLG-125-20LRD,,,new,,,,,,,,kg,8708949900,55.5,,,,active
mishimoto-mmlg-125-20lsl-aluminum-locking-lug-nuts,Mishimoto MMLG-125-20LSL Aluminum Locking Lug Nuts,"<h4><strong>Description</strong></h4><p>Upgrade the styling of your vehicle's exterior with a set of Mishimoto aluminum locking lug nuts! Machined from a single piece of 7075-T6 aircraft-quality aluminum, they're the perfect complement to both stock and aftermarket wheels. These lug nuts provide a lightweight yet durable alternative to your stock originals. Each kit includes 16 standard lug nuts, four locking lug nuts, and one key for removal. The lug nuts utilize an open-ended design with a total length of 50mm, and a knurled end for speedy installation. Choose the size and anodized color you prefer.<br></p>        <p>&nbsp;</p><h4>Features</h4><div><strong>Part Type:</strong></div><div>Lug Nuts and Lug Bolts</div><div><strong>Product Line:</strong></div><div>Mishimoto Aluminum Locking Lug Nuts</div>        <p>&nbsp;</p>        <h4>Compatibility</h4><p>Feel free to contact us at info@mlperformance.co.uk should you wish to double check!</p>        <p>&nbsp;</p>        <h4>Compatibility Check</h4><p>To ensure the part(s) you have ordered fits your vehicle, we run a compatibility check prior to dispatch. We can do this either using your registration number (UK) or the last 7 digits of your VIN. Simply enter your car details prior to checkout.</p>        <p>&nbsp;</p>        <h4>Part Number</h4><p>MMLG-125-20LSL</p>        <p>&nbsp;</p>        <h4>More Information</h4><p><strong>Manufactured by</strong></p><p>Mishimoto</p>",Mishimoto,,Automotive Tools & Hardware,"Uploaded by_Muazzim, Brand_Mishimoto, MLP Discount 2025, 2025_New Products, Product Type_Automotive Tools & Hardware",TRUE,Title,Default Title,,,,,MMLG-125-20LSL,1500,shopify,continue,manual,84.36,88.8,TRUE,TRUE,MMLG-125-20LSL,https://static.summitracing.com/global/images/prod/xlarge/mio-mmlg12520lsl_xl.jpg,1,Mishimoto MMLG-125-20LSL Aluminum Locking Lug Nuts,,Mishimoto MMLG-125-20LSL Aluminum Locking Lug Nuts,Get Mishimoto MMLG-125-20LSL Aluminum Locking Lug Nuts for your car to get your desired looks and performance from ML Performance at the lowest price with FREE UK shipping & next day delivery on in stock items. Very cheap prices & good service.,,,,MMLG-125-20LSL,,,new,,,,,,,,kg,8708949900,55.5,,,,active
mishimoto-mmlg-15-27lbk-aluminum-locking-lug-nuts-for-2021-2025-bronco,Mishimoto MMLG-15-27LBK Aluminum Locking Lug Nuts for 2021-2025 BRONCO,"<h4><strong>Description</strong></h4><p>Upgrade the styling of your vehicle's exterior with a set of Mishimoto aluminum locking lug nuts! Machined from a single piece of 7075-T6 aircraft-quality aluminum, they're the perfect complement to both stock and aftermarket wheels. These lug nuts provide a lightweight yet durable alternative to your stock originals. Each kit includes 16 standard lug nuts, four locking lug nuts, and one key for removal. The lug nuts utilize an open-ended design with a total length of 50mm, and a knurled end for speedy installation. Choose the size and anodized color you prefer.<br></p>        <p>&nbsp;</p><h4>Features</h4><div><strong>Part Type:</strong></div><div>Lug Nuts and Lug Bolts</div><div><strong>Product Line:</strong></div><div>Mishimoto Aluminum Locking Lug Nuts</div>        <p>&nbsp;</p>        <h4>Compatibility</h4><p>Feel free to contact us at info@mlperformance.co.uk should you wish to double check!</p>        <p>&nbsp;</p>        <h4>Compatibility Check</h4><p>To ensure the part(s) you have ordered fits your vehicle, we run a compatibility check prior to dispatch. We can do this either using your registration number (UK) or the last 7 digits of your VIN. Simply enter your car details prior to checkout.</p>        <p>&nbsp;</p>        <h4>Part Number</h4><p>MMLG-15-27LBK</p>        <p>&nbsp;</p>        <h4>More Information</h4><p><strong>Manufactured by</strong></p><p>Mishimoto</p>",Mishimoto,,Automotive Tools & Hardware,"Uploaded by_Muazzim, Brand_Mishimoto, MLP Discount 2025, 2025_New Products, Product Type_Automotive Tools & Hardware",TRUE,Title,Default Title,,,,,MMLG-15-27LBK,1500,shopify,continue,manual,101.46,106.8,TRUE,TRUE,MMLG-15-27LBK,https://static.summitracing.com/global/images/prod/xlarge/mio-mmlg1527lbk_fw_xl.jpg,1,Mishimoto MMLG-15-27LBK Aluminum Locking Lug Nuts for 2021-2025 BRONCO,,Mishimoto MMLG-15-27LBK Aluminum Locking Lug Nuts for 2021-2025 BRONCO,Get Mishimoto MMLG-15-27LBK Aluminum Locking Lug Nuts for 2021-2025 BRONCO for your car to get your desired looks and performance from ML Performance at the lowest price with FREE UK shipping & next day delivery on in stock items. Very cheap prices & good service.,,,,MMLG-15-27LBK,,,new,,,,,,,,kg,8708949900,66.75,,,,active
mishimoto-mmlg-15-27lbk-aluminum-locking-lug-nuts-for-2021-2025-bronco,,,,,,,,,,,,,,,,,,,,,,,,https://static.summitracing.com/global/images/prod/xlarge/mio-mmlg1527lbk_ja_xl.jpg,2,Mishimoto MMLG-15-27LBK Aluminum Locking Lug Nuts for 2021-2025 BRONCO,,,,,,,,,,,,,,,,,,,,,,,,
mishimoto-mmlg-15-27lbk-aluminum-locking-lug-nuts-for-2021-2025-bronco,,,,,,,,,,,,,,,,,,,,,,,,https://static.summitracing.com/global/images/prod/xlarge/mio-mmlg1527lbk_kc_xl.jpg,3,Mishimoto MMLG-15-27LBK Aluminum Locking Lug Nuts for 2021-2025 BRONCO,,,,,,,,,,,,,,,,,,,,,,,,
mishimoto-mmlg-15-27lbk-aluminum-locking-lug-nuts-for-2021-2025-bronco,,,,,,,,,,,,,,,,,,,,,,,,https://static.summitracing.com/global/images/prod/xlarge/mio-mmlg1527lbk_xl.jpg,4,Mishimoto MMLG-15-27LBK Aluminum Locking Lug Nuts for 2021-2025 BRONCO,,,,,,,,,,,,,,,,,,,,,,,,
mishimoto-mmlg-15-27lbk-aluminum-locking-lug-nuts-for-2021-2025-bronco,,,,,,,,,,,,,,,,,,,,,,,,https://static.summitracing.com/global/images/prod/xlarge/mio-mmlg1527lbk_td_xl.jpg,5,Mishimoto MMLG-15-27LBK Aluminum Locking Lug Nuts for 2021-2025 BRONCO,,,,,,,,,,,,,,,,,,,,,,,,
mishimoto-mmlg-15-27lbk-aluminum-locking-lug-nuts-for-2021-2025-bronco,,,,,,,,,,,,,,,,,,,,,,,,https://static.summitracing.com/global/images/prod/xlarge/mio-mmlg1527lbk_gy_xl.jpg,6,Mishimoto MMLG-15-27LBK Aluminum Locking Lug Nuts for 2021-2025 BRONCO,,,,,,,,,,,,,,,,,,,,,,,,
mishimoto-mmpsh-yfm660-01ktbk-powersports-silicone-hose-kits-for-2001-2005-yfm660r-raptor,Mishimoto MMPSH-YFM660-01KTBK Powersports Silicone Hose Kits for 2001-2005 YFM660R RAPTOR,"<h4><strong>Description</strong></h4><p>Mishimoto powersports silicone hose kits are made out of high-grade silicone, combined with heat-resistant embedded fibers, and engineered for a direct OEM fit. These silicone hose kits add function and style to your ride by providing increased pressure tolerances and heat reduction. Plus, they are available in black, blue, red, and green.</p>        <p>&nbsp;</p><h4>Features</h4><div><strong>Part Type:</strong></div><div>Powersports Hose Kits, Cooling System</div><div><strong>Product Line:</strong></div><div>Mishimoto Powersports Silicone Hose Kits</div>        <p>&nbsp;</p>        <h4>Compatibility</h4><p>Feel free to contact us at info@mlperformance.co.uk should you wish to double check!</p>        <p>&nbsp;</p>        <h4>Compatibility Check</h4><p>To ensure the part(s) you have ordered fits your vehicle, we run a compatibility check prior to dispatch. We can do this either using your registration number (UK) or the last 7 digits of your VIN. Simply enter your car details prior to checkout.</p>        <p>&nbsp;</p>        <h4>Part Number</h4><p>MMPSH-YFM660-01KTBK</p>        <p>&nbsp;</p>        <h4>More Information</h4><p><strong>Manufactured by</strong></p><p>Mishimoto</p>",Mishimoto,,Cooling & Radiator,"Uploaded by_Muazzim, Brand_Mishimoto, MLP Discount 2025, 2025_New Products, Product Type_Cooling & Radiator, Category_Radiator Hose Kit",TRUE,Title,Default Title,,,,,MMPSH-YFM660-01KTBK,7000,shopify,continue,manual,44.46,46.8,TRUE,TRUE,MMPSH-YFM660-01KTBK,https://static.summitracing.com/global/images/prod/large/MIO-YFM66001KTBK.jpg,1,Mishimoto MMPSH-YFM660-01KTBK Powersports Silicone Hose Kits for 2001-2005 YFM660R RAPTOR,,Mishimoto MMPSH-YFM660-01KTBK Powersports Silicone Hose Kits for 2001-2005 YFM660R RAPTOR,Get Mishimoto MMPSH-YFM660-01KTBK Powersports Silicone Hose Kits for 2001-2005 YFM660R RAPTOR for your car to get your desired looks and performance from ML Performance at the lowest price with FREE UK shipping & next day delivery on in stock items. Very cheap prices & good service.,,,,MMPSH-YFM660-01KTBK,,,new,,,,,,,,kg,8708949900,29.25,,,,active
mishimoto-mmrad-g80-21a-performance-auxiliary-radiators-for-2025-m2-m3-m4,"Mishimoto MMRAD-G80-21A Performance Auxiliary Radiators for 2025 M2, M3, M4","<h4><strong>Description</strong></h4><p>Keep your engine temperature under control with Mishimoto's Performance Auxiliary Radiators. These units are sold as a pair and feature full aluminum end tanks that are TIG-welded to custom engineered cores for maximum durability and performance. The increased fluid capacity and 25 percent increase in core volume ensures optimal heat dissipation and effective temperature regulation for both stock and modified vehicles, making them an essential upgrade for high performance driving. In addition to their robust construction, these radiators feature strutted tubes, providing further reinforcement against vibration and impacts.<br>Additional notes:<br>25-percent increase in core volume for improved heat transfer<br>Strutted tubes provide further reinforcement against vibration and impacts<br>Includes both left and right radiators<br>Pair with Mishimoto Performance Heat Exchanger for a complete cooling system upgrade<br>Accepts stock rock guards or available steel Mishimoto guards for maximum protection<br></p>        <p>&nbsp;</p><h4>Features</h4><div><strong>Part Type:</strong></div><div>Radiators</div><div><strong>Product Line:</strong></div><div>Mishimoto Performance Auxiliary Radiators</div>        <p>&nbsp;</p>        <h4>Compatibility</h4><p>Feel free to contact us at info@mlperformance.co.uk should you wish to double check!</p>        <p>&nbsp;</p>        <h4>Compatibility Check</h4><p>To ensure the part(s) you have ordered fits your vehicle, we run a compatibility check prior to dispatch. We can do this either using your registration number (UK) or the last 7 digits of your VIN. Simply enter your car details prior to checkout.</p>        <p>&nbsp;</p>        <h4>Part Number</h4><p>MMRAD-G80-21A</p>        <p>&nbsp;</p>        <h4>More Information</h4><p><strong>Manufactured by</strong></p><p>Mishimoto</p>",Mishimoto,,Cooling & Radiator,"Uploaded by_Muazzim, Brand_Mishimoto, MLP Discount 2025, 2025_New Products, Product Type_Cooling & Radiator, Category_Radiators",TRUE,Title,Default Title,,,,,MMRAD-G80-21A,25000,shopify,continue,manual,466.26,490.8,TRUE,TRUE,MMRAD-G80-21A,https://static.summitracing.com/global/images/prod/xlarge/mio-mmradg8021a_ld_xl.jpg,1,"Mishimoto MMRAD-G80-21A Performance Auxiliary Radiators for 2025 M2, M3, M4",,"Mishimoto MMRAD-G80-21A Performance Auxiliary Radiators for 2025 M2, M3, M4","Get Mishimoto MMRAD-G80-21A Performance Auxiliary Radiators for 2025 M2, M3, M4 for your car to get your desired looks and performance from ML Performance at the lowest price with FREE UK shipping & next day delivery on in stock items. Very cheap prices & good service.",,,,MMRAD-G80-21A,,,new,,,,,,,,kg,8708949900,306.75,,,,active
mishimoto-mmrad-g80-21a-performance-auxiliary-radiators-for-2025-m2-m3-m4,,,,,,,,,,,,,,,,,,,,,,,,https://static.summitracing.com/global/images/prod/xlarge/mio-mmradg8021a_yg_xl.jpg,2,"Mishimoto MMRAD-G80-21A Performance Auxiliary Radiators for 2025 M2, M3, M4",,,,,,,,,,,,,,,,,,,,,,,,
mishimoto-mmrad-g80-21a-performance-auxiliary-radiators-for-2025-m2-m3-m4,,,,,,,,,,,,,,,,,,,,,,,,https://static.summitracing.com/global/images/prod/xlarge/mio-mmradg8021a_xl.jpg,3,"Mishimoto MMRAD-G80-21A Performance Auxiliary Radiators for 2025 M2, M3, M4",,,,,,,,,,,,,,,,,,,,,,,,
mishimoto-mmrad-g80-21a-performance-auxiliary-radiators-for-2025-m2-m3-m4,,,,,,,,,,,,,,,,,,,,,,,,https://static.summitracing.com/global/images/prod/xlarge/mio-mmradg8021a_ea_xl.jpg,4,"Mishimoto MMRAD-G80-21A Performance Auxiliary Radiators for 2025 M2, M3, M4",,,,,,,,,,,,,,,,,,,,,,,,
mishimoto-mmrad-srt-15-performance-radiators,Mishimoto MMRAD-SRT-15 Performance Radiators,"<h4><strong>Description</strong></h4><p>Mishimoto performance radiators are designed and engineered to maximize cooling efficiency, boost engine functions, and, most of all, protect your engine from overheating. Many stock radiators can't handle the additional heat that comes higher horsepower levels. So, swap out your stock radiator for an all-aluminum Mishimoto.<br>Key features and benefits of Mishimoto performance radiators include:<br>Available for universal and exact fit applications (no cutting or modifications required)<br>All-aluminum construction for optimal heat dissipation, improved strength, and reliability<br>Increased cooling capacity due to their massive core size<br>100 percent brazed aluminum core for minimal distortion, low stress, and clean joints<br>Available in various sizes with 2-row or 3-row cores<br>TIG-welded for clean, strong welds and increased durability<br>Magnetic drain plugs capture metallic debris or fragments<br>Included high-pressure 1.3 bar cap raises the coolant boiling point for greater safety and efficiency<br>Automatic transmission and accessory coolers included where applicable<br></p>        <p>&nbsp;</p><h4>Features</h4><div><strong>Part Type:</strong></div><div>Radiators</div><div><strong>Product Line:</strong></div><div>Mishimoto Performance Radiators</div>        <p>&nbsp;</p>        <h4>Compatibility</h4><p>Feel free to contact us at info@mlperformance.co.uk should you wish to double check!</p>        <p>&nbsp;</p>        <h4>Compatibility Check</h4><p>To ensure the part(s) you have ordered fits your vehicle, we run a compatibility check prior to dispatch. We can do this either using your registration number (UK) or the last 7 digits of your VIN. Simply enter your car details prior to checkout.</p>        <p>&nbsp;</p>        <h4>Part Number</h4><p>MMRAD-SRT-15</p>        <p>&nbsp;</p>        <h4>More Information</h4><p><strong>Manufactured by</strong></p><p>Mishimoto</p>",Mishimoto,,Cooling & Radiator,"Uploaded by_Muazzim, Brand_Mishimoto, MLP Discount 2025, 2025_New Products, Product Type_Cooling & Radiator, Category_Radiators",TRUE,Title,Default Title,,,,,MMRAD-SRT-15,25000,shopify,continue,manual,661.2,696,TRUE,TRUE,MMRAD-SRT-15,https://static.summitracing.com/global/images/prod/xlarge/mio-mmrad-srt-15_hb_xl.jpg,1,Mishimoto MMRAD-SRT-15 Performance Radiators,,Mishimoto MMRAD-SRT-15 Performance Radiators,Get Mishimoto MMRAD-SRT-15 Performance Radiators for your car to get your desired looks and performance from ML Performance at the lowest price with FREE UK shipping & next day delivery on in stock items. Very cheap prices & good service.,,,,MMRAD-SRT-15,,,new,,,,,,,,kg,8708949900,435,,,,active
mishimoto-mmrad-srt-15-performance-radiators,,,,,,,,,,,,,,,,,,,,,,,,https://static.summitracing.com/global/images/prod/xlarge/mio-mmrad-srt-15_xl.jpg,2,Mishimoto MMRAD-SRT-15 Performance Radiators,,,,,,,,,,,,,,,,,,,,,,,,
mishimoto-mmrad-srt-15-performance-radiators,,,,,,,,,,,,,,,,,,,,,,,,https://static.summitracing.com/global/images/prod/xlarge/mio-mmrad-srt-15_du_xl.jpg,3,Mishimoto MMRAD-SRT-15 Performance Radiators,,,,,,,,,,,,,,,,,,,,,,,,
mishimoto-mmrad-srt-15-performance-radiators,,,,,,,,,,,,,,,,,,,,,,,,https://static.summitracing.com/global/images/prod/xlarge/mio-mmrad-srt-15_iy_xl.jpg,4,Mishimoto MMRAD-SRT-15 Performance Radiators,,,,,,,,,,,,,,,,,,,,,,,,
mishimoto-mmrad-srt-15-performance-radiators,,,,,,,,,,,,,,,,,,,,,,,,https://static.summitracing.com/global/images/prod/xlarge/mio-mmrad-srt-15_hk_xl.jpg,5,Mishimoto MMRAD-SRT-15 Performance Radiators,,,,,,,,,,,,,,,,,,,,,,,,
mishimoto-mmrad-wra-07v2-performance-radiators-for-2007-2018-wrangler-2018-wrangler-jk,"Mishimoto MMRAD-WRA-07V2 Performance Radiators for 2007-2018 WRANGLER, 2018 WRANGLER JK","<h4><strong>Description</strong></h4><p>Mishimoto performance radiators are designed and engineered to maximize cooling efficiency, boost engine functions, and, most of all, protect your engine from overheating. Many stock radiators can't handle the additional heat that comes higher horsepower levels. So, swap out your stock radiator for an all-aluminum Mishimoto.<br>Key features and benefits of Mishimoto performance radiators include:<br>Available for universal and exact fit applications (no cutting or modifications required)<br>All-aluminum construction for optimal heat dissipation, improved strength, and reliability<br>Increased cooling capacity due to their massive core size<br>100 percent brazed aluminum core for minimal distortion, low stress, and clean joints<br>Available in various sizes with 2-row or 3-row cores<br>TIG-welded for clean, strong welds and increased durability<br>Magnetic drain plugs capture metallic debris or fragments<br>Included high-pressure 1.3 bar cap raises the coolant boiling point for greater safety and efficiency<br>Automatic transmission and accessory coolers included where applicable<br></p>        <p>&nbsp;</p><h4>Features</h4><div><strong>Part Type:</strong></div><div>Radiators</div><div><strong>Product Line:</strong></div><div>Mishimoto Performance Radiators</div>        <p>&nbsp;</p>        <h4>Compatibility</h4><p>Feel free to contact us at info@mlperformance.co.uk should you wish to double check!</p>        <p>&nbsp;</p>        <h4>Compatibility Check</h4><p>To ensure the part(s) you have ordered fits your vehicle, we run a compatibility check prior to dispatch. We can do this either using your registration number (UK) or the last 7 digits of your VIN. Simply enter your car details prior to checkout.</p>        <p>&nbsp;</p>        <h4>Part Number</h4><p>MMRAD-WRA-07V2</p>        <p>&nbsp;</p>        <h4>More Information</h4><p><strong>Manufactured by</strong></p><p>Mishimoto</p>",Mishimoto,,Cooling & Radiator,"Uploaded by_Muazzim, Brand_Mishimoto, MLP Discount 2025, 2025_New Products, Product Type_Cooling & Radiator, Category_Radiators",TRUE,Title,Default Title,,,,,MMRAD-WRA-07V2,25000,shopify,continue,manual,649.8,684,TRUE,TRUE,MMRAD-WRA-07V2,https://static.summitracing.com/global/images/prod/xlarge/mio-mmradwra07v2_pc_xl.jpg,1,"Mishimoto MMRAD-WRA-07V2 Performance Radiators for 2007-2018 WRANGLER, 2018 WRANGLER JK",,"Mishimoto MMRAD-WRA-07V2 Performance Radiators for 2007-2018 WRANGLER, 2018 WRANGLER JK","Get Mishimoto MMRAD-WRA-07V2 Performance Radiators for 2007-2018 WRANGLER, 2018 WRANGLER JK for your car to get your desired looks and performance from ML Performance at the lowest price with FREE UK shipping & next day delivery on in stock items. Very cheap prices & good service.",,,,MMRAD-WRA-07V2,,,new,,,,,,,,kg,8708949900,427.5,,,,active
mishimoto-mmrad-wra-07v2-performance-radiators-for-2007-2018-wrangler-2018-wrangler-jk,,,,,,,,,,,,,,,,,,,,,,,,https://static.summitracing.com/global/images/prod/xlarge/mio-mmradwra07v2_sw_xl.jpg,2,"Mishimoto MMRAD-WRA-07V2 Performance Radiators for 2007-2018 WRANGLER, 2018 WRANGLER JK",,,,,,,,,,,,,,,,,,,,,,,,
mishimoto-mmrad-wra-07v2-performance-radiators-for-2007-2018-wrangler-2018-wrangler-jk,,,,,,,,,,,,,,,,,,,,,,,,https://static.summitracing.com/global/images/prod/xlarge/mio-mmradwra07v2_dy_xl.jpg,3,"Mishimoto MMRAD-WRA-07V2 Performance Radiators for 2007-2018 WRANGLER, 2018 WRANGLER JK",,,,,,,,,,,,,,,,,,,,,,,,
mishimoto-mmrad-wra-07v2-performance-radiators-for-2007-2018-wrangler-2018-wrangler-jk,,,,,,,,,,,,,,,,,,,,,,,,https://static.summitracing.com/global/images/prod/xlarge/mio-mmradwra07v2_hl_xl.jpg,4,"Mishimoto MMRAD-WRA-07V2 Performance Radiators for 2007-2018 WRANGLER, 2018 WRANGLER JK",,,,,,,,,,,,,,,,,,,,,,,,
mishimoto-mmrad-wra-07v2-performance-radiators-for-2007-2018-wrangler-2018-wrangler-jk,,,,,,,,,,,,,,,,,,,,,,,,https://static.summitracing.com/global/images/prod/xlarge/mio-mmradwra07v2_ur_xl.jpg,5,"Mishimoto MMRAD-WRA-07V2 Performance Radiators for 2007-2018 WRANGLER, 2018 WRANGLER JK",,,,,,,,,,,,,,,,,,,,,,,,
mishimoto-mmrad-wra-07v2-performance-radiators-for-2007-2018-wrangler-2018-wrangler-jk,,,,,,,,,,,,,,,,,,,,,,,,https://static.summitracing.com/global/images/prod/xlarge/mio-mmradwra07v2_ds_xl.jpg,6,"Mishimoto MMRAD-WRA-07V2 Performance Radiators for 2007-2018 WRANGLER, 2018 WRANGLER JK",,,,,,,,,,,,,,,,,,,,,,,,
mishimoto-mmrt-a2w-50n-air-to-water-intercooler-ice-tanks,Mishimoto MMRT-A2W-50N Air-to-Water Intercooler Ice Tanks,"<h4><strong>Description</strong></h4><p>When the heat gets turned up, keep your cool with one of these Mishimoto ice tanks to your air-to-water intercooler setup! The secret to maintaining power levels is to ensure that your engine is getting the coolest, densest air possible. Even with an air-to-water intercooler and heat exchanger, keeping your intake air temperatures cool can be a challenge. Whether you're hot lapping at the drag strip, bouncing off the rev limiter drifting, or simply enjoying some spirited driving, giving your engine cooler air means more power and performance. Adding a Mishimoto ice tank to your air-to-water intercooler setup can help reduce IATs drastically, help reduce heat-soak, and adds fluid capacity to your system. These intercooler ice tanks are perfect for adding to an existing air-to-water system with a heat exchanger or for building a system from scratch. All Mishimoto products include their signature lifetime warranty.<br>Product features and benefits:<br>Tank is constructed from fully TIG-welded aluminum<br>Offered in several different gallon size liquid capacities to better suit your intercooler setup<br>Designed with internal mounts to utilize a Rule 2000 or Rule 3700 internal bilge pump, or external pump of your choice<br>Large flip-open lid with lock for easy filling and secure containment of contents<br>Integral mounting flanges for stable and secure mounting in any location<br>3/8 in. NPT drain plug for easy emptying<br>1/2 in. NPT port for electrical bulkhead for water-tight wiring to internal pump<br>Includes 1/2 in. electrical bulkhead for wiring internal pump and 1/2 in. NPT plug if an external pump is used instead<br>-12 ORB inlet and outlet ports for a tight, leak-free seal<br>Combine with Mishimoto's universal air-to-water single pass intercooler or universal air-to-water dual pass intercooler (not included)<br>To complete your system, pair with -12ORB To 3/4 in. hose barb air-to-water intercooler fittings or -12ORB to -12AN air-to-water intercooler fittings (sold separately)</p>        <p>&nbsp;</p><h4>Features</h4><div><strong>Part Type:</strong></div><div>Intercooler Tanks</div><div><strong>Product Line:</strong></div><div>Mishimoto Air-to-Water Intercooler Ice Tanks</div>        <p>&nbsp;</p>        <h4>Compatibility</h4><p>Feel free to contact us at info@mlperformance.co.uk should you wish to double check!</p>        <p>&nbsp;</p>        <h4>Compatibility Check</h4><p>To ensure the part(s) you have ordered fits your vehicle, we run a compatibility check prior to dispatch. We can do this either using your registration number (UK) or the last 7 digits of your VIN. Simply enter your car details prior to checkout.</p>        <p>&nbsp;</p>        <h4>Part Number</h4><p>MMRT-A2W-50N</p>        <p>&nbsp;</p>        <h4>More Information</h4><p><strong>Manufactured by</strong></p><p>Mishimoto</p>",Mishimoto,,Intercooler,"Uploaded by_Muazzim, Brand_Mishimoto, MLP Discount 2025, 2025_New Products, Product Type_Intercooler",TRUE,Title,Default Title,,,,,MMRT-A2W-50N,20000,shopify,continue,manual,209.76,220.8,TRUE,TRUE,MMRT-A2W-50N,https://static.summitracing.com/global/images/prod/xlarge/mio-mmrt-a2w-50n_xl.jpg,1,Mishimoto MMRT-A2W-50N Air-to-Water Intercooler Ice Tanks,,Mishimoto MMRT-A2W-50N Air-to-Water Intercooler Ice Tanks,Get Mishimoto MMRT-A2W-50N Air-to-Water Intercooler Ice Tanks for your car to get your desired looks and performance from ML Performance at the lowest price with FREE UK shipping & next day delivery on in stock items. Very cheap prices & good service.,,,,MMRT-A2W-50N,,,new,,,,,,,,kg,8708949900,138,,,,active
mishimoto-mmrt-a2w-50n-air-to-water-intercooler-ice-tanks,,,,,,,,,,,,,,,,,,,,,,,,https://static.summitracing.com/global/images/prod/xlarge/mio-mmrt-a2w-25n_ki_xl.jpg,2,Mishimoto MMRT-A2W-50N Air-to-Water Intercooler Ice Tanks,,,,,,,,,,,,,,,,,,,,,,,,
mishimoto-mmrt-a2w-50n-air-to-water-intercooler-ice-tanks,,,,,,,,,,,,,,,,,,,,,,,,https://static.summitracing.com/global/images/prod/xlarge/mio-mmrt-a2w-25n_ji_xl.jpg,3,Mishimoto MMRT-A2W-50N Air-to-Water Intercooler Ice Tanks,,,,,,,,,,,,,,,,,,,,,,,,
mishimoto-mmrt-a2w-50n-air-to-water-intercooler-ice-tanks,,,,,,,,,,,,,,,,,,,,,,,,https://static.summitracing.com/global/images/prod/xlarge/mio-mmrt-a2w-25n_xu_xl.jpg,4,Mishimoto MMRT-A2W-50N Air-to-Water Intercooler Ice Tanks,,,,,,,,,,,,,,,,,,,,,,,,
mishimoto-mmrt-a2w-50n-air-to-water-intercooler-ice-tanks,,,,,,,,,,,,,,,,,,,,,,,,https://static.summitracing.com/global/images/prod/xlarge/mio-mmrt-a2w-25n_jn_xl.jpg,5,Mishimoto MMRT-A2W-50N Air-to-Water Intercooler Ice Tanks,,,,,,,,,,,,,,,,,,,,,,,,
mishimoto-mmrt-a2w-50n-air-to-water-intercooler-ice-tanks,,,,,,,,,,,,,,,,,,,,,,,,https://static.summitracing.com/global/images/prod/xlarge/mio-mmrt-a2w-25n_pt_xl.jpg,6,Mishimoto MMRT-A2W-50N Air-to-Water Intercooler Ice Tanks,,,,,,,,,,,,,,,,,,,,,,,,
mishimoto-mmrt-a2w-50n-air-to-water-intercooler-ice-tanks,,,,,,,,,,,,,,,,,,,,,,,,https://static.summitracing.com/global/images/prod/xlarge/mio-mmrt-a2w-25n_wy_xl.jpg,7,Mishimoto MMRT-A2W-50N Air-to-Water Intercooler Ice Tanks,,,,,,,,,,,,,,,,,,,,,,,,
mishimoto-mmrt-a2w-50n-air-to-water-intercooler-ice-tanks,,,,,,,,,,,,,,,,,,,,,,,,https://static.summitracing.com/global/images/prod/xlarge/mio-mmrt-a2w-25n_sr_xl.jpg,8,Mishimoto MMRT-A2W-50N Air-to-Water Intercooler Ice Tanks,,,,,,,,,,,,,,,,,,,,,,,,
mishimoto-mmrt-a2w-50n-air-to-water-intercooler-ice-tanks,,,,,,,,,,,,,,,,,,,,,,,,https://static.summitracing.com/global/images/prod/xlarge/mio-mmrt-a2w-25n_ql_xl.jpg,9,Mishimoto MMRT-A2W-50N Air-to-Water Intercooler Ice Tanks,,,,,,,,,,,,,,,,,,,,,,,,
mishimoto-mmsd-g80-21wbk-skid-plates-for-2021-2025-m4-m3-2025-m2,"Mishimoto MMSD-G80-21WBK Skid Plates for 2021-2025 M4, M3, 2025 M2","<h4><strong>Description</strong></h4><p>Mishimoto offers undercarriage skid plates for a variety of applications, including late model Nissan Z automobiles. These plates are fabricated from aluminum with a black powdercoat-and are upgrade replacements for factory plastic skid plates. The bolt-on plates protect the lower portion of your engine.</p>        <p>&nbsp;</p><h4>Features</h4><div><strong>Part Type:</strong></div><div>Skid Plates</div><div><strong>Product Line:</strong></div><div>Mishimoto Skid Plates</div>        <p>&nbsp;</p>        <h4>Compatibility</h4><p>Feel free to contact us at info@mlperformance.co.uk should you wish to double check!</p>        <p>&nbsp;</p>        <h4>Compatibility Check</h4><p>To ensure the part(s) you have ordered fits your vehicle, we run a compatibility check prior to dispatch. We can do this either using your registration number (UK) or the last 7 digits of your VIN. Simply enter your car details prior to checkout.</p>        <p>&nbsp;</p>        <h4>Part Number</h4><p>MMSD-G80-21WBK</p>        <p>&nbsp;</p>        <h4>More Information</h4><p><strong>Manufactured by</strong></p><p>Mishimoto</p>",Mishimoto,,Exterior,"Uploaded by_Muazzim, Brand_Mishimoto, MLP Discount 2025, 2025_New Products, Product Type_Exterior, Category_Skid Plates",TRUE,Title,Default Title,,,,,MMSD-G80-21WBK,30000,shopify,continue,manual,419.52,441.6,TRUE,TRUE,MMSD-G80-21WBK,https://static.summitracing.com/global/images/prod/xlarge/mio-s2314_ua_xl.jpg,1,"Mishimoto MMSD-G80-21WBK Skid Plates for 2021-2025 M4, M3, 2025 M2",,"Mishimoto MMSD-G80-21WBK Skid Plates for 2021-2025 M4, M3, 2025 M2","Get Mishimoto MMSD-G80-21WBK Skid Plates for 2021-2025 M4, M3, 2025 M2 for your car to get your desired looks and performance from ML Performance at the lowest price with FREE UK shipping & next day delivery on in stock items. Very cheap prices & good service.",,,,MMSD-G80-21WBK,,,new,,,,,,,,kg,8708949900,276,,,,active
mishimoto-mmsd-g80-21wbk-skid-plates-for-2021-2025-m4-m3-2025-m2,,,,,,,,,,,,,,,,,,,,,,,,https://static.summitracing.com/global/images/prod/xlarge/mio-s2314_pe_xl.jpg,2,"Mishimoto MMSD-G80-21WBK Skid Plates for 2021-2025 M4, M3, 2025 M2",,,,,,,,,,,,,,,,,,,,,,,,
mishimoto-mmsd-g80-21wbk-skid-plates-for-2021-2025-m4-m3-2025-m2,,,,,,,,,,,,,,,,,,,,,,,,https://static.summitracing.com/global/images/prod/xlarge/mio-s2314_cp_xl.jpg,3,"Mishimoto MMSD-G80-21WBK Skid Plates for 2021-2025 M4, M3, 2025 M2",,,,,,,,,,,,,,,,,,,,,,,,
mishimoto-mmsd-g80-21wbk-skid-plates-for-2021-2025-m4-m3-2025-m2,,,,,,,,,,,,,,,,,,,,,,,,https://static.summitracing.com/global/images/prod/xlarge/mio-s2314_ve_xl.jpg,4,"Mishimoto MMSD-G80-21WBK Skid Plates for 2021-2025 M4, M3, 2025 M2",,,,,,,,,,,,,,,,,,,,,,,,
mishimoto-mmsd-g80-21wbk-skid-plates-for-2021-2025-m4-m3-2025-m2,,,,,,,,,,,,,,,,,,,,,,,,https://static.summitracing.com/global/images/prod/xlarge/mio-s2314_xl.jpg,5,"Mishimoto MMSD-G80-21WBK Skid Plates for 2021-2025 M4, M3, 2025 M2",,,,,,,,,,,,,,,,,,,,,,,,
mishimoto-mmsk-ret-12125bk-shift-boot-retainers,Mishimoto MMSK-RET-12125BK Shift Boot Retainers,"<h4><strong>Description</strong></h4><p>Were you eager to upgrade your vehicle's OEM shift knob, only to be mortified by the shift boot sag left behind? The Mishimoto shift boot retainers bridge the gap between your aftermarket shift knob and OEM shift boot, leaving your interior looking immaculate. CNC-machined from heavy-duty 6061 aluminum, the retainers are available in anodized black, blue, neo-chrome, red, and silver to perfectly match your style. Fill the space between your shift knob and shift boot, eliminating pesky boot sag with a Mishimoto shift boot retainer. They're simple to install and include Mishimoto's Lifetime Warranty. Select the shift boot retainer model for your application needs.</p>        <p>&nbsp;</p><h4>Features</h4><div><strong>Part Type:</strong></div><div>Shifter Boot Components</div><div><strong>Product Line:</strong></div><div>Mishimoto Shift Boot Retainers</div>        <p>&nbsp;</p>        <h4>Compatibility</h4><p>Feel free to contact us at info@mlperformance.co.uk should you wish to double check!</p>        <p>&nbsp;</p>        <h4>Compatibility Check</h4><p>To ensure the part(s) you have ordered fits your vehicle, we run a compatibility check prior to dispatch. We can do this either using your registration number (UK) or the last 7 digits of your VIN. Simply enter your car details prior to checkout.</p>        <p>&nbsp;</p>        <h4>Part Number</h4><p>MMSK-RET-12125BK</p>        <p>&nbsp;</p>        <h4>More Information</h4><p><strong>Manufactured by</strong></p><p>Mishimoto</p>",Mishimoto,,Transmission,"Uploaded by_Muazzim, Brand_Mishimoto, MLP Discount 2025, 2025_New Products, Product Type_Transmission, Category_Gearshift, Knobs & Parts",TRUE,Title,Default Title,,,,,MMSK-RET-12125BK,1000,shopify,continue,manual,11.4,12,TRUE,TRUE,MMSK-RET-12125BK,https://static.summitracing.com/global/images/prod/xlarge/mio-s2337_xl.jpg,1,Mishimoto MMSK-RET-12125BK Shift Boot Retainers,,Mishimoto MMSK-RET-12125BK Shift Boot Retainers,Get Mishimoto MMSK-RET-12125BK Shift Boot Retainers for your car to get your desired looks and performance from ML Performance at the lowest price with FREE UK shipping & next day delivery on in stock items. Very cheap prices & good service.,,,,MMSK-RET-12125BK,,,new,,,,,,,,kg,8708949900,7.5,,,,active
mishimoto-mmsk-ret-12125bl-shift-boot-retainers,Mishimoto MMSK-RET-12125BL Shift Boot Retainers,"<h4><strong>Description</strong></h4><p>Were you eager to upgrade your vehicle's OEM shift knob, only to be mortified by the shift boot sag left behind? The Mishimoto shift boot retainers bridge the gap between your aftermarket shift knob and OEM shift boot, leaving your interior looking immaculate. CNC-machined from heavy-duty 6061 aluminum, the retainers are available in anodized black, blue, neo-chrome, red, and silver to perfectly match your style. Fill the space between your shift knob and shift boot, eliminating pesky boot sag with a Mishimoto shift boot retainer. They're simple to install and include Mishimoto's Lifetime Warranty. Select the shift boot retainer model for your application needs.</p>        <p>&nbsp;</p><h4>Features</h4><div><strong>Part Type:</strong></div><div>Shifter Boot Components</div><div><strong>Product Line:</strong></div><div>Mishimoto Shift Boot Retainers</div>        <p>&nbsp;</p>        <h4>Compatibility</h4><p>Feel free to contact us at info@mlperformance.co.uk should you wish to double check!</p>        <p>&nbsp;</p>        <h4>Compatibility Check</h4><p>To ensure the part(s) you have ordered fits your vehicle, we run a compatibility check prior to dispatch. We can do this either using your registration number (UK) or the last 7 digits of your VIN. Simply enter your car details prior to checkout.</p>        <p>&nbsp;</p>        <h4>Part Number</h4><p>MMSK-RET-12125BL</p>        <p>&nbsp;</p>        <h4>More Information</h4><p><strong>Manufactured by</strong></p><p>Mishimoto</p>",Mishimoto,,Transmission,"Uploaded by_Muazzim, Brand_Mishimoto, MLP Discount 2025, 2025_New Products, Product Type_Transmission, Category_Gearshift, Knobs & Parts",TRUE,Title,Default Title,,,,,MMSK-RET-12125BL,1000,shopify,continue,manual,11.4,12,TRUE,TRUE,MMSK-RET-12125BL,https://static.summitracing.com/global/images/prod/xlarge/mio-s2338_ze_xl.jpg,1,Mishimoto MMSK-RET-12125BL Shift Boot Retainers,,Mishimoto MMSK-RET-12125BL Shift Boot Retainers,Get Mishimoto MMSK-RET-12125BL Shift Boot Retainers for your car to get your desired looks and performance from ML Performance at the lowest price with FREE UK shipping & next day delivery on in stock items. Very cheap prices & good service.,,,,MMSK-RET-12125BL,,,new,,,,,,,,kg,8708949900,7.5,,,,active
mishimoto-mmsk-ret-12125bl-shift-boot-retainers,,,,,,,,,,,,,,,,,,,,,,,,https://static.summitracing.com/global/images/prod/xlarge/mio-s2341_rc_xl.jpg,2,Mishimoto MMSK-RET-12125BL Shift Boot Retainers,,,,,,,,,,,,,,,,,,,,,,,,
mishimoto-mmsk-ret-12125bl-shift-boot-retainers,,,,,,,,,,,,,,,,,,,,,,,,https://static.summitracing.com/global/images/prod/xlarge/mio-s2341_ex_xl.jpg,3,Mishimoto MMSK-RET-12125BL Shift Boot Retainers,,,,,,,,,,,,,,,,,,,,,,,,
mishimoto-mmsk-ret-12125bl-shift-boot-retainers,,,,,,,,,,,,,,,,,,,,,,,,https://static.summitracing.com/global/images/prod/xlarge/mio-s2338_xl.jpg,4,Mishimoto MMSK-RET-12125BL Shift Boot Retainers,,,,,,,,,,,,,,,,,,,,,,,,
mishimoto-mmsk-ret-12125nc-shift-boot-retainers,Mishimoto MMSK-RET-12125NC Shift Boot Retainers,"<h4><strong>Description</strong></h4><p>Were you eager to upgrade your vehicle's OEM shift knob, only to be mortified by the shift boot sag left behind? The Mishimoto shift boot retainers bridge the gap between your aftermarket shift knob and OEM shift boot, leaving your interior looking immaculate. CNC-machined from heavy-duty 6061 aluminum, the retainers are available in anodized black, blue, neo-chrome, red, and silver to perfectly match your style. Fill the space between your shift knob and shift boot, eliminating pesky boot sag with a Mishimoto shift boot retainer. They're simple to install and include Mishimoto's Lifetime Warranty. Select the shift boot retainer model for your application needs.</p>        <p>&nbsp;</p><h4>Features</h4><div><strong>Part Type:</strong></div><div>Shifter Boot Components</div><div><strong>Product Line:</strong></div><div>Mishimoto Shift Boot Retainers</div>        <p>&nbsp;</p>        <h4>Compatibility</h4><p>Feel free to contact us at info@mlperformance.co.uk should you wish to double check!</p>        <p>&nbsp;</p>        <h4>Compatibility Check</h4><p>To ensure the part(s) you have ordered fits your vehicle, we run a compatibility check prior to dispatch. We can do this either using your registration number (UK) or the last 7 digits of your VIN. Simply enter your car details prior to checkout.</p>        <p>&nbsp;</p>        <h4>Part Number</h4><p>MMSK-RET-12125NC</p>        <p>&nbsp;</p>        <h4>More Information</h4><p><strong>Manufactured by</strong></p><p>Mishimoto</p>",Mishimoto,,Transmission,"Uploaded by_Muazzim, Brand_Mishimoto, MLP Discount 2025, 2025_New Products, Product Type_Transmission, Category_Gearshift, Knobs & Parts",TRUE,Title,Default Title,,,,,MMSK-RET-12125NC,1000,shopify,continue,manual,11.4,12,TRUE,TRUE,MMSK-RET-12125NC,https://static.summitracing.com/global/images/prod/xlarge/mio-s2339_sb_xl.jpg,1,Mishimoto MMSK-RET-12125NC Shift Boot Retainers,,Mishimoto MMSK-RET-12125NC Shift Boot Retainers,Get Mishimoto MMSK-RET-12125NC Shift Boot Retainers for your car to get your desired looks and performance from ML Performance at the lowest price with FREE UK shipping & next day delivery on in stock items. Very cheap prices & good service.,,,,MMSK-RET-12125NC,,,new,,,,,,,,kg,8708949900,7.5,,,,active
mishimoto-mmsk-ret-12125nc-shift-boot-retainers,,,,,,,,,,,,,,,,,,,,,,,,https://static.summitracing.com/global/images/prod/xlarge/mio-s2341_rc_xl.jpg,2,Mishimoto MMSK-RET-12125NC Shift Boot Retainers,,,,,,,,,,,,,,,,,,,,,,,,
mishimoto-mmsk-ret-12125nc-shift-boot-retainers,,,,,,,,,,,,,,,,,,,,,,,,https://static.summitracing.com/global/images/prod/xlarge/mio-s2341_ex_xl.jpg,3,Mishimoto MMSK-RET-12125NC Shift Boot Retainers,,,,,,,,,,,,,,,,,,,,,,,,
mishimoto-mmsk-ret-12125nc-shift-boot-retainers,,,,,,,,,,,,,,,,,,,,,,,,https://static.summitracing.com/global/images/prod/xlarge/mio-s2339_xl.jpg,4,Mishimoto MMSK-RET-12125NC Shift Boot Retainers,,,,,,,,,,,,,,,,,,,,,,,,
mishimoto-mmsk-ret-12125rd-shift-boot-retainers,Mishimoto MMSK-RET-12125RD Shift Boot Retainers,"<h4><strong>Description</strong></h4><p>Were you eager to upgrade your vehicle's OEM shift knob, only to be mortified by the shift boot sag left behind? The Mishimoto shift boot retainers bridge the gap between your aftermarket shift knob and OEM shift boot, leaving your interior looking immaculate. CNC-machined from heavy-duty 6061 aluminum, the retainers are available in anodized black, blue, neo-chrome, red, and silver to perfectly match your style. Fill the space between your shift knob and shift boot, eliminating pesky boot sag with a Mishimoto shift boot retainer. They're simple to install and include Mishimoto's Lifetime Warranty. Select the shift boot retainer model for your application needs.</p>        <p>&nbsp;</p><h4>Features</h4><div><strong>Part Type:</strong></div><div>Shifter Boot Components</div><div><strong>Product Line:</strong></div><div>Mishimoto Shift Boot Retainers</div>        <p>&nbsp;</p>        <h4>Compatibility</h4><p>Feel free to contact us at info@mlperformance.co.uk should you wish to double check!</p>        <p>&nbsp;</p>        <h4>Compatibility Check</h4><p>To ensure the part(s) you have ordered fits your vehicle, we run a compatibility check prior to dispatch. We can do this either using your registration number (UK) or the last 7 digits of your VIN. Simply enter your car details prior to checkout.</p>        <p>&nbsp;</p>        <h4>Part Number</h4><p>MMSK-RET-12125RD</p>        <p>&nbsp;</p>        <h4>More Information</h4><p><strong>Manufactured by</strong></p><p>Mishimoto</p>",Mishimoto,,Transmission,"Uploaded by_Muazzim, Brand_Mishimoto, MLP Discount 2025, 2025_New Products, Product Type_Transmission, Category_Gearshift, Knobs & Parts",TRUE,Title,Default Title,,,,,MMSK-RET-12125RD,1000,shopify,continue,manual,11.4,12,TRUE,TRUE,MMSK-RET-12125RD,https://static.summitracing.com/global/images/prod/xlarge/mio-s2340_xl.jpg,1,Mishimoto MMSK-RET-12125RD Shift Boot Retainers,,Mishimoto MMSK-RET-12125RD Shift Boot Retainers,Get Mishimoto MMSK-RET-12125RD Shift Boot Retainers for your car to get your desired looks and performance from ML Performance at the lowest price with FREE UK shipping & next day delivery on in stock items. Very cheap prices & good service.,,,,MMSK-RET-12125RD,,,new,,,,,,,,kg,8708949900,7.5,,,,active
mishimoto-mmsk-ret-12125rd-shift-boot-retainers,,,,,,,,,,,,,,,,,,,,,,,,https://static.summitracing.com/global/images/prod/xlarge/mio-s2341_rc_xl.jpg,2,Mishimoto MMSK-RET-12125RD Shift Boot Retainers,,,,,,,,,,,,,,,,,,,,,,,,
mishimoto-mmsk-ret-12125rd-shift-boot-retainers,,,,,,,,,,,,,,,,,,,,,,,,https://static.summitracing.com/global/images/prod/xlarge/mio-s2340_mj_xl.jpg,3,Mishimoto MMSK-RET-12125RD Shift Boot Retainers,,,,,,,,,,,,,,,,,,,,,,,,
mishimoto-mmsk-ret-12125rd-shift-boot-retainers,,,,,,,,,,,,,,,,,,,,,,,,https://static.summitracing.com/global/images/prod/xlarge/mio-s2341_ex_xl.jpg,4,Mishimoto MMSK-RET-12125RD Shift Boot Retainers,,,,,,,,,,,,,,,,,,,,,,,,
mishimoto-mmsk-ret-12125sl-shift-boot-retainers,Mishimoto MMSK-RET-12125SL Shift Boot Retainers,"<h4><strong>Description</strong></h4><p>Were you eager to upgrade your vehicle's OEM shift knob, only to be mortified by the shift boot sag left behind? The Mishimoto shift boot retainers bridge the gap between your aftermarket shift knob and OEM shift boot, leaving your interior looking immaculate. CNC-machined from heavy-duty 6061 aluminum, the retainers are available in anodized black, blue, neo-chrome, red, and silver to perfectly match your style. Fill the space between your shift knob and shift boot, eliminating pesky boot sag with a Mishimoto shift boot retainer. They're simple to install and include Mishimoto's Lifetime Warranty. Select the shift boot retainer model for your application needs.</p>        <p>&nbsp;</p><h4>Features</h4><div><strong>Part Type:</strong></div><div>Shifter Boot Components</div><div><strong>Product Line:</strong></div><div>Mishimoto Shift Boot Retainers</div>        <p>&nbsp;</p>        <h4>Compatibility</h4><p>Feel free to contact us at info@mlperformance.co.uk should you wish to double check!</p>        <p>&nbsp;</p>        <h4>Compatibility Check</h4><p>To ensure the part(s) you have ordered fits your vehicle, we run a compatibility check prior to dispatch. We can do this either using your registration number (UK) or the last 7 digits of your VIN. Simply enter your car details prior to checkout.</p>        <p>&nbsp;</p>        <h4>Part Number</h4><p>MMSK-RET-12125SL</p>        <p>&nbsp;</p>        <h4>More Information</h4><p><strong>Manufactured by</strong></p><p>Mishimoto</p>",Mishimoto,,Transmission,"Uploaded by_Muazzim, Brand_Mishimoto, MLP Discount 2025, 2025_New Products, Product Type_Transmission, Category_Gearshift, Knobs & Parts",TRUE,Title,Default Title,,,,,MMSK-RET-12125SL,1000,shopify,continue,manual,11.4,12,TRUE,TRUE,MMSK-RET-12125SL,https://static.summitracing.com/global/images/prod/xlarge/mio-s2341_oo_xl.jpg,1,Mishimoto MMSK-RET-12125SL Shift Boot Retainers,,Mishimoto MMSK-RET-12125SL Shift Boot Retainers,Get Mishimoto MMSK-RET-12125SL Shift Boot Retainers for your car to get your desired looks and performance from ML Performance at the lowest price with FREE UK shipping & next day delivery on in stock items. Very cheap prices & good service.,,,,MMSK-RET-12125SL,,,new,,,,,,,,kg,8708949900,7.5,,,,active
mishimoto-mmsk-ret-12125sl-shift-boot-retainers,,,,,,,,,,,,,,,,,,,,,,,,https://static.summitracing.com/global/images/prod/xlarge/mio-s2341_xl.jpg,2,Mishimoto MMSK-RET-12125SL Shift Boot Retainers,,,,,,,,,,,,,,,,,,,,,,,,
mishimoto-mmsk-ret-12125sl-shift-boot-retainers,,,,,,,,,,,,,,,,,,,,,,,,https://static.summitracing.com/global/images/prod/xlarge/mio-s2341_rc_xl.jpg,3,Mishimoto MMSK-RET-12125SL Shift Boot Retainers,,,,,,,,,,,,,,,,,,,,,,,,
mishimoto-mmsk-ret-12125sl-shift-boot-retainers,,,,,,,,,,,,,,,,,,,,,,,,https://static.summitracing.com/global/images/prod/xlarge/mio-s2341_ex_xl.jpg,4,Mishimoto MMSK-RET-12125SL Shift Boot Retainers,,,,,,,,,,,,,,,,,,,,,,,,
mishimoto-mmsk-wd-sbe-steel-core-woodgrain-shifter-knobs,Mishimoto MMSK-WD-SBE Steel Core Woodgrain Shifter Knobs,"<h4><strong>Description</strong></h4><p>Pure class. Pure style. Mishimoto steel core woodgrain shifter knobs blend the silky-smooth finish of natural hardwoods with the strength of stainless-steel to create a timeless classic that will lend style to any interior. With a natural wood finish, no two are the same. Each one features unique stripes and swirls of woodgrain to set your interior apart from the crowd.<br>Along with style comes comfort. You'll be greeted by a pleasantly smooth-to-the-touch finish with an engaging grip to give you total control of your shifting. Wood is naturally temperature resistant, so whether the mid-summer sun is scorching, or old man winter has your car in a deep freeze, you'll be comfortable.<br>Mishimoto steel core wood shifter knobs are available in stunning dark walnut or smooth beech wood in tall, round, or short styles. Select the option that meets your needs for look and feel.<br></p>        <p>&nbsp;</p><h4>Features</h4><div><strong>Part Type:</strong></div><div>Shift Knobs</div><div><strong>Product Line:</strong></div><div>Mishimoto Steel Core Woodgrain Shifter Knobs</div>        <p>&nbsp;</p>        <h4>Compatibility</h4><p>Feel free to contact us at info@mlperformance.co.uk should you wish to double check!</p>        <p>&nbsp;</p>        <h4>Compatibility Check</h4><p>To ensure the part(s) you have ordered fits your vehicle, we run a compatibility check prior to dispatch. We can do this either using your registration number (UK) or the last 7 digits of your VIN. Simply enter your car details prior to checkout.</p>        <p>&nbsp;</p>        <h4>Part Number</h4><p>MMSK-WD-SBE</p>        <p>&nbsp;</p>        <h4>More Information</h4><p><strong>Manufactured by</strong></p><p>Mishimoto</p>",Mishimoto,,Transmission,"Uploaded by_Muazzim, Brand_Mishimoto, MLP Discount 2025, 2025_New Products, Product Type_Transmission, Category_Gearshift, Knobs & Parts",TRUE,Title,Default Title,,,,,MMSK-WD-SBE,2000,shopify,continue,manual,87.78,92.4,TRUE,TRUE,MMSK-WD-SBE,https://static.summitracing.com/global/images/prod/xlarge/mio-mmsk-wd-sbe_kr_xl.jpg,1,Mishimoto MMSK-WD-SBE Steel Core Woodgrain Shifter Knobs,,Mishimoto MMSK-WD-SBE Steel Core Woodgrain Shifter Knobs,Get Mishimoto MMSK-WD-SBE Steel Core Woodgrain Shifter Knobs for your car to get your desired looks and performance from ML Performance at the lowest price with FREE UK shipping & next day delivery on in stock items. Very cheap prices & good service.,,,,MMSK-WD-SBE,,,new,,,,,,,,kg,8708949900,57.75,,,,active
mishimoto-mmsk-wd-sbe-steel-core-woodgrain-shifter-knobs,,,,,,,,,,,,,,,,,,,,,,,,https://static.summitracing.com/global/images/prod/xlarge/mio-mmsk-wd-sbe_ba_xl.jpg,2,Mishimoto MMSK-WD-SBE Steel Core Woodgrain Shifter Knobs,,,,,,,,,,,,,,,,,,,,,,,,
mishimoto-mmsk-wd-sbe-steel-core-woodgrain-shifter-knobs,,,,,,,,,,,,,,,,,,,,,,,,https://static.summitracing.com/global/images/prod/xlarge/mio-mmsk-wd-sbe_pe_xl.jpg,3,Mishimoto MMSK-WD-SBE Steel Core Woodgrain Shifter Knobs,,,,,,,,,,,,,,,,,,,,,,,,
mishimoto-mmsk-wd-sbe-steel-core-woodgrain-shifter-knobs,,,,,,,,,,,,,,,,,,,,,,,,https://static.summitracing.com/global/images/prod/xlarge/mio-mmsk-wd-sbe_mf_xl.jpg,4,Mishimoto MMSK-WD-SBE Steel Core Woodgrain Shifter Knobs,,,,,,,,,,,,,,,,,,,,,,,,
mishimoto-mmsk-wd-sbe-steel-core-woodgrain-shifter-knobs,,,,,,,,,,,,,,,,,,,,,,,,https://static.summitracing.com/global/images/prod/xlarge/mio-mmsk-wd-rbe_xl.jpg,5,Mishimoto MMSK-WD-SBE Steel Core Woodgrain Shifter Knobs,,,,,,,,,,,,,,,,,,,,,,,,
mishimoto-mmsk-wd-sbe-steel-core-woodgrain-shifter-knobs,,,,,,,,,,,,,,,,,,,,,,,,https://static.summitracing.com/global/images/prod/xlarge/mio-mmsk-wd-sbe_xl.jpg,6,Mishimoto MMSK-WD-SBE Steel Core Woodgrain Shifter Knobs,,,,,,,,,,,,,,,,,,,,,,,,
mishimoto-mmsk-wd-sbe-steel-core-woodgrain-shifter-knobs,,,,,,,,,,,,,,,,,,,,,,,,https://static.summitracing.com/global/images/prod/xlarge/mio-mmsk-wd-sbe_wq_xl.jpg,7,Mishimoto MMSK-WD-SBE Steel Core Woodgrain Shifter Knobs,,,,,,,,,,,,,,,,,,,,,,,,
mishimoto-mmsk-wd-swn-steel-core-woodgrain-shifter-knobs,Mishimoto MMSK-WD-SWN Steel Core Woodgrain Shifter Knobs,"<h4><strong>Description</strong></h4><p>Pure class. Pure style. Mishimoto steel core woodgrain shifter knobs blend the silky-smooth finish of natural hardwoods with the strength of stainless-steel to create a timeless classic that will lend style to any interior. With a natural wood finish, no two are the same. Each one features unique stripes and swirls of woodgrain to set your interior apart from the crowd.<br>Along with style comes comfort. You'll be greeted by a pleasantly smooth-to-the-touch finish with an engaging grip to give you total control of your shifting. Wood is naturally temperature resistant, so whether the mid-summer sun is scorching, or old man winter has your car in a deep freeze, you'll be comfortable.<br>Mishimoto steel core wood shifter knobs are available in stunning dark walnut or smooth beech wood in tall, round, or short styles. Select the option that meets your needs for look and feel.<br></p>        <p>&nbsp;</p><h4>Features</h4><div><strong>Part Type:</strong></div><div>Shift Knobs</div><div><strong>Product Line:</strong></div><div>Mishimoto Steel Core Woodgrain Shifter Knobs</div>        <p>&nbsp;</p>        <h4>Compatibility</h4><p>Feel free to contact us at info@mlperformance.co.uk should you wish to double check!</p>        <p>&nbsp;</p>        <h4>Compatibility Check</h4><p>To ensure the part(s) you have ordered fits your vehicle, we run a compatibility check prior to dispatch. We can do this either using your registration number (UK) or the last 7 digits of your VIN. Simply enter your car details prior to checkout.</p>        <p>&nbsp;</p>        <h4>Part Number</h4><p>MMSK-WD-SWN</p>        <p>&nbsp;</p>        <h4>More Information</h4><p><strong>Manufactured by</strong></p><p>Mishimoto</p>",Mishimoto,,Transmission,"Uploaded by_Muazzim, Brand_Mishimoto, MLP Discount 2025, 2025_New Products, Product Type_Transmission, Category_Gearshift, Knobs & Parts",TRUE,Title,Default Title,,,,,MMSK-WD-SWN,2000,shopify,continue,manual,87.78,92.4,TRUE,TRUE,MMSK-WD-SWN,https://static.summitracing.com/global/images/prod/xlarge/mio-mmsk-wd-swn_ow_xl.jpg,1,Mishimoto MMSK-WD-SWN Steel Core Woodgrain Shifter Knobs,,Mishimoto MMSK-WD-SWN Steel Core Woodgrain Shifter Knobs,Get Mishimoto MMSK-WD-SWN Steel Core Woodgrain Shifter Knobs for your car to get your desired looks and performance from ML Performance at the lowest price with FREE UK shipping & next day delivery on in stock items. Very cheap prices & good service.,,,,MMSK-WD-SWN,,,new,,,,,,,,kg,8708949900,57.75,,,,active
mishimoto-mmsk-wd-swn-steel-core-woodgrain-shifter-knobs,,,,,,,,,,,,,,,,,,,,,,,,https://static.summitracing.com/global/images/prod/xlarge/mio-mmsk-wd-swn_hq_xl.jpg,2,Mishimoto MMSK-WD-SWN Steel Core Woodgrain Shifter Knobs,,,,,,,,,,,,,,,,,,,,,,,,
mishimoto-mmsk-wd-swn-steel-core-woodgrain-shifter-knobs,,,,,,,,,,,,,,,,,,,,,,,,https://static.summitracing.com/global/images/prod/xlarge/mio-mmsk-wd-swn_xl.jpg,3,Mishimoto MMSK-WD-SWN Steel Core Woodgrain Shifter Knobs,,,,,,,,,,,,,,,,,,,,,,,,
mishimoto-mmsk-wd-swn-steel-core-woodgrain-shifter-knobs,,,,,,,,,,,,,,,,,,,,,,,,https://static.summitracing.com/global/images/prod/xlarge/mio-mmsk-wd-rbe_xl.jpg,4,Mishimoto MMSK-WD-SWN Steel Core Woodgrain Shifter Knobs,,,,,,,,,,,,,,,,,,,,,,,,
mishimoto-mmsk-wd-swn-steel-core-woodgrain-shifter-knobs,,,,,,,,,,,,,,,,,,,,,,,,https://static.summitracing.com/global/images/prod/xlarge/mio-mmsk-wd-swn_qo_xl.jpg,5,Mishimoto MMSK-WD-SWN Steel Core Woodgrain Shifter Knobs,,,,,,,,,,,,,,,,,,,,,,,,
mishimoto-mmsk-wd-swn-steel-core-woodgrain-shifter-knobs,,,,,,,,,,,,,,,,,,,,,,,,https://static.summitracing.com/global/images/prod/xlarge/mio-mmsk-wd-swn_xw_xl.jpg,6,Mishimoto MMSK-WD-SWN Steel Core Woodgrain Shifter Knobs,,,,,,,,,,,,,,,,,,,,,,,,
mishimoto-mmth-wrx-01bk-racing-tow-hooks,Mishimoto MMTH-WRX-01BK Racing Tow Hooks,"<h4><strong>Description</strong></h4><p>Strength for the track and style for the show, the Mishimoto Racing tow hooks check all the boxes. Available in six durable powdercoated colors, they look great and perform even better. But don't be fooled by their good looks, each tow hook is designed to be a bonified race-ready and fully functional piece of racing equipment.<br>With the 2 in. I.D., fold-down style ring crafted from high-strength 7075 aluminum and the mounting shaft from 304 stainless-steel, these tow hooks have a straight-pull strength rating of 8,000 lbs. Designed to the highest standards, they meet or exceed requirements for racing series, such as SCCA, NASA, and CCA. Mishimoto even includes tow hook indication arrow stickers! Choose the one designed for your vehicle in the color you prefer.<br>Included:<br>One Mishimoto Racing tow hook<br>Tow hook location arrow stickers<br>Mishimoto Lifetime Warranty<br></p>        <p>&nbsp;</p><h4>Features</h4><div><strong>Part Type:</strong></div><div>Tow Hooks and Covers</div><div><strong>Product Line:</strong></div><div>Mishimoto Racing Tow Hooks</div>        <p>&nbsp;</p>        <h4>Compatibility</h4><p>Feel free to contact us at info@mlperformance.co.uk should you wish to double check!</p>        <p>&nbsp;</p>        <h4>Compatibility Check</h4><p>To ensure the part(s) you have ordered fits your vehicle, we run a compatibility check prior to dispatch. We can do this either using your registration number (UK) or the last 7 digits of your VIN. Simply enter your car details prior to checkout.</p>        <p>&nbsp;</p>        <h4>Part Number</h4><p>MMTH-WRX-01BK</p>        <p>&nbsp;</p>        <h4>More Information</h4><p><strong>Manufactured by</strong></p><p>Mishimoto</p>",Mishimoto,,Car Accessories,"Uploaded by_Muazzim, Brand_Mishimoto, MLP Discount 2025, 2025_New Products, Product Type_Car Accessories, Category_Hooks & Hangers",TRUE,Title,Default Title,,,,,MMTH-WRX-01BK,1500,shopify,continue,manual,141.36,148.8,TRUE,TRUE,MMTH-WRX-01BK,https://static.summitracing.com/global/images/prod/xlarge/mio-mmth-wrx01rd_jq_xl.jpg,1,Mishimoto MMTH-WRX-01BK Racing Tow Hooks,,Mishimoto MMTH-WRX-01BK Racing Tow Hooks,Get Mishimoto MMTH-WRX-01BK Racing Tow Hooks for your car to get your desired looks and performance from ML Performance at the lowest price with FREE UK shipping & next day delivery on in stock items. Very cheap prices & good service.,,,,MMTH-WRX-01BK,,,new,,,,,,,,kg,8708949900,93,,,,active
mishimoto-mmth-wrx-01bk-racing-tow-hooks,,,,,,,,,,,,,,,,,,,,,,,,https://static.summitracing.com/global/images/prod/xlarge/mio-mmth-wrx01bk_xl.jpg,2,Mishimoto MMTH-WRX-01BK Racing Tow Hooks,,,,,,,,,,,,,,,,,,,,,,,,
mishimoto-mmth-wrx-01bk-racing-tow-hooks,,,,,,,,,,,,,,,,,,,,,,,,https://static.summitracing.com/global/images/prod/xlarge/mio-mmth-wrx01bk_cb_xl.jpg,3,Mishimoto MMTH-WRX-01BK Racing Tow Hooks,,,,,,,,,,,,,,,,,,,,,,,,
mishimoto-mmth-wrx-01bk-racing-tow-hooks,,,,,,,,,,,,,,,,,,,,,,,,https://static.summitracing.com/global/images/prod/xlarge/mio-mmth-wrx01bk_tr_xl.jpg,4,Mishimoto MMTH-WRX-01BK Racing Tow Hooks,,,,,,,,,,,,,,,,,,,,,,,,
mishimoto-mmth-wrx-01ny-racing-tow-hooks,Mishimoto MMTH-WRX-01NY Racing Tow Hooks,"<h4><strong>Description</strong></h4><p>Strength for the track and style for the show, the Mishimoto Racing tow hooks check all the boxes. Available in six durable powdercoated colors, they look great and perform even better. But don't be fooled by their good looks, each tow hook is designed to be a bonified race-ready and fully functional piece of racing equipment.<br>With the 2 in. I.D., fold-down style ring crafted from high-strength 7075 aluminum and the mounting shaft from 304 stainless-steel, these tow hooks have a straight-pull strength rating of 8,000 lbs. Designed to the highest standards, they meet or exceed requirements for racing series, such as SCCA, NASA, and CCA. Mishimoto even includes tow hook indication arrow stickers! Choose the one designed for your vehicle in the color you prefer.<br>Included:<br>One Mishimoto Racing tow hook<br>Tow hook location arrow stickers<br>Mishimoto Lifetime Warranty<br></p>        <p>&nbsp;</p><h4>Features</h4><div><strong>Part Type:</strong></div><div>Tow Hooks and Covers</div><div><strong>Product Line:</strong></div><div>Mishimoto Racing Tow Hooks</div>        <p>&nbsp;</p>        <h4>Compatibility</h4><p>Feel free to contact us at info@mlperformance.co.uk should you wish to double check!</p>        <p>&nbsp;</p>        <h4>Compatibility Check</h4><p>To ensure the part(s) you have ordered fits your vehicle, we run a compatibility check prior to dispatch. We can do this either using your registration number (UK) or the last 7 digits of your VIN. Simply enter your car details prior to checkout.</p>        <p>&nbsp;</p>        <h4>Part Number</h4><p>MMTH-WRX-01NY</p>        <p>&nbsp;</p>        <h4>More Information</h4><p><strong>Manufactured by</strong></p><p>Mishimoto</p>",Mishimoto,,Car Accessories,"Uploaded by_Muazzim, Brand_Mishimoto, MLP Discount 2025, 2025_New Products, Product Type_Car Accessories, Category_Hooks & Hangers",TRUE,Title,Default Title,,,,,MMTH-WRX-01NY,1500,shopify,continue,manual,141.36,148.8,TRUE,TRUE,MMTH-WRX-01NY,https://static.summitracing.com/global/images/prod/xlarge/mio-mmth-wrx01rd_jq_xl.jpg,1,Mishimoto MMTH-WRX-01NY Racing Tow Hooks,,Mishimoto MMTH-WRX-01NY Racing Tow Hooks,Get Mishimoto MMTH-WRX-01NY Racing Tow Hooks for your car to get your desired looks and performance from ML Performance at the lowest price with FREE UK shipping & next day delivery on in stock items. Very cheap prices & good service.,,,,MMTH-WRX-01NY,,,new,,,,,,,,kg,8708949900,93,,,,active
mishimoto-mmth-wrx-01ny-racing-tow-hooks,,,,,,,,,,,,,,,,,,,,,,,,https://static.summitracing.com/global/images/prod/xlarge/mio-mmth-wrx01ny_cw_xl.jpg,2,Mishimoto MMTH-WRX-01NY Racing Tow Hooks,,,,,,,,,,,,,,,,,,,,,,,,
mishimoto-mmth-wrx-01ny-racing-tow-hooks,,,,,,,,,,,,,,,,,,,,,,,,https://static.summitracing.com/global/images/prod/xlarge/mio-mmth-wrx01bk_xl.jpg,3,Mishimoto MMTH-WRX-01NY Racing Tow Hooks,,,,,,,,,,,,,,,,,,,,,,,,
mishimoto-mmth-wrx-01ny-racing-tow-hooks,,,,,,,,,,,,,,,,,,,,,,,,https://static.summitracing.com/global/images/prod/xlarge/mio-mmth-wrx01ny_xl.jpg,4,Mishimoto MMTH-WRX-01NY Racing Tow Hooks,,,,,,,,,,,,,,,,,,,,,,,,
mishimoto-mmth-wrx-01p-racing-tow-hooks,Mishimoto MMTH-WRX-01P Racing Tow Hooks,"<h4><strong>Description</strong></h4><p>Strength for the track and style for the show, the Mishimoto Racing tow hooks check all the boxes. Available in six durable powdercoated colors, they look great and perform even better. But don't be fooled by their good looks, each tow hook is designed to be a bonified race-ready and fully functional piece of racing equipment.<br>With the 2 in. I.D., fold-down style ring crafted from high-strength 7075 aluminum and the mounting shaft from 304 stainless-steel, these tow hooks have a straight-pull strength rating of 8,000 lbs. Designed to the highest standards, they meet or exceed requirements for racing series, such as SCCA, NASA, and CCA. Mishimoto even includes tow hook indication arrow stickers! Choose the one designed for your vehicle in the color you prefer.<br>Included:<br>One Mishimoto Racing tow hook<br>Tow hook location arrow stickers<br>Mishimoto Lifetime Warranty<br></p>        <p>&nbsp;</p><h4>Features</h4><div><strong>Part Type:</strong></div><div>Tow Hooks and Covers</div><div><strong>Product Line:</strong></div><div>Mishimoto Racing Tow Hooks</div>        <p>&nbsp;</p>        <h4>Compatibility</h4><p>Feel free to contact us at info@mlperformance.co.uk should you wish to double check!</p>        <p>&nbsp;</p>        <h4>Compatibility Check</h4><p>To ensure the part(s) you have ordered fits your vehicle, we run a compatibility check prior to dispatch. We can do this either using your registration number (UK) or the last 7 digits of your VIN. Simply enter your car details prior to checkout.</p>        <p>&nbsp;</p>        <h4>Part Number</h4><p>MMTH-WRX-01P</p>        <p>&nbsp;</p>        <h4>More Information</h4><p><strong>Manufactured by</strong></p><p>Mishimoto</p>",Mishimoto,,Car Accessories,"Uploaded by_Muazzim, Brand_Mishimoto, MLP Discount 2025, 2025_New Products, Product Type_Car Accessories, Category_Hooks & Hangers",TRUE,Title,Default Title,,,,,MMTH-WRX-01P,1500,shopify,continue,manual,141.36,148.8,TRUE,TRUE,MMTH-WRX-01P,https://static.summitracing.com/global/images/prod/xlarge/mio-mmth-wrx01rd_jq_xl.jpg,1,Mishimoto MMTH-WRX-01P Racing Tow Hooks,,Mishimoto MMTH-WRX-01P Racing Tow Hooks,Get Mishimoto MMTH-WRX-01P Racing Tow Hooks for your car to get your desired looks and performance from ML Performance at the lowest price with FREE UK shipping & next day delivery on in stock items. Very cheap prices & good service.,,,,MMTH-WRX-01P,,,new,,,,,,,,kg,8708949900,93,,,,active
mishimoto-mmth-wrx-01p-racing-tow-hooks,,,,,,,,,,,,,,,,,,,,,,,,https://static.summitracing.com/global/images/prod/xlarge/mio-mmth-wrx-01p_xl.jpg,2,Mishimoto MMTH-WRX-01P Racing Tow Hooks,,,,,,,,,,,,,,,,,,,,,,,,
mishimoto-mmth-wrx-01p-racing-tow-hooks,,,,,,,,,,,,,,,,,,,,,,,,https://static.summitracing.com/global/images/prod/xlarge/mio-mmth-wrx01bk_xl.jpg,3,Mishimoto MMTH-WRX-01P Racing Tow Hooks,,,,,,,,,,,,,,,,,,,,,,,,
mishimoto-mmth-wrx-01p-racing-tow-hooks,,,,,,,,,,,,,,,,,,,,,,,,https://static.summitracing.com/global/images/prod/xlarge/mio-mmth-wrx-01p_yg_xl.jpg,4,Mishimoto MMTH-WRX-01P Racing Tow Hooks,,,,,,,,,,,,,,,,,,,,,,,,
mishimoto-mmth-wrx-01rd-racing-tow-hooks,Mishimoto MMTH-WRX-01RD Racing Tow Hooks,"<h4><strong>Description</strong></h4><p>Strength for the track and style for the show, the Mishimoto Racing tow hooks check all the boxes. Available in six durable powdercoated colors, they look great and perform even better. But don't be fooled by their good looks, each tow hook is designed to be a bonified race-ready and fully functional piece of racing equipment.<br>With the 2 in. I.D., fold-down style ring crafted from high-strength 7075 aluminum and the mounting shaft from 304 stainless-steel, these tow hooks have a straight-pull strength rating of 8,000 lbs. Designed to the highest standards, they meet or exceed requirements for racing series, such as SCCA, NASA, and CCA. Mishimoto even includes tow hook indication arrow stickers! Choose the one designed for your vehicle in the color you prefer.<br>Included:<br>One Mishimoto Racing tow hook<br>Tow hook location arrow stickers<br>Mishimoto Lifetime Warranty<br></p>        <p>&nbsp;</p><h4>Features</h4><div><strong>Part Type:</strong></div><div>Tow Hooks and Covers</div><div><strong>Product Line:</strong></div><div>Mishimoto Racing Tow Hooks</div>        <p>&nbsp;</p>        <h4>Compatibility</h4><p>Feel free to contact us at info@mlperformance.co.uk should you wish to double check!</p>        <p>&nbsp;</p>        <h4>Compatibility Check</h4><p>To ensure the part(s) you have ordered fits your vehicle, we run a compatibility check prior to dispatch. We can do this either using your registration number (UK) or the last 7 digits of your VIN. Simply enter your car details prior to checkout.</p>        <p>&nbsp;</p>        <h4>Part Number</h4><p>MMTH-WRX-01RD</p>        <p>&nbsp;</p>        <h4>More Information</h4><p><strong>Manufactured by</strong></p><p>Mishimoto</p>",Mishimoto,,Car Accessories,"Uploaded by_Muazzim, Brand_Mishimoto, MLP Discount 2025, 2025_New Products, Product Type_Car Accessories, Category_Hooks & Hangers",TRUE,Title,Default Title,,,,,MMTH-WRX-01RD,1500,shopify,continue,manual,141.36,148.8,TRUE,TRUE,MMTH-WRX-01RD,https://static.summitracing.com/global/images/prod/xlarge/mio-mmth-wrx01rd_xl.jpg,1,Mishimoto MMTH-WRX-01RD Racing Tow Hooks,,Mishimoto MMTH-WRX-01RD Racing Tow Hooks,Get Mishimoto MMTH-WRX-01RD Racing Tow Hooks for your car to get your desired looks and performance from ML Performance at the lowest price with FREE UK shipping & next day delivery on in stock items. Very cheap prices & good service.,,,,MMTH-WRX-01RD,,,new,,,,,,,,kg,8708949900,93,,,,active
mishimoto-mmth-wrx-01rd-racing-tow-hooks,,,,,,,,,,,,,,,,,,,,,,,,https://static.summitracing.com/global/images/prod/xlarge/mio-mmth-wrx01rd_mz_xl.jpg,2,Mishimoto MMTH-WRX-01RD Racing Tow Hooks,,,,,,,,,,,,,,,,,,,,,,,,
mishimoto-mmth-wrx-01rd-racing-tow-hooks,,,,,,,,,,,,,,,,,,,,,,,,https://static.summitracing.com/global/images/prod/xlarge/mio-mmth-wrx01rd_sc_xl.jpg,3,Mishimoto MMTH-WRX-01RD Racing Tow Hooks,,,,,,,,,,,,,,,,,,,,,,,,
mishimoto-mmth-wrx-01rd-racing-tow-hooks,,,,,,,,,,,,,,,,,,,,,,,,https://static.summitracing.com/global/images/prod/xlarge/mio-mmth-wrx01rd_jq_xl.jpg,4,Mishimoto MMTH-WRX-01RD Racing Tow Hooks,,,,,,,,,,,,,,,,,,,,,,,,
mishimoto-mmth-wrx-01rd-racing-tow-hooks,,,,,,,,,,,,,,,,,,,,,,,,https://static.summitracing.com/global/images/prod/xlarge/mio-mmth-wrx01bk_xl.jpg,5,Mishimoto MMTH-WRX-01RD Racing Tow Hooks,,,,,,,,,,,,,,,,,,,,,,,,
mishimoto-mmtw-75-24-tubing-couplers,Mishimoto MMTW-75-24 Tubing Couplers,"<h4><strong>Description</strong></h4><p>This is Mishimoto MMTW-75-24 Tubing Couplers</p>        <p>&nbsp;</p><h4>Features</h4><div><strong>Part Type:</strong></div><div>Tubing Couplers</div>        <p>&nbsp;</p>        <h4>Compatibility</h4><p>Feel free to contact us at info@mlperformance.co.uk should you wish to double check!</p>        <p>&nbsp;</p>        <h4>Compatibility Check</h4><p>To ensure the part(s) you have ordered fits your vehicle, we run a compatibility check prior to dispatch. We can do this either using your registration number (UK) or the last 7 digits of your VIN. Simply enter your car details prior to checkout.</p>        <p>&nbsp;</p>        <h4>Part Number</h4><p>MMTW-75-24</p>        <p>&nbsp;</p>        <h4>More Information</h4><p><strong>Manufactured by</strong></p><p>Mishimoto</p>",Mishimoto,,Automotive Tools & Hardware,"Uploaded by_Muazzim, Brand_Mishimoto, MLP Discount 2025, 2025_New Products, Product Type_Automotive Tools & Hardware",TRUE,Title,Default Title,,,,,MMTW-75-24,500,shopify,continue,manual,10.26,10.8,TRUE,TRUE,MMTW-75-24,https://static.summitracing.com/global/images/prod/xlarge/mio-mmtw-75-24_xl.jpg,1,Mishimoto MMTW-75-24 Tubing Couplers,,Mishimoto MMTW-75-24 Tubing Couplers,Get Mishimoto MMTW-75-24 Tubing Couplers for your car to get your desired looks and performance from ML Performance at the lowest price with FREE UK shipping & next day delivery on in stock items. Very cheap prices & good service.,,,,MMTW-75-24,,,new,,,,,,,,kg,8708949900,6.75,,,,active
mishimoto-mmwb-14-weld-in-bungs-nuts-and-fittings,"Mishimoto MMWB-14 Weld-In Bungs, Nuts and Fittings","<h4><strong>Description</strong></h4><p>This is Mishimoto MMWB-14 Weld-In Bungs, Nuts and Fittings</p>        <p>&nbsp;</p><h4>Features</h4><div><strong>Part Type:</strong></div><div>Weld-In Bungs, Nuts and Fittings</div>        <p>&nbsp;</p>        <h4>Compatibility</h4><p>Feel free to contact us at info@mlperformance.co.uk should you wish to double check!</p>        <p>&nbsp;</p>        <h4>Compatibility Check</h4><p>To ensure the part(s) you have ordered fits your vehicle, we run a compatibility check prior to dispatch. We can do this either using your registration number (UK) or the last 7 digits of your VIN. Simply enter your car details prior to checkout.</p>        <p>&nbsp;</p>        <h4>Part Number</h4><p>MMWB-14</p>        <p>&nbsp;</p>        <h4>More Information</h4><p><strong>Manufactured by</strong></p><p>Mishimoto</p>",Mishimoto,,Automotive Tools & Hardware,"Uploaded by_Muazzim, Brand_Mishimoto, MLP Discount 2025, 2025_New Products, Product Type_Automotive Tools & Hardware",TRUE,Title,Default Title,,,,,MMWB-14,200,shopify,continue,manual,9.12,9.6,TRUE,TRUE,MMWB-14,https://static.summitracing.com/global/images/prod/xlarge/mio-mmwb-14_qd_xl.jpg,1,"Mishimoto MMWB-14 Weld-In Bungs, Nuts and Fittings",,"Mishimoto MMWB-14 Weld-In Bungs, Nuts and Fittings","Get Mishimoto MMWB-14 Weld-In Bungs, Nuts and Fittings for your car to get your desired looks and performance from ML Performance at the lowest price with FREE UK shipping & next day delivery on in stock items. Very cheap prices & good service.",,,,MMWB-14,,,new,,,,,,,,kg,8708949900,6,,,,active
mishimoto-mmwb-14-weld-in-bungs-nuts-and-fittings,,,,,,,,,,,,,,,,,,,,,,,,https://static.summitracing.com/global/images/prod/xlarge/mio-mmwb-14_xl.jpg,2,"Mishimoto MMWB-14 Weld-In Bungs, Nuts and Fittings",,,,,,,,,,,,,,,,,,,,,,,,
mishimoto-mmwb-18-weld-in-bungs-nuts-and-fittings,"Mishimoto MMWB-18 Weld-In Bungs, Nuts and Fittings","<h4><strong>Description</strong></h4><p>This is Mishimoto MMWB-18 Weld-In Bungs, Nuts and Fittings</p>        <p>&nbsp;</p><h4>Features</h4><div><strong>Part Type:</strong></div><div>Weld-In Bungs, Nuts and Fittings</div>        <p>&nbsp;</p>        <h4>Compatibility</h4><p>Feel free to contact us at info@mlperformance.co.uk should you wish to double check!</p>        <p>&nbsp;</p>        <h4>Compatibility Check</h4><p>To ensure the part(s) you have ordered fits your vehicle, we run a compatibility check prior to dispatch. We can do this either using your registration number (UK) or the last 7 digits of your VIN. Simply enter your car details prior to checkout.</p>        <p>&nbsp;</p>        <h4>Part Number</h4><p>MMWB-18</p>        <p>&nbsp;</p>        <h4>More Information</h4><p><strong>Manufactured by</strong></p><p>Mishimoto</p>",Mishimoto,,Automotive Tools & Hardware,"Uploaded by_Muazzim, Brand_Mishimoto, MLP Discount 2025, 2025_New Products, Product Type_Automotive Tools & Hardware",TRUE,Title,Default Title,,,,,MMWB-18,200,shopify,continue,manual,9.12,9.6,TRUE,TRUE,MMWB-18,https://static.summitracing.com/global/images/prod/xlarge/mio-mmwb-18_vo_xl.jpg,1,"Mishimoto MMWB-18 Weld-In Bungs, Nuts and Fittings",,"Mishimoto MMWB-18 Weld-In Bungs, Nuts and Fittings","Get Mishimoto MMWB-18 Weld-In Bungs, Nuts and Fittings for your car to get your desired looks and performance from ML Performance at the lowest price with FREE UK shipping & next day delivery on in stock items. Very cheap prices & good service.",,,,MMWB-18,,,new,,,,,,,,kg,8708949900,6,,,,active
mishimoto-mmwb-18-weld-in-bungs-nuts-and-fittings,,,,,,,,,,,,,,,,,,,,,,,,https://static.summitracing.com/global/images/prod/xlarge/mio-mmwb-18_xl.jpg,2,"Mishimoto MMWB-18 Weld-In Bungs, Nuts and Fittings",,,,,,,,,,,,,,,,,,,,,,,,
mishimoto-mmwb-38-weld-in-bungs-nuts-and-fittings,"Mishimoto MMWB-38 Weld-In Bungs, Nuts and Fittings","<h4><strong>Description</strong></h4><p>This is Mishimoto MMWB-38 Weld-In Bungs, Nuts and Fittings</p>        <p>&nbsp;</p><h4>Features</h4><div><strong>Part Type:</strong></div><div>Weld-In Bungs, Nuts and Fittings</div>        <p>&nbsp;</p>        <h4>Compatibility</h4><p>Feel free to contact us at info@mlperformance.co.uk should you wish to double check!</p>        <p>&nbsp;</p>        <h4>Compatibility Check</h4><p>To ensure the part(s) you have ordered fits your vehicle, we run a compatibility check prior to dispatch. We can do this either using your registration number (UK) or the last 7 digits of your VIN. Simply enter your car details prior to checkout.</p>        <p>&nbsp;</p>        <h4>Part Number</h4><p>MMWB-38</p>        <p>&nbsp;</p>        <h4>More Information</h4><p><strong>Manufactured by</strong></p><p>Mishimoto</p>",Mishimoto,,Automotive Tools & Hardware,"Uploaded by_Muazzim, Brand_Mishimoto, MLP Discount 2025, 2025_New Products, Product Type_Automotive Tools & Hardware",TRUE,Title,Default Title,,,,,MMWB-38,200,shopify,continue,manual,9.12,9.6,TRUE,TRUE,MMWB-38,https://static.summitracing.com/global/images/prod/xlarge/mio-mmwb-38_nc_xl.jpg,1,"Mishimoto MMWB-38 Weld-In Bungs, Nuts and Fittings",,"Mishimoto MMWB-38 Weld-In Bungs, Nuts and Fittings","Get Mishimoto MMWB-38 Weld-In Bungs, Nuts and Fittings for your car to get your desired looks and performance from ML Performance at the lowest price with FREE UK shipping & next day delivery on in stock items. Very cheap prices & good service.",,,,MMWB-38,,,new,,,,,,,,kg,8708949900,6,,,,active
mishimoto-mmwb-38-weld-in-bungs-nuts-and-fittings,,,,,,,,,,,,,,,,,,,,,,,,https://static.summitracing.com/global/images/prod/xlarge/mio-mmwb-38_xl.jpg,2,"Mishimoto MMWB-38 Weld-In Bungs, Nuts and Fittings",,,,,,,,,,,,,,,,,,,,,,,,
mishimoto-mmpkg-stkr-m05-decals-and-stickers,Mishimoto MMPKG-STKR-M05 Decals and Stickers,"<h4><strong>Description</strong></h4><p>This is Mishimoto MMPKG-STKR-M05 Decals and Stickers</p>                <p>&nbsp;</p>        <h4>Compatibility</h4><p>Feel free to contact us at info@mlperformance.co.uk should you wish to double check!</p>        <p>&nbsp;</p>        <h4>Compatibility Check</h4><p>To ensure the part(s) you have ordered fits your vehicle, we run a compatibility check prior to dispatch. We can do this either using your registration number (UK) or the last 7 digits of your VIN. Simply enter your car details prior to checkout.</p>        <p>&nbsp;</p>        <h4>Part Number</h4><p>MMPKG-STKR-M05</p>        <p>&nbsp;</p>        <h4>More Information</h4><p><strong>Manufactured by</strong></p><p>Mishimoto</p>",Mishimoto,,Car Accessories,"Uploaded by_Muazzim, Brand_Mishimoto, MLP Discount 2025, 2025_New Products, Product Type_Car Accessories, Category_Car Stickers, Decals & Badges",TRUE,Title,Default Title,,,,,MMPKG-STKR-M05,100,shopify,continue,manual,2.28,2.4,TRUE,TRUE,MMPKG-STKR-M05,https://static.summitracing.com/global/images/prod/xlarge/mio-mpkgstkrm05_xl.jpg,1,Mishimoto MMPKG-STKR-M05 Decals and Stickers,,Mishimoto MMPKG-STKR-M05 Decals and Stickers,Get Mishimoto MMPKG-STKR-M05 Decals and Stickers for your car to get your desired looks and performance from ML Performance at the lowest price with FREE UK shipping & next day delivery on in stock items. Very cheap prices & good service.,,,,MMPKG-STKR-M05,,,new,,,,,,,,kg,8708949900,1.5,,,,active
mishimoto-mmpro-bag-mmojbk-drawstring-bag,Mishimoto MMPRO-BAG-MMOJBK Drawstring Bag,"<h4><strong>Description</strong></h4><p>Tote around your necessities with the durable and stylish Mishimoto Drawstring Bag.This bag features robust nylon string and a substantial internal capacity perfect for carrying just what you need for school, workouts, or a trip around town.The Mishimoto M logo is subtle yet unique, while the adjustable straps provide a comfortable fit for enthusiasts of all ages.</p>                <p>&nbsp;</p>        <h4>Compatibility</h4><p>Feel free to contact us at info@mlperformance.co.uk should you wish to double check!</p>        <p>&nbsp;</p>        <h4>Compatibility Check</h4><p>To ensure the part(s) you have ordered fits your vehicle, we run a compatibility check prior to dispatch. We can do this either using your registration number (UK) or the last 7 digits of your VIN. Simply enter your car details prior to checkout.</p>        <p>&nbsp;</p>        <h4>Part Number</h4><p>MMPRO-BAG-MMOJBK</p>        <p>&nbsp;</p>        <h4>More Information</h4><p><strong>Manufactured by</strong></p><p>Mishimoto</p>",Mishimoto,,Car Accessories,"Uploaded by_Muazzim, Brand_Mishimoto, MLP Discount 2025, 2025_New Products, Product Type_Car Accessories",TRUE,Title,Default Title,,,,,MMPRO-BAG-MMOJBK,1000,shopify,continue,manual,4.56,4.8,TRUE,TRUE,MMPRO-BAG-MMOJBK,https://milkymotorsports.com/cdn/shop/products/MMPRO-BAG-MMOJBK_1_0f6b09b6-1cb5-4dbd-9523-a4dda84384e9.jpg?v=1673063878&width=713,1,Mishimoto MMPRO-BAG-MMOJBK Drawstring Bag,,Mishimoto MMPRO-BAG-MMOJBK Drawstring Bag,Get Mishimoto MMPRO-BAG-MMOJBK Drawstring Bag for your car to get your desired looks and performance from ML Performance at the lowest price with FREE UK shipping & next day delivery on in stock items. Very cheap prices & good service.,,,,MMPRO-BAG-MMOJBK,,,new,,,,,,,,kg,8708949900,3,,,,active
mishimoto-mmpromo-funl-oj-automotive-funnel,Mishimoto MMPROMO-FUNL-OJ Automotive Funnel,"<h4><strong>Description</strong></h4><p>Do you like the smell of burning oil on your intake manifold in the morning? We didn't think so. Behold the Mishimoto Automotive Funnel! No more splashing coolant or oil all over when you need a quick fix. Mishimoto's funnel is there when you need it, with a capacity of 330 ml and a spout opening of 15mm you can use it for whatever you want! Hang it in your garage (handy hanging tab included), show off your Mishimoto pride when you're at the track, or put it on your dog as a tiny hat. Mishimoto's automotive funnel is made of Polypropylene, which means this funnel will withstand years of chemical wear and tear.</p>        <p>&nbsp;</p><h4>Features</h4><div><strong>Overall Height (Inches):</strong></div><div>5.75</div><div><strong>Overall Width (inches):</strong></div><div>5</div>        <p>&nbsp;</p>        <h4>Compatibility</h4><p>Feel free to contact us at info@mlperformance.co.uk should you wish to double check!</p>        <p>&nbsp;</p>        <h4>Compatibility Check</h4><p>To ensure the part(s) you have ordered fits your vehicle, we run a compatibility check prior to dispatch. We can do this either using your registration number (UK) or the last 7 digits of your VIN. Simply enter your car details prior to checkout.</p>        <p>&nbsp;</p>        <h4>Part Number</h4><p>MMPROMO-FUNL-OJ</p>        <p>&nbsp;</p>        <h4>More Information</h4><p><strong>Manufactured by</strong></p><p>Mishimoto</p>",Mishimoto,,Oil & Fluid,"Uploaded by_Muazzim, Brand_Mishimoto, MLP Discount 2025, 2025_New Products, Product Type_Oil & Fluid",TRUE,Title,Default Title,,,,,MMPROMO-FUNL-OJ,2000,shopify,continue,manual,3.42,3.6,TRUE,TRUE,MMPROMO-FUNL-OJ,"https://www.mishimoto.com/media/catalog/product/m/m/mmpromo-funl-oj_2_afcafpwbbvmeynbj.png?optimize=medium&bg-color=255,255,255&fit=bounds&height=700&width=700&canvas=700:700",1,Mishimoto MMPROMO-FUNL-OJ Automotive Funnel,,Mishimoto MMPROMO-FUNL-OJ Automotive Funnel,Get Mishimoto MMPROMO-FUNL-OJ Automotive Funnel for your car to get your desired looks and performance from ML Performance at the lowest price with FREE UK shipping & next day delivery on in stock items. Very cheap prices & good service.,,,,MMPROMO-FUNL-OJ,,,new,,,,,,,,kg,8708949900,2.25,,,,active
mishimoto-mmpromo-stk-flurry-flurry-decal,Mishimoto MMPROMO-STK-FLURRY Flurry Decal,"<h4><strong>Description</strong></h4><p>The Mishimoto Flurry decal looks hot on any car, bike, or truck.Flurry looks even better when she's paired up with her main squeeze, Chilly.Cruise around in style with your very own Mishimoto Flurry decal.</p>        <p>&nbsp;</p><h4>Features</h4><div><strong>Overall Height (Inches):</strong></div><div>2.5</div><div><strong>Overall Width (inches):</strong></div><div>2.5</div>        <p>&nbsp;</p>        <h4>Compatibility</h4><p>Feel free to contact us at info@mlperformance.co.uk should you wish to double check!</p>        <p>&nbsp;</p>        <h4>Compatibility Check</h4><p>To ensure the part(s) you have ordered fits your vehicle, we run a compatibility check prior to dispatch. We can do this either using your registration number (UK) or the last 7 digits of your VIN. Simply enter your car details prior to checkout.</p>        <p>&nbsp;</p>        <h4>Part Number</h4><p>MMPROMO-STK-FLURRY</p>        <p>&nbsp;</p>        <h4>More Information</h4><p><strong>Manufactured by</strong></p><p>Mishimoto</p>",Mishimoto,,Car Accessories,"Uploaded by_Muazzim, Brand_Mishimoto, MLP Discount 2025, 2025_New Products, Product Type_Car Accessories, Category_Car Stickers, Decals & Badges",TRUE,Title,Default Title,,,,,MMPROMO-STK-FLURRY,100,shopify,continue,manual,3.42,3.6,TRUE,TRUE,MMPROMO-STK-FLURRY,"https://www.mishimoto.com/media/catalog/product/m/m/mmpromo-stk-flurry_1_rt2zkdx5ovfcdwoi.png?optimize=medium&bg-color=255,255,255&fit=bounds&height=700&width=700&canvas=700:700",1,Mishimoto MMPROMO-STK-FLURRY Flurry Decal,,Mishimoto MMPROMO-STK-FLURRY Flurry Decal,Get Mishimoto MMPROMO-STK-FLURRY Flurry Decal for your car to get your desired looks and performance from ML Performance at the lowest price with FREE UK shipping & next day delivery on in stock items. Very cheap prices & good service.,,,,MMPROMO-STK-FLURRY,,,new,,,,,,,,kg,8708949900,2.25,,,,active
mishimoto-mmdbh-crf450r-09ktybl-honda-crf450r-silicone-hose-kit-w-y-replacement-hose-2009-2012-blue,"Mishimoto MMDBH-CRF450R-09KTYBL Honda CRF450R Silicone Hose Kit w/ Y Replacement Hose, 2009-2012, Blue","<h4><strong>Description</strong></h4><p>100% silicone construction; Heat-resistant embedded fibers; High heat and pressure tolerances; Mishimoto Lifetime Warranty<br>Mishimoto releases all-new Silicone Hose Kits with Y Replacement Hose for your Honda. Mishimoto silicone hoses are made out of high-grade silicone combined with heat-resistant embedded fibers and engineered for a direct OEM fit.The ""Y"" design adds performance and functionality to your bike as it eliminates fail points whereas OEM hoses with the plastic ""Y"" fittings are more prone to breakage and failure.The Y hose also aids in the ease of install as the sleek design combines hoses to increase the efficiency of coolant flow.The Mishimoto Silicone Hose Kit with Y Replacement Hose is the perfect replacement to your OEM set-up and is available in Black Blue and Red.</p>                <p>&nbsp;</p>        <h4>Compatibility</h4><p>Feel free to contact us at info@mlperformance.co.uk should you wish to double check!</p>        <p>&nbsp;</p>        <h4>Compatibility Check</h4><p>To ensure the part(s) you have ordered fits your vehicle, we run a compatibility check prior to dispatch. We can do this either using your registration number (UK) or the last 7 digits of your VIN. Simply enter your car details prior to checkout.</p>        <p>&nbsp;</p>        <h4>Part Number</h4><p>MMDBH-CRF450R-09KTYBL</p>        <p>&nbsp;</p>        <h4>More Information</h4><p><strong>Manufactured by</strong></p><p>Mishimoto</p>",Mishimoto,,Cooling & Radiator,"Uploaded by_Muazzim, Brand_Mishimoto, MLP Discount 2025, 2025_New Products, Product Type_Cooling & Radiator, Category_Radiator Hose Kit",TRUE,Title,Default Title,,,,,MMDBH-CRF450R-09KTYBL,7000,shopify,continue,manual,39.9,42,TRUE,TRUE,MMDBH-CRF450R-09KTYBL,https://milkymotorsports.com/cdn/shop/products/0d9055b37772d6ac4457f123f19809d7.jpg?v=1673000341&width=713,1,"Mishimoto MMDBH-CRF450R-09KTYBL Honda CRF450R Silicone Hose Kit w/ Y Replacement Hose, 2009-2012, Blue",,"Mishimoto MMDBH-CRF450R-09KTYBL Honda CRF450R Silicone Hose Kit w/ Y Replacement Hose, 2009-2012, Blue","Get Mishimoto MMDBH-CRF450R-09KTYBL Honda CRF450R Silicone Hose Kit w/ Y Replacement Hose, 2009-2012, Blue for your car to get your desired looks and performance from ML Performance at the lowest price with FREE UK shipping & next day delivery on in stock items. Very cheap prices & good service.",,,,MMDBH-CRF450R-09KTYBL,,,new,,,,,,,,kg,8708949900,26.25,,,,active
mishimoto-bnsb-08-8-ton-snatch-block,Mishimoto BNSB-08 8-Ton Snatch Block,"<h4><strong>Description</strong></h4><p>When you're in the middle of nowhere, stuck in a ditch or doors-deep in mud, the keys to getting out are quality equipment, and confidence. Often, the best quality and most confidence inspiring equipment is also the simplest, and when it comes to vehicle recovery, one of the simplest tools you can have in your arsenal is a snatch block.<br>Whether you're winching yourself out with a tree strap or getting a helping hand from a friend, a strong snatch block is key to getting out of a sticky situation. This Borne Off-Road snatch block is rated for a working load limit of over 17,000-pounds, making it strong enough to recover any ATV or side-by-side. Our snatch block can also be combined with our Borne Off-Road 3/4"" D-Ring Shackle for a one-stop recovery system<br>The center roller accepts 1/4"" steel or synthetic lines and is greaseable via a convenient zerk fitting. The split plate design makes attaching to a winch line easy, without having to remove shackles. The 5mm-thick steel side plates are powder coated for maximum corrosion resistance and our snatch block is backed by our Mishimoto Lifetime Warranty for a lifetime of confidence off-road.</p>        <p>&nbsp;</p><h4>Features</h4><ul> <li>Steel snatch block allows for self-recovery with a tree strap or angle pulls with other vehicles</li> <li>Doubles winch's pulling power when used in double-line pulls</li> <li>Compatible with Borne Off-Road D-Ring Shackle</li> <li>Our recovery ring is engineered to surpass the limitations of traditional recovery gear </li> <li>17,637-lbs working load limit is strong enough for any ATV or side-by-side</li> <li>Accepts 1/4-in steel or synthetic winch lines</li> <li>Split-plate design allows for installation without disconnecting shackles</li> <li>Zerk fitting makes greasing easy for hassle-free maintenance</li> <li>Powder coated 5mm-thick steel plates for ultimate durability</li> <li>Mishimoto Lifetime Warranty</li> </ul>        <p>&nbsp;</p>        <h4>Compatibility</h4><p>Feel free to contact us at info@mlperformance.co.uk should you wish to double check!</p>        <p>&nbsp;</p>        <h4>Compatibility Check</h4><p>To ensure the part(s) you have ordered fits your vehicle, we run a compatibility check prior to dispatch. We can do this either using your registration number (UK) or the last 7 digits of your VIN. Simply enter your car details prior to checkout.</p>        <p>&nbsp;</p>        <h4>Part Number</h4><p>BNSB-08</p>        <p>&nbsp;</p>        <h4>More Information</h4><p><strong>Manufactured by</strong></p><p>Mishimoto</p>",Mishimoto,,Car Accessories,"Uploaded by_Muazzim, Brand_Mishimoto, MLP Discount 2025, 2025_New Products, Product Type_Car Accessories",TRUE,Title,Default Title,,,,,BNSB-08,2000,shopify,continue,manual,31.92,33.6,TRUE,TRUE,BNSB-08,"https://www.mishimoto.com/media/catalog/product/b/n/bnsb-8_4_yfgog3fxznglc9u4.png?optimize=medium&bg-color=255,255,255&fit=bounds&height=700&width=700&canvas=700:700",1,Mishimoto BNSB-08 8-Ton Snatch Block,,Mishimoto BNSB-08 8-Ton Snatch Block,Get Mishimoto BNSB-08 8-Ton Snatch Block for your car to get your desired looks and performance from ML Performance at the lowest price with FREE UK shipping & next day delivery on in stock items. Very cheap prices & good service.,,,,BNSB-08,,,new,,,,,,,,kg,8708949900,21,,,,active
mishimoto-bnsb-10-10-ton-snatch-block,Mishimoto BNSB-10 10-Ton Snatch Block,"<h4><strong>Description</strong></h4><p>When you're in the middle of nowhere, stuck in a ditch or doors-deep in mud, the keys to getting out are quality equipment, and confidence. Often, the best quality and most confidence inspiring equipment is also the simplest, and when it comes to vehicle recovery, one of the simplest tools you can have in your arsenal is a snatch block.<br>Whether you're winching yourself out with a tree strap or getting a helping hand from a friend, a strong snatch block is key to getting out of a sticky situation. This Borne Off-Road snatch block is rated for a working load limit of over 22,000-pounds, making it strong enough to recover any large truck or Jeep. Our snatch block can also be combined with our Borne Off-Road 3/4"" D-Ring Shackle for a one-stop recovery system.<br>The center roller accepts 1/2"" steel or synthetic lines and is greaseable via a convenient zerk fitting. The split plate design makes attaching to a winch line easy, without having to remove shackles. The 5mm-thick steel side plates are powder coated for maximum corrosion resistance and our snatch block is backed by our Mishimoto Lifetime Warranty for a lifetime of confidence off-road.</p>        <p>&nbsp;</p><h4>Features</h4><ul> <li>Steel snatch block allows for self-recovery with a tree strap or angle pulls with other vehicles</li> <li>Doubles winch's pulling power when used in double-line pulls</li> <li>Compatible with Borne Off-Road D-Ring Shackle</li> <li>Our recovery ring is engineered to surpass the limitations of traditional recovery gear.</li> <li>Accepts 1/2-in steel or synthetic winch lines</li> <li>Split-plate design allows for installation without disconnecting shackles</li> <li>Zerk fitting makes greasing easy for hassle-free maintenance</li> <li>Powder coated 5mm-thick steel plates for ultimate durability</li> <li>Mishimoto Lifetime Warranty</li> </ul>        <p>&nbsp;</p>        <h4>Compatibility</h4><p>Feel free to contact us at info@mlperformance.co.uk should you wish to double check!</p>        <p>&nbsp;</p>        <h4>Compatibility Check</h4><p>To ensure the part(s) you have ordered fits your vehicle, we run a compatibility check prior to dispatch. We can do this either using your registration number (UK) or the last 7 digits of your VIN. Simply enter your car details prior to checkout.</p>        <p>&nbsp;</p>        <h4>Part Number</h4><p>BNSB-10</p>        <p>&nbsp;</p>        <h4>More Information</h4><p><strong>Manufactured by</strong></p><p>Mishimoto</p>",Mishimoto,,Car Accessories,"Uploaded by_Muazzim, Brand_Mishimoto, MLP Discount 2025, 2025_New Products, Product Type_Car Accessories",TRUE,Title,Default Title,,,,,BNSB-10,2000,shopify,continue,manual,39.9,42,TRUE,TRUE,BNSB-10,"https://www.mishimoto.com/media/catalog/product/b/n/bnsb-10_4_yiszoygpcohgmcgv.png?optimize=medium&bg-color=255,255,255&fit=bounds&height=700&width=700&canvas=700:700",1,Mishimoto BNSB-10 10-Ton Snatch Block,,Mishimoto BNSB-10 10-Ton Snatch Block,Get Mishimoto BNSB-10 10-Ton Snatch Block for your car to get your desired looks and performance from ML Performance at the lowest price with FREE UK shipping & next day delivery on in stock items. Very cheap prices & good service.,,,,BNSB-10,,,new,,,,,,,,kg,8708949900,26.25,,,,active
